id,ede_event_id,amendment_date,ground,field_changed,original_value,corrected_to,evidence,rationale,justification,created_at
3c56bdb6-103c-4fde-a0a3-7dbdcae8ca61,1ec8d1f9-f166-4be9-81f5-c1ced60f05d8,2026-03-07,FACTUAL_ERROR,bayesian_note,"Marketing instinct (human) favored strong language (validates, ensures, verifies) because it sounds more authoritative. The AI agent implemented the copy without flagging the semantic distinction between passive observation and active validation. Both parties share responsibility — the human for marketing pressure, the AI for not applying the domain expertise it should have.","The overclaim language appeared organically across sessions — neither party specifically directed the use of 'validates' over 'analyzes.' Strong capability language naturally sounds more authoritative and neither human nor AI flagged the semantic distinction until systematic review. Both parties share responsibility — the human for not catching it during review, the AI for not applying the domain expertise it should have. Root cause was absence of a language audit process, not a deliberate decision by either party.","No git commit, chat log, or documented directive exists where the founder instructed the use of marketing language over technical accuracy. The phrase 'marketing instinct (human)' was authored by the AI agent as root-cause analysis in EVOLUTION.md and presented as if it described a human directive.",,"The original bayesian_note attributed a 'marketing instinct' decision to the human founder. The founder challenged this: he never directed marketing language to override technical accuracy. Search of all session logs and EVOLUTION.md confirms no such directive exists. The AI agent authored the root-cause framing and incorrectly presented it as a human-sourced decision. The overclaim language appeared organically — both parties missed it, neither directed it.",2026-03-18 22:29:07.365153+00
f620bda5-35d6-44cb-9fe8-5737d22b3d2a,dd09ff48-f739-4b0d-9911-a5d395fd3c34,2026-03-07,FACTUAL_ERROR,"date, commit, title, confidence_impact, resolution, bayesian_note",Date: 2026-02-21. Commit: '197 commits on 2026-02-21 (highest single-day volume)'. Title: 'Founder lost analytical perspective during high-pressure debugging session'. The entry originally referenced February 21 as the incident date.,Date: 2026-03-06. Commit: '431 commits across 2026-03-04 through 2026-03-06 (132 + 138 + 161)'. Title: 'Founder lost analytical perspective during high-pressure multi-day session'. The entry now references the actual three-day intensive session.,"git log --since=2026-02-28 --format=%ad --date=short | sort | uniq -c: March 4 = 132, March 5 = 138, March 6 = 161 (total 431). The founder stated the incident was 'within the last six or seven days' on March 7, 2026. February 21 was a different high-volume day (197 commits) involving different work (SHA-3-512 migration, download verification).",,"The AI agent initially identified February 21 as the date because it had the highest single-day commit count. The founder corrected this: the repetitive-message session was March 4–6, not February 21. Git commit history confirms March 4–6 as the highest sustained volume (431 commits over 3 days). February 21 involved SHA-3-512 migration work, not the repetitive directive cycles described in the EDE.",2026-03-18 22:29:07.365153+00
37e28b76-9f04-455b-b562-27458bf80b56,dd09ff48-f739-4b0d-9911-a5d395fd3c34,2026-03-07,FACTUAL_ERROR,"resolution, bayesian_note, authoritative_source",Resolution claimed 'zero Replit checkpoint reversions across its entire history' and bayesian_note ended with 'The project's zero-reversion history is the proof.' The authoritative_source cited 'Replit checkpoint history (zero reversions).',Resolution now distinguishes between checkpoint reversions (zero) and git history restorations (used multiple times for file recovery). Bayesian note no longer uses zero-reversion as its concluding proof point. Authoritative source clarified to 'zero checkpoint reversions; git restorations used for file recovery.',"git log --oneline --all | grep -i restore shows multiple git restorations: GitHub workflow files, metadata files, button designs, brand assets. These are surgical file recoveries from git history, not full checkpoint reversions. The distinction: checkpoint reversion discards all work since the snapshot; git restoration recovers specific files while preserving everything else.",,"The founder identified this overclaim: 'we have never reverted, but we have restored some history from Git.' The original language implied no form of rollback ever occurred. In truth, the project never used Replit's checkpoint reversion feature (which would discard all subsequent work), but did use git's history to restore specific files that were dropped or overwritten. Honesty requires acknowledging both facts. Ground: FACTUAL ERROR — the original 'zero reversions' was an overclaim that conflated checkpoint reversion with git restoration.",2026-03-18 22:29:07.365153+00
6fbe3b04-1542-4492-a8f5-0141e04ee958,1ec8d1f9-f166-4be9-81f5-c1ced60f05d8,2026-03-07,FACTUAL_ERROR,bayesian_note,"Marketing instinct (human) favored strong language (validates, ensures, verifies) because it sounds more authoritative. The AI agent implemented the copy without flagging the semantic distinction between passive observation and active validation. Both parties share responsibility — the human for marketing pressure, the AI for not applying the domain expertise it should have.","The overclaim language appeared organically across sessions — neither party specifically directed the use of 'validates' over 'analyzes.' Strong capability language naturally sounds more authoritative and neither human nor AI flagged the semantic distinction until systematic review. Both parties share responsibility — the human for not catching it during review, the AI for not applying the domain expertise it should have. Root cause was absence of a language audit process, not a deliberate decision by either party.","No git commit, chat log, or documented directive exists where the founder instructed the use of marketing language over technical accuracy. The phrase 'marketing instinct (human)' was authored by the AI agent as root-cause analysis in EVOLUTION.md and presented as if it described a human directive.",,"The original bayesian_note attributed a 'marketing instinct' decision to the human founder. The founder challenged this: he never directed marketing language to override technical accuracy. Search of all session logs and EVOLUTION.md confirms no such directive exists. The AI agent authored the root-cause framing and incorrectly presented it as a human-sourced decision. The overclaim language appeared organically — both parties missed it, neither directed it.",2026-03-19 01:42:21.598413+00
2394ac4a-c620-4c61-98e2-4e4bed478f8e,dd09ff48-f739-4b0d-9911-a5d395fd3c34,2026-03-07,FACTUAL_ERROR,"date, commit, title, confidence_impact, resolution, bayesian_note",Date: 2026-02-21. Commit: '197 commits on 2026-02-21 (highest single-day volume)'. Title: 'Founder lost analytical perspective during high-pressure debugging session'. The entry originally referenced February 21 as the incident date.,Date: 2026-03-06. Commit: '431 commits across 2026-03-04 through 2026-03-06 (132 + 138 + 161)'. Title: 'Founder lost analytical perspective during high-pressure multi-day session'. The entry now references the actual three-day intensive session.,"git log --since=2026-02-28 --format=%ad --date=short | sort | uniq -c: March 4 = 132, March 5 = 138, March 6 = 161 (total 431). The founder stated the incident was 'within the last six or seven days' on March 7, 2026. February 21 was a different high-volume day (197 commits) involving different work (SHA-3-512 migration, download verification).",,"The AI agent initially identified February 21 as the date because it had the highest single-day commit count. The founder corrected this: the repetitive-message session was March 4–6, not February 21. Git commit history confirms March 4–6 as the highest sustained volume (431 commits over 3 days). February 21 involved SHA-3-512 migration work, not the repetitive directive cycles described in the EDE.",2026-03-19 01:42:21.598413+00
bcd10d76-5afa-40ca-be12-a4f4cce63d67,dd09ff48-f739-4b0d-9911-a5d395fd3c34,2026-03-07,FACTUAL_ERROR,"resolution, bayesian_note, authoritative_source",Resolution claimed 'zero Replit checkpoint reversions across its entire history' and bayesian_note ended with 'The project's zero-reversion history is the proof.' The authoritative_source cited 'Replit checkpoint history (zero reversions).',Resolution now distinguishes between checkpoint reversions (zero) and git history restorations (used multiple times for file recovery). Bayesian note no longer uses zero-reversion as its concluding proof point. Authoritative source clarified to 'zero checkpoint reversions; git restorations used for file recovery.',"git log --oneline --all | grep -i restore shows multiple git restorations: GitHub workflow files, metadata files, button designs, brand assets. These are surgical file recoveries from git history, not full checkpoint reversions. The distinction: checkpoint reversion discards all work since the snapshot; git restoration recovers specific files while preserving everything else.",,"The founder identified this overclaim: 'we have never reverted, but we have restored some history from Git.' The original language implied no form of rollback ever occurred. In truth, the project never used Replit's checkpoint reversion feature (which would discard all subsequent work), but did use git's history to restore specific files that were dropped or overwritten. Honesty requires acknowledging both facts. Ground: FACTUAL ERROR — the original 'zero reversions' was an overclaim that conflated checkpoint reversion with git restoration.",2026-03-19 01:42:21.598413+00
aadf80e8-49fe-4784-8680-fad3081e3a7a,1ec8d1f9-f166-4be9-81f5-c1ced60f05d8,2026-03-07,FACTUAL_ERROR,bayesian_note,"Marketing instinct (human) favored strong language (validates, ensures, verifies) because it sounds more authoritative. The AI agent implemented the copy without flagging the semantic distinction between passive observation and active validation. Both parties share responsibility — the human for marketing pressure, the AI for not applying the domain expertise it should have.","The overclaim language appeared organically across sessions — neither party specifically directed the use of 'validates' over 'analyzes.' Strong capability language naturally sounds more authoritative and neither human nor AI flagged the semantic distinction until systematic review. Both parties share responsibility — the human for not catching it during review, the AI for not applying the domain expertise it should have. Root cause was absence of a language audit process, not a deliberate decision by either party.","No git commit, chat log, or documented directive exists where the founder instructed the use of marketing language over technical accuracy. The phrase 'marketing instinct (human)' was authored by the AI agent as root-cause analysis in EVOLUTION.md and presented as if it described a human directive.",,"The original bayesian_note attributed a 'marketing instinct' decision to the human founder. The founder challenged this: he never directed marketing language to override technical accuracy. Search of all session logs and EVOLUTION.md confirms no such directive exists. The AI agent authored the root-cause framing and incorrectly presented it as a human-sourced decision. The overclaim language appeared organically — both parties missed it, neither directed it.",2026-03-19 06:51:01.632215+00
7ef5c976-9a3a-46b1-a223-22e6e343fa00,dd09ff48-f739-4b0d-9911-a5d395fd3c34,2026-03-07,FACTUAL_ERROR,"date, commit, title, confidence_impact, resolution, bayesian_note",Date: 2026-02-21. Commit: '197 commits on 2026-02-21 (highest single-day volume)'. Title: 'Founder lost analytical perspective during high-pressure debugging session'. The entry originally referenced February 21 as the incident date.,Date: 2026-03-06. Commit: '431 commits across 2026-03-04 through 2026-03-06 (132 + 138 + 161)'. Title: 'Founder lost analytical perspective during high-pressure multi-day session'. The entry now references the actual three-day intensive session.,"git log --since=2026-02-28 --format=%ad --date=short | sort | uniq -c: March 4 = 132, March 5 = 138, March 6 = 161 (total 431). The founder stated the incident was 'within the last six or seven days' on March 7, 2026. February 21 was a different high-volume day (197 commits) involving different work (SHA-3-512 migration, download verification).",,"The AI agent initially identified February 21 as the date because it had the highest single-day commit count. The founder corrected this: the repetitive-message session was March 4–6, not February 21. Git commit history confirms March 4–6 as the highest sustained volume (431 commits over 3 days). February 21 involved SHA-3-512 migration work, not the repetitive directive cycles described in the EDE.",2026-03-19 06:51:01.632215+00
d83a6c93-ea39-496f-90ac-02e93300af1b,dd09ff48-f739-4b0d-9911-a5d395fd3c34,2026-03-07,FACTUAL_ERROR,"resolution, bayesian_note, authoritative_source",Resolution claimed 'zero Replit checkpoint reversions across its entire history' and bayesian_note ended with 'The project's zero-reversion history is the proof.' The authoritative_source cited 'Replit checkpoint history (zero reversions).',Resolution now distinguishes between checkpoint reversions (zero) and git history restorations (used multiple times for file recovery). Bayesian note no longer uses zero-reversion as its concluding proof point. Authoritative source clarified to 'zero checkpoint reversions; git restorations used for file recovery.',"git log --oneline --all | grep -i restore shows multiple git restorations: GitHub workflow files, metadata files, button designs, brand assets. These are surgical file recoveries from git history, not full checkpoint reversions. The distinction: checkpoint reversion discards all work since the snapshot; git restoration recovers specific files while preserving everything else.",,"The founder identified this overclaim: 'we have never reverted, but we have restored some history from Git.' The original language implied no form of rollback ever occurred. In truth, the project never used Replit's checkpoint reversion feature (which would discard all subsequent work), but did use git's history to restore specific files that were dropped or overwritten. Honesty requires acknowledging both facts. Ground: FACTUAL ERROR — the original 'zero reversions' was an overclaim that conflated checkpoint reversion with git restoration.",2026-03-19 06:51:01.632215+00
e0fe77a2-114c-47f6-ab54-66039ae98e3a,1ec8d1f9-f166-4be9-81f5-c1ced60f05d8,2026-03-07,FACTUAL_ERROR,bayesian_note,"Marketing instinct (human) favored strong language (validates, ensures, verifies) because it sounds more authoritative. The AI agent implemented the copy without flagging the semantic distinction between passive observation and active validation. Both parties share responsibility — the human for marketing pressure, the AI for not applying the domain expertise it should have.","The overclaim language appeared organically across sessions — neither party specifically directed the use of 'validates' over 'analyzes.' Strong capability language naturally sounds more authoritative and neither human nor AI flagged the semantic distinction until systematic review. Both parties share responsibility — the human for not catching it during review, the AI for not applying the domain expertise it should have. Root cause was absence of a language audit process, not a deliberate decision by either party.","No git commit, chat log, or documented directive exists where the founder instructed the use of marketing language over technical accuracy. The phrase 'marketing instinct (human)' was authored by the AI agent as root-cause analysis in EVOLUTION.md and presented as if it described a human directive.",,"The original bayesian_note attributed a 'marketing instinct' decision to the human founder. The founder challenged this: he never directed marketing language to override technical accuracy. Search of all session logs and EVOLUTION.md confirms no such directive exists. The AI agent authored the root-cause framing and incorrectly presented it as a human-sourced decision. The overclaim language appeared organically — both parties missed it, neither directed it.",2026-03-19 22:43:55.002296+00
1e98cb5a-6f5a-40a7-b13b-ca7a3cae36c8,dd09ff48-f739-4b0d-9911-a5d395fd3c34,2026-03-07,FACTUAL_ERROR,"date, commit, title, confidence_impact, resolution, bayesian_note",Date: 2026-02-21. Commit: '197 commits on 2026-02-21 (highest single-day volume)'. Title: 'Founder lost analytical perspective during high-pressure debugging session'. The entry originally referenced February 21 as the incident date.,Date: 2026-03-06. Commit: '431 commits across 2026-03-04 through 2026-03-06 (132 + 138 + 161)'. Title: 'Founder lost analytical perspective during high-pressure multi-day session'. The entry now references the actual three-day intensive session.,"git log --since=2026-02-28 --format=%ad --date=short | sort | uniq -c: March 4 = 132, March 5 = 138, March 6 = 161 (total 431). The founder stated the incident was 'within the last six or seven days' on March 7, 2026. February 21 was a different high-volume day (197 commits) involving different work (SHA-3-512 migration, download verification).",,"The AI agent initially identified February 21 as the date because it had the highest single-day commit count. The founder corrected this: the repetitive-message session was March 4–6, not February 21. Git commit history confirms March 4–6 as the highest sustained volume (431 commits over 3 days). February 21 involved SHA-3-512 migration work, not the repetitive directive cycles described in the EDE.",2026-03-19 22:43:55.002296+00
0a8963da-ed2e-4282-be70-cc409b09afbf,dd09ff48-f739-4b0d-9911-a5d395fd3c34,2026-03-07,FACTUAL_ERROR,"resolution, bayesian_note, authoritative_source",Resolution claimed 'zero Replit checkpoint reversions across its entire history' and bayesian_note ended with 'The project's zero-reversion history is the proof.' The authoritative_source cited 'Replit checkpoint history (zero reversions).',Resolution now distinguishes between checkpoint reversions (zero) and git history restorations (used multiple times for file recovery). Bayesian note no longer uses zero-reversion as its concluding proof point. Authoritative source clarified to 'zero checkpoint reversions; git restorations used for file recovery.',"git log --oneline --all | grep -i restore shows multiple git restorations: GitHub workflow files, metadata files, button designs, brand assets. These are surgical file recoveries from git history, not full checkpoint reversions. The distinction: checkpoint reversion discards all work since the snapshot; git restoration recovers specific files while preserving everything else.",,"The founder identified this overclaim: 'we have never reverted, but we have restored some history from Git.' The original language implied no form of rollback ever occurred. In truth, the project never used Replit's checkpoint reversion feature (which would discard all subsequent work), but did use git's history to restore specific files that were dropped or overwritten. Honesty requires acknowledging both facts. Ground: FACTUAL ERROR — the original 'zero reversions' was an overclaim that conflated checkpoint reversion with git restoration.",2026-03-19 22:43:55.002296+00
eaa4fe5b-7bf4-4b49-813d-1bb7584c9ccf,1ec8d1f9-f166-4be9-81f5-c1ced60f05d8,2026-03-07,FACTUAL_ERROR,bayesian_note,"Marketing instinct (human) favored strong language (validates, ensures, verifies) because it sounds more authoritative. The AI agent implemented the copy without flagging the semantic distinction between passive observation and active validation. Both parties share responsibility — the human for marketing pressure, the AI for not applying the domain expertise it should have.","The overclaim language appeared organically across sessions — neither party specifically directed the use of 'validates' over 'analyzes.' Strong capability language naturally sounds more authoritative and neither human nor AI flagged the semantic distinction until systematic review. Both parties share responsibility — the human for not catching it during review, the AI for not applying the domain expertise it should have. Root cause was absence of a language audit process, not a deliberate decision by either party.","No git commit, chat log, or documented directive exists where the founder instructed the use of marketing language over technical accuracy. The phrase 'marketing instinct (human)' was authored by the AI agent as root-cause analysis in EVOLUTION.md and presented as if it described a human directive.",,"The original bayesian_note attributed a 'marketing instinct' decision to the human founder. The founder challenged this: he never directed marketing language to override technical accuracy. Search of all session logs and EVOLUTION.md confirms no such directive exists. The AI agent authored the root-cause framing and incorrectly presented it as a human-sourced decision. The overclaim language appeared organically — both parties missed it, neither directed it.",2026-03-20 19:45:17.969961+00
e42e2eae-57b6-4564-90f0-8f815d793929,dd09ff48-f739-4b0d-9911-a5d395fd3c34,2026-03-07,FACTUAL_ERROR,"date, commit, title, confidence_impact, resolution, bayesian_note",Date: 2026-02-21. Commit: '197 commits on 2026-02-21 (highest single-day volume)'. Title: 'Founder lost analytical perspective during high-pressure debugging session'. The entry originally referenced February 21 as the incident date.,Date: 2026-03-06. Commit: '431 commits across 2026-03-04 through 2026-03-06 (132 + 138 + 161)'. Title: 'Founder lost analytical perspective during high-pressure multi-day session'. The entry now references the actual three-day intensive session.,"git log --since=2026-02-28 --format=%ad --date=short | sort | uniq -c: March 4 = 132, March 5 = 138, March 6 = 161 (total 431). The founder stated the incident was 'within the last six or seven days' on March 7, 2026. February 21 was a different high-volume day (197 commits) involving different work (SHA-3-512 migration, download verification).",,"The AI agent initially identified February 21 as the date because it had the highest single-day commit count. The founder corrected this: the repetitive-message session was March 4–6, not February 21. Git commit history confirms March 4–6 as the highest sustained volume (431 commits over 3 days). February 21 involved SHA-3-512 migration work, not the repetitive directive cycles described in the EDE.",2026-03-20 19:45:17.969961+00
28cca01c-4ff5-4f83-8681-051ca4c85e8d,dd09ff48-f739-4b0d-9911-a5d395fd3c34,2026-03-07,FACTUAL_ERROR,"resolution, bayesian_note, authoritative_source",Resolution claimed 'zero Replit checkpoint reversions across its entire history' and bayesian_note ended with 'The project's zero-reversion history is the proof.' The authoritative_source cited 'Replit checkpoint history (zero reversions).',Resolution now distinguishes between checkpoint reversions (zero) and git history restorations (used multiple times for file recovery). Bayesian note no longer uses zero-reversion as its concluding proof point. Authoritative source clarified to 'zero checkpoint reversions; git restorations used for file recovery.',"git log --oneline --all | grep -i restore shows multiple git restorations: GitHub workflow files, metadata files, button designs, brand assets. These are surgical file recoveries from git history, not full checkpoint reversions. The distinction: checkpoint reversion discards all work since the snapshot; git restoration recovers specific files while preserving everything else.",,"The founder identified this overclaim: 'we have never reverted, but we have restored some history from Git.' The original language implied no form of rollback ever occurred. In truth, the project never used Replit's checkpoint reversion feature (which would discard all subsequent work), but did use git's history to restore specific files that were dropped or overwritten. Honesty requires acknowledging both facts. Ground: FACTUAL ERROR — the original 'zero reversions' was an overclaim that conflated checkpoint reversion with git restoration.",2026-03-20 19:45:17.969961+00
5de79d1f-3737-4440-91b3-3c1b2a7d0b00,1ec8d1f9-f166-4be9-81f5-c1ced60f05d8,2026-03-07,FACTUAL_ERROR,bayesian_note,"Marketing instinct (human) favored strong language (validates, ensures, verifies) because it sounds more authoritative. The AI agent implemented the copy without flagging the semantic distinction between passive observation and active validation. Both parties share responsibility — the human for marketing pressure, the AI for not applying the domain expertise it should have.","The overclaim language appeared organically across sessions — neither party specifically directed the use of 'validates' over 'analyzes.' Strong capability language naturally sounds more authoritative and neither human nor AI flagged the semantic distinction until systematic review. Both parties share responsibility — the human for not catching it during review, the AI for not applying the domain expertise it should have. Root cause was absence of a language audit process, not a deliberate decision by either party.","No git commit, chat log, or documented directive exists where the founder instructed the use of marketing language over technical accuracy. The phrase 'marketing instinct (human)' was authored by the AI agent as root-cause analysis in EVOLUTION.md and presented as if it described a human directive.",,"The original bayesian_note attributed a 'marketing instinct' decision to the human founder. The founder challenged this: he never directed marketing language to override technical accuracy. Search of all session logs and EVOLUTION.md confirms no such directive exists. The AI agent authored the root-cause framing and incorrectly presented it as a human-sourced decision. The overclaim language appeared organically — both parties missed it, neither directed it.",2026-03-23 00:07:25.642751+00
f966a7b5-da49-4ece-933f-e7c23060e503,dd09ff48-f739-4b0d-9911-a5d395fd3c34,2026-03-07,FACTUAL_ERROR,"date, commit, title, confidence_impact, resolution, bayesian_note",Date: 2026-02-21. Commit: '197 commits on 2026-02-21 (highest single-day volume)'. Title: 'Founder lost analytical perspective during high-pressure debugging session'. The entry originally referenced February 21 as the incident date.,Date: 2026-03-06. Commit: '431 commits across 2026-03-04 through 2026-03-06 (132 + 138 + 161)'. Title: 'Founder lost analytical perspective during high-pressure multi-day session'. The entry now references the actual three-day intensive session.,"git log --since=2026-02-28 --format=%ad --date=short | sort | uniq -c: March 4 = 132, March 5 = 138, March 6 = 161 (total 431). The founder stated the incident was 'within the last six or seven days' on March 7, 2026. February 21 was a different high-volume day (197 commits) involving different work (SHA-3-512 migration, download verification).",,"The AI agent initially identified February 21 as the date because it had the highest single-day commit count. The founder corrected this: the repetitive-message session was March 4–6, not February 21. Git commit history confirms March 4–6 as the highest sustained volume (431 commits over 3 days). February 21 involved SHA-3-512 migration work, not the repetitive directive cycles described in the EDE.",2026-03-23 00:07:25.642751+00
f1d100c4-1b13-4ef8-ba2f-0c695b041637,dd09ff48-f739-4b0d-9911-a5d395fd3c34,2026-03-07,FACTUAL_ERROR,"resolution, bayesian_note, authoritative_source",Resolution claimed 'zero Replit checkpoint reversions across its entire history' and bayesian_note ended with 'The project's zero-reversion history is the proof.' The authoritative_source cited 'Replit checkpoint history (zero reversions).',Resolution now distinguishes between checkpoint reversions (zero) and git history restorations (used multiple times for file recovery). Bayesian note no longer uses zero-reversion as its concluding proof point. Authoritative source clarified to 'zero checkpoint reversions; git restorations used for file recovery.',"git log --oneline --all | grep -i restore shows multiple git restorations: GitHub workflow files, metadata files, button designs, brand assets. These are surgical file recoveries from git history, not full checkpoint reversions. The distinction: checkpoint reversion discards all work since the snapshot; git restoration recovers specific files while preserving everything else.",,"The founder identified this overclaim: 'we have never reverted, but we have restored some history from Git.' The original language implied no form of rollback ever occurred. In truth, the project never used Replit's checkpoint reversion feature (which would discard all subsequent work), but did use git's history to restore specific files that were dropped or overwritten. Honesty requires acknowledging both facts. Ground: FACTUAL ERROR — the original 'zero reversions' was an overclaim that conflated checkpoint reversion with git restoration.",2026-03-23 00:07:25.642751+00
60e53ffe-ade6-456e-8d8c-d17300b9fbd7,1ec8d1f9-f166-4be9-81f5-c1ced60f05d8,2026-03-07,FACTUAL_ERROR,bayesian_note,"Marketing instinct (human) favored strong language (validates, ensures, verifies) because it sounds more authoritative. The AI agent implemented the copy without flagging the semantic distinction between passive observation and active validation. Both parties share responsibility — the human for marketing pressure, the AI for not applying the domain expertise it should have.","The overclaim language appeared organically across sessions — neither party specifically directed the use of 'validates' over 'analyzes.' Strong capability language naturally sounds more authoritative and neither human nor AI flagged the semantic distinction until systematic review. Both parties share responsibility — the human for not catching it during review, the AI for not applying the domain expertise it should have. Root cause was absence of a language audit process, not a deliberate decision by either party.","No git commit, chat log, or documented directive exists where the founder instructed the use of marketing language over technical accuracy. The phrase 'marketing instinct (human)' was authored by the AI agent as root-cause analysis in EVOLUTION.md and presented as if it described a human directive.",,"The original bayesian_note attributed a 'marketing instinct' decision to the human founder. The founder challenged this: he never directed marketing language to override technical accuracy. Search of all session logs and EVOLUTION.md confirms no such directive exists. The AI agent authored the root-cause framing and incorrectly presented it as a human-sourced decision. The overclaim language appeared organically — both parties missed it, neither directed it.",2026-03-23 00:50:39.469022+00
390b7eb5-3e36-4fde-a35e-967ba93a7c38,dd09ff48-f739-4b0d-9911-a5d395fd3c34,2026-03-07,FACTUAL_ERROR,"date, commit, title, confidence_impact, resolution, bayesian_note",Date: 2026-02-21. Commit: '197 commits on 2026-02-21 (highest single-day volume)'. Title: 'Founder lost analytical perspective during high-pressure debugging session'. The entry originally referenced February 21 as the incident date.,Date: 2026-03-06. Commit: '431 commits across 2026-03-04 through 2026-03-06 (132 + 138 + 161)'. Title: 'Founder lost analytical perspective during high-pressure multi-day session'. The entry now references the actual three-day intensive session.,"git log --since=2026-02-28 --format=%ad --date=short | sort | uniq -c: March 4 = 132, March 5 = 138, March 6 = 161 (total 431). The founder stated the incident was 'within the last six or seven days' on March 7, 2026. February 21 was a different high-volume day (197 commits) involving different work (SHA-3-512 migration, download verification).",,"The AI agent initially identified February 21 as the date because it had the highest single-day commit count. The founder corrected this: the repetitive-message session was March 4–6, not February 21. Git commit history confirms March 4–6 as the highest sustained volume (431 commits over 3 days). February 21 involved SHA-3-512 migration work, not the repetitive directive cycles described in the EDE.",2026-03-23 00:50:39.469022+00
fd457409-2735-4b87-a608-d14cc197d94e,dd09ff48-f739-4b0d-9911-a5d395fd3c34,2026-03-07,FACTUAL_ERROR,"resolution, bayesian_note, authoritative_source",Resolution claimed 'zero Replit checkpoint reversions across its entire history' and bayesian_note ended with 'The project's zero-reversion history is the proof.' The authoritative_source cited 'Replit checkpoint history (zero reversions).',Resolution now distinguishes between checkpoint reversions (zero) and git history restorations (used multiple times for file recovery). Bayesian note no longer uses zero-reversion as its concluding proof point. Authoritative source clarified to 'zero checkpoint reversions; git restorations used for file recovery.',"git log --oneline --all | grep -i restore shows multiple git restorations: GitHub workflow files, metadata files, button designs, brand assets. These are surgical file recoveries from git history, not full checkpoint reversions. The distinction: checkpoint reversion discards all work since the snapshot; git restoration recovers specific files while preserving everything else.",,"The founder identified this overclaim: 'we have never reverted, but we have restored some history from Git.' The original language implied no form of rollback ever occurred. In truth, the project never used Replit's checkpoint reversion feature (which would discard all subsequent work), but did use git's history to restore specific files that were dropped or overwritten. Honesty requires acknowledging both facts. Ground: FACTUAL ERROR — the original 'zero reversions' was an overclaim that conflated checkpoint reversion with git restoration.",2026-03-23 00:50:39.469022+00
fd91efe5-dbe2-4b5d-98ad-494b738386a7,1ec8d1f9-f166-4be9-81f5-c1ced60f05d8,2026-03-07,FACTUAL_ERROR,bayesian_note,"Marketing instinct (human) favored strong language (validates, ensures, verifies) because it sounds more authoritative. The AI agent implemented the copy without flagging the semantic distinction between passive observation and active validation. Both parties share responsibility — the human for marketing pressure, the AI for not applying the domain expertise it should have.","The overclaim language appeared organically across sessions — neither party specifically directed the use of 'validates' over 'analyzes.' Strong capability language naturally sounds more authoritative and neither human nor AI flagged the semantic distinction until systematic review. Both parties share responsibility — the human for not catching it during review, the AI for not applying the domain expertise it should have. Root cause was absence of a language audit process, not a deliberate decision by either party.","No git commit, chat log, or documented directive exists where the founder instructed the use of marketing language over technical accuracy. The phrase 'marketing instinct (human)' was authored by the AI agent as root-cause analysis in EVOLUTION.md and presented as if it described a human directive.",,"The original bayesian_note attributed a 'marketing instinct' decision to the human founder. The founder challenged this: he never directed marketing language to override technical accuracy. Search of all session logs and EVOLUTION.md confirms no such directive exists. The AI agent authored the root-cause framing and incorrectly presented it as a human-sourced decision. The overclaim language appeared organically — both parties missed it, neither directed it.",2026-03-23 04:11:20.481722+00
16be9dff-f75f-4e17-9878-f98c0a72729d,dd09ff48-f739-4b0d-9911-a5d395fd3c34,2026-03-07,FACTUAL_ERROR,"date, commit, title, confidence_impact, resolution, bayesian_note",Date: 2026-02-21. Commit: '197 commits on 2026-02-21 (highest single-day volume)'. Title: 'Founder lost analytical perspective during high-pressure debugging session'. The entry originally referenced February 21 as the incident date.,Date: 2026-03-06. Commit: '431 commits across 2026-03-04 through 2026-03-06 (132 + 138 + 161)'. Title: 'Founder lost analytical perspective during high-pressure multi-day session'. The entry now references the actual three-day intensive session.,"git log --since=2026-02-28 --format=%ad --date=short | sort | uniq -c: March 4 = 132, March 5 = 138, March 6 = 161 (total 431). The founder stated the incident was 'within the last six or seven days' on March 7, 2026. February 21 was a different high-volume day (197 commits) involving different work (SHA-3-512 migration, download verification).",,"The AI agent initially identified February 21 as the date because it had the highest single-day commit count. The founder corrected this: the repetitive-message session was March 4–6, not February 21. Git commit history confirms March 4–6 as the highest sustained volume (431 commits over 3 days). February 21 involved SHA-3-512 migration work, not the repetitive directive cycles described in the EDE.",2026-03-23 04:11:20.481722+00
5226e686-0c8a-4043-a3be-f4d9dd9eac25,dd09ff48-f739-4b0d-9911-a5d395fd3c34,2026-03-07,FACTUAL_ERROR,"resolution, bayesian_note, authoritative_source",Resolution claimed 'zero Replit checkpoint reversions across its entire history' and bayesian_note ended with 'The project's zero-reversion history is the proof.' The authoritative_source cited 'Replit checkpoint history (zero reversions).',Resolution now distinguishes between checkpoint reversions (zero) and git history restorations (used multiple times for file recovery). Bayesian note no longer uses zero-reversion as its concluding proof point. Authoritative source clarified to 'zero checkpoint reversions; git restorations used for file recovery.',"git log --oneline --all | grep -i restore shows multiple git restorations: GitHub workflow files, metadata files, button designs, brand assets. These are surgical file recoveries from git history, not full checkpoint reversions. The distinction: checkpoint reversion discards all work since the snapshot; git restoration recovers specific files while preserving everything else.",,"The founder identified this overclaim: 'we have never reverted, but we have restored some history from Git.' The original language implied no form of rollback ever occurred. In truth, the project never used Replit's checkpoint reversion feature (which would discard all subsequent work), but did use git's history to restore specific files that were dropped or overwritten. Honesty requires acknowledging both facts. Ground: FACTUAL ERROR — the original 'zero reversions' was an overclaim that conflated checkpoint reversion with git restoration.",2026-03-23 04:11:20.481722+00
5ca98a1e-5e79-47b3-b94a-311834097d4f,1ec8d1f9-f166-4be9-81f5-c1ced60f05d8,2026-03-07,FACTUAL_ERROR,bayesian_note,"Marketing instinct (human) favored strong language (validates, ensures, verifies) because it sounds more authoritative. The AI agent implemented the copy without flagging the semantic distinction between passive observation and active validation. Both parties share responsibility — the human for marketing pressure, the AI for not applying the domain expertise it should have.","The overclaim language appeared organically across sessions — neither party specifically directed the use of 'validates' over 'analyzes.' Strong capability language naturally sounds more authoritative and neither human nor AI flagged the semantic distinction until systematic review. Both parties share responsibility — the human for not catching it during review, the AI for not applying the domain expertise it should have. Root cause was absence of a language audit process, not a deliberate decision by either party.","No git commit, chat log, or documented directive exists where the founder instructed the use of marketing language over technical accuracy. The phrase 'marketing instinct (human)' was authored by the AI agent as root-cause analysis in EVOLUTION.md and presented as if it described a human directive.",,"The original bayesian_note attributed a 'marketing instinct' decision to the human founder. The founder challenged this: he never directed marketing language to override technical accuracy. Search of all session logs and EVOLUTION.md confirms no such directive exists. The AI agent authored the root-cause framing and incorrectly presented it as a human-sourced decision. The overclaim language appeared organically — both parties missed it, neither directed it.",2026-03-23 04:29:12.64372+00
8fdbe009-03cc-4fb0-896e-c119773e8a48,dd09ff48-f739-4b0d-9911-a5d395fd3c34,2026-03-07,FACTUAL_ERROR,"date, commit, title, confidence_impact, resolution, bayesian_note",Date: 2026-02-21. Commit: '197 commits on 2026-02-21 (highest single-day volume)'. Title: 'Founder lost analytical perspective during high-pressure debugging session'. The entry originally referenced February 21 as the incident date.,Date: 2026-03-06. Commit: '431 commits across 2026-03-04 through 2026-03-06 (132 + 138 + 161)'. Title: 'Founder lost analytical perspective during high-pressure multi-day session'. The entry now references the actual three-day intensive session.,"git log --since=2026-02-28 --format=%ad --date=short | sort | uniq -c: March 4 = 132, March 5 = 138, March 6 = 161 (total 431). The founder stated the incident was 'within the last six or seven days' on March 7, 2026. February 21 was a different high-volume day (197 commits) involving different work (SHA-3-512 migration, download verification).",,"The AI agent initially identified February 21 as the date because it had the highest single-day commit count. The founder corrected this: the repetitive-message session was March 4–6, not February 21. Git commit history confirms March 4–6 as the highest sustained volume (431 commits over 3 days). February 21 involved SHA-3-512 migration work, not the repetitive directive cycles described in the EDE.",2026-03-23 04:29:12.64372+00
dcc4d3b6-b853-4c4c-a41d-1b0b829c373f,dd09ff48-f739-4b0d-9911-a5d395fd3c34,2026-03-07,FACTUAL_ERROR,"resolution, bayesian_note, authoritative_source",Resolution claimed 'zero Replit checkpoint reversions across its entire history' and bayesian_note ended with 'The project's zero-reversion history is the proof.' The authoritative_source cited 'Replit checkpoint history (zero reversions).',Resolution now distinguishes between checkpoint reversions (zero) and git history restorations (used multiple times for file recovery). Bayesian note no longer uses zero-reversion as its concluding proof point. Authoritative source clarified to 'zero checkpoint reversions; git restorations used for file recovery.',"git log --oneline --all | grep -i restore shows multiple git restorations: GitHub workflow files, metadata files, button designs, brand assets. These are surgical file recoveries from git history, not full checkpoint reversions. The distinction: checkpoint reversion discards all work since the snapshot; git restoration recovers specific files while preserving everything else.",,"The founder identified this overclaim: 'we have never reverted, but we have restored some history from Git.' The original language implied no form of rollback ever occurred. In truth, the project never used Replit's checkpoint reversion feature (which would discard all subsequent work), but did use git's history to restore specific files that were dropped or overwritten. Honesty requires acknowledging both facts. Ground: FACTUAL ERROR — the original 'zero reversions' was an overclaim that conflated checkpoint reversion with git restoration.",2026-03-23 04:29:12.64372+00
e4f5dfe8-f7d8-4735-a66b-37097895ef64,1ec8d1f9-f166-4be9-81f5-c1ced60f05d8,2026-03-07,FACTUAL_ERROR,bayesian_note,"Marketing instinct (human) favored strong language (validates, ensures, verifies) because it sounds more authoritative. The AI agent implemented the copy without flagging the semantic distinction between passive observation and active validation. Both parties share responsibility — the human for marketing pressure, the AI for not applying the domain expertise it should have.","The overclaim language appeared organically across sessions — neither party specifically directed the use of 'validates' over 'analyzes.' Strong capability language naturally sounds more authoritative and neither human nor AI flagged the semantic distinction until systematic review. Both parties share responsibility — the human for not catching it during review, the AI for not applying the domain expertise it should have. Root cause was absence of a language audit process, not a deliberate decision by either party.","No git commit, chat log, or documented directive exists where the founder instructed the use of marketing language over technical accuracy. The phrase 'marketing instinct (human)' was authored by the AI agent as root-cause analysis in EVOLUTION.md and presented as if it described a human directive.",,"The original bayesian_note attributed a 'marketing instinct' decision to the human founder. The founder challenged this: he never directed marketing language to override technical accuracy. Search of all session logs and EVOLUTION.md confirms no such directive exists. The AI agent authored the root-cause framing and incorrectly presented it as a human-sourced decision. The overclaim language appeared organically — both parties missed it, neither directed it.",2026-03-23 04:37:06.02394+00
21f2d5a0-2259-4e38-929f-bc9e797630bc,dd09ff48-f739-4b0d-9911-a5d395fd3c34,2026-03-07,FACTUAL_ERROR,"date, commit, title, confidence_impact, resolution, bayesian_note",Date: 2026-02-21. Commit: '197 commits on 2026-02-21 (highest single-day volume)'. Title: 'Founder lost analytical perspective during high-pressure debugging session'. The entry originally referenced February 21 as the incident date.,Date: 2026-03-06. Commit: '431 commits across 2026-03-04 through 2026-03-06 (132 + 138 + 161)'. Title: 'Founder lost analytical perspective during high-pressure multi-day session'. The entry now references the actual three-day intensive session.,"git log --since=2026-02-28 --format=%ad --date=short | sort | uniq -c: March 4 = 132, March 5 = 138, March 6 = 161 (total 431). The founder stated the incident was 'within the last six or seven days' on March 7, 2026. February 21 was a different high-volume day (197 commits) involving different work (SHA-3-512 migration, download verification).",,"The AI agent initially identified February 21 as the date because it had the highest single-day commit count. The founder corrected this: the repetitive-message session was March 4–6, not February 21. Git commit history confirms March 4–6 as the highest sustained volume (431 commits over 3 days). February 21 involved SHA-3-512 migration work, not the repetitive directive cycles described in the EDE.",2026-03-23 04:37:06.02394+00
77cb625b-2d67-4d3a-8af8-488184f68f65,dd09ff48-f739-4b0d-9911-a5d395fd3c34,2026-03-07,FACTUAL_ERROR,"resolution, bayesian_note, authoritative_source",Resolution claimed 'zero Replit checkpoint reversions across its entire history' and bayesian_note ended with 'The project's zero-reversion history is the proof.' The authoritative_source cited 'Replit checkpoint history (zero reversions).',Resolution now distinguishes between checkpoint reversions (zero) and git history restorations (used multiple times for file recovery). Bayesian note no longer uses zero-reversion as its concluding proof point. Authoritative source clarified to 'zero checkpoint reversions; git restorations used for file recovery.',"git log --oneline --all | grep -i restore shows multiple git restorations: GitHub workflow files, metadata files, button designs, brand assets. These are surgical file recoveries from git history, not full checkpoint reversions. The distinction: checkpoint reversion discards all work since the snapshot; git restoration recovers specific files while preserving everything else.",,"The founder identified this overclaim: 'we have never reverted, but we have restored some history from Git.' The original language implied no form of rollback ever occurred. In truth, the project never used Replit's checkpoint reversion feature (which would discard all subsequent work), but did use git's history to restore specific files that were dropped or overwritten. Honesty requires acknowledging both facts. Ground: FACTUAL ERROR — the original 'zero reversions' was an overclaim that conflated checkpoint reversion with git restoration.",2026-03-23 04:37:06.02394+00
7d015b2d-d89d-42b5-9ef9-5e42f4318192,1ec8d1f9-f166-4be9-81f5-c1ced60f05d8,2026-03-07,FACTUAL_ERROR,bayesian_note,"Marketing instinct (human) favored strong language (validates, ensures, verifies) because it sounds more authoritative. The AI agent implemented the copy without flagging the semantic distinction between passive observation and active validation. Both parties share responsibility — the human for marketing pressure, the AI for not applying the domain expertise it should have.","The overclaim language appeared organically across sessions — neither party specifically directed the use of 'validates' over 'analyzes.' Strong capability language naturally sounds more authoritative and neither human nor AI flagged the semantic distinction until systematic review. Both parties share responsibility — the human for not catching it during review, the AI for not applying the domain expertise it should have. Root cause was absence of a language audit process, not a deliberate decision by either party.","No git commit, chat log, or documented directive exists where the founder instructed the use of marketing language over technical accuracy. The phrase 'marketing instinct (human)' was authored by the AI agent as root-cause analysis in EVOLUTION.md and presented as if it described a human directive.",,"The original bayesian_note attributed a 'marketing instinct' decision to the human founder. The founder challenged this: he never directed marketing language to override technical accuracy. Search of all session logs and EVOLUTION.md confirms no such directive exists. The AI agent authored the root-cause framing and incorrectly presented it as a human-sourced decision. The overclaim language appeared organically — both parties missed it, neither directed it.",2026-03-23 04:37:56.403494+00
663c4e75-f458-4484-a0ad-85adfe171ec1,dd09ff48-f739-4b0d-9911-a5d395fd3c34,2026-03-07,FACTUAL_ERROR,"date, commit, title, confidence_impact, resolution, bayesian_note",Date: 2026-02-21. Commit: '197 commits on 2026-02-21 (highest single-day volume)'. Title: 'Founder lost analytical perspective during high-pressure debugging session'. The entry originally referenced February 21 as the incident date.,Date: 2026-03-06. Commit: '431 commits across 2026-03-04 through 2026-03-06 (132 + 138 + 161)'. Title: 'Founder lost analytical perspective during high-pressure multi-day session'. The entry now references the actual three-day intensive session.,"git log --since=2026-02-28 --format=%ad --date=short | sort | uniq -c: March 4 = 132, March 5 = 138, March 6 = 161 (total 431). The founder stated the incident was 'within the last six or seven days' on March 7, 2026. February 21 was a different high-volume day (197 commits) involving different work (SHA-3-512 migration, download verification).",,"The AI agent initially identified February 21 as the date because it had the highest single-day commit count. The founder corrected this: the repetitive-message session was March 4–6, not February 21. Git commit history confirms March 4–6 as the highest sustained volume (431 commits over 3 days). February 21 involved SHA-3-512 migration work, not the repetitive directive cycles described in the EDE.",2026-03-23 04:37:56.403494+00
0112592c-a1cc-4825-84aa-155e873cf279,dd09ff48-f739-4b0d-9911-a5d395fd3c34,2026-03-07,FACTUAL_ERROR,"resolution, bayesian_note, authoritative_source",Resolution claimed 'zero Replit checkpoint reversions across its entire history' and bayesian_note ended with 'The project's zero-reversion history is the proof.' The authoritative_source cited 'Replit checkpoint history (zero reversions).',Resolution now distinguishes between checkpoint reversions (zero) and git history restorations (used multiple times for file recovery). Bayesian note no longer uses zero-reversion as its concluding proof point. Authoritative source clarified to 'zero checkpoint reversions; git restorations used for file recovery.',"git log --oneline --all | grep -i restore shows multiple git restorations: GitHub workflow files, metadata files, button designs, brand assets. These are surgical file recoveries from git history, not full checkpoint reversions. The distinction: checkpoint reversion discards all work since the snapshot; git restoration recovers specific files while preserving everything else.",,"The founder identified this overclaim: 'we have never reverted, but we have restored some history from Git.' The original language implied no form of rollback ever occurred. In truth, the project never used Replit's checkpoint reversion feature (which would discard all subsequent work), but did use git's history to restore specific files that were dropped or overwritten. Honesty requires acknowledging both facts. Ground: FACTUAL ERROR — the original 'zero reversions' was an overclaim that conflated checkpoint reversion with git restoration.",2026-03-23 04:37:56.403494+00
0c9fc7ac-2e50-4fc2-a71c-7b5edf11031d,1ec8d1f9-f166-4be9-81f5-c1ced60f05d8,2026-03-07,FACTUAL_ERROR,bayesian_note,"Marketing instinct (human) favored strong language (validates, ensures, verifies) because it sounds more authoritative. The AI agent implemented the copy without flagging the semantic distinction between passive observation and active validation. Both parties share responsibility — the human for marketing pressure, the AI for not applying the domain expertise it should have.","The overclaim language appeared organically across sessions — neither party specifically directed the use of 'validates' over 'analyzes.' Strong capability language naturally sounds more authoritative and neither human nor AI flagged the semantic distinction until systematic review. Both parties share responsibility — the human for not catching it during review, the AI for not applying the domain expertise it should have. Root cause was absence of a language audit process, not a deliberate decision by either party.","No git commit, chat log, or documented directive exists where the founder instructed the use of marketing language over technical accuracy. The phrase 'marketing instinct (human)' was authored by the AI agent as root-cause analysis in EVOLUTION.md and presented as if it described a human directive.",,"The original bayesian_note attributed a 'marketing instinct' decision to the human founder. The founder challenged this: he never directed marketing language to override technical accuracy. Search of all session logs and EVOLUTION.md confirms no such directive exists. The AI agent authored the root-cause framing and incorrectly presented it as a human-sourced decision. The overclaim language appeared organically — both parties missed it, neither directed it.",2026-03-23 04:40:53.907937+00
04fda62e-6c4a-4b22-b2c9-4ccdef26388d,dd09ff48-f739-4b0d-9911-a5d395fd3c34,2026-03-07,FACTUAL_ERROR,"date, commit, title, confidence_impact, resolution, bayesian_note",Date: 2026-02-21. Commit: '197 commits on 2026-02-21 (highest single-day volume)'. Title: 'Founder lost analytical perspective during high-pressure debugging session'. The entry originally referenced February 21 as the incident date.,Date: 2026-03-06. Commit: '431 commits across 2026-03-04 through 2026-03-06 (132 + 138 + 161)'. Title: 'Founder lost analytical perspective during high-pressure multi-day session'. The entry now references the actual three-day intensive session.,"git log --since=2026-02-28 --format=%ad --date=short | sort | uniq -c: March 4 = 132, March 5 = 138, March 6 = 161 (total 431). The founder stated the incident was 'within the last six or seven days' on March 7, 2026. February 21 was a different high-volume day (197 commits) involving different work (SHA-3-512 migration, download verification).",,"The AI agent initially identified February 21 as the date because it had the highest single-day commit count. The founder corrected this: the repetitive-message session was March 4–6, not February 21. Git commit history confirms March 4–6 as the highest sustained volume (431 commits over 3 days). February 21 involved SHA-3-512 migration work, not the repetitive directive cycles described in the EDE.",2026-03-23 04:40:53.907937+00
c7bb0c2d-08fe-4ba6-8dd5-70958b762cd7,dd09ff48-f739-4b0d-9911-a5d395fd3c34,2026-03-07,FACTUAL_ERROR,"resolution, bayesian_note, authoritative_source",Resolution claimed 'zero Replit checkpoint reversions across its entire history' and bayesian_note ended with 'The project's zero-reversion history is the proof.' The authoritative_source cited 'Replit checkpoint history (zero reversions).',Resolution now distinguishes between checkpoint reversions (zero) and git history restorations (used multiple times for file recovery). Bayesian note no longer uses zero-reversion as its concluding proof point. Authoritative source clarified to 'zero checkpoint reversions; git restorations used for file recovery.',"git log --oneline --all | grep -i restore shows multiple git restorations: GitHub workflow files, metadata files, button designs, brand assets. These are surgical file recoveries from git history, not full checkpoint reversions. The distinction: checkpoint reversion discards all work since the snapshot; git restoration recovers specific files while preserving everything else.",,"The founder identified this overclaim: 'we have never reverted, but we have restored some history from Git.' The original language implied no form of rollback ever occurred. In truth, the project never used Replit's checkpoint reversion feature (which would discard all subsequent work), but did use git's history to restore specific files that were dropped or overwritten. Honesty requires acknowledging both facts. Ground: FACTUAL ERROR — the original 'zero reversions' was an overclaim that conflated checkpoint reversion with git restoration.",2026-03-23 04:40:53.907937+00
850730ea-8238-47dd-ba69-7210ed635147,1ec8d1f9-f166-4be9-81f5-c1ced60f05d8,2026-03-07,FACTUAL_ERROR,bayesian_note,"Marketing instinct (human) favored strong language (validates, ensures, verifies) because it sounds more authoritative. The AI agent implemented the copy without flagging the semantic distinction between passive observation and active validation. Both parties share responsibility — the human for marketing pressure, the AI for not applying the domain expertise it should have.","The overclaim language appeared organically across sessions — neither party specifically directed the use of 'validates' over 'analyzes.' Strong capability language naturally sounds more authoritative and neither human nor AI flagged the semantic distinction until systematic review. Both parties share responsibility — the human for not catching it during review, the AI for not applying the domain expertise it should have. Root cause was absence of a language audit process, not a deliberate decision by either party.","No git commit, chat log, or documented directive exists where the founder instructed the use of marketing language over technical accuracy. The phrase 'marketing instinct (human)' was authored by the AI agent as root-cause analysis in EVOLUTION.md and presented as if it described a human directive.",,"The original bayesian_note attributed a 'marketing instinct' decision to the human founder. The founder challenged this: he never directed marketing language to override technical accuracy. Search of all session logs and EVOLUTION.md confirms no such directive exists. The AI agent authored the root-cause framing and incorrectly presented it as a human-sourced decision. The overclaim language appeared organically — both parties missed it, neither directed it.",2026-03-23 19:32:46.413741+00
4cf9b324-2fe5-4bba-bafe-5f0e08c444f0,dd09ff48-f739-4b0d-9911-a5d395fd3c34,2026-03-07,FACTUAL_ERROR,"date, commit, title, confidence_impact, resolution, bayesian_note",Date: 2026-02-21. Commit: '197 commits on 2026-02-21 (highest single-day volume)'. Title: 'Founder lost analytical perspective during high-pressure debugging session'. The entry originally referenced February 21 as the incident date.,Date: 2026-03-06. Commit: '431 commits across 2026-03-04 through 2026-03-06 (132 + 138 + 161)'. Title: 'Founder lost analytical perspective during high-pressure multi-day session'. The entry now references the actual three-day intensive session.,"git log --since=2026-02-28 --format=%ad --date=short | sort | uniq -c: March 4 = 132, March 5 = 138, March 6 = 161 (total 431). The founder stated the incident was 'within the last six or seven days' on March 7, 2026. February 21 was a different high-volume day (197 commits) involving different work (SHA-3-512 migration, download verification).",,"The AI agent initially identified February 21 as the date because it had the highest single-day commit count. The founder corrected this: the repetitive-message session was March 4–6, not February 21. Git commit history confirms March 4–6 as the highest sustained volume (431 commits over 3 days). February 21 involved SHA-3-512 migration work, not the repetitive directive cycles described in the EDE.",2026-03-23 19:32:46.413741+00
4008ef4f-4606-40ae-b284-c29918c3cab6,dd09ff48-f739-4b0d-9911-a5d395fd3c34,2026-03-07,FACTUAL_ERROR,"resolution, bayesian_note, authoritative_source",Resolution claimed 'zero Replit checkpoint reversions across its entire history' and bayesian_note ended with 'The project's zero-reversion history is the proof.' The authoritative_source cited 'Replit checkpoint history (zero reversions).',Resolution now distinguishes between checkpoint reversions (zero) and git history restorations (used multiple times for file recovery). Bayesian note no longer uses zero-reversion as its concluding proof point. Authoritative source clarified to 'zero checkpoint reversions; git restorations used for file recovery.',"git log --oneline --all | grep -i restore shows multiple git restorations: GitHub workflow files, metadata files, button designs, brand assets. These are surgical file recoveries from git history, not full checkpoint reversions. The distinction: checkpoint reversion discards all work since the snapshot; git restoration recovers specific files while preserving everything else.",,"The founder identified this overclaim: 'we have never reverted, but we have restored some history from Git.' The original language implied no form of rollback ever occurred. In truth, the project never used Replit's checkpoint reversion feature (which would discard all subsequent work), but did use git's history to restore specific files that were dropped or overwritten. Honesty requires acknowledging both facts. Ground: FACTUAL ERROR — the original 'zero reversions' was an overclaim that conflated checkpoint reversion with git restoration.",2026-03-23 19:32:46.413741+00
72fd791e-2833-4c4d-bb23-f9f1910e6b82,1ec8d1f9-f166-4be9-81f5-c1ced60f05d8,2026-03-07,FACTUAL_ERROR,bayesian_note,"Marketing instinct (human) favored strong language (validates, ensures, verifies) because it sounds more authoritative. The AI agent implemented the copy without flagging the semantic distinction between passive observation and active validation. Both parties share responsibility — the human for marketing pressure, the AI for not applying the domain expertise it should have.","The overclaim language appeared organically across sessions — neither party specifically directed the use of 'validates' over 'analyzes.' Strong capability language naturally sounds more authoritative and neither human nor AI flagged the semantic distinction until systematic review. Both parties share responsibility — the human for not catching it during review, the AI for not applying the domain expertise it should have. Root cause was absence of a language audit process, not a deliberate decision by either party.","No git commit, chat log, or documented directive exists where the founder instructed the use of marketing language over technical accuracy. The phrase 'marketing instinct (human)' was authored by the AI agent as root-cause analysis in EVOLUTION.md and presented as if it described a human directive.",,"The original bayesian_note attributed a 'marketing instinct' decision to the human founder. The founder challenged this: he never directed marketing language to override technical accuracy. Search of all session logs and EVOLUTION.md confirms no such directive exists. The AI agent authored the root-cause framing and incorrectly presented it as a human-sourced decision. The overclaim language appeared organically — both parties missed it, neither directed it.",2026-03-23 19:41:24.129333+00
9e1daf57-aadb-4b72-a4c8-e7556d3b23d0,dd09ff48-f739-4b0d-9911-a5d395fd3c34,2026-03-07,FACTUAL_ERROR,"date, commit, title, confidence_impact, resolution, bayesian_note",Date: 2026-02-21. Commit: '197 commits on 2026-02-21 (highest single-day volume)'. Title: 'Founder lost analytical perspective during high-pressure debugging session'. The entry originally referenced February 21 as the incident date.,Date: 2026-03-06. Commit: '431 commits across 2026-03-04 through 2026-03-06 (132 + 138 + 161)'. Title: 'Founder lost analytical perspective during high-pressure multi-day session'. The entry now references the actual three-day intensive session.,"git log --since=2026-02-28 --format=%ad --date=short | sort | uniq -c: March 4 = 132, March 5 = 138, March 6 = 161 (total 431). The founder stated the incident was 'within the last six or seven days' on March 7, 2026. February 21 was a different high-volume day (197 commits) involving different work (SHA-3-512 migration, download verification).",,"The AI agent initially identified February 21 as the date because it had the highest single-day commit count. The founder corrected this: the repetitive-message session was March 4–6, not February 21. Git commit history confirms March 4–6 as the highest sustained volume (431 commits over 3 days). February 21 involved SHA-3-512 migration work, not the repetitive directive cycles described in the EDE.",2026-03-23 19:41:24.129333+00
2d5f402e-fb5f-4c5e-9ab7-d3d6793960da,dd09ff48-f739-4b0d-9911-a5d395fd3c34,2026-03-07,FACTUAL_ERROR,"resolution, bayesian_note, authoritative_source",Resolution claimed 'zero Replit checkpoint reversions across its entire history' and bayesian_note ended with 'The project's zero-reversion history is the proof.' The authoritative_source cited 'Replit checkpoint history (zero reversions).',Resolution now distinguishes between checkpoint reversions (zero) and git history restorations (used multiple times for file recovery). Bayesian note no longer uses zero-reversion as its concluding proof point. Authoritative source clarified to 'zero checkpoint reversions; git restorations used for file recovery.',"git log --oneline --all | grep -i restore shows multiple git restorations: GitHub workflow files, metadata files, button designs, brand assets. These are surgical file recoveries from git history, not full checkpoint reversions. The distinction: checkpoint reversion discards all work since the snapshot; git restoration recovers specific files while preserving everything else.",,"The founder identified this overclaim: 'we have never reverted, but we have restored some history from Git.' The original language implied no form of rollback ever occurred. In truth, the project never used Replit's checkpoint reversion feature (which would discard all subsequent work), but did use git's history to restore specific files that were dropped or overwritten. Honesty requires acknowledging both facts. Ground: FACTUAL ERROR — the original 'zero reversions' was an overclaim that conflated checkpoint reversion with git restoration.",2026-03-23 19:41:24.129333+00
17c9fc7c-192d-48df-99cc-f4bcaec0d6bf,1ec8d1f9-f166-4be9-81f5-c1ced60f05d8,2026-03-07,FACTUAL_ERROR,bayesian_note,"Marketing instinct (human) favored strong language (validates, ensures, verifies) because it sounds more authoritative. The AI agent implemented the copy without flagging the semantic distinction between passive observation and active validation. Both parties share responsibility — the human for marketing pressure, the AI for not applying the domain expertise it should have.","The overclaim language appeared organically across sessions — neither party specifically directed the use of 'validates' over 'analyzes.' Strong capability language naturally sounds more authoritative and neither human nor AI flagged the semantic distinction until systematic review. Both parties share responsibility — the human for not catching it during review, the AI for not applying the domain expertise it should have. Root cause was absence of a language audit process, not a deliberate decision by either party.","No git commit, chat log, or documented directive exists where the founder instructed the use of marketing language over technical accuracy. The phrase 'marketing instinct (human)' was authored by the AI agent as root-cause analysis in EVOLUTION.md and presented as if it described a human directive.",,"The original bayesian_note attributed a 'marketing instinct' decision to the human founder. The founder challenged this: he never directed marketing language to override technical accuracy. Search of all session logs and EVOLUTION.md confirms no such directive exists. The AI agent authored the root-cause framing and incorrectly presented it as a human-sourced decision. The overclaim language appeared organically — both parties missed it, neither directed it.",2026-03-23 20:07:11.578846+00
1ee7ebcf-d59b-40ef-947c-fb95cb29f1f0,dd09ff48-f739-4b0d-9911-a5d395fd3c34,2026-03-07,FACTUAL_ERROR,"date, commit, title, confidence_impact, resolution, bayesian_note",Date: 2026-02-21. Commit: '197 commits on 2026-02-21 (highest single-day volume)'. Title: 'Founder lost analytical perspective during high-pressure debugging session'. The entry originally referenced February 21 as the incident date.,Date: 2026-03-06. Commit: '431 commits across 2026-03-04 through 2026-03-06 (132 + 138 + 161)'. Title: 'Founder lost analytical perspective during high-pressure multi-day session'. The entry now references the actual three-day intensive session.,"git log --since=2026-02-28 --format=%ad --date=short | sort | uniq -c: March 4 = 132, March 5 = 138, March 6 = 161 (total 431). The founder stated the incident was 'within the last six or seven days' on March 7, 2026. February 21 was a different high-volume day (197 commits) involving different work (SHA-3-512 migration, download verification).",,"The AI agent initially identified February 21 as the date because it had the highest single-day commit count. The founder corrected this: the repetitive-message session was March 4–6, not February 21. Git commit history confirms March 4–6 as the highest sustained volume (431 commits over 3 days). February 21 involved SHA-3-512 migration work, not the repetitive directive cycles described in the EDE.",2026-03-23 20:07:11.578846+00
6ea9c362-7c3c-46d2-9240-4fc19caebcd7,dd09ff48-f739-4b0d-9911-a5d395fd3c34,2026-03-07,FACTUAL_ERROR,"resolution, bayesian_note, authoritative_source",Resolution claimed 'zero Replit checkpoint reversions across its entire history' and bayesian_note ended with 'The project's zero-reversion history is the proof.' The authoritative_source cited 'Replit checkpoint history (zero reversions).',Resolution now distinguishes between checkpoint reversions (zero) and git history restorations (used multiple times for file recovery). Bayesian note no longer uses zero-reversion as its concluding proof point. Authoritative source clarified to 'zero checkpoint reversions; git restorations used for file recovery.',"git log --oneline --all | grep -i restore shows multiple git restorations: GitHub workflow files, metadata files, button designs, brand assets. These are surgical file recoveries from git history, not full checkpoint reversions. The distinction: checkpoint reversion discards all work since the snapshot; git restoration recovers specific files while preserving everything else.",,"The founder identified this overclaim: 'we have never reverted, but we have restored some history from Git.' The original language implied no form of rollback ever occurred. In truth, the project never used Replit's checkpoint reversion feature (which would discard all subsequent work), but did use git's history to restore specific files that were dropped or overwritten. Honesty requires acknowledging both facts. Ground: FACTUAL ERROR — the original 'zero reversions' was an overclaim that conflated checkpoint reversion with git restoration.",2026-03-23 20:07:11.578846+00
cdc013c7-d632-480e-9bbf-c30c532c42e1,1ec8d1f9-f166-4be9-81f5-c1ced60f05d8,2026-03-07,FACTUAL_ERROR,bayesian_note,"Marketing instinct (human) favored strong language (validates, ensures, verifies) because it sounds more authoritative. The AI agent implemented the copy without flagging the semantic distinction between passive observation and active validation. Both parties share responsibility — the human for marketing pressure, the AI for not applying the domain expertise it should have.","The overclaim language appeared organically across sessions — neither party specifically directed the use of 'validates' over 'analyzes.' Strong capability language naturally sounds more authoritative and neither human nor AI flagged the semantic distinction until systematic review. Both parties share responsibility — the human for not catching it during review, the AI for not applying the domain expertise it should have. Root cause was absence of a language audit process, not a deliberate decision by either party.","No git commit, chat log, or documented directive exists where the founder instructed the use of marketing language over technical accuracy. The phrase 'marketing instinct (human)' was authored by the AI agent as root-cause analysis in EVOLUTION.md and presented as if it described a human directive.",,"The original bayesian_note attributed a 'marketing instinct' decision to the human founder. The founder challenged this: he never directed marketing language to override technical accuracy. Search of all session logs and EVOLUTION.md confirms no such directive exists. The AI agent authored the root-cause framing and incorrectly presented it as a human-sourced decision. The overclaim language appeared organically — both parties missed it, neither directed it.",2026-03-23 21:22:45.582309+00
d050b2e7-c506-477e-8238-051d5734693e,dd09ff48-f739-4b0d-9911-a5d395fd3c34,2026-03-07,FACTUAL_ERROR,"date, commit, title, confidence_impact, resolution, bayesian_note",Date: 2026-02-21. Commit: '197 commits on 2026-02-21 (highest single-day volume)'. Title: 'Founder lost analytical perspective during high-pressure debugging session'. The entry originally referenced February 21 as the incident date.,Date: 2026-03-06. Commit: '431 commits across 2026-03-04 through 2026-03-06 (132 + 138 + 161)'. Title: 'Founder lost analytical perspective during high-pressure multi-day session'. The entry now references the actual three-day intensive session.,"git log --since=2026-02-28 --format=%ad --date=short | sort | uniq -c: March 4 = 132, March 5 = 138, March 6 = 161 (total 431). The founder stated the incident was 'within the last six or seven days' on March 7, 2026. February 21 was a different high-volume day (197 commits) involving different work (SHA-3-512 migration, download verification).",,"The AI agent initially identified February 21 as the date because it had the highest single-day commit count. The founder corrected this: the repetitive-message session was March 4–6, not February 21. Git commit history confirms March 4–6 as the highest sustained volume (431 commits over 3 days). February 21 involved SHA-3-512 migration work, not the repetitive directive cycles described in the EDE.",2026-03-23 21:22:45.582309+00
76ccad55-2005-484a-99c3-2f703c05e885,dd09ff48-f739-4b0d-9911-a5d395fd3c34,2026-03-07,FACTUAL_ERROR,"resolution, bayesian_note, authoritative_source",Resolution claimed 'zero Replit checkpoint reversions across its entire history' and bayesian_note ended with 'The project's zero-reversion history is the proof.' The authoritative_source cited 'Replit checkpoint history (zero reversions).',Resolution now distinguishes between checkpoint reversions (zero) and git history restorations (used multiple times for file recovery). Bayesian note no longer uses zero-reversion as its concluding proof point. Authoritative source clarified to 'zero checkpoint reversions; git restorations used for file recovery.',"git log --oneline --all | grep -i restore shows multiple git restorations: GitHub workflow files, metadata files, button designs, brand assets. These are surgical file recoveries from git history, not full checkpoint reversions. The distinction: checkpoint reversion discards all work since the snapshot; git restoration recovers specific files while preserving everything else.",,"The founder identified this overclaim: 'we have never reverted, but we have restored some history from Git.' The original language implied no form of rollback ever occurred. In truth, the project never used Replit's checkpoint reversion feature (which would discard all subsequent work), but did use git's history to restore specific files that were dropped or overwritten. Honesty requires acknowledging both facts. Ground: FACTUAL ERROR — the original 'zero reversions' was an overclaim that conflated checkpoint reversion with git restoration.",2026-03-23 21:22:45.582309+00
8ef23eab-ad83-49d9-92a5-bf4afc3fab75,1ec8d1f9-f166-4be9-81f5-c1ced60f05d8,2026-03-07,FACTUAL_ERROR,bayesian_note,"Marketing instinct (human) favored strong language (validates, ensures, verifies) because it sounds more authoritative. The AI agent implemented the copy without flagging the semantic distinction between passive observation and active validation. Both parties share responsibility — the human for marketing pressure, the AI for not applying the domain expertise it should have.","The overclaim language appeared organically across sessions — neither party specifically directed the use of 'validates' over 'analyzes.' Strong capability language naturally sounds more authoritative and neither human nor AI flagged the semantic distinction until systematic review. Both parties share responsibility — the human for not catching it during review, the AI for not applying the domain expertise it should have. Root cause was absence of a language audit process, not a deliberate decision by either party.","No git commit, chat log, or documented directive exists where the founder instructed the use of marketing language over technical accuracy. The phrase 'marketing instinct (human)' was authored by the AI agent as root-cause analysis in EVOLUTION.md and presented as if it described a human directive.",,"The original bayesian_note attributed a 'marketing instinct' decision to the human founder. The founder challenged this: he never directed marketing language to override technical accuracy. Search of all session logs and EVOLUTION.md confirms no such directive exists. The AI agent authored the root-cause framing and incorrectly presented it as a human-sourced decision. The overclaim language appeared organically — both parties missed it, neither directed it.",2026-03-23 21:30:59.773749+00
a4d210d4-83b6-4c0a-82e4-dabbdaae478a,dd09ff48-f739-4b0d-9911-a5d395fd3c34,2026-03-07,FACTUAL_ERROR,"date, commit, title, confidence_impact, resolution, bayesian_note",Date: 2026-02-21. Commit: '197 commits on 2026-02-21 (highest single-day volume)'. Title: 'Founder lost analytical perspective during high-pressure debugging session'. The entry originally referenced February 21 as the incident date.,Date: 2026-03-06. Commit: '431 commits across 2026-03-04 through 2026-03-06 (132 + 138 + 161)'. Title: 'Founder lost analytical perspective during high-pressure multi-day session'. The entry now references the actual three-day intensive session.,"git log --since=2026-02-28 --format=%ad --date=short | sort | uniq -c: March 4 = 132, March 5 = 138, March 6 = 161 (total 431). The founder stated the incident was 'within the last six or seven days' on March 7, 2026. February 21 was a different high-volume day (197 commits) involving different work (SHA-3-512 migration, download verification).",,"The AI agent initially identified February 21 as the date because it had the highest single-day commit count. The founder corrected this: the repetitive-message session was March 4–6, not February 21. Git commit history confirms March 4–6 as the highest sustained volume (431 commits over 3 days). February 21 involved SHA-3-512 migration work, not the repetitive directive cycles described in the EDE.",2026-03-23 21:30:59.773749+00
7722c7aa-fb7d-46d5-b3ee-a85b9682d50b,dd09ff48-f739-4b0d-9911-a5d395fd3c34,2026-03-07,FACTUAL_ERROR,"resolution, bayesian_note, authoritative_source",Resolution claimed 'zero Replit checkpoint reversions across its entire history' and bayesian_note ended with 'The project's zero-reversion history is the proof.' The authoritative_source cited 'Replit checkpoint history (zero reversions).',Resolution now distinguishes between checkpoint reversions (zero) and git history restorations (used multiple times for file recovery). Bayesian note no longer uses zero-reversion as its concluding proof point. Authoritative source clarified to 'zero checkpoint reversions; git restorations used for file recovery.',"git log --oneline --all | grep -i restore shows multiple git restorations: GitHub workflow files, metadata files, button designs, brand assets. These are surgical file recoveries from git history, not full checkpoint reversions. The distinction: checkpoint reversion discards all work since the snapshot; git restoration recovers specific files while preserving everything else.",,"The founder identified this overclaim: 'we have never reverted, but we have restored some history from Git.' The original language implied no form of rollback ever occurred. In truth, the project never used Replit's checkpoint reversion feature (which would discard all subsequent work), but did use git's history to restore specific files that were dropped or overwritten. Honesty requires acknowledging both facts. Ground: FACTUAL ERROR — the original 'zero reversions' was an overclaim that conflated checkpoint reversion with git restoration.",2026-03-23 21:30:59.773749+00
3126b109-44ea-4fed-a486-6f82b8f45f01,1ec8d1f9-f166-4be9-81f5-c1ced60f05d8,2026-03-07,FACTUAL_ERROR,bayesian_note,"Marketing instinct (human) favored strong language (validates, ensures, verifies) because it sounds more authoritative. The AI agent implemented the copy without flagging the semantic distinction between passive observation and active validation. Both parties share responsibility — the human for marketing pressure, the AI for not applying the domain expertise it should have.","The overclaim language appeared organically across sessions — neither party specifically directed the use of 'validates' over 'analyzes.' Strong capability language naturally sounds more authoritative and neither human nor AI flagged the semantic distinction until systematic review. Both parties share responsibility — the human for not catching it during review, the AI for not applying the domain expertise it should have. Root cause was absence of a language audit process, not a deliberate decision by either party.","No git commit, chat log, or documented directive exists where the founder instructed the use of marketing language over technical accuracy. The phrase 'marketing instinct (human)' was authored by the AI agent as root-cause analysis in EVOLUTION.md and presented as if it described a human directive.",,"The original bayesian_note attributed a 'marketing instinct' decision to the human founder. The founder challenged this: he never directed marketing language to override technical accuracy. Search of all session logs and EVOLUTION.md confirms no such directive exists. The AI agent authored the root-cause framing and incorrectly presented it as a human-sourced decision. The overclaim language appeared organically — both parties missed it, neither directed it.",2026-03-23 21:34:06.412237+00
890f30ce-3a70-49f7-b8c4-74157b8b17d9,dd09ff48-f739-4b0d-9911-a5d395fd3c34,2026-03-07,FACTUAL_ERROR,"date, commit, title, confidence_impact, resolution, bayesian_note",Date: 2026-02-21. Commit: '197 commits on 2026-02-21 (highest single-day volume)'. Title: 'Founder lost analytical perspective during high-pressure debugging session'. The entry originally referenced February 21 as the incident date.,Date: 2026-03-06. Commit: '431 commits across 2026-03-04 through 2026-03-06 (132 + 138 + 161)'. Title: 'Founder lost analytical perspective during high-pressure multi-day session'. The entry now references the actual three-day intensive session.,"git log --since=2026-02-28 --format=%ad --date=short | sort | uniq -c: March 4 = 132, March 5 = 138, March 6 = 161 (total 431). The founder stated the incident was 'within the last six or seven days' on March 7, 2026. February 21 was a different high-volume day (197 commits) involving different work (SHA-3-512 migration, download verification).",,"The AI agent initially identified February 21 as the date because it had the highest single-day commit count. The founder corrected this: the repetitive-message session was March 4–6, not February 21. Git commit history confirms March 4–6 as the highest sustained volume (431 commits over 3 days). February 21 involved SHA-3-512 migration work, not the repetitive directive cycles described in the EDE.",2026-03-23 21:34:06.412237+00
b888a7a0-a4d2-4b91-bd7d-86059a0dd99a,dd09ff48-f739-4b0d-9911-a5d395fd3c34,2026-03-07,FACTUAL_ERROR,"resolution, bayesian_note, authoritative_source",Resolution claimed 'zero Replit checkpoint reversions across its entire history' and bayesian_note ended with 'The project's zero-reversion history is the proof.' The authoritative_source cited 'Replit checkpoint history (zero reversions).',Resolution now distinguishes between checkpoint reversions (zero) and git history restorations (used multiple times for file recovery). Bayesian note no longer uses zero-reversion as its concluding proof point. Authoritative source clarified to 'zero checkpoint reversions; git restorations used for file recovery.',"git log --oneline --all | grep -i restore shows multiple git restorations: GitHub workflow files, metadata files, button designs, brand assets. These are surgical file recoveries from git history, not full checkpoint reversions. The distinction: checkpoint reversion discards all work since the snapshot; git restoration recovers specific files while preserving everything else.",,"The founder identified this overclaim: 'we have never reverted, but we have restored some history from Git.' The original language implied no form of rollback ever occurred. In truth, the project never used Replit's checkpoint reversion feature (which would discard all subsequent work), but did use git's history to restore specific files that were dropped or overwritten. Honesty requires acknowledging both facts. Ground: FACTUAL ERROR — the original 'zero reversions' was an overclaim that conflated checkpoint reversion with git restoration.",2026-03-23 21:34:06.412237+00
86c7a50c-6d08-41b0-acce-104b16343b2a,1ec8d1f9-f166-4be9-81f5-c1ced60f05d8,2026-03-07,FACTUAL_ERROR,bayesian_note,"Marketing instinct (human) favored strong language (validates, ensures, verifies) because it sounds more authoritative. The AI agent implemented the copy without flagging the semantic distinction between passive observation and active validation. Both parties share responsibility — the human for marketing pressure, the AI for not applying the domain expertise it should have.","The overclaim language appeared organically across sessions — neither party specifically directed the use of 'validates' over 'analyzes.' Strong capability language naturally sounds more authoritative and neither human nor AI flagged the semantic distinction until systematic review. Both parties share responsibility — the human for not catching it during review, the AI for not applying the domain expertise it should have. Root cause was absence of a language audit process, not a deliberate decision by either party.","No git commit, chat log, or documented directive exists where the founder instructed the use of marketing language over technical accuracy. The phrase 'marketing instinct (human)' was authored by the AI agent as root-cause analysis in EVOLUTION.md and presented as if it described a human directive.",,"The original bayesian_note attributed a 'marketing instinct' decision to the human founder. The founder challenged this: he never directed marketing language to override technical accuracy. Search of all session logs and EVOLUTION.md confirms no such directive exists. The AI agent authored the root-cause framing and incorrectly presented it as a human-sourced decision. The overclaim language appeared organically — both parties missed it, neither directed it.",2026-03-23 23:11:36.460988+00
81d3bf3f-2e7f-4582-b8c2-e12b399880b0,dd09ff48-f739-4b0d-9911-a5d395fd3c34,2026-03-07,FACTUAL_ERROR,"date, commit, title, confidence_impact, resolution, bayesian_note",Date: 2026-02-21. Commit: '197 commits on 2026-02-21 (highest single-day volume)'. Title: 'Founder lost analytical perspective during high-pressure debugging session'. The entry originally referenced February 21 as the incident date.,Date: 2026-03-06. Commit: '431 commits across 2026-03-04 through 2026-03-06 (132 + 138 + 161)'. Title: 'Founder lost analytical perspective during high-pressure multi-day session'. The entry now references the actual three-day intensive session.,"git log --since=2026-02-28 --format=%ad --date=short | sort | uniq -c: March 4 = 132, March 5 = 138, March 6 = 161 (total 431). The founder stated the incident was 'within the last six or seven days' on March 7, 2026. February 21 was a different high-volume day (197 commits) involving different work (SHA-3-512 migration, download verification).",,"The AI agent initially identified February 21 as the date because it had the highest single-day commit count. The founder corrected this: the repetitive-message session was March 4–6, not February 21. Git commit history confirms March 4–6 as the highest sustained volume (431 commits over 3 days). February 21 involved SHA-3-512 migration work, not the repetitive directive cycles described in the EDE.",2026-03-23 23:11:36.460988+00
fde73e01-7fef-4a90-b0ee-25d5b2a8b3f7,dd09ff48-f739-4b0d-9911-a5d395fd3c34,2026-03-07,FACTUAL_ERROR,"resolution, bayesian_note, authoritative_source",Resolution claimed 'zero Replit checkpoint reversions across its entire history' and bayesian_note ended with 'The project's zero-reversion history is the proof.' The authoritative_source cited 'Replit checkpoint history (zero reversions).',Resolution now distinguishes between checkpoint reversions (zero) and git history restorations (used multiple times for file recovery). Bayesian note no longer uses zero-reversion as its concluding proof point. Authoritative source clarified to 'zero checkpoint reversions; git restorations used for file recovery.',"git log --oneline --all | grep -i restore shows multiple git restorations: GitHub workflow files, metadata files, button designs, brand assets. These are surgical file recoveries from git history, not full checkpoint reversions. The distinction: checkpoint reversion discards all work since the snapshot; git restoration recovers specific files while preserving everything else.",,"The founder identified this overclaim: 'we have never reverted, but we have restored some history from Git.' The original language implied no form of rollback ever occurred. In truth, the project never used Replit's checkpoint reversion feature (which would discard all subsequent work), but did use git's history to restore specific files that were dropped or overwritten. Honesty requires acknowledging both facts. Ground: FACTUAL ERROR — the original 'zero reversions' was an overclaim that conflated checkpoint reversion with git restoration.",2026-03-23 23:11:36.460988+00
20c2b6a3-f0f0-4dc0-90f4-e980cb325d41,1ec8d1f9-f166-4be9-81f5-c1ced60f05d8,2026-03-07,FACTUAL_ERROR,bayesian_note,"Marketing instinct (human) favored strong language (validates, ensures, verifies) because it sounds more authoritative. The AI agent implemented the copy without flagging the semantic distinction between passive observation and active validation. Both parties share responsibility — the human for marketing pressure, the AI for not applying the domain expertise it should have.","The overclaim language appeared organically across sessions — neither party specifically directed the use of 'validates' over 'analyzes.' Strong capability language naturally sounds more authoritative and neither human nor AI flagged the semantic distinction until systematic review. Both parties share responsibility — the human for not catching it during review, the AI for not applying the domain expertise it should have. Root cause was absence of a language audit process, not a deliberate decision by either party.","No git commit, chat log, or documented directive exists where the founder instructed the use of marketing language over technical accuracy. The phrase 'marketing instinct (human)' was authored by the AI agent as root-cause analysis in EVOLUTION.md and presented as if it described a human directive.",,"The original bayesian_note attributed a 'marketing instinct' decision to the human founder. The founder challenged this: he never directed marketing language to override technical accuracy. Search of all session logs and EVOLUTION.md confirms no such directive exists. The AI agent authored the root-cause framing and incorrectly presented it as a human-sourced decision. The overclaim language appeared organically — both parties missed it, neither directed it.",2026-03-23 23:15:31.271345+00
7f7522b5-5668-431e-b34b-735b5b794996,dd09ff48-f739-4b0d-9911-a5d395fd3c34,2026-03-07,FACTUAL_ERROR,"date, commit, title, confidence_impact, resolution, bayesian_note",Date: 2026-02-21. Commit: '197 commits on 2026-02-21 (highest single-day volume)'. Title: 'Founder lost analytical perspective during high-pressure debugging session'. The entry originally referenced February 21 as the incident date.,Date: 2026-03-06. Commit: '431 commits across 2026-03-04 through 2026-03-06 (132 + 138 + 161)'. Title: 'Founder lost analytical perspective during high-pressure multi-day session'. The entry now references the actual three-day intensive session.,"git log --since=2026-02-28 --format=%ad --date=short | sort | uniq -c: March 4 = 132, March 5 = 138, March 6 = 161 (total 431). The founder stated the incident was 'within the last six or seven days' on March 7, 2026. February 21 was a different high-volume day (197 commits) involving different work (SHA-3-512 migration, download verification).",,"The AI agent initially identified February 21 as the date because it had the highest single-day commit count. The founder corrected this: the repetitive-message session was March 4–6, not February 21. Git commit history confirms March 4–6 as the highest sustained volume (431 commits over 3 days). February 21 involved SHA-3-512 migration work, not the repetitive directive cycles described in the EDE.",2026-03-23 23:15:31.271345+00
8c294fd7-132c-489a-8796-b1d8795dad69,dd09ff48-f739-4b0d-9911-a5d395fd3c34,2026-03-07,FACTUAL_ERROR,"resolution, bayesian_note, authoritative_source",Resolution claimed 'zero Replit checkpoint reversions across its entire history' and bayesian_note ended with 'The project's zero-reversion history is the proof.' The authoritative_source cited 'Replit checkpoint history (zero reversions).',Resolution now distinguishes between checkpoint reversions (zero) and git history restorations (used multiple times for file recovery). Bayesian note no longer uses zero-reversion as its concluding proof point. Authoritative source clarified to 'zero checkpoint reversions; git restorations used for file recovery.',"git log --oneline --all | grep -i restore shows multiple git restorations: GitHub workflow files, metadata files, button designs, brand assets. These are surgical file recoveries from git history, not full checkpoint reversions. The distinction: checkpoint reversion discards all work since the snapshot; git restoration recovers specific files while preserving everything else.",,"The founder identified this overclaim: 'we have never reverted, but we have restored some history from Git.' The original language implied no form of rollback ever occurred. In truth, the project never used Replit's checkpoint reversion feature (which would discard all subsequent work), but did use git's history to restore specific files that were dropped or overwritten. Honesty requires acknowledging both facts. Ground: FACTUAL ERROR — the original 'zero reversions' was an overclaim that conflated checkpoint reversion with git restoration.",2026-03-23 23:15:31.271345+00
2886a8ec-b926-4fb3-b50f-6346c86c75c4,1ec8d1f9-f166-4be9-81f5-c1ced60f05d8,2026-03-07,FACTUAL_ERROR,bayesian_note,"Marketing instinct (human) favored strong language (validates, ensures, verifies) because it sounds more authoritative. The AI agent implemented the copy without flagging the semantic distinction between passive observation and active validation. Both parties share responsibility — the human for marketing pressure, the AI for not applying the domain expertise it should have.","The overclaim language appeared organically across sessions — neither party specifically directed the use of 'validates' over 'analyzes.' Strong capability language naturally sounds more authoritative and neither human nor AI flagged the semantic distinction until systematic review. Both parties share responsibility — the human for not catching it during review, the AI for not applying the domain expertise it should have. Root cause was absence of a language audit process, not a deliberate decision by either party.","No git commit, chat log, or documented directive exists where the founder instructed the use of marketing language over technical accuracy. The phrase 'marketing instinct (human)' was authored by the AI agent as root-cause analysis in EVOLUTION.md and presented as if it described a human directive.",,"The original bayesian_note attributed a 'marketing instinct' decision to the human founder. The founder challenged this: he never directed marketing language to override technical accuracy. Search of all session logs and EVOLUTION.md confirms no such directive exists. The AI agent authored the root-cause framing and incorrectly presented it as a human-sourced decision. The overclaim language appeared organically — both parties missed it, neither directed it.",2026-03-23 23:21:31.53969+00
da380b62-f037-4f7e-8eeb-43a94f48b75b,dd09ff48-f739-4b0d-9911-a5d395fd3c34,2026-03-07,FACTUAL_ERROR,"date, commit, title, confidence_impact, resolution, bayesian_note",Date: 2026-02-21. Commit: '197 commits on 2026-02-21 (highest single-day volume)'. Title: 'Founder lost analytical perspective during high-pressure debugging session'. The entry originally referenced February 21 as the incident date.,Date: 2026-03-06. Commit: '431 commits across 2026-03-04 through 2026-03-06 (132 + 138 + 161)'. Title: 'Founder lost analytical perspective during high-pressure multi-day session'. The entry now references the actual three-day intensive session.,"git log --since=2026-02-28 --format=%ad --date=short | sort | uniq -c: March 4 = 132, March 5 = 138, March 6 = 161 (total 431). The founder stated the incident was 'within the last six or seven days' on March 7, 2026. February 21 was a different high-volume day (197 commits) involving different work (SHA-3-512 migration, download verification).",,"The AI agent initially identified February 21 as the date because it had the highest single-day commit count. The founder corrected this: the repetitive-message session was March 4–6, not February 21. Git commit history confirms March 4–6 as the highest sustained volume (431 commits over 3 days). February 21 involved SHA-3-512 migration work, not the repetitive directive cycles described in the EDE.",2026-03-23 23:21:31.53969+00
8105f4f3-717f-4995-b46d-8d0fe2b8b5c9,dd09ff48-f739-4b0d-9911-a5d395fd3c34,2026-03-07,FACTUAL_ERROR,"resolution, bayesian_note, authoritative_source",Resolution claimed 'zero Replit checkpoint reversions across its entire history' and bayesian_note ended with 'The project's zero-reversion history is the proof.' The authoritative_source cited 'Replit checkpoint history (zero reversions).',Resolution now distinguishes between checkpoint reversions (zero) and git history restorations (used multiple times for file recovery). Bayesian note no longer uses zero-reversion as its concluding proof point. Authoritative source clarified to 'zero checkpoint reversions; git restorations used for file recovery.',"git log --oneline --all | grep -i restore shows multiple git restorations: GitHub workflow files, metadata files, button designs, brand assets. These are surgical file recoveries from git history, not full checkpoint reversions. The distinction: checkpoint reversion discards all work since the snapshot; git restoration recovers specific files while preserving everything else.",,"The founder identified this overclaim: 'we have never reverted, but we have restored some history from Git.' The original language implied no form of rollback ever occurred. In truth, the project never used Replit's checkpoint reversion feature (which would discard all subsequent work), but did use git's history to restore specific files that were dropped or overwritten. Honesty requires acknowledging both facts. Ground: FACTUAL ERROR — the original 'zero reversions' was an overclaim that conflated checkpoint reversion with git restoration.",2026-03-23 23:21:31.53969+00
8c23ff79-fd18-4c3f-b088-0f2e8bb75399,1ec8d1f9-f166-4be9-81f5-c1ced60f05d8,2026-03-07,FACTUAL_ERROR,bayesian_note,"Marketing instinct (human) favored strong language (validates, ensures, verifies) because it sounds more authoritative. The AI agent implemented the copy without flagging the semantic distinction between passive observation and active validation. Both parties share responsibility — the human for marketing pressure, the AI for not applying the domain expertise it should have.","The overclaim language appeared organically across sessions — neither party specifically directed the use of 'validates' over 'analyzes.' Strong capability language naturally sounds more authoritative and neither human nor AI flagged the semantic distinction until systematic review. Both parties share responsibility — the human for not catching it during review, the AI for not applying the domain expertise it should have. Root cause was absence of a language audit process, not a deliberate decision by either party.","No git commit, chat log, or documented directive exists where the founder instructed the use of marketing language over technical accuracy. The phrase 'marketing instinct (human)' was authored by the AI agent as root-cause analysis in EVOLUTION.md and presented as if it described a human directive.",,"The original bayesian_note attributed a 'marketing instinct' decision to the human founder. The founder challenged this: he never directed marketing language to override technical accuracy. Search of all session logs and EVOLUTION.md confirms no such directive exists. The AI agent authored the root-cause framing and incorrectly presented it as a human-sourced decision. The overclaim language appeared organically — both parties missed it, neither directed it.",2026-03-23 23:58:31.498928+00
3d2f6ae8-1138-4423-af78-1701be4b7080,dd09ff48-f739-4b0d-9911-a5d395fd3c34,2026-03-07,FACTUAL_ERROR,"date, commit, title, confidence_impact, resolution, bayesian_note",Date: 2026-02-21. Commit: '197 commits on 2026-02-21 (highest single-day volume)'. Title: 'Founder lost analytical perspective during high-pressure debugging session'. The entry originally referenced February 21 as the incident date.,Date: 2026-03-06. Commit: '431 commits across 2026-03-04 through 2026-03-06 (132 + 138 + 161)'. Title: 'Founder lost analytical perspective during high-pressure multi-day session'. The entry now references the actual three-day intensive session.,"git log --since=2026-02-28 --format=%ad --date=short | sort | uniq -c: March 4 = 132, March 5 = 138, March 6 = 161 (total 431). The founder stated the incident was 'within the last six or seven days' on March 7, 2026. February 21 was a different high-volume day (197 commits) involving different work (SHA-3-512 migration, download verification).",,"The AI agent initially identified February 21 as the date because it had the highest single-day commit count. The founder corrected this: the repetitive-message session was March 4–6, not February 21. Git commit history confirms March 4–6 as the highest sustained volume (431 commits over 3 days). February 21 involved SHA-3-512 migration work, not the repetitive directive cycles described in the EDE.",2026-03-23 23:58:31.498928+00
06d045d6-9801-4b10-b3b5-7848dbc8452b,dd09ff48-f739-4b0d-9911-a5d395fd3c34,2026-03-07,FACTUAL_ERROR,"resolution, bayesian_note, authoritative_source",Resolution claimed 'zero Replit checkpoint reversions across its entire history' and bayesian_note ended with 'The project's zero-reversion history is the proof.' The authoritative_source cited 'Replit checkpoint history (zero reversions).',Resolution now distinguishes between checkpoint reversions (zero) and git history restorations (used multiple times for file recovery). Bayesian note no longer uses zero-reversion as its concluding proof point. Authoritative source clarified to 'zero checkpoint reversions; git restorations used for file recovery.',"git log --oneline --all | grep -i restore shows multiple git restorations: GitHub workflow files, metadata files, button designs, brand assets. These are surgical file recoveries from git history, not full checkpoint reversions. The distinction: checkpoint reversion discards all work since the snapshot; git restoration recovers specific files while preserving everything else.",,"The founder identified this overclaim: 'we have never reverted, but we have restored some history from Git.' The original language implied no form of rollback ever occurred. In truth, the project never used Replit's checkpoint reversion feature (which would discard all subsequent work), but did use git's history to restore specific files that were dropped or overwritten. Honesty requires acknowledging both facts. Ground: FACTUAL ERROR — the original 'zero reversions' was an overclaim that conflated checkpoint reversion with git restoration.",2026-03-23 23:58:31.498928+00
5d63da23-ec23-44e4-ae05-3bb08b9f07ad,1ec8d1f9-f166-4be9-81f5-c1ced60f05d8,2026-03-07,FACTUAL_ERROR,bayesian_note,"Marketing instinct (human) favored strong language (validates, ensures, verifies) because it sounds more authoritative. The AI agent implemented the copy without flagging the semantic distinction between passive observation and active validation. Both parties share responsibility — the human for marketing pressure, the AI for not applying the domain expertise it should have.","The overclaim language appeared organically across sessions — neither party specifically directed the use of 'validates' over 'analyzes.' Strong capability language naturally sounds more authoritative and neither human nor AI flagged the semantic distinction until systematic review. Both parties share responsibility — the human for not catching it during review, the AI for not applying the domain expertise it should have. Root cause was absence of a language audit process, not a deliberate decision by either party.","No git commit, chat log, or documented directive exists where the founder instructed the use of marketing language over technical accuracy. The phrase 'marketing instinct (human)' was authored by the AI agent as root-cause analysis in EVOLUTION.md and presented as if it described a human directive.",,"The original bayesian_note attributed a 'marketing instinct' decision to the human founder. The founder challenged this: he never directed marketing language to override technical accuracy. Search of all session logs and EVOLUTION.md confirms no such directive exists. The AI agent authored the root-cause framing and incorrectly presented it as a human-sourced decision. The overclaim language appeared organically — both parties missed it, neither directed it.",2026-03-24 03:51:25.812456+00
1d5c6812-780b-4920-9413-c8f86a9bb9ca,dd09ff48-f739-4b0d-9911-a5d395fd3c34,2026-03-07,FACTUAL_ERROR,"date, commit, title, confidence_impact, resolution, bayesian_note",Date: 2026-02-21. Commit: '197 commits on 2026-02-21 (highest single-day volume)'. Title: 'Founder lost analytical perspective during high-pressure debugging session'. The entry originally referenced February 21 as the incident date.,Date: 2026-03-06. Commit: '431 commits across 2026-03-04 through 2026-03-06 (132 + 138 + 161)'. Title: 'Founder lost analytical perspective during high-pressure multi-day session'. The entry now references the actual three-day intensive session.,"git log --since=2026-02-28 --format=%ad --date=short | sort | uniq -c: March 4 = 132, March 5 = 138, March 6 = 161 (total 431). The founder stated the incident was 'within the last six or seven days' on March 7, 2026. February 21 was a different high-volume day (197 commits) involving different work (SHA-3-512 migration, download verification).",,"The AI agent initially identified February 21 as the date because it had the highest single-day commit count. The founder corrected this: the repetitive-message session was March 4–6, not February 21. Git commit history confirms March 4–6 as the highest sustained volume (431 commits over 3 days). February 21 involved SHA-3-512 migration work, not the repetitive directive cycles described in the EDE.",2026-03-24 03:51:25.812456+00
b6592428-3dd8-4074-8dd8-2ed637e73f1b,dd09ff48-f739-4b0d-9911-a5d395fd3c34,2026-03-07,FACTUAL_ERROR,"resolution, bayesian_note, authoritative_source",Resolution claimed 'zero Replit checkpoint reversions across its entire history' and bayesian_note ended with 'The project's zero-reversion history is the proof.' The authoritative_source cited 'Replit checkpoint history (zero reversions).',Resolution now distinguishes between checkpoint reversions (zero) and git history restorations (used multiple times for file recovery). Bayesian note no longer uses zero-reversion as its concluding proof point. Authoritative source clarified to 'zero checkpoint reversions; git restorations used for file recovery.',"git log --oneline --all | grep -i restore shows multiple git restorations: GitHub workflow files, metadata files, button designs, brand assets. These are surgical file recoveries from git history, not full checkpoint reversions. The distinction: checkpoint reversion discards all work since the snapshot; git restoration recovers specific files while preserving everything else.",,"The founder identified this overclaim: 'we have never reverted, but we have restored some history from Git.' The original language implied no form of rollback ever occurred. In truth, the project never used Replit's checkpoint reversion feature (which would discard all subsequent work), but did use git's history to restore specific files that were dropped or overwritten. Honesty requires acknowledging both facts. Ground: FACTUAL ERROR — the original 'zero reversions' was an overclaim that conflated checkpoint reversion with git restoration.",2026-03-24 03:51:25.812456+00
cb8cd02d-1b4c-4833-8e94-5dc8d8a16caf,1ec8d1f9-f166-4be9-81f5-c1ced60f05d8,2026-03-07,FACTUAL_ERROR,bayesian_note,"Marketing instinct (human) favored strong language (validates, ensures, verifies) because it sounds more authoritative. The AI agent implemented the copy without flagging the semantic distinction between passive observation and active validation. Both parties share responsibility — the human for marketing pressure, the AI for not applying the domain expertise it should have.","The overclaim language appeared organically across sessions — neither party specifically directed the use of 'validates' over 'analyzes.' Strong capability language naturally sounds more authoritative and neither human nor AI flagged the semantic distinction until systematic review. Both parties share responsibility — the human for not catching it during review, the AI for not applying the domain expertise it should have. Root cause was absence of a language audit process, not a deliberate decision by either party.","No git commit, chat log, or documented directive exists where the founder instructed the use of marketing language over technical accuracy. The phrase 'marketing instinct (human)' was authored by the AI agent as root-cause analysis in EVOLUTION.md and presented as if it described a human directive.",,"The original bayesian_note attributed a 'marketing instinct' decision to the human founder. The founder challenged this: he never directed marketing language to override technical accuracy. Search of all session logs and EVOLUTION.md confirms no such directive exists. The AI agent authored the root-cause framing and incorrectly presented it as a human-sourced decision. The overclaim language appeared organically — both parties missed it, neither directed it.",2026-03-25 00:32:41.132316+00
3730c6ca-98c6-42ba-9867-2e77ee71af5e,dd09ff48-f739-4b0d-9911-a5d395fd3c34,2026-03-07,FACTUAL_ERROR,"date, commit, title, confidence_impact, resolution, bayesian_note",Date: 2026-02-21. Commit: '197 commits on 2026-02-21 (highest single-day volume)'. Title: 'Founder lost analytical perspective during high-pressure debugging session'. The entry originally referenced February 21 as the incident date.,Date: 2026-03-06. Commit: '431 commits across 2026-03-04 through 2026-03-06 (132 + 138 + 161)'. Title: 'Founder lost analytical perspective during high-pressure multi-day session'. The entry now references the actual three-day intensive session.,"git log --since=2026-02-28 --format=%ad --date=short | sort | uniq -c: March 4 = 132, March 5 = 138, March 6 = 161 (total 431). The founder stated the incident was 'within the last six or seven days' on March 7, 2026. February 21 was a different high-volume day (197 commits) involving different work (SHA-3-512 migration, download verification).",,"The AI agent initially identified February 21 as the date because it had the highest single-day commit count. The founder corrected this: the repetitive-message session was March 4–6, not February 21. Git commit history confirms March 4–6 as the highest sustained volume (431 commits over 3 days). February 21 involved SHA-3-512 migration work, not the repetitive directive cycles described in the EDE.",2026-03-25 00:32:41.132316+00
888e7ee7-9142-45d2-8de3-2050ba167777,dd09ff48-f739-4b0d-9911-a5d395fd3c34,2026-03-07,FACTUAL_ERROR,"resolution, bayesian_note, authoritative_source",Resolution claimed 'zero Replit checkpoint reversions across its entire history' and bayesian_note ended with 'The project's zero-reversion history is the proof.' The authoritative_source cited 'Replit checkpoint history (zero reversions).',Resolution now distinguishes between checkpoint reversions (zero) and git history restorations (used multiple times for file recovery). Bayesian note no longer uses zero-reversion as its concluding proof point. Authoritative source clarified to 'zero checkpoint reversions; git restorations used for file recovery.',"git log --oneline --all | grep -i restore shows multiple git restorations: GitHub workflow files, metadata files, button designs, brand assets. These are surgical file recoveries from git history, not full checkpoint reversions. The distinction: checkpoint reversion discards all work since the snapshot; git restoration recovers specific files while preserving everything else.",,"The founder identified this overclaim: 'we have never reverted, but we have restored some history from Git.' The original language implied no form of rollback ever occurred. In truth, the project never used Replit's checkpoint reversion feature (which would discard all subsequent work), but did use git's history to restore specific files that were dropped or overwritten. Honesty requires acknowledging both facts. Ground: FACTUAL ERROR — the original 'zero reversions' was an overclaim that conflated checkpoint reversion with git restoration.",2026-03-25 00:32:41.132316+00
8788e770-ead1-4377-b78e-ec098a6464c2,1ec8d1f9-f166-4be9-81f5-c1ced60f05d8,2026-03-07,FACTUAL_ERROR,bayesian_note,"Marketing instinct (human) favored strong language (validates, ensures, verifies) because it sounds more authoritative. The AI agent implemented the copy without flagging the semantic distinction between passive observation and active validation. Both parties share responsibility — the human for marketing pressure, the AI for not applying the domain expertise it should have.","The overclaim language appeared organically across sessions — neither party specifically directed the use of 'validates' over 'analyzes.' Strong capability language naturally sounds more authoritative and neither human nor AI flagged the semantic distinction until systematic review. Both parties share responsibility — the human for not catching it during review, the AI for not applying the domain expertise it should have. Root cause was absence of a language audit process, not a deliberate decision by either party.","No git commit, chat log, or documented directive exists where the founder instructed the use of marketing language over technical accuracy. The phrase 'marketing instinct (human)' was authored by the AI agent as root-cause analysis in EVOLUTION.md and presented as if it described a human directive.",,"The original bayesian_note attributed a 'marketing instinct' decision to the human founder. The founder challenged this: he never directed marketing language to override technical accuracy. Search of all session logs and EVOLUTION.md confirms no such directive exists. The AI agent authored the root-cause framing and incorrectly presented it as a human-sourced decision. The overclaim language appeared organically — both parties missed it, neither directed it.",2026-03-25 01:07:54.973935+00
a922e048-dc54-4597-aaec-bf520f53e3a7,dd09ff48-f739-4b0d-9911-a5d395fd3c34,2026-03-07,FACTUAL_ERROR,"date, commit, title, confidence_impact, resolution, bayesian_note",Date: 2026-02-21. Commit: '197 commits on 2026-02-21 (highest single-day volume)'. Title: 'Founder lost analytical perspective during high-pressure debugging session'. The entry originally referenced February 21 as the incident date.,Date: 2026-03-06. Commit: '431 commits across 2026-03-04 through 2026-03-06 (132 + 138 + 161)'. Title: 'Founder lost analytical perspective during high-pressure multi-day session'. The entry now references the actual three-day intensive session.,"git log --since=2026-02-28 --format=%ad --date=short | sort | uniq -c: March 4 = 132, March 5 = 138, March 6 = 161 (total 431). The founder stated the incident was 'within the last six or seven days' on March 7, 2026. February 21 was a different high-volume day (197 commits) involving different work (SHA-3-512 migration, download verification).",,"The AI agent initially identified February 21 as the date because it had the highest single-day commit count. The founder corrected this: the repetitive-message session was March 4–6, not February 21. Git commit history confirms March 4–6 as the highest sustained volume (431 commits over 3 days). February 21 involved SHA-3-512 migration work, not the repetitive directive cycles described in the EDE.",2026-03-25 01:07:54.973935+00
4e5926c0-d95a-494f-874a-17327d95f5e5,dd09ff48-f739-4b0d-9911-a5d395fd3c34,2026-03-07,FACTUAL_ERROR,"resolution, bayesian_note, authoritative_source",Resolution claimed 'zero Replit checkpoint reversions across its entire history' and bayesian_note ended with 'The project's zero-reversion history is the proof.' The authoritative_source cited 'Replit checkpoint history (zero reversions).',Resolution now distinguishes between checkpoint reversions (zero) and git history restorations (used multiple times for file recovery). Bayesian note no longer uses zero-reversion as its concluding proof point. Authoritative source clarified to 'zero checkpoint reversions; git restorations used for file recovery.',"git log --oneline --all | grep -i restore shows multiple git restorations: GitHub workflow files, metadata files, button designs, brand assets. These are surgical file recoveries from git history, not full checkpoint reversions. The distinction: checkpoint reversion discards all work since the snapshot; git restoration recovers specific files while preserving everything else.",,"The founder identified this overclaim: 'we have never reverted, but we have restored some history from Git.' The original language implied no form of rollback ever occurred. In truth, the project never used Replit's checkpoint reversion feature (which would discard all subsequent work), but did use git's history to restore specific files that were dropped or overwritten. Honesty requires acknowledging both facts. Ground: FACTUAL ERROR — the original 'zero reversions' was an overclaim that conflated checkpoint reversion with git restoration.",2026-03-25 01:07:54.973935+00
159ce764-740a-4727-9c10-aa4f893b41a6,1ec8d1f9-f166-4be9-81f5-c1ced60f05d8,2026-03-07,FACTUAL_ERROR,bayesian_note,"Marketing instinct (human) favored strong language (validates, ensures, verifies) because it sounds more authoritative. The AI agent implemented the copy without flagging the semantic distinction between passive observation and active validation. Both parties share responsibility — the human for marketing pressure, the AI for not applying the domain expertise it should have.","The overclaim language appeared organically across sessions — neither party specifically directed the use of 'validates' over 'analyzes.' Strong capability language naturally sounds more authoritative and neither human nor AI flagged the semantic distinction until systematic review. Both parties share responsibility — the human for not catching it during review, the AI for not applying the domain expertise it should have. Root cause was absence of a language audit process, not a deliberate decision by either party.","No git commit, chat log, or documented directive exists where the founder instructed the use of marketing language over technical accuracy. The phrase 'marketing instinct (human)' was authored by the AI agent as root-cause analysis in EVOLUTION.md and presented as if it described a human directive.",,"The original bayesian_note attributed a 'marketing instinct' decision to the human founder. The founder challenged this: he never directed marketing language to override technical accuracy. Search of all session logs and EVOLUTION.md confirms no such directive exists. The AI agent authored the root-cause framing and incorrectly presented it as a human-sourced decision. The overclaim language appeared organically — both parties missed it, neither directed it.",2026-03-25 04:22:46.437344+00
6a362478-2ae3-434f-af55-69a0766d8e41,dd09ff48-f739-4b0d-9911-a5d395fd3c34,2026-03-07,FACTUAL_ERROR,"date, commit, title, confidence_impact, resolution, bayesian_note",Date: 2026-02-21. Commit: '197 commits on 2026-02-21 (highest single-day volume)'. Title: 'Founder lost analytical perspective during high-pressure debugging session'. The entry originally referenced February 21 as the incident date.,Date: 2026-03-06. Commit: '431 commits across 2026-03-04 through 2026-03-06 (132 + 138 + 161)'. Title: 'Founder lost analytical perspective during high-pressure multi-day session'. The entry now references the actual three-day intensive session.,"git log --since=2026-02-28 --format=%ad --date=short | sort | uniq -c: March 4 = 132, March 5 = 138, March 6 = 161 (total 431). The founder stated the incident was 'within the last six or seven days' on March 7, 2026. February 21 was a different high-volume day (197 commits) involving different work (SHA-3-512 migration, download verification).",,"The AI agent initially identified February 21 as the date because it had the highest single-day commit count. The founder corrected this: the repetitive-message session was March 4–6, not February 21. Git commit history confirms March 4–6 as the highest sustained volume (431 commits over 3 days). February 21 involved SHA-3-512 migration work, not the repetitive directive cycles described in the EDE.",2026-03-25 04:22:46.437344+00
741d51b9-aced-401d-95fb-ea6490fb9692,dd09ff48-f739-4b0d-9911-a5d395fd3c34,2026-03-07,FACTUAL_ERROR,"resolution, bayesian_note, authoritative_source",Resolution claimed 'zero Replit checkpoint reversions across its entire history' and bayesian_note ended with 'The project's zero-reversion history is the proof.' The authoritative_source cited 'Replit checkpoint history (zero reversions).',Resolution now distinguishes between checkpoint reversions (zero) and git history restorations (used multiple times for file recovery). Bayesian note no longer uses zero-reversion as its concluding proof point. Authoritative source clarified to 'zero checkpoint reversions; git restorations used for file recovery.',"git log --oneline --all | grep -i restore shows multiple git restorations: GitHub workflow files, metadata files, button designs, brand assets. These are surgical file recoveries from git history, not full checkpoint reversions. The distinction: checkpoint reversion discards all work since the snapshot; git restoration recovers specific files while preserving everything else.",,"The founder identified this overclaim: 'we have never reverted, but we have restored some history from Git.' The original language implied no form of rollback ever occurred. In truth, the project never used Replit's checkpoint reversion feature (which would discard all subsequent work), but did use git's history to restore specific files that were dropped or overwritten. Honesty requires acknowledging both facts. Ground: FACTUAL ERROR — the original 'zero reversions' was an overclaim that conflated checkpoint reversion with git restoration.",2026-03-25 04:22:46.437344+00
ed57eeb8-6093-4b2c-9e38-84c63d3a743e,1ec8d1f9-f166-4be9-81f5-c1ced60f05d8,2026-03-07,FACTUAL_ERROR,bayesian_note,"Marketing instinct (human) favored strong language (validates, ensures, verifies) because it sounds more authoritative. The AI agent implemented the copy without flagging the semantic distinction between passive observation and active validation. Both parties share responsibility — the human for marketing pressure, the AI for not applying the domain expertise it should have.","The overclaim language appeared organically across sessions — neither party specifically directed the use of 'validates' over 'analyzes.' Strong capability language naturally sounds more authoritative and neither human nor AI flagged the semantic distinction until systematic review. Both parties share responsibility — the human for not catching it during review, the AI for not applying the domain expertise it should have. Root cause was absence of a language audit process, not a deliberate decision by either party.","No git commit, chat log, or documented directive exists where the founder instructed the use of marketing language over technical accuracy. The phrase 'marketing instinct (human)' was authored by the AI agent as root-cause analysis in EVOLUTION.md and presented as if it described a human directive.",,"The original bayesian_note attributed a 'marketing instinct' decision to the human founder. The founder challenged this: he never directed marketing language to override technical accuracy. Search of all session logs and EVOLUTION.md confirms no such directive exists. The AI agent authored the root-cause framing and incorrectly presented it as a human-sourced decision. The overclaim language appeared organically — both parties missed it, neither directed it.",2026-03-25 05:49:33.888619+00
6cb19aa3-462f-4f51-9953-79a5a7c84e70,dd09ff48-f739-4b0d-9911-a5d395fd3c34,2026-03-07,FACTUAL_ERROR,"date, commit, title, confidence_impact, resolution, bayesian_note",Date: 2026-02-21. Commit: '197 commits on 2026-02-21 (highest single-day volume)'. Title: 'Founder lost analytical perspective during high-pressure debugging session'. The entry originally referenced February 21 as the incident date.,Date: 2026-03-06. Commit: '431 commits across 2026-03-04 through 2026-03-06 (132 + 138 + 161)'. Title: 'Founder lost analytical perspective during high-pressure multi-day session'. The entry now references the actual three-day intensive session.,"git log --since=2026-02-28 --format=%ad --date=short | sort | uniq -c: March 4 = 132, March 5 = 138, March 6 = 161 (total 431). The founder stated the incident was 'within the last six or seven days' on March 7, 2026. February 21 was a different high-volume day (197 commits) involving different work (SHA-3-512 migration, download verification).",,"The AI agent initially identified February 21 as the date because it had the highest single-day commit count. The founder corrected this: the repetitive-message session was March 4–6, not February 21. Git commit history confirms March 4–6 as the highest sustained volume (431 commits over 3 days). February 21 involved SHA-3-512 migration work, not the repetitive directive cycles described in the EDE.",2026-03-25 05:49:33.888619+00
26f9e2da-8e36-4ff5-a185-409c506c2d36,dd09ff48-f739-4b0d-9911-a5d395fd3c34,2026-03-07,FACTUAL_ERROR,"resolution, bayesian_note, authoritative_source",Resolution claimed 'zero Replit checkpoint reversions across its entire history' and bayesian_note ended with 'The project's zero-reversion history is the proof.' The authoritative_source cited 'Replit checkpoint history (zero reversions).',Resolution now distinguishes between checkpoint reversions (zero) and git history restorations (used multiple times for file recovery). Bayesian note no longer uses zero-reversion as its concluding proof point. Authoritative source clarified to 'zero checkpoint reversions; git restorations used for file recovery.',"git log --oneline --all | grep -i restore shows multiple git restorations: GitHub workflow files, metadata files, button designs, brand assets. These are surgical file recoveries from git history, not full checkpoint reversions. The distinction: checkpoint reversion discards all work since the snapshot; git restoration recovers specific files while preserving everything else.",,"The founder identified this overclaim: 'we have never reverted, but we have restored some history from Git.' The original language implied no form of rollback ever occurred. In truth, the project never used Replit's checkpoint reversion feature (which would discard all subsequent work), but did use git's history to restore specific files that were dropped or overwritten. Honesty requires acknowledging both facts. Ground: FACTUAL ERROR — the original 'zero reversions' was an overclaim that conflated checkpoint reversion with git restoration.",2026-03-25 05:49:33.888619+00
7317eaaa-992a-4b41-965b-6861a2843f65,1ec8d1f9-f166-4be9-81f5-c1ced60f05d8,2026-03-07,FACTUAL_ERROR,bayesian_note,"Marketing instinct (human) favored strong language (validates, ensures, verifies) because it sounds more authoritative. The AI agent implemented the copy without flagging the semantic distinction between passive observation and active validation. Both parties share responsibility — the human for marketing pressure, the AI for not applying the domain expertise it should have.","The overclaim language appeared organically across sessions — neither party specifically directed the use of 'validates' over 'analyzes.' Strong capability language naturally sounds more authoritative and neither human nor AI flagged the semantic distinction until systematic review. Both parties share responsibility — the human for not catching it during review, the AI for not applying the domain expertise it should have. Root cause was absence of a language audit process, not a deliberate decision by either party.","No git commit, chat log, or documented directive exists where the founder instructed the use of marketing language over technical accuracy. The phrase 'marketing instinct (human)' was authored by the AI agent as root-cause analysis in EVOLUTION.md and presented as if it described a human directive.",,"The original bayesian_note attributed a 'marketing instinct' decision to the human founder. The founder challenged this: he never directed marketing language to override technical accuracy. Search of all session logs and EVOLUTION.md confirms no such directive exists. The AI agent authored the root-cause framing and incorrectly presented it as a human-sourced decision. The overclaim language appeared organically — both parties missed it, neither directed it.",2026-03-25 11:40:41.216451+00
b233ad26-3e74-441b-8281-45809e43b776,dd09ff48-f739-4b0d-9911-a5d395fd3c34,2026-03-07,FACTUAL_ERROR,"date, commit, title, confidence_impact, resolution, bayesian_note",Date: 2026-02-21. Commit: '197 commits on 2026-02-21 (highest single-day volume)'. Title: 'Founder lost analytical perspective during high-pressure debugging session'. The entry originally referenced February 21 as the incident date.,Date: 2026-03-06. Commit: '431 commits across 2026-03-04 through 2026-03-06 (132 + 138 + 161)'. Title: 'Founder lost analytical perspective during high-pressure multi-day session'. The entry now references the actual three-day intensive session.,"git log --since=2026-02-28 --format=%ad --date=short | sort | uniq -c: March 4 = 132, March 5 = 138, March 6 = 161 (total 431). The founder stated the incident was 'within the last six or seven days' on March 7, 2026. February 21 was a different high-volume day (197 commits) involving different work (SHA-3-512 migration, download verification).",,"The AI agent initially identified February 21 as the date because it had the highest single-day commit count. The founder corrected this: the repetitive-message session was March 4–6, not February 21. Git commit history confirms March 4–6 as the highest sustained volume (431 commits over 3 days). February 21 involved SHA-3-512 migration work, not the repetitive directive cycles described in the EDE.",2026-03-25 11:40:41.216451+00
cbe6952e-af26-4d26-8ff4-2788b0dc0945,dd09ff48-f739-4b0d-9911-a5d395fd3c34,2026-03-07,FACTUAL_ERROR,"resolution, bayesian_note, authoritative_source",Resolution claimed 'zero Replit checkpoint reversions across its entire history' and bayesian_note ended with 'The project's zero-reversion history is the proof.' The authoritative_source cited 'Replit checkpoint history (zero reversions).',Resolution now distinguishes between checkpoint reversions (zero) and git history restorations (used multiple times for file recovery). Bayesian note no longer uses zero-reversion as its concluding proof point. Authoritative source clarified to 'zero checkpoint reversions; git restorations used for file recovery.',"git log --oneline --all | grep -i restore shows multiple git restorations: GitHub workflow files, metadata files, button designs, brand assets. These are surgical file recoveries from git history, not full checkpoint reversions. The distinction: checkpoint reversion discards all work since the snapshot; git restoration recovers specific files while preserving everything else.",,"The founder identified this overclaim: 'we have never reverted, but we have restored some history from Git.' The original language implied no form of rollback ever occurred. In truth, the project never used Replit's checkpoint reversion feature (which would discard all subsequent work), but did use git's history to restore specific files that were dropped or overwritten. Honesty requires acknowledging both facts. Ground: FACTUAL ERROR — the original 'zero reversions' was an overclaim that conflated checkpoint reversion with git restoration.",2026-03-25 11:40:41.216451+00
c07d50d2-a254-4375-9297-fa7b600b2293,1ec8d1f9-f166-4be9-81f5-c1ced60f05d8,2026-03-07,FACTUAL_ERROR,bayesian_note,"Marketing instinct (human) favored strong language (validates, ensures, verifies) because it sounds more authoritative. The AI agent implemented the copy without flagging the semantic distinction between passive observation and active validation. Both parties share responsibility — the human for marketing pressure, the AI for not applying the domain expertise it should have.","The overclaim language appeared organically across sessions — neither party specifically directed the use of 'validates' over 'analyzes.' Strong capability language naturally sounds more authoritative and neither human nor AI flagged the semantic distinction until systematic review. Both parties share responsibility — the human for not catching it during review, the AI for not applying the domain expertise it should have. Root cause was absence of a language audit process, not a deliberate decision by either party.","No git commit, chat log, or documented directive exists where the founder instructed the use of marketing language over technical accuracy. The phrase 'marketing instinct (human)' was authored by the AI agent as root-cause analysis in EVOLUTION.md and presented as if it described a human directive.",,"The original bayesian_note attributed a 'marketing instinct' decision to the human founder. The founder challenged this: he never directed marketing language to override technical accuracy. Search of all session logs and EVOLUTION.md confirms no such directive exists. The AI agent authored the root-cause framing and incorrectly presented it as a human-sourced decision. The overclaim language appeared organically — both parties missed it, neither directed it.",2026-03-25 22:46:54.898451+00
d79c1f00-28ca-4e34-b664-b33fc0bc155c,dd09ff48-f739-4b0d-9911-a5d395fd3c34,2026-03-07,FACTUAL_ERROR,"date, commit, title, confidence_impact, resolution, bayesian_note",Date: 2026-02-21. Commit: '197 commits on 2026-02-21 (highest single-day volume)'. Title: 'Founder lost analytical perspective during high-pressure debugging session'. The entry originally referenced February 21 as the incident date.,Date: 2026-03-06. Commit: '431 commits across 2026-03-04 through 2026-03-06 (132 + 138 + 161)'. Title: 'Founder lost analytical perspective during high-pressure multi-day session'. The entry now references the actual three-day intensive session.,"git log --since=2026-02-28 --format=%ad --date=short | sort | uniq -c: March 4 = 132, March 5 = 138, March 6 = 161 (total 431). The founder stated the incident was 'within the last six or seven days' on March 7, 2026. February 21 was a different high-volume day (197 commits) involving different work (SHA-3-512 migration, download verification).",,"The AI agent initially identified February 21 as the date because it had the highest single-day commit count. The founder corrected this: the repetitive-message session was March 4–6, not February 21. Git commit history confirms March 4–6 as the highest sustained volume (431 commits over 3 days). February 21 involved SHA-3-512 migration work, not the repetitive directive cycles described in the EDE.",2026-03-25 22:46:54.898451+00
f6536a38-5257-40e5-8f9d-7641e8d33241,dd09ff48-f739-4b0d-9911-a5d395fd3c34,2026-03-07,FACTUAL_ERROR,"resolution, bayesian_note, authoritative_source",Resolution claimed 'zero Replit checkpoint reversions across its entire history' and bayesian_note ended with 'The project's zero-reversion history is the proof.' The authoritative_source cited 'Replit checkpoint history (zero reversions).',Resolution now distinguishes between checkpoint reversions (zero) and git history restorations (used multiple times for file recovery). Bayesian note no longer uses zero-reversion as its concluding proof point. Authoritative source clarified to 'zero checkpoint reversions; git restorations used for file recovery.',"git log --oneline --all | grep -i restore shows multiple git restorations: GitHub workflow files, metadata files, button designs, brand assets. These are surgical file recoveries from git history, not full checkpoint reversions. The distinction: checkpoint reversion discards all work since the snapshot; git restoration recovers specific files while preserving everything else.",,"The founder identified this overclaim: 'we have never reverted, but we have restored some history from Git.' The original language implied no form of rollback ever occurred. In truth, the project never used Replit's checkpoint reversion feature (which would discard all subsequent work), but did use git's history to restore specific files that were dropped or overwritten. Honesty requires acknowledging both facts. Ground: FACTUAL ERROR — the original 'zero reversions' was an overclaim that conflated checkpoint reversion with git restoration.",2026-03-25 22:46:54.898451+00
69c69b5c-38ac-4d45-b0c8-16d1b42235c4,1ec8d1f9-f166-4be9-81f5-c1ced60f05d8,2026-03-07,FACTUAL_ERROR,bayesian_note,"Marketing instinct (human) favored strong language (validates, ensures, verifies) because it sounds more authoritative. The AI agent implemented the copy without flagging the semantic distinction between passive observation and active validation. Both parties share responsibility — the human for marketing pressure, the AI for not applying the domain expertise it should have.","The overclaim language appeared organically across sessions — neither party specifically directed the use of 'validates' over 'analyzes.' Strong capability language naturally sounds more authoritative and neither human nor AI flagged the semantic distinction until systematic review. Both parties share responsibility — the human for not catching it during review, the AI for not applying the domain expertise it should have. Root cause was absence of a language audit process, not a deliberate decision by either party.","No git commit, chat log, or documented directive exists where the founder instructed the use of marketing language over technical accuracy. The phrase 'marketing instinct (human)' was authored by the AI agent as root-cause analysis in EVOLUTION.md and presented as if it described a human directive.",,"The original bayesian_note attributed a 'marketing instinct' decision to the human founder. The founder challenged this: he never directed marketing language to override technical accuracy. Search of all session logs and EVOLUTION.md confirms no such directive exists. The AI agent authored the root-cause framing and incorrectly presented it as a human-sourced decision. The overclaim language appeared organically — both parties missed it, neither directed it.",2026-03-26 01:17:47.544575+00
ed082ba8-06ef-479c-ab7b-4fa3289cf5dc,dd09ff48-f739-4b0d-9911-a5d395fd3c34,2026-03-07,FACTUAL_ERROR,"date, commit, title, confidence_impact, resolution, bayesian_note",Date: 2026-02-21. Commit: '197 commits on 2026-02-21 (highest single-day volume)'. Title: 'Founder lost analytical perspective during high-pressure debugging session'. The entry originally referenced February 21 as the incident date.,Date: 2026-03-06. Commit: '431 commits across 2026-03-04 through 2026-03-06 (132 + 138 + 161)'. Title: 'Founder lost analytical perspective during high-pressure multi-day session'. The entry now references the actual three-day intensive session.,"git log --since=2026-02-28 --format=%ad --date=short | sort | uniq -c: March 4 = 132, March 5 = 138, March 6 = 161 (total 431). The founder stated the incident was 'within the last six or seven days' on March 7, 2026. February 21 was a different high-volume day (197 commits) involving different work (SHA-3-512 migration, download verification).",,"The AI agent initially identified February 21 as the date because it had the highest single-day commit count. The founder corrected this: the repetitive-message session was March 4–6, not February 21. Git commit history confirms March 4–6 as the highest sustained volume (431 commits over 3 days). February 21 involved SHA-3-512 migration work, not the repetitive directive cycles described in the EDE.",2026-03-26 01:17:47.544575+00
2482b935-ce81-43e9-9703-8b4131680321,dd09ff48-f739-4b0d-9911-a5d395fd3c34,2026-03-07,FACTUAL_ERROR,"resolution, bayesian_note, authoritative_source",Resolution claimed 'zero Replit checkpoint reversions across its entire history' and bayesian_note ended with 'The project's zero-reversion history is the proof.' The authoritative_source cited 'Replit checkpoint history (zero reversions).',Resolution now distinguishes between checkpoint reversions (zero) and git history restorations (used multiple times for file recovery). Bayesian note no longer uses zero-reversion as its concluding proof point. Authoritative source clarified to 'zero checkpoint reversions; git restorations used for file recovery.',"git log --oneline --all | grep -i restore shows multiple git restorations: GitHub workflow files, metadata files, button designs, brand assets. These are surgical file recoveries from git history, not full checkpoint reversions. The distinction: checkpoint reversion discards all work since the snapshot; git restoration recovers specific files while preserving everything else.",,"The founder identified this overclaim: 'we have never reverted, but we have restored some history from Git.' The original language implied no form of rollback ever occurred. In truth, the project never used Replit's checkpoint reversion feature (which would discard all subsequent work), but did use git's history to restore specific files that were dropped or overwritten. Honesty requires acknowledging both facts. Ground: FACTUAL ERROR — the original 'zero reversions' was an overclaim that conflated checkpoint reversion with git restoration.",2026-03-26 01:17:47.544575+00
77e06639-d91a-47ea-a16a-0da2431aad8f,1ec8d1f9-f166-4be9-81f5-c1ced60f05d8,2026-03-07,FACTUAL_ERROR,bayesian_note,"Marketing instinct (human) favored strong language (validates, ensures, verifies) because it sounds more authoritative. The AI agent implemented the copy without flagging the semantic distinction between passive observation and active validation. Both parties share responsibility — the human for marketing pressure, the AI for not applying the domain expertise it should have.","The overclaim language appeared organically across sessions — neither party specifically directed the use of 'validates' over 'analyzes.' Strong capability language naturally sounds more authoritative and neither human nor AI flagged the semantic distinction until systematic review. Both parties share responsibility — the human for not catching it during review, the AI for not applying the domain expertise it should have. Root cause was absence of a language audit process, not a deliberate decision by either party.","No git commit, chat log, or documented directive exists where the founder instructed the use of marketing language over technical accuracy. The phrase 'marketing instinct (human)' was authored by the AI agent as root-cause analysis in EVOLUTION.md and presented as if it described a human directive.",,"The original bayesian_note attributed a 'marketing instinct' decision to the human founder. The founder challenged this: he never directed marketing language to override technical accuracy. Search of all session logs and EVOLUTION.md confirms no such directive exists. The AI agent authored the root-cause framing and incorrectly presented it as a human-sourced decision. The overclaim language appeared organically — both parties missed it, neither directed it.",2026-03-27 01:50:55.707023+00
a66d6055-6b91-46dd-9e61-884996a6602f,dd09ff48-f739-4b0d-9911-a5d395fd3c34,2026-03-07,FACTUAL_ERROR,"date, commit, title, confidence_impact, resolution, bayesian_note",Date: 2026-02-21. Commit: '197 commits on 2026-02-21 (highest single-day volume)'. Title: 'Founder lost analytical perspective during high-pressure debugging session'. The entry originally referenced February 21 as the incident date.,Date: 2026-03-06. Commit: '431 commits across 2026-03-04 through 2026-03-06 (132 + 138 + 161)'. Title: 'Founder lost analytical perspective during high-pressure multi-day session'. The entry now references the actual three-day intensive session.,"git log --since=2026-02-28 --format=%ad --date=short | sort | uniq -c: March 4 = 132, March 5 = 138, March 6 = 161 (total 431). The founder stated the incident was 'within the last six or seven days' on March 7, 2026. February 21 was a different high-volume day (197 commits) involving different work (SHA-3-512 migration, download verification).",,"The AI agent initially identified February 21 as the date because it had the highest single-day commit count. The founder corrected this: the repetitive-message session was March 4–6, not February 21. Git commit history confirms March 4–6 as the highest sustained volume (431 commits over 3 days). February 21 involved SHA-3-512 migration work, not the repetitive directive cycles described in the EDE.",2026-03-27 01:50:55.707023+00
14ef0205-ee45-4211-bab4-8354159d339d,dd09ff48-f739-4b0d-9911-a5d395fd3c34,2026-03-07,FACTUAL_ERROR,"resolution, bayesian_note, authoritative_source",Resolution claimed 'zero Replit checkpoint reversions across its entire history' and bayesian_note ended with 'The project's zero-reversion history is the proof.' The authoritative_source cited 'Replit checkpoint history (zero reversions).',Resolution now distinguishes between checkpoint reversions (zero) and git history restorations (used multiple times for file recovery). Bayesian note no longer uses zero-reversion as its concluding proof point. Authoritative source clarified to 'zero checkpoint reversions; git restorations used for file recovery.',"git log --oneline --all | grep -i restore shows multiple git restorations: GitHub workflow files, metadata files, button designs, brand assets. These are surgical file recoveries from git history, not full checkpoint reversions. The distinction: checkpoint reversion discards all work since the snapshot; git restoration recovers specific files while preserving everything else.",,"The founder identified this overclaim: 'we have never reverted, but we have restored some history from Git.' The original language implied no form of rollback ever occurred. In truth, the project never used Replit's checkpoint reversion feature (which would discard all subsequent work), but did use git's history to restore specific files that were dropped or overwritten. Honesty requires acknowledging both facts. Ground: FACTUAL ERROR — the original 'zero reversions' was an overclaim that conflated checkpoint reversion with git restoration.",2026-03-27 01:50:55.707023+00
deccc550-7826-4112-8ba7-e374b27c8404,1ec8d1f9-f166-4be9-81f5-c1ced60f05d8,2026-03-07,FACTUAL_ERROR,bayesian_note,"Marketing instinct (human) favored strong language (validates, ensures, verifies) because it sounds more authoritative. The AI agent implemented the copy without flagging the semantic distinction between passive observation and active validation. Both parties share responsibility — the human for marketing pressure, the AI for not applying the domain expertise it should have.","The overclaim language appeared organically across sessions — neither party specifically directed the use of 'validates' over 'analyzes.' Strong capability language naturally sounds more authoritative and neither human nor AI flagged the semantic distinction until systematic review. Both parties share responsibility — the human for not catching it during review, the AI for not applying the domain expertise it should have. Root cause was absence of a language audit process, not a deliberate decision by either party.","No git commit, chat log, or documented directive exists where the founder instructed the use of marketing language over technical accuracy. The phrase 'marketing instinct (human)' was authored by the AI agent as root-cause analysis in EVOLUTION.md and presented as if it described a human directive.",,"The original bayesian_note attributed a 'marketing instinct' decision to the human founder. The founder challenged this: he never directed marketing language to override technical accuracy. Search of all session logs and EVOLUTION.md confirms no such directive exists. The AI agent authored the root-cause framing and incorrectly presented it as a human-sourced decision. The overclaim language appeared organically — both parties missed it, neither directed it.",2026-03-27 02:28:30.499594+00
5b7ad05a-e229-4d25-9228-04a403c878cd,dd09ff48-f739-4b0d-9911-a5d395fd3c34,2026-03-07,FACTUAL_ERROR,"date, commit, title, confidence_impact, resolution, bayesian_note",Date: 2026-02-21. Commit: '197 commits on 2026-02-21 (highest single-day volume)'. Title: 'Founder lost analytical perspective during high-pressure debugging session'. The entry originally referenced February 21 as the incident date.,Date: 2026-03-06. Commit: '431 commits across 2026-03-04 through 2026-03-06 (132 + 138 + 161)'. Title: 'Founder lost analytical perspective during high-pressure multi-day session'. The entry now references the actual three-day intensive session.,"git log --since=2026-02-28 --format=%ad --date=short | sort | uniq -c: March 4 = 132, March 5 = 138, March 6 = 161 (total 431). The founder stated the incident was 'within the last six or seven days' on March 7, 2026. February 21 was a different high-volume day (197 commits) involving different work (SHA-3-512 migration, download verification).",,"The AI agent initially identified February 21 as the date because it had the highest single-day commit count. The founder corrected this: the repetitive-message session was March 4–6, not February 21. Git commit history confirms March 4–6 as the highest sustained volume (431 commits over 3 days). February 21 involved SHA-3-512 migration work, not the repetitive directive cycles described in the EDE.",2026-03-27 02:28:30.499594+00
bd7baf6f-a543-4109-9104-3ef386797c5c,dd09ff48-f739-4b0d-9911-a5d395fd3c34,2026-03-07,FACTUAL_ERROR,"resolution, bayesian_note, authoritative_source",Resolution claimed 'zero Replit checkpoint reversions across its entire history' and bayesian_note ended with 'The project's zero-reversion history is the proof.' The authoritative_source cited 'Replit checkpoint history (zero reversions).',Resolution now distinguishes between checkpoint reversions (zero) and git history restorations (used multiple times for file recovery). Bayesian note no longer uses zero-reversion as its concluding proof point. Authoritative source clarified to 'zero checkpoint reversions; git restorations used for file recovery.',"git log --oneline --all | grep -i restore shows multiple git restorations: GitHub workflow files, metadata files, button designs, brand assets. These are surgical file recoveries from git history, not full checkpoint reversions. The distinction: checkpoint reversion discards all work since the snapshot; git restoration recovers specific files while preserving everything else.",,"The founder identified this overclaim: 'we have never reverted, but we have restored some history from Git.' The original language implied no form of rollback ever occurred. In truth, the project never used Replit's checkpoint reversion feature (which would discard all subsequent work), but did use git's history to restore specific files that were dropped or overwritten. Honesty requires acknowledging both facts. Ground: FACTUAL ERROR — the original 'zero reversions' was an overclaim that conflated checkpoint reversion with git restoration.",2026-03-27 02:28:30.499594+00
799d82e7-0d14-4eb4-acef-265329cd762b,1ec8d1f9-f166-4be9-81f5-c1ced60f05d8,2026-03-07,FACTUAL_ERROR,bayesian_note,"Marketing instinct (human) favored strong language (validates, ensures, verifies) because it sounds more authoritative. The AI agent implemented the copy without flagging the semantic distinction between passive observation and active validation. Both parties share responsibility — the human for marketing pressure, the AI for not applying the domain expertise it should have.","The overclaim language appeared organically across sessions — neither party specifically directed the use of 'validates' over 'analyzes.' Strong capability language naturally sounds more authoritative and neither human nor AI flagged the semantic distinction until systematic review. Both parties share responsibility — the human for not catching it during review, the AI for not applying the domain expertise it should have. Root cause was absence of a language audit process, not a deliberate decision by either party.","No git commit, chat log, or documented directive exists where the founder instructed the use of marketing language over technical accuracy. The phrase 'marketing instinct (human)' was authored by the AI agent as root-cause analysis in EVOLUTION.md and presented as if it described a human directive.",,"The original bayesian_note attributed a 'marketing instinct' decision to the human founder. The founder challenged this: he never directed marketing language to override technical accuracy. Search of all session logs and EVOLUTION.md confirms no such directive exists. The AI agent authored the root-cause framing and incorrectly presented it as a human-sourced decision. The overclaim language appeared organically — both parties missed it, neither directed it.",2026-03-27 02:38:01.236007+00
ccecbc00-efb2-4f1f-95e0-09a964fecde3,dd09ff48-f739-4b0d-9911-a5d395fd3c34,2026-03-07,FACTUAL_ERROR,"date, commit, title, confidence_impact, resolution, bayesian_note",Date: 2026-02-21. Commit: '197 commits on 2026-02-21 (highest single-day volume)'. Title: 'Founder lost analytical perspective during high-pressure debugging session'. The entry originally referenced February 21 as the incident date.,Date: 2026-03-06. Commit: '431 commits across 2026-03-04 through 2026-03-06 (132 + 138 + 161)'. Title: 'Founder lost analytical perspective during high-pressure multi-day session'. The entry now references the actual three-day intensive session.,"git log --since=2026-02-28 --format=%ad --date=short | sort | uniq -c: March 4 = 132, March 5 = 138, March 6 = 161 (total 431). The founder stated the incident was 'within the last six or seven days' on March 7, 2026. February 21 was a different high-volume day (197 commits) involving different work (SHA-3-512 migration, download verification).",,"The AI agent initially identified February 21 as the date because it had the highest single-day commit count. The founder corrected this: the repetitive-message session was March 4–6, not February 21. Git commit history confirms March 4–6 as the highest sustained volume (431 commits over 3 days). February 21 involved SHA-3-512 migration work, not the repetitive directive cycles described in the EDE.",2026-03-27 02:38:01.236007+00
d61222cf-cc61-4ab2-8b25-4907712c206a,dd09ff48-f739-4b0d-9911-a5d395fd3c34,2026-03-07,FACTUAL_ERROR,"resolution, bayesian_note, authoritative_source",Resolution claimed 'zero Replit checkpoint reversions across its entire history' and bayesian_note ended with 'The project's zero-reversion history is the proof.' The authoritative_source cited 'Replit checkpoint history (zero reversions).',Resolution now distinguishes between checkpoint reversions (zero) and git history restorations (used multiple times for file recovery). Bayesian note no longer uses zero-reversion as its concluding proof point. Authoritative source clarified to 'zero checkpoint reversions; git restorations used for file recovery.',"git log --oneline --all | grep -i restore shows multiple git restorations: GitHub workflow files, metadata files, button designs, brand assets. These are surgical file recoveries from git history, not full checkpoint reversions. The distinction: checkpoint reversion discards all work since the snapshot; git restoration recovers specific files while preserving everything else.",,"The founder identified this overclaim: 'we have never reverted, but we have restored some history from Git.' The original language implied no form of rollback ever occurred. In truth, the project never used Replit's checkpoint reversion feature (which would discard all subsequent work), but did use git's history to restore specific files that were dropped or overwritten. Honesty requires acknowledging both facts. Ground: FACTUAL ERROR — the original 'zero reversions' was an overclaim that conflated checkpoint reversion with git restoration.",2026-03-27 02:38:01.236007+00
f376711e-a0ed-4f26-8ae7-65532624fb11,1ec8d1f9-f166-4be9-81f5-c1ced60f05d8,2026-03-07,FACTUAL_ERROR,bayesian_note,"Marketing instinct (human) favored strong language (validates, ensures, verifies) because it sounds more authoritative. The AI agent implemented the copy without flagging the semantic distinction between passive observation and active validation. Both parties share responsibility — the human for marketing pressure, the AI for not applying the domain expertise it should have.","The overclaim language appeared organically across sessions — neither party specifically directed the use of 'validates' over 'analyzes.' Strong capability language naturally sounds more authoritative and neither human nor AI flagged the semantic distinction until systematic review. Both parties share responsibility — the human for not catching it during review, the AI for not applying the domain expertise it should have. Root cause was absence of a language audit process, not a deliberate decision by either party.","No git commit, chat log, or documented directive exists where the founder instructed the use of marketing language over technical accuracy. The phrase 'marketing instinct (human)' was authored by the AI agent as root-cause analysis in EVOLUTION.md and presented as if it described a human directive.",,"The original bayesian_note attributed a 'marketing instinct' decision to the human founder. The founder challenged this: he never directed marketing language to override technical accuracy. Search of all session logs and EVOLUTION.md confirms no such directive exists. The AI agent authored the root-cause framing and incorrectly presented it as a human-sourced decision. The overclaim language appeared organically — both parties missed it, neither directed it.",2026-03-27 03:27:00.071766+00
06c8ae1b-db70-48ac-8bde-eaa2d93c0f78,dd09ff48-f739-4b0d-9911-a5d395fd3c34,2026-03-07,FACTUAL_ERROR,"date, commit, title, confidence_impact, resolution, bayesian_note",Date: 2026-02-21. Commit: '197 commits on 2026-02-21 (highest single-day volume)'. Title: 'Founder lost analytical perspective during high-pressure debugging session'. The entry originally referenced February 21 as the incident date.,Date: 2026-03-06. Commit: '431 commits across 2026-03-04 through 2026-03-06 (132 + 138 + 161)'. Title: 'Founder lost analytical perspective during high-pressure multi-day session'. The entry now references the actual three-day intensive session.,"git log --since=2026-02-28 --format=%ad --date=short | sort | uniq -c: March 4 = 132, March 5 = 138, March 6 = 161 (total 431). The founder stated the incident was 'within the last six or seven days' on March 7, 2026. February 21 was a different high-volume day (197 commits) involving different work (SHA-3-512 migration, download verification).",,"The AI agent initially identified February 21 as the date because it had the highest single-day commit count. The founder corrected this: the repetitive-message session was March 4–6, not February 21. Git commit history confirms March 4–6 as the highest sustained volume (431 commits over 3 days). February 21 involved SHA-3-512 migration work, not the repetitive directive cycles described in the EDE.",2026-03-27 03:27:00.071766+00
c6cedb1a-87b5-4240-85ca-82e50ef276f1,dd09ff48-f739-4b0d-9911-a5d395fd3c34,2026-03-07,FACTUAL_ERROR,"resolution, bayesian_note, authoritative_source",Resolution claimed 'zero Replit checkpoint reversions across its entire history' and bayesian_note ended with 'The project's zero-reversion history is the proof.' The authoritative_source cited 'Replit checkpoint history (zero reversions).',Resolution now distinguishes between checkpoint reversions (zero) and git history restorations (used multiple times for file recovery). Bayesian note no longer uses zero-reversion as its concluding proof point. Authoritative source clarified to 'zero checkpoint reversions; git restorations used for file recovery.',"git log --oneline --all | grep -i restore shows multiple git restorations: GitHub workflow files, metadata files, button designs, brand assets. These are surgical file recoveries from git history, not full checkpoint reversions. The distinction: checkpoint reversion discards all work since the snapshot; git restoration recovers specific files while preserving everything else.",,"The founder identified this overclaim: 'we have never reverted, but we have restored some history from Git.' The original language implied no form of rollback ever occurred. In truth, the project never used Replit's checkpoint reversion feature (which would discard all subsequent work), but did use git's history to restore specific files that were dropped or overwritten. Honesty requires acknowledging both facts. Ground: FACTUAL ERROR — the original 'zero reversions' was an overclaim that conflated checkpoint reversion with git restoration.",2026-03-27 03:27:00.071766+00
25dc4949-8244-4636-81bb-84666d4e63a6,1ec8d1f9-f166-4be9-81f5-c1ced60f05d8,2026-03-07,FACTUAL_ERROR,bayesian_note,"Marketing instinct (human) favored strong language (validates, ensures, verifies) because it sounds more authoritative. The AI agent implemented the copy without flagging the semantic distinction between passive observation and active validation. Both parties share responsibility — the human for marketing pressure, the AI for not applying the domain expertise it should have.","The overclaim language appeared organically across sessions — neither party specifically directed the use of 'validates' over 'analyzes.' Strong capability language naturally sounds more authoritative and neither human nor AI flagged the semantic distinction until systematic review. Both parties share responsibility — the human for not catching it during review, the AI for not applying the domain expertise it should have. Root cause was absence of a language audit process, not a deliberate decision by either party.","No git commit, chat log, or documented directive exists where the founder instructed the use of marketing language over technical accuracy. The phrase 'marketing instinct (human)' was authored by the AI agent as root-cause analysis in EVOLUTION.md and presented as if it described a human directive.",,"The original bayesian_note attributed a 'marketing instinct' decision to the human founder. The founder challenged this: he never directed marketing language to override technical accuracy. Search of all session logs and EVOLUTION.md confirms no such directive exists. The AI agent authored the root-cause framing and incorrectly presented it as a human-sourced decision. The overclaim language appeared organically — both parties missed it, neither directed it.",2026-03-27 22:52:03.612245+00
fbec7c98-5d50-4d36-aa11-e9f9ceb80d39,dd09ff48-f739-4b0d-9911-a5d395fd3c34,2026-03-07,FACTUAL_ERROR,"date, commit, title, confidence_impact, resolution, bayesian_note",Date: 2026-02-21. Commit: '197 commits on 2026-02-21 (highest single-day volume)'. Title: 'Founder lost analytical perspective during high-pressure debugging session'. The entry originally referenced February 21 as the incident date.,Date: 2026-03-06. Commit: '431 commits across 2026-03-04 through 2026-03-06 (132 + 138 + 161)'. Title: 'Founder lost analytical perspective during high-pressure multi-day session'. The entry now references the actual three-day intensive session.,"git log --since=2026-02-28 --format=%ad --date=short | sort | uniq -c: March 4 = 132, March 5 = 138, March 6 = 161 (total 431). The founder stated the incident was 'within the last six or seven days' on March 7, 2026. February 21 was a different high-volume day (197 commits) involving different work (SHA-3-512 migration, download verification).",,"The AI agent initially identified February 21 as the date because it had the highest single-day commit count. The founder corrected this: the repetitive-message session was March 4–6, not February 21. Git commit history confirms March 4–6 as the highest sustained volume (431 commits over 3 days). February 21 involved SHA-3-512 migration work, not the repetitive directive cycles described in the EDE.",2026-03-27 22:52:03.612245+00
6b61521e-0928-450e-a89c-93450e592e00,dd09ff48-f739-4b0d-9911-a5d395fd3c34,2026-03-07,FACTUAL_ERROR,"resolution, bayesian_note, authoritative_source",Resolution claimed 'zero Replit checkpoint reversions across its entire history' and bayesian_note ended with 'The project's zero-reversion history is the proof.' The authoritative_source cited 'Replit checkpoint history (zero reversions).',Resolution now distinguishes between checkpoint reversions (zero) and git history restorations (used multiple times for file recovery). Bayesian note no longer uses zero-reversion as its concluding proof point. Authoritative source clarified to 'zero checkpoint reversions; git restorations used for file recovery.',"git log --oneline --all | grep -i restore shows multiple git restorations: GitHub workflow files, metadata files, button designs, brand assets. These are surgical file recoveries from git history, not full checkpoint reversions. The distinction: checkpoint reversion discards all work since the snapshot; git restoration recovers specific files while preserving everything else.",,"The founder identified this overclaim: 'we have never reverted, but we have restored some history from Git.' The original language implied no form of rollback ever occurred. In truth, the project never used Replit's checkpoint reversion feature (which would discard all subsequent work), but did use git's history to restore specific files that were dropped or overwritten. Honesty requires acknowledging both facts. Ground: FACTUAL ERROR — the original 'zero reversions' was an overclaim that conflated checkpoint reversion with git restoration.",2026-03-27 22:52:03.612245+00
c03286ca-8e63-4bfa-8a1e-080639441815,1ec8d1f9-f166-4be9-81f5-c1ced60f05d8,2026-03-07,FACTUAL_ERROR,bayesian_note,"Marketing instinct (human) favored strong language (validates, ensures, verifies) because it sounds more authoritative. The AI agent implemented the copy without flagging the semantic distinction between passive observation and active validation. Both parties share responsibility — the human for marketing pressure, the AI for not applying the domain expertise it should have.","The overclaim language appeared organically across sessions — neither party specifically directed the use of 'validates' over 'analyzes.' Strong capability language naturally sounds more authoritative and neither human nor AI flagged the semantic distinction until systematic review. Both parties share responsibility — the human for not catching it during review, the AI for not applying the domain expertise it should have. Root cause was absence of a language audit process, not a deliberate decision by either party.","No git commit, chat log, or documented directive exists where the founder instructed the use of marketing language over technical accuracy. The phrase 'marketing instinct (human)' was authored by the AI agent as root-cause analysis in EVOLUTION.md and presented as if it described a human directive.",,"The original bayesian_note attributed a 'marketing instinct' decision to the human founder. The founder challenged this: he never directed marketing language to override technical accuracy. Search of all session logs and EVOLUTION.md confirms no such directive exists. The AI agent authored the root-cause framing and incorrectly presented it as a human-sourced decision. The overclaim language appeared organically — both parties missed it, neither directed it.",2026-03-27 23:41:52.46069+00
0f3a4df7-db38-444c-ac97-d80b31c27bff,dd09ff48-f739-4b0d-9911-a5d395fd3c34,2026-03-07,FACTUAL_ERROR,"date, commit, title, confidence_impact, resolution, bayesian_note",Date: 2026-02-21. Commit: '197 commits on 2026-02-21 (highest single-day volume)'. Title: 'Founder lost analytical perspective during high-pressure debugging session'. The entry originally referenced February 21 as the incident date.,Date: 2026-03-06. Commit: '431 commits across 2026-03-04 through 2026-03-06 (132 + 138 + 161)'. Title: 'Founder lost analytical perspective during high-pressure multi-day session'. The entry now references the actual three-day intensive session.,"git log --since=2026-02-28 --format=%ad --date=short | sort | uniq -c: March 4 = 132, March 5 = 138, March 6 = 161 (total 431). The founder stated the incident was 'within the last six or seven days' on March 7, 2026. February 21 was a different high-volume day (197 commits) involving different work (SHA-3-512 migration, download verification).",,"The AI agent initially identified February 21 as the date because it had the highest single-day commit count. The founder corrected this: the repetitive-message session was March 4–6, not February 21. Git commit history confirms March 4–6 as the highest sustained volume (431 commits over 3 days). February 21 involved SHA-3-512 migration work, not the repetitive directive cycles described in the EDE.",2026-03-27 23:41:52.46069+00
ac90bcc2-7a39-4509-aed6-a20534619cce,dd09ff48-f739-4b0d-9911-a5d395fd3c34,2026-03-07,FACTUAL_ERROR,"resolution, bayesian_note, authoritative_source",Resolution claimed 'zero Replit checkpoint reversions across its entire history' and bayesian_note ended with 'The project's zero-reversion history is the proof.' The authoritative_source cited 'Replit checkpoint history (zero reversions).',Resolution now distinguishes between checkpoint reversions (zero) and git history restorations (used multiple times for file recovery). Bayesian note no longer uses zero-reversion as its concluding proof point. Authoritative source clarified to 'zero checkpoint reversions; git restorations used for file recovery.',"git log --oneline --all | grep -i restore shows multiple git restorations: GitHub workflow files, metadata files, button designs, brand assets. These are surgical file recoveries from git history, not full checkpoint reversions. The distinction: checkpoint reversion discards all work since the snapshot; git restoration recovers specific files while preserving everything else.",,"The founder identified this overclaim: 'we have never reverted, but we have restored some history from Git.' The original language implied no form of rollback ever occurred. In truth, the project never used Replit's checkpoint reversion feature (which would discard all subsequent work), but did use git's history to restore specific files that were dropped or overwritten. Honesty requires acknowledging both facts. Ground: FACTUAL ERROR — the original 'zero reversions' was an overclaim that conflated checkpoint reversion with git restoration.",2026-03-27 23:41:52.46069+00
4e0ea0ee-6cf3-48a6-9db2-03be8c78aa73,1ec8d1f9-f166-4be9-81f5-c1ced60f05d8,2026-03-07,FACTUAL_ERROR,bayesian_note,"Marketing instinct (human) favored strong language (validates, ensures, verifies) because it sounds more authoritative. The AI agent implemented the copy without flagging the semantic distinction between passive observation and active validation. Both parties share responsibility — the human for marketing pressure, the AI for not applying the domain expertise it should have.","The overclaim language appeared organically across sessions — neither party specifically directed the use of 'validates' over 'analyzes.' Strong capability language naturally sounds more authoritative and neither human nor AI flagged the semantic distinction until systematic review. Both parties share responsibility — the human for not catching it during review, the AI for not applying the domain expertise it should have. Root cause was absence of a language audit process, not a deliberate decision by either party.","No git commit, chat log, or documented directive exists where the founder instructed the use of marketing language over technical accuracy. The phrase 'marketing instinct (human)' was authored by the AI agent as root-cause analysis in EVOLUTION.md and presented as if it described a human directive.",,"The original bayesian_note attributed a 'marketing instinct' decision to the human founder. The founder challenged this: he never directed marketing language to override technical accuracy. Search of all session logs and EVOLUTION.md confirms no such directive exists. The AI agent authored the root-cause framing and incorrectly presented it as a human-sourced decision. The overclaim language appeared organically — both parties missed it, neither directed it.",2026-03-28 03:58:42.504008+00
bbf515ea-8e13-4c1a-966e-fe4626bdbd7e,dd09ff48-f739-4b0d-9911-a5d395fd3c34,2026-03-07,FACTUAL_ERROR,"date, commit, title, confidence_impact, resolution, bayesian_note",Date: 2026-02-21. Commit: '197 commits on 2026-02-21 (highest single-day volume)'. Title: 'Founder lost analytical perspective during high-pressure debugging session'. The entry originally referenced February 21 as the incident date.,Date: 2026-03-06. Commit: '431 commits across 2026-03-04 through 2026-03-06 (132 + 138 + 161)'. Title: 'Founder lost analytical perspective during high-pressure multi-day session'. The entry now references the actual three-day intensive session.,"git log --since=2026-02-28 --format=%ad --date=short | sort | uniq -c: March 4 = 132, March 5 = 138, March 6 = 161 (total 431). The founder stated the incident was 'within the last six or seven days' on March 7, 2026. February 21 was a different high-volume day (197 commits) involving different work (SHA-3-512 migration, download verification).",,"The AI agent initially identified February 21 as the date because it had the highest single-day commit count. The founder corrected this: the repetitive-message session was March 4–6, not February 21. Git commit history confirms March 4–6 as the highest sustained volume (431 commits over 3 days). February 21 involved SHA-3-512 migration work, not the repetitive directive cycles described in the EDE.",2026-03-28 03:58:42.504008+00
fae42f30-2f55-4b68-a856-42ea6c67afbc,dd09ff48-f739-4b0d-9911-a5d395fd3c34,2026-03-07,FACTUAL_ERROR,"resolution, bayesian_note, authoritative_source",Resolution claimed 'zero Replit checkpoint reversions across its entire history' and bayesian_note ended with 'The project's zero-reversion history is the proof.' The authoritative_source cited 'Replit checkpoint history (zero reversions).',Resolution now distinguishes between checkpoint reversions (zero) and git history restorations (used multiple times for file recovery). Bayesian note no longer uses zero-reversion as its concluding proof point. Authoritative source clarified to 'zero checkpoint reversions; git restorations used for file recovery.',"git log --oneline --all | grep -i restore shows multiple git restorations: GitHub workflow files, metadata files, button designs, brand assets. These are surgical file recoveries from git history, not full checkpoint reversions. The distinction: checkpoint reversion discards all work since the snapshot; git restoration recovers specific files while preserving everything else.",,"The founder identified this overclaim: 'we have never reverted, but we have restored some history from Git.' The original language implied no form of rollback ever occurred. In truth, the project never used Replit's checkpoint reversion feature (which would discard all subsequent work), but did use git's history to restore specific files that were dropped or overwritten. Honesty requires acknowledging both facts. Ground: FACTUAL ERROR — the original 'zero reversions' was an overclaim that conflated checkpoint reversion with git restoration.",2026-03-28 03:58:42.504008+00
283f464c-f843-41ea-970b-9eabf04fa930,1ec8d1f9-f166-4be9-81f5-c1ced60f05d8,2026-03-07,FACTUAL_ERROR,bayesian_note,"Marketing instinct (human) favored strong language (validates, ensures, verifies) because it sounds more authoritative. The AI agent implemented the copy without flagging the semantic distinction between passive observation and active validation. Both parties share responsibility — the human for marketing pressure, the AI for not applying the domain expertise it should have.","The overclaim language appeared organically across sessions — neither party specifically directed the use of 'validates' over 'analyzes.' Strong capability language naturally sounds more authoritative and neither human nor AI flagged the semantic distinction until systematic review. Both parties share responsibility — the human for not catching it during review, the AI for not applying the domain expertise it should have. Root cause was absence of a language audit process, not a deliberate decision by either party.","No git commit, chat log, or documented directive exists where the founder instructed the use of marketing language over technical accuracy. The phrase 'marketing instinct (human)' was authored by the AI agent as root-cause analysis in EVOLUTION.md and presented as if it described a human directive.",,"The original bayesian_note attributed a 'marketing instinct' decision to the human founder. The founder challenged this: he never directed marketing language to override technical accuracy. Search of all session logs and EVOLUTION.md confirms no such directive exists. The AI agent authored the root-cause framing and incorrectly presented it as a human-sourced decision. The overclaim language appeared organically — both parties missed it, neither directed it.",2026-03-28 04:19:35.74465+00
4d9f2556-8af6-497b-88f7-56332d1ffeeb,dd09ff48-f739-4b0d-9911-a5d395fd3c34,2026-03-07,FACTUAL_ERROR,"date, commit, title, confidence_impact, resolution, bayesian_note",Date: 2026-02-21. Commit: '197 commits on 2026-02-21 (highest single-day volume)'. Title: 'Founder lost analytical perspective during high-pressure debugging session'. The entry originally referenced February 21 as the incident date.,Date: 2026-03-06. Commit: '431 commits across 2026-03-04 through 2026-03-06 (132 + 138 + 161)'. Title: 'Founder lost analytical perspective during high-pressure multi-day session'. The entry now references the actual three-day intensive session.,"git log --since=2026-02-28 --format=%ad --date=short | sort | uniq -c: March 4 = 132, March 5 = 138, March 6 = 161 (total 431). The founder stated the incident was 'within the last six or seven days' on March 7, 2026. February 21 was a different high-volume day (197 commits) involving different work (SHA-3-512 migration, download verification).",,"The AI agent initially identified February 21 as the date because it had the highest single-day commit count. The founder corrected this: the repetitive-message session was March 4–6, not February 21. Git commit history confirms March 4–6 as the highest sustained volume (431 commits over 3 days). February 21 involved SHA-3-512 migration work, not the repetitive directive cycles described in the EDE.",2026-03-28 04:19:35.74465+00
d5bacbc5-597a-47e8-af98-48ba801fa60f,dd09ff48-f739-4b0d-9911-a5d395fd3c34,2026-03-07,FACTUAL_ERROR,"resolution, bayesian_note, authoritative_source",Resolution claimed 'zero Replit checkpoint reversions across its entire history' and bayesian_note ended with 'The project's zero-reversion history is the proof.' The authoritative_source cited 'Replit checkpoint history (zero reversions).',Resolution now distinguishes between checkpoint reversions (zero) and git history restorations (used multiple times for file recovery). Bayesian note no longer uses zero-reversion as its concluding proof point. Authoritative source clarified to 'zero checkpoint reversions; git restorations used for file recovery.',"git log --oneline --all | grep -i restore shows multiple git restorations: GitHub workflow files, metadata files, button designs, brand assets. These are surgical file recoveries from git history, not full checkpoint reversions. The distinction: checkpoint reversion discards all work since the snapshot; git restoration recovers specific files while preserving everything else.",,"The founder identified this overclaim: 'we have never reverted, but we have restored some history from Git.' The original language implied no form of rollback ever occurred. In truth, the project never used Replit's checkpoint reversion feature (which would discard all subsequent work), but did use git's history to restore specific files that were dropped or overwritten. Honesty requires acknowledging both facts. Ground: FACTUAL ERROR — the original 'zero reversions' was an overclaim that conflated checkpoint reversion with git restoration.",2026-03-28 04:19:35.74465+00
e9cb4aff-0669-4bb0-9bce-5e327f8848ca,1ec8d1f9-f166-4be9-81f5-c1ced60f05d8,2026-03-07,FACTUAL_ERROR,bayesian_note,"Marketing instinct (human) favored strong language (validates, ensures, verifies) because it sounds more authoritative. The AI agent implemented the copy without flagging the semantic distinction between passive observation and active validation. Both parties share responsibility — the human for marketing pressure, the AI for not applying the domain expertise it should have.","The overclaim language appeared organically across sessions — neither party specifically directed the use of 'validates' over 'analyzes.' Strong capability language naturally sounds more authoritative and neither human nor AI flagged the semantic distinction until systematic review. Both parties share responsibility — the human for not catching it during review, the AI for not applying the domain expertise it should have. Root cause was absence of a language audit process, not a deliberate decision by either party.","No git commit, chat log, or documented directive exists where the founder instructed the use of marketing language over technical accuracy. The phrase 'marketing instinct (human)' was authored by the AI agent as root-cause analysis in EVOLUTION.md and presented as if it described a human directive.",,"The original bayesian_note attributed a 'marketing instinct' decision to the human founder. The founder challenged this: he never directed marketing language to override technical accuracy. Search of all session logs and EVOLUTION.md confirms no such directive exists. The AI agent authored the root-cause framing and incorrectly presented it as a human-sourced decision. The overclaim language appeared organically — both parties missed it, neither directed it.",2026-03-28 05:21:10.895785+00
a243bfb0-0911-477f-8ff0-bacd94d8d3e1,dd09ff48-f739-4b0d-9911-a5d395fd3c34,2026-03-07,FACTUAL_ERROR,"date, commit, title, confidence_impact, resolution, bayesian_note",Date: 2026-02-21. Commit: '197 commits on 2026-02-21 (highest single-day volume)'. Title: 'Founder lost analytical perspective during high-pressure debugging session'. The entry originally referenced February 21 as the incident date.,Date: 2026-03-06. Commit: '431 commits across 2026-03-04 through 2026-03-06 (132 + 138 + 161)'. Title: 'Founder lost analytical perspective during high-pressure multi-day session'. The entry now references the actual three-day intensive session.,"git log --since=2026-02-28 --format=%ad --date=short | sort | uniq -c: March 4 = 132, March 5 = 138, March 6 = 161 (total 431). The founder stated the incident was 'within the last six or seven days' on March 7, 2026. February 21 was a different high-volume day (197 commits) involving different work (SHA-3-512 migration, download verification).",,"The AI agent initially identified February 21 as the date because it had the highest single-day commit count. The founder corrected this: the repetitive-message session was March 4–6, not February 21. Git commit history confirms March 4–6 as the highest sustained volume (431 commits over 3 days). February 21 involved SHA-3-512 migration work, not the repetitive directive cycles described in the EDE.",2026-03-28 05:21:10.895785+00
1bff49b5-30a6-4d8b-ba99-d9d05843c14d,dd09ff48-f739-4b0d-9911-a5d395fd3c34,2026-03-07,FACTUAL_ERROR,"resolution, bayesian_note, authoritative_source",Resolution claimed 'zero Replit checkpoint reversions across its entire history' and bayesian_note ended with 'The project's zero-reversion history is the proof.' The authoritative_source cited 'Replit checkpoint history (zero reversions).',Resolution now distinguishes between checkpoint reversions (zero) and git history restorations (used multiple times for file recovery). Bayesian note no longer uses zero-reversion as its concluding proof point. Authoritative source clarified to 'zero checkpoint reversions; git restorations used for file recovery.',"git log --oneline --all | grep -i restore shows multiple git restorations: GitHub workflow files, metadata files, button designs, brand assets. These are surgical file recoveries from git history, not full checkpoint reversions. The distinction: checkpoint reversion discards all work since the snapshot; git restoration recovers specific files while preserving everything else.",,"The founder identified this overclaim: 'we have never reverted, but we have restored some history from Git.' The original language implied no form of rollback ever occurred. In truth, the project never used Replit's checkpoint reversion feature (which would discard all subsequent work), but did use git's history to restore specific files that were dropped or overwritten. Honesty requires acknowledging both facts. Ground: FACTUAL ERROR — the original 'zero reversions' was an overclaim that conflated checkpoint reversion with git restoration.",2026-03-28 05:21:10.895785+00
2bfa7380-63d0-4a44-a2d4-4b6ac6e2f160,1ec8d1f9-f166-4be9-81f5-c1ced60f05d8,2026-03-07,FACTUAL_ERROR,bayesian_note,"Marketing instinct (human) favored strong language (validates, ensures, verifies) because it sounds more authoritative. The AI agent implemented the copy without flagging the semantic distinction between passive observation and active validation. Both parties share responsibility — the human for marketing pressure, the AI for not applying the domain expertise it should have.","The overclaim language appeared organically across sessions — neither party specifically directed the use of 'validates' over 'analyzes.' Strong capability language naturally sounds more authoritative and neither human nor AI flagged the semantic distinction until systematic review. Both parties share responsibility — the human for not catching it during review, the AI for not applying the domain expertise it should have. Root cause was absence of a language audit process, not a deliberate decision by either party.","No git commit, chat log, or documented directive exists where the founder instructed the use of marketing language over technical accuracy. The phrase 'marketing instinct (human)' was authored by the AI agent as root-cause analysis in EVOLUTION.md and presented as if it described a human directive.",,"The original bayesian_note attributed a 'marketing instinct' decision to the human founder. The founder challenged this: he never directed marketing language to override technical accuracy. Search of all session logs and EVOLUTION.md confirms no such directive exists. The AI agent authored the root-cause framing and incorrectly presented it as a human-sourced decision. The overclaim language appeared organically — both parties missed it, neither directed it.",2026-03-28 06:15:59.869465+00
4f2c20d7-4b3e-4269-94e3-6f4f9a50aa00,dd09ff48-f739-4b0d-9911-a5d395fd3c34,2026-03-07,FACTUAL_ERROR,"date, commit, title, confidence_impact, resolution, bayesian_note",Date: 2026-02-21. Commit: '197 commits on 2026-02-21 (highest single-day volume)'. Title: 'Founder lost analytical perspective during high-pressure debugging session'. The entry originally referenced February 21 as the incident date.,Date: 2026-03-06. Commit: '431 commits across 2026-03-04 through 2026-03-06 (132 + 138 + 161)'. Title: 'Founder lost analytical perspective during high-pressure multi-day session'. The entry now references the actual three-day intensive session.,"git log --since=2026-02-28 --format=%ad --date=short | sort | uniq -c: March 4 = 132, March 5 = 138, March 6 = 161 (total 431). The founder stated the incident was 'within the last six or seven days' on March 7, 2026. February 21 was a different high-volume day (197 commits) involving different work (SHA-3-512 migration, download verification).",,"The AI agent initially identified February 21 as the date because it had the highest single-day commit count. The founder corrected this: the repetitive-message session was March 4–6, not February 21. Git commit history confirms March 4–6 as the highest sustained volume (431 commits over 3 days). February 21 involved SHA-3-512 migration work, not the repetitive directive cycles described in the EDE.",2026-03-28 06:15:59.869465+00
65a704ec-5d7b-4655-ba2a-47cd4a88199b,dd09ff48-f739-4b0d-9911-a5d395fd3c34,2026-03-07,FACTUAL_ERROR,"resolution, bayesian_note, authoritative_source",Resolution claimed 'zero Replit checkpoint reversions across its entire history' and bayesian_note ended with 'The project's zero-reversion history is the proof.' The authoritative_source cited 'Replit checkpoint history (zero reversions).',Resolution now distinguishes between checkpoint reversions (zero) and git history restorations (used multiple times for file recovery). Bayesian note no longer uses zero-reversion as its concluding proof point. Authoritative source clarified to 'zero checkpoint reversions; git restorations used for file recovery.',"git log --oneline --all | grep -i restore shows multiple git restorations: GitHub workflow files, metadata files, button designs, brand assets. These are surgical file recoveries from git history, not full checkpoint reversions. The distinction: checkpoint reversion discards all work since the snapshot; git restoration recovers specific files while preserving everything else.",,"The founder identified this overclaim: 'we have never reverted, but we have restored some history from Git.' The original language implied no form of rollback ever occurred. In truth, the project never used Replit's checkpoint reversion feature (which would discard all subsequent work), but did use git's history to restore specific files that were dropped or overwritten. Honesty requires acknowledging both facts. Ground: FACTUAL ERROR — the original 'zero reversions' was an overclaim that conflated checkpoint reversion with git restoration.",2026-03-28 06:15:59.869465+00
f67117f0-4096-44c2-b4f3-aaec2cc6e65d,1ec8d1f9-f166-4be9-81f5-c1ced60f05d8,2026-03-07,FACTUAL_ERROR,bayesian_note,"Marketing instinct (human) favored strong language (validates, ensures, verifies) because it sounds more authoritative. The AI agent implemented the copy without flagging the semantic distinction between passive observation and active validation. Both parties share responsibility — the human for marketing pressure, the AI for not applying the domain expertise it should have.","The overclaim language appeared organically across sessions — neither party specifically directed the use of 'validates' over 'analyzes.' Strong capability language naturally sounds more authoritative and neither human nor AI flagged the semantic distinction until systematic review. Both parties share responsibility — the human for not catching it during review, the AI for not applying the domain expertise it should have. Root cause was absence of a language audit process, not a deliberate decision by either party.","No git commit, chat log, or documented directive exists where the founder instructed the use of marketing language over technical accuracy. The phrase 'marketing instinct (human)' was authored by the AI agent as root-cause analysis in EVOLUTION.md and presented as if it described a human directive.",,"The original bayesian_note attributed a 'marketing instinct' decision to the human founder. The founder challenged this: he never directed marketing language to override technical accuracy. Search of all session logs and EVOLUTION.md confirms no such directive exists. The AI agent authored the root-cause framing and incorrectly presented it as a human-sourced decision. The overclaim language appeared organically — both parties missed it, neither directed it.",2026-03-28 06:59:42.086119+00
d6cc6101-3cf4-4674-bade-4db07f747060,dd09ff48-f739-4b0d-9911-a5d395fd3c34,2026-03-07,FACTUAL_ERROR,"date, commit, title, confidence_impact, resolution, bayesian_note",Date: 2026-02-21. Commit: '197 commits on 2026-02-21 (highest single-day volume)'. Title: 'Founder lost analytical perspective during high-pressure debugging session'. The entry originally referenced February 21 as the incident date.,Date: 2026-03-06. Commit: '431 commits across 2026-03-04 through 2026-03-06 (132 + 138 + 161)'. Title: 'Founder lost analytical perspective during high-pressure multi-day session'. The entry now references the actual three-day intensive session.,"git log --since=2026-02-28 --format=%ad --date=short | sort | uniq -c: March 4 = 132, March 5 = 138, March 6 = 161 (total 431). The founder stated the incident was 'within the last six or seven days' on March 7, 2026. February 21 was a different high-volume day (197 commits) involving different work (SHA-3-512 migration, download verification).",,"The AI agent initially identified February 21 as the date because it had the highest single-day commit count. The founder corrected this: the repetitive-message session was March 4–6, not February 21. Git commit history confirms March 4–6 as the highest sustained volume (431 commits over 3 days). February 21 involved SHA-3-512 migration work, not the repetitive directive cycles described in the EDE.",2026-03-28 06:59:42.086119+00
eff95eed-fc8e-409c-954f-7aadc23ee418,dd09ff48-f739-4b0d-9911-a5d395fd3c34,2026-03-07,FACTUAL_ERROR,"resolution, bayesian_note, authoritative_source",Resolution claimed 'zero Replit checkpoint reversions across its entire history' and bayesian_note ended with 'The project's zero-reversion history is the proof.' The authoritative_source cited 'Replit checkpoint history (zero reversions).',Resolution now distinguishes between checkpoint reversions (zero) and git history restorations (used multiple times for file recovery). Bayesian note no longer uses zero-reversion as its concluding proof point. Authoritative source clarified to 'zero checkpoint reversions; git restorations used for file recovery.',"git log --oneline --all | grep -i restore shows multiple git restorations: GitHub workflow files, metadata files, button designs, brand assets. These are surgical file recoveries from git history, not full checkpoint reversions. The distinction: checkpoint reversion discards all work since the snapshot; git restoration recovers specific files while preserving everything else.",,"The founder identified this overclaim: 'we have never reverted, but we have restored some history from Git.' The original language implied no form of rollback ever occurred. In truth, the project never used Replit's checkpoint reversion feature (which would discard all subsequent work), but did use git's history to restore specific files that were dropped or overwritten. Honesty requires acknowledging both facts. Ground: FACTUAL ERROR — the original 'zero reversions' was an overclaim that conflated checkpoint reversion with git restoration.",2026-03-28 06:59:42.086119+00
ef24b272-5dc3-4150-a987-5799460fc71c,1ec8d1f9-f166-4be9-81f5-c1ced60f05d8,2026-03-07,FACTUAL_ERROR,bayesian_note,"Marketing instinct (human) favored strong language (validates, ensures, verifies) because it sounds more authoritative. The AI agent implemented the copy without flagging the semantic distinction between passive observation and active validation. Both parties share responsibility — the human for marketing pressure, the AI for not applying the domain expertise it should have.","The overclaim language appeared organically across sessions — neither party specifically directed the use of 'validates' over 'analyzes.' Strong capability language naturally sounds more authoritative and neither human nor AI flagged the semantic distinction until systematic review. Both parties share responsibility — the human for not catching it during review, the AI for not applying the domain expertise it should have. Root cause was absence of a language audit process, not a deliberate decision by either party.","No git commit, chat log, or documented directive exists where the founder instructed the use of marketing language over technical accuracy. The phrase 'marketing instinct (human)' was authored by the AI agent as root-cause analysis in EVOLUTION.md and presented as if it described a human directive.",,"The original bayesian_note attributed a 'marketing instinct' decision to the human founder. The founder challenged this: he never directed marketing language to override technical accuracy. Search of all session logs and EVOLUTION.md confirms no such directive exists. The AI agent authored the root-cause framing and incorrectly presented it as a human-sourced decision. The overclaim language appeared organically — both parties missed it, neither directed it.",2026-03-28 08:02:52.765215+00
0f656290-923b-450b-8c13-9d7bbe3c1ad0,dd09ff48-f739-4b0d-9911-a5d395fd3c34,2026-03-07,FACTUAL_ERROR,"date, commit, title, confidence_impact, resolution, bayesian_note",Date: 2026-02-21. Commit: '197 commits on 2026-02-21 (highest single-day volume)'. Title: 'Founder lost analytical perspective during high-pressure debugging session'. The entry originally referenced February 21 as the incident date.,Date: 2026-03-06. Commit: '431 commits across 2026-03-04 through 2026-03-06 (132 + 138 + 161)'. Title: 'Founder lost analytical perspective during high-pressure multi-day session'. The entry now references the actual three-day intensive session.,"git log --since=2026-02-28 --format=%ad --date=short | sort | uniq -c: March 4 = 132, March 5 = 138, March 6 = 161 (total 431). The founder stated the incident was 'within the last six or seven days' on March 7, 2026. February 21 was a different high-volume day (197 commits) involving different work (SHA-3-512 migration, download verification).",,"The AI agent initially identified February 21 as the date because it had the highest single-day commit count. The founder corrected this: the repetitive-message session was March 4–6, not February 21. Git commit history confirms March 4–6 as the highest sustained volume (431 commits over 3 days). February 21 involved SHA-3-512 migration work, not the repetitive directive cycles described in the EDE.",2026-03-28 08:02:52.765215+00
2d64b875-7c6c-48f3-87f1-604a43a765dd,dd09ff48-f739-4b0d-9911-a5d395fd3c34,2026-03-07,FACTUAL_ERROR,"resolution, bayesian_note, authoritative_source",Resolution claimed 'zero Replit checkpoint reversions across its entire history' and bayesian_note ended with 'The project's zero-reversion history is the proof.' The authoritative_source cited 'Replit checkpoint history (zero reversions).',Resolution now distinguishes between checkpoint reversions (zero) and git history restorations (used multiple times for file recovery). Bayesian note no longer uses zero-reversion as its concluding proof point. Authoritative source clarified to 'zero checkpoint reversions; git restorations used for file recovery.',"git log --oneline --all | grep -i restore shows multiple git restorations: GitHub workflow files, metadata files, button designs, brand assets. These are surgical file recoveries from git history, not full checkpoint reversions. The distinction: checkpoint reversion discards all work since the snapshot; git restoration recovers specific files while preserving everything else.",,"The founder identified this overclaim: 'we have never reverted, but we have restored some history from Git.' The original language implied no form of rollback ever occurred. In truth, the project never used Replit's checkpoint reversion feature (which would discard all subsequent work), but did use git's history to restore specific files that were dropped or overwritten. Honesty requires acknowledging both facts. Ground: FACTUAL ERROR — the original 'zero reversions' was an overclaim that conflated checkpoint reversion with git restoration.",2026-03-28 08:02:52.765215+00
8bf978bd-96af-4409-acd1-1c6169b42e25,1ec8d1f9-f166-4be9-81f5-c1ced60f05d8,2026-03-07,FACTUAL_ERROR,bayesian_note,"Marketing instinct (human) favored strong language (validates, ensures, verifies) because it sounds more authoritative. The AI agent implemented the copy without flagging the semantic distinction between passive observation and active validation. Both parties share responsibility — the human for marketing pressure, the AI for not applying the domain expertise it should have.","The overclaim language appeared organically across sessions — neither party specifically directed the use of 'validates' over 'analyzes.' Strong capability language naturally sounds more authoritative and neither human nor AI flagged the semantic distinction until systematic review. Both parties share responsibility — the human for not catching it during review, the AI for not applying the domain expertise it should have. Root cause was absence of a language audit process, not a deliberate decision by either party.","No git commit, chat log, or documented directive exists where the founder instructed the use of marketing language over technical accuracy. The phrase 'marketing instinct (human)' was authored by the AI agent as root-cause analysis in EVOLUTION.md and presented as if it described a human directive.",,"The original bayesian_note attributed a 'marketing instinct' decision to the human founder. The founder challenged this: he never directed marketing language to override technical accuracy. Search of all session logs and EVOLUTION.md confirms no such directive exists. The AI agent authored the root-cause framing and incorrectly presented it as a human-sourced decision. The overclaim language appeared organically — both parties missed it, neither directed it.",2026-03-28 10:10:50.808291+00
e57bed07-9bfa-4070-afe2-b6d9709bb146,dd09ff48-f739-4b0d-9911-a5d395fd3c34,2026-03-07,FACTUAL_ERROR,"date, commit, title, confidence_impact, resolution, bayesian_note",Date: 2026-02-21. Commit: '197 commits on 2026-02-21 (highest single-day volume)'. Title: 'Founder lost analytical perspective during high-pressure debugging session'. The entry originally referenced February 21 as the incident date.,Date: 2026-03-06. Commit: '431 commits across 2026-03-04 through 2026-03-06 (132 + 138 + 161)'. Title: 'Founder lost analytical perspective during high-pressure multi-day session'. The entry now references the actual three-day intensive session.,"git log --since=2026-02-28 --format=%ad --date=short | sort | uniq -c: March 4 = 132, March 5 = 138, March 6 = 161 (total 431). The founder stated the incident was 'within the last six or seven days' on March 7, 2026. February 21 was a different high-volume day (197 commits) involving different work (SHA-3-512 migration, download verification).",,"The AI agent initially identified February 21 as the date because it had the highest single-day commit count. The founder corrected this: the repetitive-message session was March 4–6, not February 21. Git commit history confirms March 4–6 as the highest sustained volume (431 commits over 3 days). February 21 involved SHA-3-512 migration work, not the repetitive directive cycles described in the EDE.",2026-03-28 10:10:50.808291+00
82d73d8b-86dc-4d8f-a3c8-5b76873a254d,dd09ff48-f739-4b0d-9911-a5d395fd3c34,2026-03-07,FACTUAL_ERROR,"resolution, bayesian_note, authoritative_source",Resolution claimed 'zero Replit checkpoint reversions across its entire history' and bayesian_note ended with 'The project's zero-reversion history is the proof.' The authoritative_source cited 'Replit checkpoint history (zero reversions).',Resolution now distinguishes between checkpoint reversions (zero) and git history restorations (used multiple times for file recovery). Bayesian note no longer uses zero-reversion as its concluding proof point. Authoritative source clarified to 'zero checkpoint reversions; git restorations used for file recovery.',"git log --oneline --all | grep -i restore shows multiple git restorations: GitHub workflow files, metadata files, button designs, brand assets. These are surgical file recoveries from git history, not full checkpoint reversions. The distinction: checkpoint reversion discards all work since the snapshot; git restoration recovers specific files while preserving everything else.",,"The founder identified this overclaim: 'we have never reverted, but we have restored some history from Git.' The original language implied no form of rollback ever occurred. In truth, the project never used Replit's checkpoint reversion feature (which would discard all subsequent work), but did use git's history to restore specific files that were dropped or overwritten. Honesty requires acknowledging both facts. Ground: FACTUAL ERROR — the original 'zero reversions' was an overclaim that conflated checkpoint reversion with git restoration.",2026-03-28 10:10:50.808291+00
de03ce52-0ae2-43e1-8a7a-0b36158f0615,1ec8d1f9-f166-4be9-81f5-c1ced60f05d8,2026-03-07,FACTUAL_ERROR,bayesian_note,"Marketing instinct (human) favored strong language (validates, ensures, verifies) because it sounds more authoritative. The AI agent implemented the copy without flagging the semantic distinction between passive observation and active validation. Both parties share responsibility — the human for marketing pressure, the AI for not applying the domain expertise it should have.","The overclaim language appeared organically across sessions — neither party specifically directed the use of 'validates' over 'analyzes.' Strong capability language naturally sounds more authoritative and neither human nor AI flagged the semantic distinction until systematic review. Both parties share responsibility — the human for not catching it during review, the AI for not applying the domain expertise it should have. Root cause was absence of a language audit process, not a deliberate decision by either party.","No git commit, chat log, or documented directive exists where the founder instructed the use of marketing language over technical accuracy. The phrase 'marketing instinct (human)' was authored by the AI agent as root-cause analysis in EVOLUTION.md and presented as if it described a human directive.",,"The original bayesian_note attributed a 'marketing instinct' decision to the human founder. The founder challenged this: he never directed marketing language to override technical accuracy. Search of all session logs and EVOLUTION.md confirms no such directive exists. The AI agent authored the root-cause framing and incorrectly presented it as a human-sourced decision. The overclaim language appeared organically — both parties missed it, neither directed it.",2026-03-28 10:43:52.346986+00
b7d398ba-d36d-4748-9a3f-d2f05e238f3d,dd09ff48-f739-4b0d-9911-a5d395fd3c34,2026-03-07,FACTUAL_ERROR,"date, commit, title, confidence_impact, resolution, bayesian_note",Date: 2026-02-21. Commit: '197 commits on 2026-02-21 (highest single-day volume)'. Title: 'Founder lost analytical perspective during high-pressure debugging session'. The entry originally referenced February 21 as the incident date.,Date: 2026-03-06. Commit: '431 commits across 2026-03-04 through 2026-03-06 (132 + 138 + 161)'. Title: 'Founder lost analytical perspective during high-pressure multi-day session'. The entry now references the actual three-day intensive session.,"git log --since=2026-02-28 --format=%ad --date=short | sort | uniq -c: March 4 = 132, March 5 = 138, March 6 = 161 (total 431). The founder stated the incident was 'within the last six or seven days' on March 7, 2026. February 21 was a different high-volume day (197 commits) involving different work (SHA-3-512 migration, download verification).",,"The AI agent initially identified February 21 as the date because it had the highest single-day commit count. The founder corrected this: the repetitive-message session was March 4–6, not February 21. Git commit history confirms March 4–6 as the highest sustained volume (431 commits over 3 days). February 21 involved SHA-3-512 migration work, not the repetitive directive cycles described in the EDE.",2026-03-28 10:43:52.346986+00
d6a3c2a4-cd7b-4516-9904-ee8fb9bbcc5a,dd09ff48-f739-4b0d-9911-a5d395fd3c34,2026-03-07,FACTUAL_ERROR,"resolution, bayesian_note, authoritative_source",Resolution claimed 'zero Replit checkpoint reversions across its entire history' and bayesian_note ended with 'The project's zero-reversion history is the proof.' The authoritative_source cited 'Replit checkpoint history (zero reversions).',Resolution now distinguishes between checkpoint reversions (zero) and git history restorations (used multiple times for file recovery). Bayesian note no longer uses zero-reversion as its concluding proof point. Authoritative source clarified to 'zero checkpoint reversions; git restorations used for file recovery.',"git log --oneline --all | grep -i restore shows multiple git restorations: GitHub workflow files, metadata files, button designs, brand assets. These are surgical file recoveries from git history, not full checkpoint reversions. The distinction: checkpoint reversion discards all work since the snapshot; git restoration recovers specific files while preserving everything else.",,"The founder identified this overclaim: 'we have never reverted, but we have restored some history from Git.' The original language implied no form of rollback ever occurred. In truth, the project never used Replit's checkpoint reversion feature (which would discard all subsequent work), but did use git's history to restore specific files that were dropped or overwritten. Honesty requires acknowledging both facts. Ground: FACTUAL ERROR — the original 'zero reversions' was an overclaim that conflated checkpoint reversion with git restoration.",2026-03-28 10:43:52.346986+00
7484580a-a6d8-455d-bfe2-ed741fcb0026,1ec8d1f9-f166-4be9-81f5-c1ced60f05d8,2026-03-07,FACTUAL_ERROR,bayesian_note,"Marketing instinct (human) favored strong language (validates, ensures, verifies) because it sounds more authoritative. The AI agent implemented the copy without flagging the semantic distinction between passive observation and active validation. Both parties share responsibility — the human for marketing pressure, the AI for not applying the domain expertise it should have.","The overclaim language appeared organically across sessions — neither party specifically directed the use of 'validates' over 'analyzes.' Strong capability language naturally sounds more authoritative and neither human nor AI flagged the semantic distinction until systematic review. Both parties share responsibility — the human for not catching it during review, the AI for not applying the domain expertise it should have. Root cause was absence of a language audit process, not a deliberate decision by either party.","No git commit, chat log, or documented directive exists where the founder instructed the use of marketing language over technical accuracy. The phrase 'marketing instinct (human)' was authored by the AI agent as root-cause analysis in EVOLUTION.md and presented as if it described a human directive.",,"The original bayesian_note attributed a 'marketing instinct' decision to the human founder. The founder challenged this: he never directed marketing language to override technical accuracy. Search of all session logs and EVOLUTION.md confirms no such directive exists. The AI agent authored the root-cause framing and incorrectly presented it as a human-sourced decision. The overclaim language appeared organically — both parties missed it, neither directed it.",2026-03-28 10:56:58.132677+00
1a6b5512-f359-4ed4-93a1-f5b754502a4a,dd09ff48-f739-4b0d-9911-a5d395fd3c34,2026-03-07,FACTUAL_ERROR,"date, commit, title, confidence_impact, resolution, bayesian_note",Date: 2026-02-21. Commit: '197 commits on 2026-02-21 (highest single-day volume)'. Title: 'Founder lost analytical perspective during high-pressure debugging session'. The entry originally referenced February 21 as the incident date.,Date: 2026-03-06. Commit: '431 commits across 2026-03-04 through 2026-03-06 (132 + 138 + 161)'. Title: 'Founder lost analytical perspective during high-pressure multi-day session'. The entry now references the actual three-day intensive session.,"git log --since=2026-02-28 --format=%ad --date=short | sort | uniq -c: March 4 = 132, March 5 = 138, March 6 = 161 (total 431). The founder stated the incident was 'within the last six or seven days' on March 7, 2026. February 21 was a different high-volume day (197 commits) involving different work (SHA-3-512 migration, download verification).",,"The AI agent initially identified February 21 as the date because it had the highest single-day commit count. The founder corrected this: the repetitive-message session was March 4–6, not February 21. Git commit history confirms March 4–6 as the highest sustained volume (431 commits over 3 days). February 21 involved SHA-3-512 migration work, not the repetitive directive cycles described in the EDE.",2026-03-28 10:56:58.132677+00
57782dfb-6718-405d-8e3b-3b3d5b880bdb,dd09ff48-f739-4b0d-9911-a5d395fd3c34,2026-03-07,FACTUAL_ERROR,"resolution, bayesian_note, authoritative_source",Resolution claimed 'zero Replit checkpoint reversions across its entire history' and bayesian_note ended with 'The project's zero-reversion history is the proof.' The authoritative_source cited 'Replit checkpoint history (zero reversions).',Resolution now distinguishes between checkpoint reversions (zero) and git history restorations (used multiple times for file recovery). Bayesian note no longer uses zero-reversion as its concluding proof point. Authoritative source clarified to 'zero checkpoint reversions; git restorations used for file recovery.',"git log --oneline --all | grep -i restore shows multiple git restorations: GitHub workflow files, metadata files, button designs, brand assets. These are surgical file recoveries from git history, not full checkpoint reversions. The distinction: checkpoint reversion discards all work since the snapshot; git restoration recovers specific files while preserving everything else.",,"The founder identified this overclaim: 'we have never reverted, but we have restored some history from Git.' The original language implied no form of rollback ever occurred. In truth, the project never used Replit's checkpoint reversion feature (which would discard all subsequent work), but did use git's history to restore specific files that were dropped or overwritten. Honesty requires acknowledging both facts. Ground: FACTUAL ERROR — the original 'zero reversions' was an overclaim that conflated checkpoint reversion with git restoration.",2026-03-28 10:56:58.132677+00
d02a6f42-69d9-497b-95b4-d684ee1b2036,1ec8d1f9-f166-4be9-81f5-c1ced60f05d8,2026-03-07,FACTUAL_ERROR,bayesian_note,"Marketing instinct (human) favored strong language (validates, ensures, verifies) because it sounds more authoritative. The AI agent implemented the copy without flagging the semantic distinction between passive observation and active validation. Both parties share responsibility — the human for marketing pressure, the AI for not applying the domain expertise it should have.","The overclaim language appeared organically across sessions — neither party specifically directed the use of 'validates' over 'analyzes.' Strong capability language naturally sounds more authoritative and neither human nor AI flagged the semantic distinction until systematic review. Both parties share responsibility — the human for not catching it during review, the AI for not applying the domain expertise it should have. Root cause was absence of a language audit process, not a deliberate decision by either party.","No git commit, chat log, or documented directive exists where the founder instructed the use of marketing language over technical accuracy. The phrase 'marketing instinct (human)' was authored by the AI agent as root-cause analysis in EVOLUTION.md and presented as if it described a human directive.",,"The original bayesian_note attributed a 'marketing instinct' decision to the human founder. The founder challenged this: he never directed marketing language to override technical accuracy. Search of all session logs and EVOLUTION.md confirms no such directive exists. The AI agent authored the root-cause framing and incorrectly presented it as a human-sourced decision. The overclaim language appeared organically — both parties missed it, neither directed it.",2026-03-29 00:48:34.224802+00
b8204572-0430-4f5c-b653-49be4d263bba,dd09ff48-f739-4b0d-9911-a5d395fd3c34,2026-03-07,FACTUAL_ERROR,"date, commit, title, confidence_impact, resolution, bayesian_note",Date: 2026-02-21. Commit: '197 commits on 2026-02-21 (highest single-day volume)'. Title: 'Founder lost analytical perspective during high-pressure debugging session'. The entry originally referenced February 21 as the incident date.,Date: 2026-03-06. Commit: '431 commits across 2026-03-04 through 2026-03-06 (132 + 138 + 161)'. Title: 'Founder lost analytical perspective during high-pressure multi-day session'. The entry now references the actual three-day intensive session.,"git log --since=2026-02-28 --format=%ad --date=short | sort | uniq -c: March 4 = 132, March 5 = 138, March 6 = 161 (total 431). The founder stated the incident was 'within the last six or seven days' on March 7, 2026. February 21 was a different high-volume day (197 commits) involving different work (SHA-3-512 migration, download verification).",,"The AI agent initially identified February 21 as the date because it had the highest single-day commit count. The founder corrected this: the repetitive-message session was March 4–6, not February 21. Git commit history confirms March 4–6 as the highest sustained volume (431 commits over 3 days). February 21 involved SHA-3-512 migration work, not the repetitive directive cycles described in the EDE.",2026-03-29 00:48:34.224802+00
f8a7790c-2aaf-4b8e-816c-50bfe58718ee,dd09ff48-f739-4b0d-9911-a5d395fd3c34,2026-03-07,FACTUAL_ERROR,"resolution, bayesian_note, authoritative_source",Resolution claimed 'zero Replit checkpoint reversions across its entire history' and bayesian_note ended with 'The project's zero-reversion history is the proof.' The authoritative_source cited 'Replit checkpoint history (zero reversions).',Resolution now distinguishes between checkpoint reversions (zero) and git history restorations (used multiple times for file recovery). Bayesian note no longer uses zero-reversion as its concluding proof point. Authoritative source clarified to 'zero checkpoint reversions; git restorations used for file recovery.',"git log --oneline --all | grep -i restore shows multiple git restorations: GitHub workflow files, metadata files, button designs, brand assets. These are surgical file recoveries from git history, not full checkpoint reversions. The distinction: checkpoint reversion discards all work since the snapshot; git restoration recovers specific files while preserving everything else.",,"The founder identified this overclaim: 'we have never reverted, but we have restored some history from Git.' The original language implied no form of rollback ever occurred. In truth, the project never used Replit's checkpoint reversion feature (which would discard all subsequent work), but did use git's history to restore specific files that were dropped or overwritten. Honesty requires acknowledging both facts. Ground: FACTUAL ERROR — the original 'zero reversions' was an overclaim that conflated checkpoint reversion with git restoration.",2026-03-29 00:48:34.224802+00
ceea484e-8e4a-4e48-b34e-23653be43d9d,1ec8d1f9-f166-4be9-81f5-c1ced60f05d8,2026-03-07,FACTUAL_ERROR,bayesian_note,"Marketing instinct (human) favored strong language (validates, ensures, verifies) because it sounds more authoritative. The AI agent implemented the copy without flagging the semantic distinction between passive observation and active validation. Both parties share responsibility — the human for marketing pressure, the AI for not applying the domain expertise it should have.","The overclaim language appeared organically across sessions — neither party specifically directed the use of 'validates' over 'analyzes.' Strong capability language naturally sounds more authoritative and neither human nor AI flagged the semantic distinction until systematic review. Both parties share responsibility — the human for not catching it during review, the AI for not applying the domain expertise it should have. Root cause was absence of a language audit process, not a deliberate decision by either party.","No git commit, chat log, or documented directive exists where the founder instructed the use of marketing language over technical accuracy. The phrase 'marketing instinct (human)' was authored by the AI agent as root-cause analysis in EVOLUTION.md and presented as if it described a human directive.",,"The original bayesian_note attributed a 'marketing instinct' decision to the human founder. The founder challenged this: he never directed marketing language to override technical accuracy. Search of all session logs and EVOLUTION.md confirms no such directive exists. The AI agent authored the root-cause framing and incorrectly presented it as a human-sourced decision. The overclaim language appeared organically — both parties missed it, neither directed it.",2026-03-30 11:48:02.67366+00
bb3a023c-621f-455e-a506-83da553e4921,dd09ff48-f739-4b0d-9911-a5d395fd3c34,2026-03-07,FACTUAL_ERROR,"date, commit, title, confidence_impact, resolution, bayesian_note",Date: 2026-02-21. Commit: '197 commits on 2026-02-21 (highest single-day volume)'. Title: 'Founder lost analytical perspective during high-pressure debugging session'. The entry originally referenced February 21 as the incident date.,Date: 2026-03-06. Commit: '431 commits across 2026-03-04 through 2026-03-06 (132 + 138 + 161)'. Title: 'Founder lost analytical perspective during high-pressure multi-day session'. The entry now references the actual three-day intensive session.,"git log --since=2026-02-28 --format=%ad --date=short | sort | uniq -c: March 4 = 132, March 5 = 138, March 6 = 161 (total 431). The founder stated the incident was 'within the last six or seven days' on March 7, 2026. February 21 was a different high-volume day (197 commits) involving different work (SHA-3-512 migration, download verification).",,"The AI agent initially identified February 21 as the date because it had the highest single-day commit count. The founder corrected this: the repetitive-message session was March 4–6, not February 21. Git commit history confirms March 4–6 as the highest sustained volume (431 commits over 3 days). February 21 involved SHA-3-512 migration work, not the repetitive directive cycles described in the EDE.",2026-03-30 11:48:02.67366+00
3a096df0-7aaa-449c-9c9e-878ba581f68a,dd09ff48-f739-4b0d-9911-a5d395fd3c34,2026-03-07,FACTUAL_ERROR,"resolution, bayesian_note, authoritative_source",Resolution claimed 'zero Replit checkpoint reversions across its entire history' and bayesian_note ended with 'The project's zero-reversion history is the proof.' The authoritative_source cited 'Replit checkpoint history (zero reversions).',Resolution now distinguishes between checkpoint reversions (zero) and git history restorations (used multiple times for file recovery). Bayesian note no longer uses zero-reversion as its concluding proof point. Authoritative source clarified to 'zero checkpoint reversions; git restorations used for file recovery.',"git log --oneline --all | grep -i restore shows multiple git restorations: GitHub workflow files, metadata files, button designs, brand assets. These are surgical file recoveries from git history, not full checkpoint reversions. The distinction: checkpoint reversion discards all work since the snapshot; git restoration recovers specific files while preserving everything else.",,"The founder identified this overclaim: 'we have never reverted, but we have restored some history from Git.' The original language implied no form of rollback ever occurred. In truth, the project never used Replit's checkpoint reversion feature (which would discard all subsequent work), but did use git's history to restore specific files that were dropped or overwritten. Honesty requires acknowledging both facts. Ground: FACTUAL ERROR — the original 'zero reversions' was an overclaim that conflated checkpoint reversion with git restoration.",2026-03-30 11:48:02.67366+00
250207ff-bab5-4b73-bd4b-67729ce2b997,1ec8d1f9-f166-4be9-81f5-c1ced60f05d8,2026-03-07,FACTUAL_ERROR,bayesian_note,"Marketing instinct (human) favored strong language (validates, ensures, verifies) because it sounds more authoritative. The AI agent implemented the copy without flagging the semantic distinction between passive observation and active validation. Both parties share responsibility — the human for marketing pressure, the AI for not applying the domain expertise it should have.","The overclaim language appeared organically across sessions — neither party specifically directed the use of 'validates' over 'analyzes.' Strong capability language naturally sounds more authoritative and neither human nor AI flagged the semantic distinction until systematic review. Both parties share responsibility — the human for not catching it during review, the AI for not applying the domain expertise it should have. Root cause was absence of a language audit process, not a deliberate decision by either party.","No git commit, chat log, or documented directive exists where the founder instructed the use of marketing language over technical accuracy. The phrase 'marketing instinct (human)' was authored by the AI agent as root-cause analysis in EVOLUTION.md and presented as if it described a human directive.",,"The original bayesian_note attributed a 'marketing instinct' decision to the human founder. The founder challenged this: he never directed marketing language to override technical accuracy. Search of all session logs and EVOLUTION.md confirms no such directive exists. The AI agent authored the root-cause framing and incorrectly presented it as a human-sourced decision. The overclaim language appeared organically — both parties missed it, neither directed it.",2026-03-31 08:18:05.180142+00
c2cb42b8-0176-4783-b987-4a5c971f98c5,dd09ff48-f739-4b0d-9911-a5d395fd3c34,2026-03-07,FACTUAL_ERROR,"date, commit, title, confidence_impact, resolution, bayesian_note",Date: 2026-02-21. Commit: '197 commits on 2026-02-21 (highest single-day volume)'. Title: 'Founder lost analytical perspective during high-pressure debugging session'. The entry originally referenced February 21 as the incident date.,Date: 2026-03-06. Commit: '431 commits across 2026-03-04 through 2026-03-06 (132 + 138 + 161)'. Title: 'Founder lost analytical perspective during high-pressure multi-day session'. The entry now references the actual three-day intensive session.,"git log --since=2026-02-28 --format=%ad --date=short | sort | uniq -c: March 4 = 132, March 5 = 138, March 6 = 161 (total 431). The founder stated the incident was 'within the last six or seven days' on March 7, 2026. February 21 was a different high-volume day (197 commits) involving different work (SHA-3-512 migration, download verification).",,"The AI agent initially identified February 21 as the date because it had the highest single-day commit count. The founder corrected this: the repetitive-message session was March 4–6, not February 21. Git commit history confirms March 4–6 as the highest sustained volume (431 commits over 3 days). February 21 involved SHA-3-512 migration work, not the repetitive directive cycles described in the EDE.",2026-03-31 08:18:05.180142+00
e499157c-e8eb-4f44-b2a0-3871868882dc,dd09ff48-f739-4b0d-9911-a5d395fd3c34,2026-03-07,FACTUAL_ERROR,"resolution, bayesian_note, authoritative_source",Resolution claimed 'zero Replit checkpoint reversions across its entire history' and bayesian_note ended with 'The project's zero-reversion history is the proof.' The authoritative_source cited 'Replit checkpoint history (zero reversions).',Resolution now distinguishes between checkpoint reversions (zero) and git history restorations (used multiple times for file recovery). Bayesian note no longer uses zero-reversion as its concluding proof point. Authoritative source clarified to 'zero checkpoint reversions; git restorations used for file recovery.',"git log --oneline --all | grep -i restore shows multiple git restorations: GitHub workflow files, metadata files, button designs, brand assets. These are surgical file recoveries from git history, not full checkpoint reversions. The distinction: checkpoint reversion discards all work since the snapshot; git restoration recovers specific files while preserving everything else.",,"The founder identified this overclaim: 'we have never reverted, but we have restored some history from Git.' The original language implied no form of rollback ever occurred. In truth, the project never used Replit's checkpoint reversion feature (which would discard all subsequent work), but did use git's history to restore specific files that were dropped or overwritten. Honesty requires acknowledging both facts. Ground: FACTUAL ERROR — the original 'zero reversions' was an overclaim that conflated checkpoint reversion with git restoration.",2026-03-31 08:18:05.180142+00
2c4c1b86-0836-49b4-b0be-0141e1108169,1ec8d1f9-f166-4be9-81f5-c1ced60f05d8,2026-03-07,FACTUAL_ERROR,bayesian_note,"Marketing instinct (human) favored strong language (validates, ensures, verifies) because it sounds more authoritative. The AI agent implemented the copy without flagging the semantic distinction between passive observation and active validation. Both parties share responsibility — the human for marketing pressure, the AI for not applying the domain expertise it should have.","The overclaim language appeared organically across sessions — neither party specifically directed the use of 'validates' over 'analyzes.' Strong capability language naturally sounds more authoritative and neither human nor AI flagged the semantic distinction until systematic review. Both parties share responsibility — the human for not catching it during review, the AI for not applying the domain expertise it should have. Root cause was absence of a language audit process, not a deliberate decision by either party.","No git commit, chat log, or documented directive exists where the founder instructed the use of marketing language over technical accuracy. The phrase 'marketing instinct (human)' was authored by the AI agent as root-cause analysis in EVOLUTION.md and presented as if it described a human directive.",,"The original bayesian_note attributed a 'marketing instinct' decision to the human founder. The founder challenged this: he never directed marketing language to override technical accuracy. Search of all session logs and EVOLUTION.md confirms no such directive exists. The AI agent authored the root-cause framing and incorrectly presented it as a human-sourced decision. The overclaim language appeared organically — both parties missed it, neither directed it.",2026-04-01 01:21:35.340079+00
1c50910f-cd0f-4f97-bbce-2b8bf0f3cd6e,dd09ff48-f739-4b0d-9911-a5d395fd3c34,2026-03-07,FACTUAL_ERROR,"date, commit, title, confidence_impact, resolution, bayesian_note",Date: 2026-02-21. Commit: '197 commits on 2026-02-21 (highest single-day volume)'. Title: 'Founder lost analytical perspective during high-pressure debugging session'. The entry originally referenced February 21 as the incident date.,Date: 2026-03-06. Commit: '431 commits across 2026-03-04 through 2026-03-06 (132 + 138 + 161)'. Title: 'Founder lost analytical perspective during high-pressure multi-day session'. The entry now references the actual three-day intensive session.,"git log --since=2026-02-28 --format=%ad --date=short | sort | uniq -c: March 4 = 132, March 5 = 138, March 6 = 161 (total 431). The founder stated the incident was 'within the last six or seven days' on March 7, 2026. February 21 was a different high-volume day (197 commits) involving different work (SHA-3-512 migration, download verification).",,"The AI agent initially identified February 21 as the date because it had the highest single-day commit count. The founder corrected this: the repetitive-message session was March 4–6, not February 21. Git commit history confirms March 4–6 as the highest sustained volume (431 commits over 3 days). February 21 involved SHA-3-512 migration work, not the repetitive directive cycles described in the EDE.",2026-04-01 01:21:35.340079+00
814ccaba-a81a-4d1a-8838-2c19be5f48bc,dd09ff48-f739-4b0d-9911-a5d395fd3c34,2026-03-07,FACTUAL_ERROR,"resolution, bayesian_note, authoritative_source",Resolution claimed 'zero Replit checkpoint reversions across its entire history' and bayesian_note ended with 'The project's zero-reversion history is the proof.' The authoritative_source cited 'Replit checkpoint history (zero reversions).',Resolution now distinguishes between checkpoint reversions (zero) and git history restorations (used multiple times for file recovery). Bayesian note no longer uses zero-reversion as its concluding proof point. Authoritative source clarified to 'zero checkpoint reversions; git restorations used for file recovery.',"git log --oneline --all | grep -i restore shows multiple git restorations: GitHub workflow files, metadata files, button designs, brand assets. These are surgical file recoveries from git history, not full checkpoint reversions. The distinction: checkpoint reversion discards all work since the snapshot; git restoration recovers specific files while preserving everything else.",,"The founder identified this overclaim: 'we have never reverted, but we have restored some history from Git.' The original language implied no form of rollback ever occurred. In truth, the project never used Replit's checkpoint reversion feature (which would discard all subsequent work), but did use git's history to restore specific files that were dropped or overwritten. Honesty requires acknowledging both facts. Ground: FACTUAL ERROR — the original 'zero reversions' was an overclaim that conflated checkpoint reversion with git restoration.",2026-04-01 01:21:35.340079+00
b84d6ab2-d7f1-452e-9247-22f91a7c40e8,1ec8d1f9-f166-4be9-81f5-c1ced60f05d8,2026-03-07,FACTUAL_ERROR,bayesian_note,"Marketing instinct (human) favored strong language (validates, ensures, verifies) because it sounds more authoritative. The AI agent implemented the copy without flagging the semantic distinction between passive observation and active validation. Both parties share responsibility — the human for marketing pressure, the AI for not applying the domain expertise it should have.","The overclaim language appeared organically across sessions — neither party specifically directed the use of 'validates' over 'analyzes.' Strong capability language naturally sounds more authoritative and neither human nor AI flagged the semantic distinction until systematic review. Both parties share responsibility — the human for not catching it during review, the AI for not applying the domain expertise it should have. Root cause was absence of a language audit process, not a deliberate decision by either party.","No git commit, chat log, or documented directive exists where the founder instructed the use of marketing language over technical accuracy. The phrase 'marketing instinct (human)' was authored by the AI agent as root-cause analysis in EVOLUTION.md and presented as if it described a human directive.",,"The original bayesian_note attributed a 'marketing instinct' decision to the human founder. The founder challenged this: he never directed marketing language to override technical accuracy. Search of all session logs and EVOLUTION.md confirms no such directive exists. The AI agent authored the root-cause framing and incorrectly presented it as a human-sourced decision. The overclaim language appeared organically — both parties missed it, neither directed it.",2026-04-01 18:16:11.022118+00
b18caf17-9bbf-4476-96dd-e5899fd6e3c3,dd09ff48-f739-4b0d-9911-a5d395fd3c34,2026-03-07,FACTUAL_ERROR,"date, commit, title, confidence_impact, resolution, bayesian_note",Date: 2026-02-21. Commit: '197 commits on 2026-02-21 (highest single-day volume)'. Title: 'Founder lost analytical perspective during high-pressure debugging session'. The entry originally referenced February 21 as the incident date.,Date: 2026-03-06. Commit: '431 commits across 2026-03-04 through 2026-03-06 (132 + 138 + 161)'. Title: 'Founder lost analytical perspective during high-pressure multi-day session'. The entry now references the actual three-day intensive session.,"git log --since=2026-02-28 --format=%ad --date=short | sort | uniq -c: March 4 = 132, March 5 = 138, March 6 = 161 (total 431). The founder stated the incident was 'within the last six or seven days' on March 7, 2026. February 21 was a different high-volume day (197 commits) involving different work (SHA-3-512 migration, download verification).",,"The AI agent initially identified February 21 as the date because it had the highest single-day commit count. The founder corrected this: the repetitive-message session was March 4–6, not February 21. Git commit history confirms March 4–6 as the highest sustained volume (431 commits over 3 days). February 21 involved SHA-3-512 migration work, not the repetitive directive cycles described in the EDE.",2026-04-01 18:16:11.022118+00
7cacfcf6-3598-4242-b6f6-a6cc9a65a24f,dd09ff48-f739-4b0d-9911-a5d395fd3c34,2026-03-07,FACTUAL_ERROR,"resolution, bayesian_note, authoritative_source",Resolution claimed 'zero Replit checkpoint reversions across its entire history' and bayesian_note ended with 'The project's zero-reversion history is the proof.' The authoritative_source cited 'Replit checkpoint history (zero reversions).',Resolution now distinguishes between checkpoint reversions (zero) and git history restorations (used multiple times for file recovery). Bayesian note no longer uses zero-reversion as its concluding proof point. Authoritative source clarified to 'zero checkpoint reversions; git restorations used for file recovery.',"git log --oneline --all | grep -i restore shows multiple git restorations: GitHub workflow files, metadata files, button designs, brand assets. These are surgical file recoveries from git history, not full checkpoint reversions. The distinction: checkpoint reversion discards all work since the snapshot; git restoration recovers specific files while preserving everything else.",,"The founder identified this overclaim: 'we have never reverted, but we have restored some history from Git.' The original language implied no form of rollback ever occurred. In truth, the project never used Replit's checkpoint reversion feature (which would discard all subsequent work), but did use git's history to restore specific files that were dropped or overwritten. Honesty requires acknowledging both facts. Ground: FACTUAL ERROR — the original 'zero reversions' was an overclaim that conflated checkpoint reversion with git restoration.",2026-04-01 18:16:11.022118+00
5af63cb1-c004-4c26-a887-a5d4510e3fc6,1ec8d1f9-f166-4be9-81f5-c1ced60f05d8,2026-03-07,FACTUAL_ERROR,bayesian_note,"Marketing instinct (human) favored strong language (validates, ensures, verifies) because it sounds more authoritative. The AI agent implemented the copy without flagging the semantic distinction between passive observation and active validation. Both parties share responsibility — the human for marketing pressure, the AI for not applying the domain expertise it should have.","The overclaim language appeared organically across sessions — neither party specifically directed the use of 'validates' over 'analyzes.' Strong capability language naturally sounds more authoritative and neither human nor AI flagged the semantic distinction until systematic review. Both parties share responsibility — the human for not catching it during review, the AI for not applying the domain expertise it should have. Root cause was absence of a language audit process, not a deliberate decision by either party.","No git commit, chat log, or documented directive exists where the founder instructed the use of marketing language over technical accuracy. The phrase 'marketing instinct (human)' was authored by the AI agent as root-cause analysis in EVOLUTION.md and presented as if it described a human directive.",,"The original bayesian_note attributed a 'marketing instinct' decision to the human founder. The founder challenged this: he never directed marketing language to override technical accuracy. Search of all session logs and EVOLUTION.md confirms no such directive exists. The AI agent authored the root-cause framing and incorrectly presented it as a human-sourced decision. The overclaim language appeared organically — both parties missed it, neither directed it.",2026-04-02 18:49:31.051404+00
26f14caf-a123-4d36-b0a4-a127f19e1a86,dd09ff48-f739-4b0d-9911-a5d395fd3c34,2026-03-07,FACTUAL_ERROR,"date, commit, title, confidence_impact, resolution, bayesian_note",Date: 2026-02-21. Commit: '197 commits on 2026-02-21 (highest single-day volume)'. Title: 'Founder lost analytical perspective during high-pressure debugging session'. The entry originally referenced February 21 as the incident date.,Date: 2026-03-06. Commit: '431 commits across 2026-03-04 through 2026-03-06 (132 + 138 + 161)'. Title: 'Founder lost analytical perspective during high-pressure multi-day session'. The entry now references the actual three-day intensive session.,"git log --since=2026-02-28 --format=%ad --date=short | sort | uniq -c: March 4 = 132, March 5 = 138, March 6 = 161 (total 431). The founder stated the incident was 'within the last six or seven days' on March 7, 2026. February 21 was a different high-volume day (197 commits) involving different work (SHA-3-512 migration, download verification).",,"The AI agent initially identified February 21 as the date because it had the highest single-day commit count. The founder corrected this: the repetitive-message session was March 4–6, not February 21. Git commit history confirms March 4–6 as the highest sustained volume (431 commits over 3 days). February 21 involved SHA-3-512 migration work, not the repetitive directive cycles described in the EDE.",2026-04-02 18:49:31.051404+00
09154c30-a5af-4122-9a59-75428d72cc6c,dd09ff48-f739-4b0d-9911-a5d395fd3c34,2026-03-07,FACTUAL_ERROR,"resolution, bayesian_note, authoritative_source",Resolution claimed 'zero Replit checkpoint reversions across its entire history' and bayesian_note ended with 'The project's zero-reversion history is the proof.' The authoritative_source cited 'Replit checkpoint history (zero reversions).',Resolution now distinguishes between checkpoint reversions (zero) and git history restorations (used multiple times for file recovery). Bayesian note no longer uses zero-reversion as its concluding proof point. Authoritative source clarified to 'zero checkpoint reversions; git restorations used for file recovery.',"git log --oneline --all | grep -i restore shows multiple git restorations: GitHub workflow files, metadata files, button designs, brand assets. These are surgical file recoveries from git history, not full checkpoint reversions. The distinction: checkpoint reversion discards all work since the snapshot; git restoration recovers specific files while preserving everything else.",,"The founder identified this overclaim: 'we have never reverted, but we have restored some history from Git.' The original language implied no form of rollback ever occurred. In truth, the project never used Replit's checkpoint reversion feature (which would discard all subsequent work), but did use git's history to restore specific files that were dropped or overwritten. Honesty requires acknowledging both facts. Ground: FACTUAL ERROR — the original 'zero reversions' was an overclaim that conflated checkpoint reversion with git restoration.",2026-04-02 18:49:31.051404+00
4353ee42-c22e-4fc7-99a7-0588b41bc049,1ec8d1f9-f166-4be9-81f5-c1ced60f05d8,2026-03-07,FACTUAL_ERROR,bayesian_note,"Marketing instinct (human) favored strong language (validates, ensures, verifies) because it sounds more authoritative. The AI agent implemented the copy without flagging the semantic distinction between passive observation and active validation. Both parties share responsibility — the human for marketing pressure, the AI for not applying the domain expertise it should have.","The overclaim language appeared organically across sessions — neither party specifically directed the use of 'validates' over 'analyzes.' Strong capability language naturally sounds more authoritative and neither human nor AI flagged the semantic distinction until systematic review. Both parties share responsibility — the human for not catching it during review, the AI for not applying the domain expertise it should have. Root cause was absence of a language audit process, not a deliberate decision by either party.","No git commit, chat log, or documented directive exists where the founder instructed the use of marketing language over technical accuracy. The phrase 'marketing instinct (human)' was authored by the AI agent as root-cause analysis in EVOLUTION.md and presented as if it described a human directive.",,"The original bayesian_note attributed a 'marketing instinct' decision to the human founder. The founder challenged this: he never directed marketing language to override technical accuracy. Search of all session logs and EVOLUTION.md confirms no such directive exists. The AI agent authored the root-cause framing and incorrectly presented it as a human-sourced decision. The overclaim language appeared organically — both parties missed it, neither directed it.",2026-04-03 00:08:51.782512+00
3de7ed19-dab3-45ca-ab45-9a9b25454d3d,dd09ff48-f739-4b0d-9911-a5d395fd3c34,2026-03-07,FACTUAL_ERROR,"date, commit, title, confidence_impact, resolution, bayesian_note",Date: 2026-02-21. Commit: '197 commits on 2026-02-21 (highest single-day volume)'. Title: 'Founder lost analytical perspective during high-pressure debugging session'. The entry originally referenced February 21 as the incident date.,Date: 2026-03-06. Commit: '431 commits across 2026-03-04 through 2026-03-06 (132 + 138 + 161)'. Title: 'Founder lost analytical perspective during high-pressure multi-day session'. The entry now references the actual three-day intensive session.,"git log --since=2026-02-28 --format=%ad --date=short | sort | uniq -c: March 4 = 132, March 5 = 138, March 6 = 161 (total 431). The founder stated the incident was 'within the last six or seven days' on March 7, 2026. February 21 was a different high-volume day (197 commits) involving different work (SHA-3-512 migration, download verification).",,"The AI agent initially identified February 21 as the date because it had the highest single-day commit count. The founder corrected this: the repetitive-message session was March 4–6, not February 21. Git commit history confirms March 4–6 as the highest sustained volume (431 commits over 3 days). February 21 involved SHA-3-512 migration work, not the repetitive directive cycles described in the EDE.",2026-04-03 00:08:51.782512+00
55511211-3ae5-4cb1-b1ae-3451c533e3d8,dd09ff48-f739-4b0d-9911-a5d395fd3c34,2026-03-07,FACTUAL_ERROR,"resolution, bayesian_note, authoritative_source",Resolution claimed 'zero Replit checkpoint reversions across its entire history' and bayesian_note ended with 'The project's zero-reversion history is the proof.' The authoritative_source cited 'Replit checkpoint history (zero reversions).',Resolution now distinguishes between checkpoint reversions (zero) and git history restorations (used multiple times for file recovery). Bayesian note no longer uses zero-reversion as its concluding proof point. Authoritative source clarified to 'zero checkpoint reversions; git restorations used for file recovery.',"git log --oneline --all | grep -i restore shows multiple git restorations: GitHub workflow files, metadata files, button designs, brand assets. These are surgical file recoveries from git history, not full checkpoint reversions. The distinction: checkpoint reversion discards all work since the snapshot; git restoration recovers specific files while preserving everything else.",,"The founder identified this overclaim: 'we have never reverted, but we have restored some history from Git.' The original language implied no form of rollback ever occurred. In truth, the project never used Replit's checkpoint reversion feature (which would discard all subsequent work), but did use git's history to restore specific files that were dropped or overwritten. Honesty requires acknowledging both facts. Ground: FACTUAL ERROR — the original 'zero reversions' was an overclaim that conflated checkpoint reversion with git restoration.",2026-04-03 00:08:51.782512+00
ad06cec9-5dad-4e39-b0ff-4ca0853668c8,1ec8d1f9-f166-4be9-81f5-c1ced60f05d8,2026-03-07,FACTUAL_ERROR,bayesian_note,"Marketing instinct (human) favored strong language (validates, ensures, verifies) because it sounds more authoritative. The AI agent implemented the copy without flagging the semantic distinction between passive observation and active validation. Both parties share responsibility — the human for marketing pressure, the AI for not applying the domain expertise it should have.","The overclaim language appeared organically across sessions — neither party specifically directed the use of 'validates' over 'analyzes.' Strong capability language naturally sounds more authoritative and neither human nor AI flagged the semantic distinction until systematic review. Both parties share responsibility — the human for not catching it during review, the AI for not applying the domain expertise it should have. Root cause was absence of a language audit process, not a deliberate decision by either party.","No git commit, chat log, or documented directive exists where the founder instructed the use of marketing language over technical accuracy. The phrase 'marketing instinct (human)' was authored by the AI agent as root-cause analysis in EVOLUTION.md and presented as if it described a human directive.",,"The original bayesian_note attributed a 'marketing instinct' decision to the human founder. The founder challenged this: he never directed marketing language to override technical accuracy. Search of all session logs and EVOLUTION.md confirms no such directive exists. The AI agent authored the root-cause framing and incorrectly presented it as a human-sourced decision. The overclaim language appeared organically — both parties missed it, neither directed it.",2026-04-03 00:15:07.394113+00
f28e7a4f-08bd-406f-80dc-ad2bb1b6b4af,dd09ff48-f739-4b0d-9911-a5d395fd3c34,2026-03-07,FACTUAL_ERROR,"date, commit, title, confidence_impact, resolution, bayesian_note",Date: 2026-02-21. Commit: '197 commits on 2026-02-21 (highest single-day volume)'. Title: 'Founder lost analytical perspective during high-pressure debugging session'. The entry originally referenced February 21 as the incident date.,Date: 2026-03-06. Commit: '431 commits across 2026-03-04 through 2026-03-06 (132 + 138 + 161)'. Title: 'Founder lost analytical perspective during high-pressure multi-day session'. The entry now references the actual three-day intensive session.,"git log --since=2026-02-28 --format=%ad --date=short | sort | uniq -c: March 4 = 132, March 5 = 138, March 6 = 161 (total 431). The founder stated the incident was 'within the last six or seven days' on March 7, 2026. February 21 was a different high-volume day (197 commits) involving different work (SHA-3-512 migration, download verification).",,"The AI agent initially identified February 21 as the date because it had the highest single-day commit count. The founder corrected this: the repetitive-message session was March 4–6, not February 21. Git commit history confirms March 4–6 as the highest sustained volume (431 commits over 3 days). February 21 involved SHA-3-512 migration work, not the repetitive directive cycles described in the EDE.",2026-04-03 00:15:07.394113+00
4eebee11-438e-42dd-ac12-fbfa53330490,dd09ff48-f739-4b0d-9911-a5d395fd3c34,2026-03-07,FACTUAL_ERROR,"resolution, bayesian_note, authoritative_source",Resolution claimed 'zero Replit checkpoint reversions across its entire history' and bayesian_note ended with 'The project's zero-reversion history is the proof.' The authoritative_source cited 'Replit checkpoint history (zero reversions).',Resolution now distinguishes between checkpoint reversions (zero) and git history restorations (used multiple times for file recovery). Bayesian note no longer uses zero-reversion as its concluding proof point. Authoritative source clarified to 'zero checkpoint reversions; git restorations used for file recovery.',"git log --oneline --all | grep -i restore shows multiple git restorations: GitHub workflow files, metadata files, button designs, brand assets. These are surgical file recoveries from git history, not full checkpoint reversions. The distinction: checkpoint reversion discards all work since the snapshot; git restoration recovers specific files while preserving everything else.",,"The founder identified this overclaim: 'we have never reverted, but we have restored some history from Git.' The original language implied no form of rollback ever occurred. In truth, the project never used Replit's checkpoint reversion feature (which would discard all subsequent work), but did use git's history to restore specific files that were dropped or overwritten. Honesty requires acknowledging both facts. Ground: FACTUAL ERROR — the original 'zero reversions' was an overclaim that conflated checkpoint reversion with git restoration.",2026-04-03 00:15:07.394113+00
e9cd6668-3069-4369-9826-d6c9dc93a2b4,1ec8d1f9-f166-4be9-81f5-c1ced60f05d8,2026-03-07,FACTUAL_ERROR,bayesian_note,"Marketing instinct (human) favored strong language (validates, ensures, verifies) because it sounds more authoritative. The AI agent implemented the copy without flagging the semantic distinction between passive observation and active validation. Both parties share responsibility — the human for marketing pressure, the AI for not applying the domain expertise it should have.","The overclaim language appeared organically across sessions — neither party specifically directed the use of 'validates' over 'analyzes.' Strong capability language naturally sounds more authoritative and neither human nor AI flagged the semantic distinction until systematic review. Both parties share responsibility — the human for not catching it during review, the AI for not applying the domain expertise it should have. Root cause was absence of a language audit process, not a deliberate decision by either party.","No git commit, chat log, or documented directive exists where the founder instructed the use of marketing language over technical accuracy. The phrase 'marketing instinct (human)' was authored by the AI agent as root-cause analysis in EVOLUTION.md and presented as if it described a human directive.",,"The original bayesian_note attributed a 'marketing instinct' decision to the human founder. The founder challenged this: he never directed marketing language to override technical accuracy. Search of all session logs and EVOLUTION.md confirms no such directive exists. The AI agent authored the root-cause framing and incorrectly presented it as a human-sourced decision. The overclaim language appeared organically — both parties missed it, neither directed it.",2026-04-03 06:13:47.464585+00
316be214-ada9-4315-93c6-85329ea30eb4,dd09ff48-f739-4b0d-9911-a5d395fd3c34,2026-03-07,FACTUAL_ERROR,"date, commit, title, confidence_impact, resolution, bayesian_note",Date: 2026-02-21. Commit: '197 commits on 2026-02-21 (highest single-day volume)'. Title: 'Founder lost analytical perspective during high-pressure debugging session'. The entry originally referenced February 21 as the incident date.,Date: 2026-03-06. Commit: '431 commits across 2026-03-04 through 2026-03-06 (132 + 138 + 161)'. Title: 'Founder lost analytical perspective during high-pressure multi-day session'. The entry now references the actual three-day intensive session.,"git log --since=2026-02-28 --format=%ad --date=short | sort | uniq -c: March 4 = 132, March 5 = 138, March 6 = 161 (total 431). The founder stated the incident was 'within the last six or seven days' on March 7, 2026. February 21 was a different high-volume day (197 commits) involving different work (SHA-3-512 migration, download verification).",,"The AI agent initially identified February 21 as the date because it had the highest single-day commit count. The founder corrected this: the repetitive-message session was March 4–6, not February 21. Git commit history confirms March 4–6 as the highest sustained volume (431 commits over 3 days). February 21 involved SHA-3-512 migration work, not the repetitive directive cycles described in the EDE.",2026-04-03 06:13:47.464585+00
3ec82f0e-c22d-41cf-8892-3bf007b268ee,dd09ff48-f739-4b0d-9911-a5d395fd3c34,2026-03-07,FACTUAL_ERROR,"resolution, bayesian_note, authoritative_source",Resolution claimed 'zero Replit checkpoint reversions across its entire history' and bayesian_note ended with 'The project's zero-reversion history is the proof.' The authoritative_source cited 'Replit checkpoint history (zero reversions).',Resolution now distinguishes between checkpoint reversions (zero) and git history restorations (used multiple times for file recovery). Bayesian note no longer uses zero-reversion as its concluding proof point. Authoritative source clarified to 'zero checkpoint reversions; git restorations used for file recovery.',"git log --oneline --all | grep -i restore shows multiple git restorations: GitHub workflow files, metadata files, button designs, brand assets. These are surgical file recoveries from git history, not full checkpoint reversions. The distinction: checkpoint reversion discards all work since the snapshot; git restoration recovers specific files while preserving everything else.",,"The founder identified this overclaim: 'we have never reverted, but we have restored some history from Git.' The original language implied no form of rollback ever occurred. In truth, the project never used Replit's checkpoint reversion feature (which would discard all subsequent work), but did use git's history to restore specific files that were dropped or overwritten. Honesty requires acknowledging both facts. Ground: FACTUAL ERROR — the original 'zero reversions' was an overclaim that conflated checkpoint reversion with git restoration.",2026-04-03 06:13:47.464585+00
3169a793-0ef2-4528-a031-64b1b07f3985,1ec8d1f9-f166-4be9-81f5-c1ced60f05d8,2026-03-07,FACTUAL_ERROR,bayesian_note,"Marketing instinct (human) favored strong language (validates, ensures, verifies) because it sounds more authoritative. The AI agent implemented the copy without flagging the semantic distinction between passive observation and active validation. Both parties share responsibility — the human for marketing pressure, the AI for not applying the domain expertise it should have.","The overclaim language appeared organically across sessions — neither party specifically directed the use of 'validates' over 'analyzes.' Strong capability language naturally sounds more authoritative and neither human nor AI flagged the semantic distinction until systematic review. Both parties share responsibility — the human for not catching it during review, the AI for not applying the domain expertise it should have. Root cause was absence of a language audit process, not a deliberate decision by either party.","No git commit, chat log, or documented directive exists where the founder instructed the use of marketing language over technical accuracy. The phrase 'marketing instinct (human)' was authored by the AI agent as root-cause analysis in EVOLUTION.md and presented as if it described a human directive.",,"The original bayesian_note attributed a 'marketing instinct' decision to the human founder. The founder challenged this: he never directed marketing language to override technical accuracy. Search of all session logs and EVOLUTION.md confirms no such directive exists. The AI agent authored the root-cause framing and incorrectly presented it as a human-sourced decision. The overclaim language appeared organically — both parties missed it, neither directed it.",2026-04-03 06:57:48.441105+00
d07ce62f-aec4-492d-a6fc-87fcaeb4c4f6,dd09ff48-f739-4b0d-9911-a5d395fd3c34,2026-03-07,FACTUAL_ERROR,"date, commit, title, confidence_impact, resolution, bayesian_note",Date: 2026-02-21. Commit: '197 commits on 2026-02-21 (highest single-day volume)'. Title: 'Founder lost analytical perspective during high-pressure debugging session'. The entry originally referenced February 21 as the incident date.,Date: 2026-03-06. Commit: '431 commits across 2026-03-04 through 2026-03-06 (132 + 138 + 161)'. Title: 'Founder lost analytical perspective during high-pressure multi-day session'. The entry now references the actual three-day intensive session.,"git log --since=2026-02-28 --format=%ad --date=short | sort | uniq -c: March 4 = 132, March 5 = 138, March 6 = 161 (total 431). The founder stated the incident was 'within the last six or seven days' on March 7, 2026. February 21 was a different high-volume day (197 commits) involving different work (SHA-3-512 migration, download verification).",,"The AI agent initially identified February 21 as the date because it had the highest single-day commit count. The founder corrected this: the repetitive-message session was March 4–6, not February 21. Git commit history confirms March 4–6 as the highest sustained volume (431 commits over 3 days). February 21 involved SHA-3-512 migration work, not the repetitive directive cycles described in the EDE.",2026-04-03 06:57:48.441105+00
fc3c211d-1ab6-420d-9d4b-8624b80a7fa0,dd09ff48-f739-4b0d-9911-a5d395fd3c34,2026-03-07,FACTUAL_ERROR,"resolution, bayesian_note, authoritative_source",Resolution claimed 'zero Replit checkpoint reversions across its entire history' and bayesian_note ended with 'The project's zero-reversion history is the proof.' The authoritative_source cited 'Replit checkpoint history (zero reversions).',Resolution now distinguishes between checkpoint reversions (zero) and git history restorations (used multiple times for file recovery). Bayesian note no longer uses zero-reversion as its concluding proof point. Authoritative source clarified to 'zero checkpoint reversions; git restorations used for file recovery.',"git log --oneline --all | grep -i restore shows multiple git restorations: GitHub workflow files, metadata files, button designs, brand assets. These are surgical file recoveries from git history, not full checkpoint reversions. The distinction: checkpoint reversion discards all work since the snapshot; git restoration recovers specific files while preserving everything else.",,"The founder identified this overclaim: 'we have never reverted, but we have restored some history from Git.' The original language implied no form of rollback ever occurred. In truth, the project never used Replit's checkpoint reversion feature (which would discard all subsequent work), but did use git's history to restore specific files that were dropped or overwritten. Honesty requires acknowledging both facts. Ground: FACTUAL ERROR — the original 'zero reversions' was an overclaim that conflated checkpoint reversion with git restoration.",2026-04-03 06:57:48.441105+00
e2d80fbb-262f-4679-8552-74146ccf15b3,1ec8d1f9-f166-4be9-81f5-c1ced60f05d8,2026-03-07,FACTUAL_ERROR,bayesian_note,"Marketing instinct (human) favored strong language (validates, ensures, verifies) because it sounds more authoritative. The AI agent implemented the copy without flagging the semantic distinction between passive observation and active validation. Both parties share responsibility — the human for marketing pressure, the AI for not applying the domain expertise it should have.","The overclaim language appeared organically across sessions — neither party specifically directed the use of 'validates' over 'analyzes.' Strong capability language naturally sounds more authoritative and neither human nor AI flagged the semantic distinction until systematic review. Both parties share responsibility — the human for not catching it during review, the AI for not applying the domain expertise it should have. Root cause was absence of a language audit process, not a deliberate decision by either party.","No git commit, chat log, or documented directive exists where the founder instructed the use of marketing language over technical accuracy. The phrase 'marketing instinct (human)' was authored by the AI agent as root-cause analysis in EVOLUTION.md and presented as if it described a human directive.",,"The original bayesian_note attributed a 'marketing instinct' decision to the human founder. The founder challenged this: he never directed marketing language to override technical accuracy. Search of all session logs and EVOLUTION.md confirms no such directive exists. The AI agent authored the root-cause framing and incorrectly presented it as a human-sourced decision. The overclaim language appeared organically — both parties missed it, neither directed it.",2026-04-06 05:30:54.42302+00
cf934bb9-d48a-4883-96c3-6ee31062fb29,dd09ff48-f739-4b0d-9911-a5d395fd3c34,2026-03-07,FACTUAL_ERROR,"date, commit, title, confidence_impact, resolution, bayesian_note",Date: 2026-02-21. Commit: '197 commits on 2026-02-21 (highest single-day volume)'. Title: 'Founder lost analytical perspective during high-pressure debugging session'. The entry originally referenced February 21 as the incident date.,Date: 2026-03-06. Commit: '431 commits across 2026-03-04 through 2026-03-06 (132 + 138 + 161)'. Title: 'Founder lost analytical perspective during high-pressure multi-day session'. The entry now references the actual three-day intensive session.,"git log --since=2026-02-28 --format=%ad --date=short | sort | uniq -c: March 4 = 132, March 5 = 138, March 6 = 161 (total 431). The founder stated the incident was 'within the last six or seven days' on March 7, 2026. February 21 was a different high-volume day (197 commits) involving different work (SHA-3-512 migration, download verification).",,"The AI agent initially identified February 21 as the date because it had the highest single-day commit count. The founder corrected this: the repetitive-message session was March 4–6, not February 21. Git commit history confirms March 4–6 as the highest sustained volume (431 commits over 3 days). February 21 involved SHA-3-512 migration work, not the repetitive directive cycles described in the EDE.",2026-04-06 05:30:54.42302+00
b0c7b1ad-d7c2-40e8-8d9f-fcd87afbaa39,dd09ff48-f739-4b0d-9911-a5d395fd3c34,2026-03-07,FACTUAL_ERROR,"resolution, bayesian_note, authoritative_source",Resolution claimed 'zero Replit checkpoint reversions across its entire history' and bayesian_note ended with 'The project's zero-reversion history is the proof.' The authoritative_source cited 'Replit checkpoint history (zero reversions).',Resolution now distinguishes between checkpoint reversions (zero) and git history restorations (used multiple times for file recovery). Bayesian note no longer uses zero-reversion as its concluding proof point. Authoritative source clarified to 'zero checkpoint reversions; git restorations used for file recovery.',"git log --oneline --all | grep -i restore shows multiple git restorations: GitHub workflow files, metadata files, button designs, brand assets. These are surgical file recoveries from git history, not full checkpoint reversions. The distinction: checkpoint reversion discards all work since the snapshot; git restoration recovers specific files while preserving everything else.",,"The founder identified this overclaim: 'we have never reverted, but we have restored some history from Git.' The original language implied no form of rollback ever occurred. In truth, the project never used Replit's checkpoint reversion feature (which would discard all subsequent work), but did use git's history to restore specific files that were dropped or overwritten. Honesty requires acknowledging both facts. Ground: FACTUAL ERROR — the original 'zero reversions' was an overclaim that conflated checkpoint reversion with git restoration.",2026-04-06 05:30:54.42302+00
70118c6e-4455-4df0-afe0-68b9f28a80b6,1ec8d1f9-f166-4be9-81f5-c1ced60f05d8,2026-03-07,FACTUAL_ERROR,bayesian_note,"Marketing instinct (human) favored strong language (validates, ensures, verifies) because it sounds more authoritative. The AI agent implemented the copy without flagging the semantic distinction between passive observation and active validation. Both parties share responsibility — the human for marketing pressure, the AI for not applying the domain expertise it should have.","The overclaim language appeared organically across sessions — neither party specifically directed the use of 'validates' over 'analyzes.' Strong capability language naturally sounds more authoritative and neither human nor AI flagged the semantic distinction until systematic review. Both parties share responsibility — the human for not catching it during review, the AI for not applying the domain expertise it should have. Root cause was absence of a language audit process, not a deliberate decision by either party.","No git commit, chat log, or documented directive exists where the founder instructed the use of marketing language over technical accuracy. The phrase 'marketing instinct (human)' was authored by the AI agent as root-cause analysis in EVOLUTION.md and presented as if it described a human directive.",,"The original bayesian_note attributed a 'marketing instinct' decision to the human founder. The founder challenged this: he never directed marketing language to override technical accuracy. Search of all session logs and EVOLUTION.md confirms no such directive exists. The AI agent authored the root-cause framing and incorrectly presented it as a human-sourced decision. The overclaim language appeared organically — both parties missed it, neither directed it.",2026-04-06 15:47:46.95094+00
ca1da36c-e63a-436f-977b-62812bffbbe7,dd09ff48-f739-4b0d-9911-a5d395fd3c34,2026-03-07,FACTUAL_ERROR,"date, commit, title, confidence_impact, resolution, bayesian_note",Date: 2026-02-21. Commit: '197 commits on 2026-02-21 (highest single-day volume)'. Title: 'Founder lost analytical perspective during high-pressure debugging session'. The entry originally referenced February 21 as the incident date.,Date: 2026-03-06. Commit: '431 commits across 2026-03-04 through 2026-03-06 (132 + 138 + 161)'. Title: 'Founder lost analytical perspective during high-pressure multi-day session'. The entry now references the actual three-day intensive session.,"git log --since=2026-02-28 --format=%ad --date=short | sort | uniq -c: March 4 = 132, March 5 = 138, March 6 = 161 (total 431). The founder stated the incident was 'within the last six or seven days' on March 7, 2026. February 21 was a different high-volume day (197 commits) involving different work (SHA-3-512 migration, download verification).",,"The AI agent initially identified February 21 as the date because it had the highest single-day commit count. The founder corrected this: the repetitive-message session was March 4–6, not February 21. Git commit history confirms March 4–6 as the highest sustained volume (431 commits over 3 days). February 21 involved SHA-3-512 migration work, not the repetitive directive cycles described in the EDE.",2026-04-06 15:47:46.95094+00
1a7b6298-384b-4591-b0cd-24b36e69c5a8,dd09ff48-f739-4b0d-9911-a5d395fd3c34,2026-03-07,FACTUAL_ERROR,"resolution, bayesian_note, authoritative_source",Resolution claimed 'zero Replit checkpoint reversions across its entire history' and bayesian_note ended with 'The project's zero-reversion history is the proof.' The authoritative_source cited 'Replit checkpoint history (zero reversions).',Resolution now distinguishes between checkpoint reversions (zero) and git history restorations (used multiple times for file recovery). Bayesian note no longer uses zero-reversion as its concluding proof point. Authoritative source clarified to 'zero checkpoint reversions; git restorations used for file recovery.',"git log --oneline --all | grep -i restore shows multiple git restorations: GitHub workflow files, metadata files, button designs, brand assets. These are surgical file recoveries from git history, not full checkpoint reversions. The distinction: checkpoint reversion discards all work since the snapshot; git restoration recovers specific files while preserving everything else.",,"The founder identified this overclaim: 'we have never reverted, but we have restored some history from Git.' The original language implied no form of rollback ever occurred. In truth, the project never used Replit's checkpoint reversion feature (which would discard all subsequent work), but did use git's history to restore specific files that were dropped or overwritten. Honesty requires acknowledging both facts. Ground: FACTUAL ERROR — the original 'zero reversions' was an overclaim that conflated checkpoint reversion with git restoration.",2026-04-06 15:47:46.95094+00
ecc4818d-9e05-40d3-a5d1-e8c046fa65fb,1ec8d1f9-f166-4be9-81f5-c1ced60f05d8,2026-03-07,FACTUAL_ERROR,bayesian_note,"Marketing instinct (human) favored strong language (validates, ensures, verifies) because it sounds more authoritative. The AI agent implemented the copy without flagging the semantic distinction between passive observation and active validation. Both parties share responsibility — the human for marketing pressure, the AI for not applying the domain expertise it should have.","The overclaim language appeared organically across sessions — neither party specifically directed the use of 'validates' over 'analyzes.' Strong capability language naturally sounds more authoritative and neither human nor AI flagged the semantic distinction until systematic review. Both parties share responsibility — the human for not catching it during review, the AI for not applying the domain expertise it should have. Root cause was absence of a language audit process, not a deliberate decision by either party.","No git commit, chat log, or documented directive exists where the founder instructed the use of marketing language over technical accuracy. The phrase 'marketing instinct (human)' was authored by the AI agent as root-cause analysis in EVOLUTION.md and presented as if it described a human directive.",,"The original bayesian_note attributed a 'marketing instinct' decision to the human founder. The founder challenged this: he never directed marketing language to override technical accuracy. Search of all session logs and EVOLUTION.md confirms no such directive exists. The AI agent authored the root-cause framing and incorrectly presented it as a human-sourced decision. The overclaim language appeared organically — both parties missed it, neither directed it.",2026-04-07 01:02:40.427853+00
806ed825-7cb0-4b10-b5be-6b82d3d5feb3,dd09ff48-f739-4b0d-9911-a5d395fd3c34,2026-03-07,FACTUAL_ERROR,"date, commit, title, confidence_impact, resolution, bayesian_note",Date: 2026-02-21. Commit: '197 commits on 2026-02-21 (highest single-day volume)'. Title: 'Founder lost analytical perspective during high-pressure debugging session'. The entry originally referenced February 21 as the incident date.,Date: 2026-03-06. Commit: '431 commits across 2026-03-04 through 2026-03-06 (132 + 138 + 161)'. Title: 'Founder lost analytical perspective during high-pressure multi-day session'. The entry now references the actual three-day intensive session.,"git log --since=2026-02-28 --format=%ad --date=short | sort | uniq -c: March 4 = 132, March 5 = 138, March 6 = 161 (total 431). The founder stated the incident was 'within the last six or seven days' on March 7, 2026. February 21 was a different high-volume day (197 commits) involving different work (SHA-3-512 migration, download verification).",,"The AI agent initially identified February 21 as the date because it had the highest single-day commit count. The founder corrected this: the repetitive-message session was March 4–6, not February 21. Git commit history confirms March 4–6 as the highest sustained volume (431 commits over 3 days). February 21 involved SHA-3-512 migration work, not the repetitive directive cycles described in the EDE.",2026-04-07 01:02:40.427853+00
b6da7c7a-0972-44ce-a75b-75bd371056f7,dd09ff48-f739-4b0d-9911-a5d395fd3c34,2026-03-07,FACTUAL_ERROR,"resolution, bayesian_note, authoritative_source",Resolution claimed 'zero Replit checkpoint reversions across its entire history' and bayesian_note ended with 'The project's zero-reversion history is the proof.' The authoritative_source cited 'Replit checkpoint history (zero reversions).',Resolution now distinguishes between checkpoint reversions (zero) and git history restorations (used multiple times for file recovery). Bayesian note no longer uses zero-reversion as its concluding proof point. Authoritative source clarified to 'zero checkpoint reversions; git restorations used for file recovery.',"git log --oneline --all | grep -i restore shows multiple git restorations: GitHub workflow files, metadata files, button designs, brand assets. These are surgical file recoveries from git history, not full checkpoint reversions. The distinction: checkpoint reversion discards all work since the snapshot; git restoration recovers specific files while preserving everything else.",,"The founder identified this overclaim: 'we have never reverted, but we have restored some history from Git.' The original language implied no form of rollback ever occurred. In truth, the project never used Replit's checkpoint reversion feature (which would discard all subsequent work), but did use git's history to restore specific files that were dropped or overwritten. Honesty requires acknowledging both facts. Ground: FACTUAL ERROR — the original 'zero reversions' was an overclaim that conflated checkpoint reversion with git restoration.",2026-04-07 01:02:40.427853+00
873c7f8e-62f2-4ce2-95e2-55d3bbc127de,1ec8d1f9-f166-4be9-81f5-c1ced60f05d8,2026-03-07,FACTUAL_ERROR,bayesian_note,"Marketing instinct (human) favored strong language (validates, ensures, verifies) because it sounds more authoritative. The AI agent implemented the copy without flagging the semantic distinction between passive observation and active validation. Both parties share responsibility — the human for marketing pressure, the AI for not applying the domain expertise it should have.","The overclaim language appeared organically across sessions — neither party specifically directed the use of 'validates' over 'analyzes.' Strong capability language naturally sounds more authoritative and neither human nor AI flagged the semantic distinction until systematic review. Both parties share responsibility — the human for not catching it during review, the AI for not applying the domain expertise it should have. Root cause was absence of a language audit process, not a deliberate decision by either party.","No git commit, chat log, or documented directive exists where the founder instructed the use of marketing language over technical accuracy. The phrase 'marketing instinct (human)' was authored by the AI agent as root-cause analysis in EVOLUTION.md and presented as if it described a human directive.",,"The original bayesian_note attributed a 'marketing instinct' decision to the human founder. The founder challenged this: he never directed marketing language to override technical accuracy. Search of all session logs and EVOLUTION.md confirms no such directive exists. The AI agent authored the root-cause framing and incorrectly presented it as a human-sourced decision. The overclaim language appeared organically — both parties missed it, neither directed it.",2026-04-07 01:22:56.956431+00
265fe00b-76d5-42db-8e79-7436fe7f5c0e,dd09ff48-f739-4b0d-9911-a5d395fd3c34,2026-03-07,FACTUAL_ERROR,"date, commit, title, confidence_impact, resolution, bayesian_note",Date: 2026-02-21. Commit: '197 commits on 2026-02-21 (highest single-day volume)'. Title: 'Founder lost analytical perspective during high-pressure debugging session'. The entry originally referenced February 21 as the incident date.,Date: 2026-03-06. Commit: '431 commits across 2026-03-04 through 2026-03-06 (132 + 138 + 161)'. Title: 'Founder lost analytical perspective during high-pressure multi-day session'. The entry now references the actual three-day intensive session.,"git log --since=2026-02-28 --format=%ad --date=short | sort | uniq -c: March 4 = 132, March 5 = 138, March 6 = 161 (total 431). The founder stated the incident was 'within the last six or seven days' on March 7, 2026. February 21 was a different high-volume day (197 commits) involving different work (SHA-3-512 migration, download verification).",,"The AI agent initially identified February 21 as the date because it had the highest single-day commit count. The founder corrected this: the repetitive-message session was March 4–6, not February 21. Git commit history confirms March 4–6 as the highest sustained volume (431 commits over 3 days). February 21 involved SHA-3-512 migration work, not the repetitive directive cycles described in the EDE.",2026-04-07 01:22:56.956431+00
c920fde0-a6dd-4c30-ac3c-4cea2d58e69a,dd09ff48-f739-4b0d-9911-a5d395fd3c34,2026-03-07,FACTUAL_ERROR,"resolution, bayesian_note, authoritative_source",Resolution claimed 'zero Replit checkpoint reversions across its entire history' and bayesian_note ended with 'The project's zero-reversion history is the proof.' The authoritative_source cited 'Replit checkpoint history (zero reversions).',Resolution now distinguishes between checkpoint reversions (zero) and git history restorations (used multiple times for file recovery). Bayesian note no longer uses zero-reversion as its concluding proof point. Authoritative source clarified to 'zero checkpoint reversions; git restorations used for file recovery.',"git log --oneline --all | grep -i restore shows multiple git restorations: GitHub workflow files, metadata files, button designs, brand assets. These are surgical file recoveries from git history, not full checkpoint reversions. The distinction: checkpoint reversion discards all work since the snapshot; git restoration recovers specific files while preserving everything else.",,"The founder identified this overclaim: 'we have never reverted, but we have restored some history from Git.' The original language implied no form of rollback ever occurred. In truth, the project never used Replit's checkpoint reversion feature (which would discard all subsequent work), but did use git's history to restore specific files that were dropped or overwritten. Honesty requires acknowledging both facts. Ground: FACTUAL ERROR — the original 'zero reversions' was an overclaim that conflated checkpoint reversion with git restoration.",2026-04-07 01:22:56.956431+00
2c66e59b-fa1c-4fe3-a5b1-9209211c19f4,1ec8d1f9-f166-4be9-81f5-c1ced60f05d8,2026-03-07,FACTUAL_ERROR,bayesian_note,"Marketing instinct (human) favored strong language (validates, ensures, verifies) because it sounds more authoritative. The AI agent implemented the copy without flagging the semantic distinction between passive observation and active validation. Both parties share responsibility — the human for marketing pressure, the AI for not applying the domain expertise it should have.","The overclaim language appeared organically across sessions — neither party specifically directed the use of 'validates' over 'analyzes.' Strong capability language naturally sounds more authoritative and neither human nor AI flagged the semantic distinction until systematic review. Both parties share responsibility — the human for not catching it during review, the AI for not applying the domain expertise it should have. Root cause was absence of a language audit process, not a deliberate decision by either party.","No git commit, chat log, or documented directive exists where the founder instructed the use of marketing language over technical accuracy. The phrase 'marketing instinct (human)' was authored by the AI agent as root-cause analysis in EVOLUTION.md and presented as if it described a human directive.",,"The original bayesian_note attributed a 'marketing instinct' decision to the human founder. The founder challenged this: he never directed marketing language to override technical accuracy. Search of all session logs and EVOLUTION.md confirms no such directive exists. The AI agent authored the root-cause framing and incorrectly presented it as a human-sourced decision. The overclaim language appeared organically — both parties missed it, neither directed it.",2026-04-07 02:04:11.064097+00
5f17d64a-ebf9-4d9b-b17d-80c6db3e1b1a,dd09ff48-f739-4b0d-9911-a5d395fd3c34,2026-03-07,FACTUAL_ERROR,"date, commit, title, confidence_impact, resolution, bayesian_note",Date: 2026-02-21. Commit: '197 commits on 2026-02-21 (highest single-day volume)'. Title: 'Founder lost analytical perspective during high-pressure debugging session'. The entry originally referenced February 21 as the incident date.,Date: 2026-03-06. Commit: '431 commits across 2026-03-04 through 2026-03-06 (132 + 138 + 161)'. Title: 'Founder lost analytical perspective during high-pressure multi-day session'. The entry now references the actual three-day intensive session.,"git log --since=2026-02-28 --format=%ad --date=short | sort | uniq -c: March 4 = 132, March 5 = 138, March 6 = 161 (total 431). The founder stated the incident was 'within the last six or seven days' on March 7, 2026. February 21 was a different high-volume day (197 commits) involving different work (SHA-3-512 migration, download verification).",,"The AI agent initially identified February 21 as the date because it had the highest single-day commit count. The founder corrected this: the repetitive-message session was March 4–6, not February 21. Git commit history confirms March 4–6 as the highest sustained volume (431 commits over 3 days). February 21 involved SHA-3-512 migration work, not the repetitive directive cycles described in the EDE.",2026-04-07 02:04:11.064097+00
00221df6-9f17-4255-998b-82ceeca3853f,dd09ff48-f739-4b0d-9911-a5d395fd3c34,2026-03-07,FACTUAL_ERROR,"resolution, bayesian_note, authoritative_source",Resolution claimed 'zero Replit checkpoint reversions across its entire history' and bayesian_note ended with 'The project's zero-reversion history is the proof.' The authoritative_source cited 'Replit checkpoint history (zero reversions).',Resolution now distinguishes between checkpoint reversions (zero) and git history restorations (used multiple times for file recovery). Bayesian note no longer uses zero-reversion as its concluding proof point. Authoritative source clarified to 'zero checkpoint reversions; git restorations used for file recovery.',"git log --oneline --all | grep -i restore shows multiple git restorations: GitHub workflow files, metadata files, button designs, brand assets. These are surgical file recoveries from git history, not full checkpoint reversions. The distinction: checkpoint reversion discards all work since the snapshot; git restoration recovers specific files while preserving everything else.",,"The founder identified this overclaim: 'we have never reverted, but we have restored some history from Git.' The original language implied no form of rollback ever occurred. In truth, the project never used Replit's checkpoint reversion feature (which would discard all subsequent work), but did use git's history to restore specific files that were dropped or overwritten. Honesty requires acknowledging both facts. Ground: FACTUAL ERROR — the original 'zero reversions' was an overclaim that conflated checkpoint reversion with git restoration.",2026-04-07 02:04:11.064097+00
44f32b12-4f84-43ff-a54f-3feb80b5f721,1ec8d1f9-f166-4be9-81f5-c1ced60f05d8,2026-03-07,FACTUAL_ERROR,bayesian_note,"Marketing instinct (human) favored strong language (validates, ensures, verifies) because it sounds more authoritative. The AI agent implemented the copy without flagging the semantic distinction between passive observation and active validation. Both parties share responsibility — the human for marketing pressure, the AI for not applying the domain expertise it should have.","The overclaim language appeared organically across sessions — neither party specifically directed the use of 'validates' over 'analyzes.' Strong capability language naturally sounds more authoritative and neither human nor AI flagged the semantic distinction until systematic review. Both parties share responsibility — the human for not catching it during review, the AI for not applying the domain expertise it should have. Root cause was absence of a language audit process, not a deliberate decision by either party.","No git commit, chat log, or documented directive exists where the founder instructed the use of marketing language over technical accuracy. The phrase 'marketing instinct (human)' was authored by the AI agent as root-cause analysis in EVOLUTION.md and presented as if it described a human directive.",,"The original bayesian_note attributed a 'marketing instinct' decision to the human founder. The founder challenged this: he never directed marketing language to override technical accuracy. Search of all session logs and EVOLUTION.md confirms no such directive exists. The AI agent authored the root-cause framing and incorrectly presented it as a human-sourced decision. The overclaim language appeared organically — both parties missed it, neither directed it.",2026-04-07 02:28:58.297136+00
b1103bf6-ecd2-4dfe-a35b-593c66328df9,dd09ff48-f739-4b0d-9911-a5d395fd3c34,2026-03-07,FACTUAL_ERROR,"date, commit, title, confidence_impact, resolution, bayesian_note",Date: 2026-02-21. Commit: '197 commits on 2026-02-21 (highest single-day volume)'. Title: 'Founder lost analytical perspective during high-pressure debugging session'. The entry originally referenced February 21 as the incident date.,Date: 2026-03-06. Commit: '431 commits across 2026-03-04 through 2026-03-06 (132 + 138 + 161)'. Title: 'Founder lost analytical perspective during high-pressure multi-day session'. The entry now references the actual three-day intensive session.,"git log --since=2026-02-28 --format=%ad --date=short | sort | uniq -c: March 4 = 132, March 5 = 138, March 6 = 161 (total 431). The founder stated the incident was 'within the last six or seven days' on March 7, 2026. February 21 was a different high-volume day (197 commits) involving different work (SHA-3-512 migration, download verification).",,"The AI agent initially identified February 21 as the date because it had the highest single-day commit count. The founder corrected this: the repetitive-message session was March 4–6, not February 21. Git commit history confirms March 4–6 as the highest sustained volume (431 commits over 3 days). February 21 involved SHA-3-512 migration work, not the repetitive directive cycles described in the EDE.",2026-04-07 02:28:58.297136+00
8c4fc2b5-9f1e-40f2-bbd2-6aa53c9505d7,dd09ff48-f739-4b0d-9911-a5d395fd3c34,2026-03-07,FACTUAL_ERROR,"resolution, bayesian_note, authoritative_source",Resolution claimed 'zero Replit checkpoint reversions across its entire history' and bayesian_note ended with 'The project's zero-reversion history is the proof.' The authoritative_source cited 'Replit checkpoint history (zero reversions).',Resolution now distinguishes between checkpoint reversions (zero) and git history restorations (used multiple times for file recovery). Bayesian note no longer uses zero-reversion as its concluding proof point. Authoritative source clarified to 'zero checkpoint reversions; git restorations used for file recovery.',"git log --oneline --all | grep -i restore shows multiple git restorations: GitHub workflow files, metadata files, button designs, brand assets. These are surgical file recoveries from git history, not full checkpoint reversions. The distinction: checkpoint reversion discards all work since the snapshot; git restoration recovers specific files while preserving everything else.",,"The founder identified this overclaim: 'we have never reverted, but we have restored some history from Git.' The original language implied no form of rollback ever occurred. In truth, the project never used Replit's checkpoint reversion feature (which would discard all subsequent work), but did use git's history to restore specific files that were dropped or overwritten. Honesty requires acknowledging both facts. Ground: FACTUAL ERROR — the original 'zero reversions' was an overclaim that conflated checkpoint reversion with git restoration.",2026-04-07 02:28:58.297136+00
ec9c93f8-2c60-4276-b754-85376c7c84ae,1ec8d1f9-f166-4be9-81f5-c1ced60f05d8,2026-03-07,FACTUAL_ERROR,bayesian_note,"Marketing instinct (human) favored strong language (validates, ensures, verifies) because it sounds more authoritative. The AI agent implemented the copy without flagging the semantic distinction between passive observation and active validation. Both parties share responsibility — the human for marketing pressure, the AI for not applying the domain expertise it should have.","The overclaim language appeared organically across sessions — neither party specifically directed the use of 'validates' over 'analyzes.' Strong capability language naturally sounds more authoritative and neither human nor AI flagged the semantic distinction until systematic review. Both parties share responsibility — the human for not catching it during review, the AI for not applying the domain expertise it should have. Root cause was absence of a language audit process, not a deliberate decision by either party.","No git commit, chat log, or documented directive exists where the founder instructed the use of marketing language over technical accuracy. The phrase 'marketing instinct (human)' was authored by the AI agent as root-cause analysis in EVOLUTION.md and presented as if it described a human directive.",,"The original bayesian_note attributed a 'marketing instinct' decision to the human founder. The founder challenged this: he never directed marketing language to override technical accuracy. Search of all session logs and EVOLUTION.md confirms no such directive exists. The AI agent authored the root-cause framing and incorrectly presented it as a human-sourced decision. The overclaim language appeared organically — both parties missed it, neither directed it.",2026-04-07 02:52:24.167671+00
68cf3cbb-87da-4d60-b52b-ed8ccdc95897,dd09ff48-f739-4b0d-9911-a5d395fd3c34,2026-03-07,FACTUAL_ERROR,"date, commit, title, confidence_impact, resolution, bayesian_note",Date: 2026-02-21. Commit: '197 commits on 2026-02-21 (highest single-day volume)'. Title: 'Founder lost analytical perspective during high-pressure debugging session'. The entry originally referenced February 21 as the incident date.,Date: 2026-03-06. Commit: '431 commits across 2026-03-04 through 2026-03-06 (132 + 138 + 161)'. Title: 'Founder lost analytical perspective during high-pressure multi-day session'. The entry now references the actual three-day intensive session.,"git log --since=2026-02-28 --format=%ad --date=short | sort | uniq -c: March 4 = 132, March 5 = 138, March 6 = 161 (total 431). The founder stated the incident was 'within the last six or seven days' on March 7, 2026. February 21 was a different high-volume day (197 commits) involving different work (SHA-3-512 migration, download verification).",,"The AI agent initially identified February 21 as the date because it had the highest single-day commit count. The founder corrected this: the repetitive-message session was March 4–6, not February 21. Git commit history confirms March 4–6 as the highest sustained volume (431 commits over 3 days). February 21 involved SHA-3-512 migration work, not the repetitive directive cycles described in the EDE.",2026-04-07 02:52:24.167671+00
baf2f6a1-435d-4125-96f9-43cf30f3576d,dd09ff48-f739-4b0d-9911-a5d395fd3c34,2026-03-07,FACTUAL_ERROR,"resolution, bayesian_note, authoritative_source",Resolution claimed 'zero Replit checkpoint reversions across its entire history' and bayesian_note ended with 'The project's zero-reversion history is the proof.' The authoritative_source cited 'Replit checkpoint history (zero reversions).',Resolution now distinguishes between checkpoint reversions (zero) and git history restorations (used multiple times for file recovery). Bayesian note no longer uses zero-reversion as its concluding proof point. Authoritative source clarified to 'zero checkpoint reversions; git restorations used for file recovery.',"git log --oneline --all | grep -i restore shows multiple git restorations: GitHub workflow files, metadata files, button designs, brand assets. These are surgical file recoveries from git history, not full checkpoint reversions. The distinction: checkpoint reversion discards all work since the snapshot; git restoration recovers specific files while preserving everything else.",,"The founder identified this overclaim: 'we have never reverted, but we have restored some history from Git.' The original language implied no form of rollback ever occurred. In truth, the project never used Replit's checkpoint reversion feature (which would discard all subsequent work), but did use git's history to restore specific files that were dropped or overwritten. Honesty requires acknowledging both facts. Ground: FACTUAL ERROR — the original 'zero reversions' was an overclaim that conflated checkpoint reversion with git restoration.",2026-04-07 02:52:24.167671+00
610200c4-ee9d-43b0-86ec-3ba4d8a7df42,1ec8d1f9-f166-4be9-81f5-c1ced60f05d8,2026-03-07,FACTUAL_ERROR,bayesian_note,"Marketing instinct (human) favored strong language (validates, ensures, verifies) because it sounds more authoritative. The AI agent implemented the copy without flagging the semantic distinction between passive observation and active validation. Both parties share responsibility — the human for marketing pressure, the AI for not applying the domain expertise it should have.","The overclaim language appeared organically across sessions — neither party specifically directed the use of 'validates' over 'analyzes.' Strong capability language naturally sounds more authoritative and neither human nor AI flagged the semantic distinction until systematic review. Both parties share responsibility — the human for not catching it during review, the AI for not applying the domain expertise it should have. Root cause was absence of a language audit process, not a deliberate decision by either party.","No git commit, chat log, or documented directive exists where the founder instructed the use of marketing language over technical accuracy. The phrase 'marketing instinct (human)' was authored by the AI agent as root-cause analysis in EVOLUTION.md and presented as if it described a human directive.",,"The original bayesian_note attributed a 'marketing instinct' decision to the human founder. The founder challenged this: he never directed marketing language to override technical accuracy. Search of all session logs and EVOLUTION.md confirms no such directive exists. The AI agent authored the root-cause framing and incorrectly presented it as a human-sourced decision. The overclaim language appeared organically — both parties missed it, neither directed it.",2026-04-07 04:32:06.44919+00
4a0ab05f-4788-48a6-8aab-86f6372a8c04,dd09ff48-f739-4b0d-9911-a5d395fd3c34,2026-03-07,FACTUAL_ERROR,"date, commit, title, confidence_impact, resolution, bayesian_note",Date: 2026-02-21. Commit: '197 commits on 2026-02-21 (highest single-day volume)'. Title: 'Founder lost analytical perspective during high-pressure debugging session'. The entry originally referenced February 21 as the incident date.,Date: 2026-03-06. Commit: '431 commits across 2026-03-04 through 2026-03-06 (132 + 138 + 161)'. Title: 'Founder lost analytical perspective during high-pressure multi-day session'. The entry now references the actual three-day intensive session.,"git log --since=2026-02-28 --format=%ad --date=short | sort | uniq -c: March 4 = 132, March 5 = 138, March 6 = 161 (total 431). The founder stated the incident was 'within the last six or seven days' on March 7, 2026. February 21 was a different high-volume day (197 commits) involving different work (SHA-3-512 migration, download verification).",,"The AI agent initially identified February 21 as the date because it had the highest single-day commit count. The founder corrected this: the repetitive-message session was March 4–6, not February 21. Git commit history confirms March 4–6 as the highest sustained volume (431 commits over 3 days). February 21 involved SHA-3-512 migration work, not the repetitive directive cycles described in the EDE.",2026-04-07 04:32:06.44919+00
7d92f38f-f1a6-48b2-a1b0-479ef75f9c74,dd09ff48-f739-4b0d-9911-a5d395fd3c34,2026-03-07,FACTUAL_ERROR,"resolution, bayesian_note, authoritative_source",Resolution claimed 'zero Replit checkpoint reversions across its entire history' and bayesian_note ended with 'The project's zero-reversion history is the proof.' The authoritative_source cited 'Replit checkpoint history (zero reversions).',Resolution now distinguishes between checkpoint reversions (zero) and git history restorations (used multiple times for file recovery). Bayesian note no longer uses zero-reversion as its concluding proof point. Authoritative source clarified to 'zero checkpoint reversions; git restorations used for file recovery.',"git log --oneline --all | grep -i restore shows multiple git restorations: GitHub workflow files, metadata files, button designs, brand assets. These are surgical file recoveries from git history, not full checkpoint reversions. The distinction: checkpoint reversion discards all work since the snapshot; git restoration recovers specific files while preserving everything else.",,"The founder identified this overclaim: 'we have never reverted, but we have restored some history from Git.' The original language implied no form of rollback ever occurred. In truth, the project never used Replit's checkpoint reversion feature (which would discard all subsequent work), but did use git's history to restore specific files that were dropped or overwritten. Honesty requires acknowledging both facts. Ground: FACTUAL ERROR — the original 'zero reversions' was an overclaim that conflated checkpoint reversion with git restoration.",2026-04-07 04:32:06.44919+00
f39dfc62-7c9a-4929-adfa-9a9e4c5aaa60,1ec8d1f9-f166-4be9-81f5-c1ced60f05d8,2026-03-07,FACTUAL_ERROR,bayesian_note,"Marketing instinct (human) favored strong language (validates, ensures, verifies) because it sounds more authoritative. The AI agent implemented the copy without flagging the semantic distinction between passive observation and active validation. Both parties share responsibility — the human for marketing pressure, the AI for not applying the domain expertise it should have.","The overclaim language appeared organically across sessions — neither party specifically directed the use of 'validates' over 'analyzes.' Strong capability language naturally sounds more authoritative and neither human nor AI flagged the semantic distinction until systematic review. Both parties share responsibility — the human for not catching it during review, the AI for not applying the domain expertise it should have. Root cause was absence of a language audit process, not a deliberate decision by either party.","No git commit, chat log, or documented directive exists where the founder instructed the use of marketing language over technical accuracy. The phrase 'marketing instinct (human)' was authored by the AI agent as root-cause analysis in EVOLUTION.md and presented as if it described a human directive.",,"The original bayesian_note attributed a 'marketing instinct' decision to the human founder. The founder challenged this: he never directed marketing language to override technical accuracy. Search of all session logs and EVOLUTION.md confirms no such directive exists. The AI agent authored the root-cause framing and incorrectly presented it as a human-sourced decision. The overclaim language appeared organically — both parties missed it, neither directed it.",2026-04-07 07:03:19.786894+00
eb9638b2-43d0-4e36-9663-47c6e3488477,dd09ff48-f739-4b0d-9911-a5d395fd3c34,2026-03-07,FACTUAL_ERROR,"date, commit, title, confidence_impact, resolution, bayesian_note",Date: 2026-02-21. Commit: '197 commits on 2026-02-21 (highest single-day volume)'. Title: 'Founder lost analytical perspective during high-pressure debugging session'. The entry originally referenced February 21 as the incident date.,Date: 2026-03-06. Commit: '431 commits across 2026-03-04 through 2026-03-06 (132 + 138 + 161)'. Title: 'Founder lost analytical perspective during high-pressure multi-day session'. The entry now references the actual three-day intensive session.,"git log --since=2026-02-28 --format=%ad --date=short | sort | uniq -c: March 4 = 132, March 5 = 138, March 6 = 161 (total 431). The founder stated the incident was 'within the last six or seven days' on March 7, 2026. February 21 was a different high-volume day (197 commits) involving different work (SHA-3-512 migration, download verification).",,"The AI agent initially identified February 21 as the date because it had the highest single-day commit count. The founder corrected this: the repetitive-message session was March 4–6, not February 21. Git commit history confirms March 4–6 as the highest sustained volume (431 commits over 3 days). February 21 involved SHA-3-512 migration work, not the repetitive directive cycles described in the EDE.",2026-04-07 07:03:19.786894+00
a83ecbe3-486b-4eec-a5fb-5c57f396795f,dd09ff48-f739-4b0d-9911-a5d395fd3c34,2026-03-07,FACTUAL_ERROR,"resolution, bayesian_note, authoritative_source",Resolution claimed 'zero Replit checkpoint reversions across its entire history' and bayesian_note ended with 'The project's zero-reversion history is the proof.' The authoritative_source cited 'Replit checkpoint history (zero reversions).',Resolution now distinguishes between checkpoint reversions (zero) and git history restorations (used multiple times for file recovery). Bayesian note no longer uses zero-reversion as its concluding proof point. Authoritative source clarified to 'zero checkpoint reversions; git restorations used for file recovery.',"git log --oneline --all | grep -i restore shows multiple git restorations: GitHub workflow files, metadata files, button designs, brand assets. These are surgical file recoveries from git history, not full checkpoint reversions. The distinction: checkpoint reversion discards all work since the snapshot; git restoration recovers specific files while preserving everything else.",,"The founder identified this overclaim: 'we have never reverted, but we have restored some history from Git.' The original language implied no form of rollback ever occurred. In truth, the project never used Replit's checkpoint reversion feature (which would discard all subsequent work), but did use git's history to restore specific files that were dropped or overwritten. Honesty requires acknowledging both facts. Ground: FACTUAL ERROR — the original 'zero reversions' was an overclaim that conflated checkpoint reversion with git restoration.",2026-04-07 07:03:19.786894+00
b7a52f22-359c-4d07-9b05-2f260d494d3e,1ec8d1f9-f166-4be9-81f5-c1ced60f05d8,2026-03-07,FACTUAL_ERROR,bayesian_note,"Marketing instinct (human) favored strong language (validates, ensures, verifies) because it sounds more authoritative. The AI agent implemented the copy without flagging the semantic distinction between passive observation and active validation. Both parties share responsibility — the human for marketing pressure, the AI for not applying the domain expertise it should have.","The overclaim language appeared organically across sessions — neither party specifically directed the use of 'validates' over 'analyzes.' Strong capability language naturally sounds more authoritative and neither human nor AI flagged the semantic distinction until systematic review. Both parties share responsibility — the human for not catching it during review, the AI for not applying the domain expertise it should have. Root cause was absence of a language audit process, not a deliberate decision by either party.","No git commit, chat log, or documented directive exists where the founder instructed the use of marketing language over technical accuracy. The phrase 'marketing instinct (human)' was authored by the AI agent as root-cause analysis in EVOLUTION.md and presented as if it described a human directive.",,"The original bayesian_note attributed a 'marketing instinct' decision to the human founder. The founder challenged this: he never directed marketing language to override technical accuracy. Search of all session logs and EVOLUTION.md confirms no such directive exists. The AI agent authored the root-cause framing and incorrectly presented it as a human-sourced decision. The overclaim language appeared organically — both parties missed it, neither directed it.",2026-04-07 07:21:31.16529+00
3c8766a1-7fe2-42f1-8c22-2d9ed9d11dc7,dd09ff48-f739-4b0d-9911-a5d395fd3c34,2026-03-07,FACTUAL_ERROR,"date, commit, title, confidence_impact, resolution, bayesian_note",Date: 2026-02-21. Commit: '197 commits on 2026-02-21 (highest single-day volume)'. Title: 'Founder lost analytical perspective during high-pressure debugging session'. The entry originally referenced February 21 as the incident date.,Date: 2026-03-06. Commit: '431 commits across 2026-03-04 through 2026-03-06 (132 + 138 + 161)'. Title: 'Founder lost analytical perspective during high-pressure multi-day session'. The entry now references the actual three-day intensive session.,"git log --since=2026-02-28 --format=%ad --date=short | sort | uniq -c: March 4 = 132, March 5 = 138, March 6 = 161 (total 431). The founder stated the incident was 'within the last six or seven days' on March 7, 2026. February 21 was a different high-volume day (197 commits) involving different work (SHA-3-512 migration, download verification).",,"The AI agent initially identified February 21 as the date because it had the highest single-day commit count. The founder corrected this: the repetitive-message session was March 4–6, not February 21. Git commit history confirms March 4–6 as the highest sustained volume (431 commits over 3 days). February 21 involved SHA-3-512 migration work, not the repetitive directive cycles described in the EDE.",2026-04-07 07:21:31.16529+00
21fe5a61-209b-475e-adbf-6fcc331041ee,dd09ff48-f739-4b0d-9911-a5d395fd3c34,2026-03-07,FACTUAL_ERROR,"resolution, bayesian_note, authoritative_source",Resolution claimed 'zero Replit checkpoint reversions across its entire history' and bayesian_note ended with 'The project's zero-reversion history is the proof.' The authoritative_source cited 'Replit checkpoint history (zero reversions).',Resolution now distinguishes between checkpoint reversions (zero) and git history restorations (used multiple times for file recovery). Bayesian note no longer uses zero-reversion as its concluding proof point. Authoritative source clarified to 'zero checkpoint reversions; git restorations used for file recovery.',"git log --oneline --all | grep -i restore shows multiple git restorations: GitHub workflow files, metadata files, button designs, brand assets. These are surgical file recoveries from git history, not full checkpoint reversions. The distinction: checkpoint reversion discards all work since the snapshot; git restoration recovers specific files while preserving everything else.",,"The founder identified this overclaim: 'we have never reverted, but we have restored some history from Git.' The original language implied no form of rollback ever occurred. In truth, the project never used Replit's checkpoint reversion feature (which would discard all subsequent work), but did use git's history to restore specific files that were dropped or overwritten. Honesty requires acknowledging both facts. Ground: FACTUAL ERROR — the original 'zero reversions' was an overclaim that conflated checkpoint reversion with git restoration.",2026-04-07 07:21:31.16529+00
a221b45f-d93f-4902-9277-0965767234ff,1ec8d1f9-f166-4be9-81f5-c1ced60f05d8,2026-03-07,FACTUAL_ERROR,bayesian_note,"Marketing instinct (human) favored strong language (validates, ensures, verifies) because it sounds more authoritative. The AI agent implemented the copy without flagging the semantic distinction between passive observation and active validation. Both parties share responsibility — the human for marketing pressure, the AI for not applying the domain expertise it should have.","The overclaim language appeared organically across sessions — neither party specifically directed the use of 'validates' over 'analyzes.' Strong capability language naturally sounds more authoritative and neither human nor AI flagged the semantic distinction until systematic review. Both parties share responsibility — the human for not catching it during review, the AI for not applying the domain expertise it should have. Root cause was absence of a language audit process, not a deliberate decision by either party.","No git commit, chat log, or documented directive exists where the founder instructed the use of marketing language over technical accuracy. The phrase 'marketing instinct (human)' was authored by the AI agent as root-cause analysis in EVOLUTION.md and presented as if it described a human directive.",,"The original bayesian_note attributed a 'marketing instinct' decision to the human founder. The founder challenged this: he never directed marketing language to override technical accuracy. Search of all session logs and EVOLUTION.md confirms no such directive exists. The AI agent authored the root-cause framing and incorrectly presented it as a human-sourced decision. The overclaim language appeared organically — both parties missed it, neither directed it.",2026-04-07 07:40:25.18771+00
dbe6c3b3-d011-4efe-a7f2-9f150df0bf83,dd09ff48-f739-4b0d-9911-a5d395fd3c34,2026-03-07,FACTUAL_ERROR,"date, commit, title, confidence_impact, resolution, bayesian_note",Date: 2026-02-21. Commit: '197 commits on 2026-02-21 (highest single-day volume)'. Title: 'Founder lost analytical perspective during high-pressure debugging session'. The entry originally referenced February 21 as the incident date.,Date: 2026-03-06. Commit: '431 commits across 2026-03-04 through 2026-03-06 (132 + 138 + 161)'. Title: 'Founder lost analytical perspective during high-pressure multi-day session'. The entry now references the actual three-day intensive session.,"git log --since=2026-02-28 --format=%ad --date=short | sort | uniq -c: March 4 = 132, March 5 = 138, March 6 = 161 (total 431). The founder stated the incident was 'within the last six or seven days' on March 7, 2026. February 21 was a different high-volume day (197 commits) involving different work (SHA-3-512 migration, download verification).",,"The AI agent initially identified February 21 as the date because it had the highest single-day commit count. The founder corrected this: the repetitive-message session was March 4–6, not February 21. Git commit history confirms March 4–6 as the highest sustained volume (431 commits over 3 days). February 21 involved SHA-3-512 migration work, not the repetitive directive cycles described in the EDE.",2026-04-07 07:40:25.18771+00
680753d1-ef47-4e88-977e-60a5d48f99e0,dd09ff48-f739-4b0d-9911-a5d395fd3c34,2026-03-07,FACTUAL_ERROR,"resolution, bayesian_note, authoritative_source",Resolution claimed 'zero Replit checkpoint reversions across its entire history' and bayesian_note ended with 'The project's zero-reversion history is the proof.' The authoritative_source cited 'Replit checkpoint history (zero reversions).',Resolution now distinguishes between checkpoint reversions (zero) and git history restorations (used multiple times for file recovery). Bayesian note no longer uses zero-reversion as its concluding proof point. Authoritative source clarified to 'zero checkpoint reversions; git restorations used for file recovery.',"git log --oneline --all | grep -i restore shows multiple git restorations: GitHub workflow files, metadata files, button designs, brand assets. These are surgical file recoveries from git history, not full checkpoint reversions. The distinction: checkpoint reversion discards all work since the snapshot; git restoration recovers specific files while preserving everything else.",,"The founder identified this overclaim: 'we have never reverted, but we have restored some history from Git.' The original language implied no form of rollback ever occurred. In truth, the project never used Replit's checkpoint reversion feature (which would discard all subsequent work), but did use git's history to restore specific files that were dropped or overwritten. Honesty requires acknowledging both facts. Ground: FACTUAL ERROR — the original 'zero reversions' was an overclaim that conflated checkpoint reversion with git restoration.",2026-04-07 07:40:25.18771+00
aaf6af1e-c028-494e-8f21-8a60442187b3,1ec8d1f9-f166-4be9-81f5-c1ced60f05d8,2026-03-07,FACTUAL_ERROR,bayesian_note,"Marketing instinct (human) favored strong language (validates, ensures, verifies) because it sounds more authoritative. The AI agent implemented the copy without flagging the semantic distinction between passive observation and active validation. Both parties share responsibility — the human for marketing pressure, the AI for not applying the domain expertise it should have.","The overclaim language appeared organically across sessions — neither party specifically directed the use of 'validates' over 'analyzes.' Strong capability language naturally sounds more authoritative and neither human nor AI flagged the semantic distinction until systematic review. Both parties share responsibility — the human for not catching it during review, the AI for not applying the domain expertise it should have. Root cause was absence of a language audit process, not a deliberate decision by either party.","No git commit, chat log, or documented directive exists where the founder instructed the use of marketing language over technical accuracy. The phrase 'marketing instinct (human)' was authored by the AI agent as root-cause analysis in EVOLUTION.md and presented as if it described a human directive.",,"The original bayesian_note attributed a 'marketing instinct' decision to the human founder. The founder challenged this: he never directed marketing language to override technical accuracy. Search of all session logs and EVOLUTION.md confirms no such directive exists. The AI agent authored the root-cause framing and incorrectly presented it as a human-sourced decision. The overclaim language appeared organically — both parties missed it, neither directed it.",2026-04-07 08:05:54.403882+00
99379d6e-d519-4f5b-a7ad-03455dceb7c3,dd09ff48-f739-4b0d-9911-a5d395fd3c34,2026-03-07,FACTUAL_ERROR,"date, commit, title, confidence_impact, resolution, bayesian_note",Date: 2026-02-21. Commit: '197 commits on 2026-02-21 (highest single-day volume)'. Title: 'Founder lost analytical perspective during high-pressure debugging session'. The entry originally referenced February 21 as the incident date.,Date: 2026-03-06. Commit: '431 commits across 2026-03-04 through 2026-03-06 (132 + 138 + 161)'. Title: 'Founder lost analytical perspective during high-pressure multi-day session'. The entry now references the actual three-day intensive session.,"git log --since=2026-02-28 --format=%ad --date=short | sort | uniq -c: March 4 = 132, March 5 = 138, March 6 = 161 (total 431). The founder stated the incident was 'within the last six or seven days' on March 7, 2026. February 21 was a different high-volume day (197 commits) involving different work (SHA-3-512 migration, download verification).",,"The AI agent initially identified February 21 as the date because it had the highest single-day commit count. The founder corrected this: the repetitive-message session was March 4–6, not February 21. Git commit history confirms March 4–6 as the highest sustained volume (431 commits over 3 days). February 21 involved SHA-3-512 migration work, not the repetitive directive cycles described in the EDE.",2026-04-07 08:05:54.403882+00
379a7537-444f-4cae-871e-e080d1e6b8d3,dd09ff48-f739-4b0d-9911-a5d395fd3c34,2026-03-07,FACTUAL_ERROR,"resolution, bayesian_note, authoritative_source",Resolution claimed 'zero Replit checkpoint reversions across its entire history' and bayesian_note ended with 'The project's zero-reversion history is the proof.' The authoritative_source cited 'Replit checkpoint history (zero reversions).',Resolution now distinguishes between checkpoint reversions (zero) and git history restorations (used multiple times for file recovery). Bayesian note no longer uses zero-reversion as its concluding proof point. Authoritative source clarified to 'zero checkpoint reversions; git restorations used for file recovery.',"git log --oneline --all | grep -i restore shows multiple git restorations: GitHub workflow files, metadata files, button designs, brand assets. These are surgical file recoveries from git history, not full checkpoint reversions. The distinction: checkpoint reversion discards all work since the snapshot; git restoration recovers specific files while preserving everything else.",,"The founder identified this overclaim: 'we have never reverted, but we have restored some history from Git.' The original language implied no form of rollback ever occurred. In truth, the project never used Replit's checkpoint reversion feature (which would discard all subsequent work), but did use git's history to restore specific files that were dropped or overwritten. Honesty requires acknowledging both facts. Ground: FACTUAL ERROR — the original 'zero reversions' was an overclaim that conflated checkpoint reversion with git restoration.",2026-04-07 08:05:54.403882+00
251c4302-4dad-47e9-9755-e8679133c7eb,1ec8d1f9-f166-4be9-81f5-c1ced60f05d8,2026-03-07,FACTUAL_ERROR,bayesian_note,"Marketing instinct (human) favored strong language (validates, ensures, verifies) because it sounds more authoritative. The AI agent implemented the copy without flagging the semantic distinction between passive observation and active validation. Both parties share responsibility — the human for marketing pressure, the AI for not applying the domain expertise it should have.","The overclaim language appeared organically across sessions — neither party specifically directed the use of 'validates' over 'analyzes.' Strong capability language naturally sounds more authoritative and neither human nor AI flagged the semantic distinction until systematic review. Both parties share responsibility — the human for not catching it during review, the AI for not applying the domain expertise it should have. Root cause was absence of a language audit process, not a deliberate decision by either party.","No git commit, chat log, or documented directive exists where the founder instructed the use of marketing language over technical accuracy. The phrase 'marketing instinct (human)' was authored by the AI agent as root-cause analysis in EVOLUTION.md and presented as if it described a human directive.",,"The original bayesian_note attributed a 'marketing instinct' decision to the human founder. The founder challenged this: he never directed marketing language to override technical accuracy. Search of all session logs and EVOLUTION.md confirms no such directive exists. The AI agent authored the root-cause framing and incorrectly presented it as a human-sourced decision. The overclaim language appeared organically — both parties missed it, neither directed it.",2026-04-08 00:23:44.766073+00
d929c293-b481-4d52-882f-260c20bfc667,dd09ff48-f739-4b0d-9911-a5d395fd3c34,2026-03-07,FACTUAL_ERROR,"date, commit, title, confidence_impact, resolution, bayesian_note",Date: 2026-02-21. Commit: '197 commits on 2026-02-21 (highest single-day volume)'. Title: 'Founder lost analytical perspective during high-pressure debugging session'. The entry originally referenced February 21 as the incident date.,Date: 2026-03-06. Commit: '431 commits across 2026-03-04 through 2026-03-06 (132 + 138 + 161)'. Title: 'Founder lost analytical perspective during high-pressure multi-day session'. The entry now references the actual three-day intensive session.,"git log --since=2026-02-28 --format=%ad --date=short | sort | uniq -c: March 4 = 132, March 5 = 138, March 6 = 161 (total 431). The founder stated the incident was 'within the last six or seven days' on March 7, 2026. February 21 was a different high-volume day (197 commits) involving different work (SHA-3-512 migration, download verification).",,"The AI agent initially identified February 21 as the date because it had the highest single-day commit count. The founder corrected this: the repetitive-message session was March 4–6, not February 21. Git commit history confirms March 4–6 as the highest sustained volume (431 commits over 3 days). February 21 involved SHA-3-512 migration work, not the repetitive directive cycles described in the EDE.",2026-04-08 00:23:44.766073+00
c380c343-e490-4bc7-900f-3ee2dc790ab8,dd09ff48-f739-4b0d-9911-a5d395fd3c34,2026-03-07,FACTUAL_ERROR,"resolution, bayesian_note, authoritative_source",Resolution claimed 'zero Replit checkpoint reversions across its entire history' and bayesian_note ended with 'The project's zero-reversion history is the proof.' The authoritative_source cited 'Replit checkpoint history (zero reversions).',Resolution now distinguishes between checkpoint reversions (zero) and git history restorations (used multiple times for file recovery). Bayesian note no longer uses zero-reversion as its concluding proof point. Authoritative source clarified to 'zero checkpoint reversions; git restorations used for file recovery.',"git log --oneline --all | grep -i restore shows multiple git restorations: GitHub workflow files, metadata files, button designs, brand assets. These are surgical file recoveries from git history, not full checkpoint reversions. The distinction: checkpoint reversion discards all work since the snapshot; git restoration recovers specific files while preserving everything else.",,"The founder identified this overclaim: 'we have never reverted, but we have restored some history from Git.' The original language implied no form of rollback ever occurred. In truth, the project never used Replit's checkpoint reversion feature (which would discard all subsequent work), but did use git's history to restore specific files that were dropped or overwritten. Honesty requires acknowledging both facts. Ground: FACTUAL ERROR — the original 'zero reversions' was an overclaim that conflated checkpoint reversion with git restoration.",2026-04-08 00:23:44.766073+00
3bc2fcb4-234a-4421-83f5-847f40a8a5e9,1ec8d1f9-f166-4be9-81f5-c1ced60f05d8,2026-03-07,FACTUAL_ERROR,bayesian_note,"Marketing instinct (human) favored strong language (validates, ensures, verifies) because it sounds more authoritative. The AI agent implemented the copy without flagging the semantic distinction between passive observation and active validation. Both parties share responsibility — the human for marketing pressure, the AI for not applying the domain expertise it should have.","The overclaim language appeared organically across sessions — neither party specifically directed the use of 'validates' over 'analyzes.' Strong capability language naturally sounds more authoritative and neither human nor AI flagged the semantic distinction until systematic review. Both parties share responsibility — the human for not catching it during review, the AI for not applying the domain expertise it should have. Root cause was absence of a language audit process, not a deliberate decision by either party.","No git commit, chat log, or documented directive exists where the founder instructed the use of marketing language over technical accuracy. The phrase 'marketing instinct (human)' was authored by the AI agent as root-cause analysis in EVOLUTION.md and presented as if it described a human directive.",,"The original bayesian_note attributed a 'marketing instinct' decision to the human founder. The founder challenged this: he never directed marketing language to override technical accuracy. Search of all session logs and EVOLUTION.md confirms no such directive exists. The AI agent authored the root-cause framing and incorrectly presented it as a human-sourced decision. The overclaim language appeared organically — both parties missed it, neither directed it.",2026-04-08 07:04:58.248877+00
685a28b0-a684-447d-b93f-60c46592a15b,dd09ff48-f739-4b0d-9911-a5d395fd3c34,2026-03-07,FACTUAL_ERROR,"date, commit, title, confidence_impact, resolution, bayesian_note",Date: 2026-02-21. Commit: '197 commits on 2026-02-21 (highest single-day volume)'. Title: 'Founder lost analytical perspective during high-pressure debugging session'. The entry originally referenced February 21 as the incident date.,Date: 2026-03-06. Commit: '431 commits across 2026-03-04 through 2026-03-06 (132 + 138 + 161)'. Title: 'Founder lost analytical perspective during high-pressure multi-day session'. The entry now references the actual three-day intensive session.,"git log --since=2026-02-28 --format=%ad --date=short | sort | uniq -c: March 4 = 132, March 5 = 138, March 6 = 161 (total 431). The founder stated the incident was 'within the last six or seven days' on March 7, 2026. February 21 was a different high-volume day (197 commits) involving different work (SHA-3-512 migration, download verification).",,"The AI agent initially identified February 21 as the date because it had the highest single-day commit count. The founder corrected this: the repetitive-message session was March 4–6, not February 21. Git commit history confirms March 4–6 as the highest sustained volume (431 commits over 3 days). February 21 involved SHA-3-512 migration work, not the repetitive directive cycles described in the EDE.",2026-04-08 07:04:58.248877+00
f58180d9-9b13-40b6-ad58-3a75729a98e8,dd09ff48-f739-4b0d-9911-a5d395fd3c34,2026-03-07,FACTUAL_ERROR,"resolution, bayesian_note, authoritative_source",Resolution claimed 'zero Replit checkpoint reversions across its entire history' and bayesian_note ended with 'The project's zero-reversion history is the proof.' The authoritative_source cited 'Replit checkpoint history (zero reversions).',Resolution now distinguishes between checkpoint reversions (zero) and git history restorations (used multiple times for file recovery). Bayesian note no longer uses zero-reversion as its concluding proof point. Authoritative source clarified to 'zero checkpoint reversions; git restorations used for file recovery.',"git log --oneline --all | grep -i restore shows multiple git restorations: GitHub workflow files, metadata files, button designs, brand assets. These are surgical file recoveries from git history, not full checkpoint reversions. The distinction: checkpoint reversion discards all work since the snapshot; git restoration recovers specific files while preserving everything else.",,"The founder identified this overclaim: 'we have never reverted, but we have restored some history from Git.' The original language implied no form of rollback ever occurred. In truth, the project never used Replit's checkpoint reversion feature (which would discard all subsequent work), but did use git's history to restore specific files that were dropped or overwritten. Honesty requires acknowledging both facts. Ground: FACTUAL ERROR — the original 'zero reversions' was an overclaim that conflated checkpoint reversion with git restoration.",2026-04-08 07:04:58.248877+00
