id,finding_id,actor,event_type,from_status,to_status,commit_sha,note_md,created_at
4882c2fb-a806-4ca7-8ba1-d443217910dd,e89e79f9-5bf3-4a98-b722-636e32651564,Agent,status_change,,RENDERED,pending-sync,Migrated from legacy rendition log. Fix applied and verified.,2026-03-18 20:01:48.235122+00
e3fe99b4-2aea-41ac-b6d0-5e8ad0002c2e,fa7a4b51-9448-4c94-a4dc-87107db61bd4,Agent,status_change,,RENDERED,pending-sync,Migrated from legacy rendition log. Fix applied and verified.,2026-03-18 20:01:52.628391+00
d4a5d123-e289-4abf-a88b-526b2574c759,fc27ade0-03dc-4cd4-878d-fb20f23de309,Agent,status_change,,RENDERED,pending-sync,Migrated from legacy rendition log. Fix applied and verified.,2026-03-18 20:01:56.602916+00
8e0b60c1-13a1-4ca5-9daa-c58f64d678e7,f724a954-3d36-4524-9b97-6276ab8b3a06,Agent,status_change,,RENDERED,pending-sync,Migrated from legacy rendition log. Fix applied and verified.,2026-03-18 20:02:00.779591+00
fb41c76b-afcc-4d3f-9712-577727cc4648,5282ff74-4ecf-457b-8ca9-ca7dc101aec4,Agent,status_change,,RENDERED,pending-sync,Migrated from legacy rendition log. Fix applied and verified.,2026-03-18 20:02:04.972128+00
e34e5a4e-d261-426d-8f99-91d62c5421ba,c764c32d-4a18-46e2-8548-56b1002b2423,Agent,status_change,,RENDERED,pending-sync,Migrated from legacy rendition log. Fix applied and verified.,2026-03-18 20:02:08.964623+00
e6dd4864-3a52-41ef-b15a-3e8cb7b726b4,ea3ce361-556e-4700-a966-def5d89f2a3f,Agent,status_change,,RENDERED,pending-sync,Migrated from legacy rendition log. Fix applied and verified.,2026-03-18 20:02:12.871533+00
6d18c3d0-4604-4bd8-9233-e8c26c7543c7,d5ddb993-5176-4de7-b079-3bd33cd639a9,Agent,status_change,,RENDERED,pending-sync,Migrated from legacy rendition log. Fix applied and verified.,2026-03-18 20:02:17.026331+00
3d304694-985d-4d4b-a59e-858bdd7f60cf,e89e79f9-5bf3-4a98-b722-636e32651564,Agent,status_change,,RENDERED,pending-sync,Migrated from legacy rendition log. Fix applied and verified.,2026-03-18 20:01:48.235122+00
1f8910ea-1ce4-419e-8e0f-7aaf8e7dc5a4,fa7a4b51-9448-4c94-a4dc-87107db61bd4,Agent,status_change,,RENDERED,pending-sync,Migrated from legacy rendition log. Fix applied and verified.,2026-03-18 20:01:52.628391+00
9b413310-ec22-47b9-b01a-f0c536cff357,fc27ade0-03dc-4cd4-878d-fb20f23de309,Agent,status_change,,RENDERED,pending-sync,Migrated from legacy rendition log. Fix applied and verified.,2026-03-18 20:01:56.602916+00
1887845a-c5b6-48e3-b225-a6050de770c6,f724a954-3d36-4524-9b97-6276ab8b3a06,Agent,status_change,,RENDERED,pending-sync,Migrated from legacy rendition log. Fix applied and verified.,2026-03-18 20:02:00.779591+00
d4b53d11-b57a-45b5-a42d-d6bf40162ead,5282ff74-4ecf-457b-8ca9-ca7dc101aec4,Agent,status_change,,RENDERED,pending-sync,Migrated from legacy rendition log. Fix applied and verified.,2026-03-18 20:02:04.972128+00
f2d19b5e-9c50-4d7a-95bf-353411c3c609,c764c32d-4a18-46e2-8548-56b1002b2423,Agent,status_change,,RENDERED,pending-sync,Migrated from legacy rendition log. Fix applied and verified.,2026-03-18 20:02:08.964623+00
06703159-02d7-4d3c-9726-f93ccd6454aa,ea3ce361-556e-4700-a966-def5d89f2a3f,Agent,status_change,,RENDERED,pending-sync,Migrated from legacy rendition log. Fix applied and verified.,2026-03-18 20:02:12.871533+00
0d85419f-8ca5-4776-a5d3-c648f4eb6432,d5ddb993-5176-4de7-b079-3bd33cd639a9,Agent,status_change,,RENDERED,pending-sync,Migrated from legacy rendition log. Fix applied and verified.,2026-03-18 20:02:17.026331+00
c13f5c38-4ff3-4d9d-856c-cb813d2bcb0f,e89e79f9-5bf3-4a98-b722-636e32651564,Agent,status_change,,RENDERED,pending-sync,Migrated from legacy rendition log. Fix applied and verified.,2026-03-18 20:01:48.235122+00
317c814a-5d23-4936-8ab6-4d41e517f794,fa7a4b51-9448-4c94-a4dc-87107db61bd4,Agent,status_change,,RENDERED,pending-sync,Migrated from legacy rendition log. Fix applied and verified.,2026-03-18 20:01:52.628391+00
7f4ac422-8350-4c6a-9b0c-9870e866008c,fc27ade0-03dc-4cd4-878d-fb20f23de309,Agent,status_change,,RENDERED,pending-sync,Migrated from legacy rendition log. Fix applied and verified.,2026-03-18 20:01:56.602916+00
1b1f7cde-0252-4f20-8734-48f188c20421,f724a954-3d36-4524-9b97-6276ab8b3a06,Agent,status_change,,RENDERED,pending-sync,Migrated from legacy rendition log. Fix applied and verified.,2026-03-18 20:02:00.779591+00
f6f164e0-f97b-4abf-902a-dff97c82a8f9,5282ff74-4ecf-457b-8ca9-ca7dc101aec4,Agent,status_change,,RENDERED,pending-sync,Migrated from legacy rendition log. Fix applied and verified.,2026-03-18 20:02:04.972128+00
3bef4fcc-eca0-4d66-8700-18ef20a9d132,c764c32d-4a18-46e2-8548-56b1002b2423,Agent,status_change,,RENDERED,pending-sync,Migrated from legacy rendition log. Fix applied and verified.,2026-03-18 20:02:08.964623+00
96bcbb03-9fbf-4a56-9793-8c337e471766,ea3ce361-556e-4700-a966-def5d89f2a3f,Agent,status_change,,RENDERED,pending-sync,Migrated from legacy rendition log. Fix applied and verified.,2026-03-18 20:02:12.871533+00
b16f194f-1b04-4ad4-ac8e-9f525497d457,d5ddb993-5176-4de7-b079-3bd33cd639a9,Agent,status_change,,RENDERED,pending-sync,Migrated from legacy rendition log. Fix applied and verified.,2026-03-18 20:02:17.026331+00
0dcadd3c-e2ae-4888-86f1-ba612b53d0d7,e89e79f9-5bf3-4a98-b722-636e32651564,Agent,status_change,,RENDERED,pending-sync,Migrated from legacy rendition log. Fix applied and verified.,2026-03-18 20:01:48.235122+00
ed299bdf-81da-4350-bce0-5a4089368ad9,fa7a4b51-9448-4c94-a4dc-87107db61bd4,Agent,status_change,,RENDERED,pending-sync,Migrated from legacy rendition log. Fix applied and verified.,2026-03-18 20:01:52.628391+00
b7cddf72-bafe-4edb-868c-26de9b753ac6,fc27ade0-03dc-4cd4-878d-fb20f23de309,Agent,status_change,,RENDERED,pending-sync,Migrated from legacy rendition log. Fix applied and verified.,2026-03-18 20:01:56.602916+00
ebe62133-8e50-4f9f-8412-ca42fad89d05,f724a954-3d36-4524-9b97-6276ab8b3a06,Agent,status_change,,RENDERED,pending-sync,Migrated from legacy rendition log. Fix applied and verified.,2026-03-18 20:02:00.779591+00
dd3fcdd8-1ae2-4dc1-b9b0-648443dc7cb4,5282ff74-4ecf-457b-8ca9-ca7dc101aec4,Agent,status_change,,RENDERED,pending-sync,Migrated from legacy rendition log. Fix applied and verified.,2026-03-18 20:02:04.972128+00
d1bdacd1-c3fb-4c83-95c1-e466f672d03a,c764c32d-4a18-46e2-8548-56b1002b2423,Agent,status_change,,RENDERED,pending-sync,Migrated from legacy rendition log. Fix applied and verified.,2026-03-18 20:02:08.964623+00
0bfdb7c0-b31d-4c88-86b0-60f66508005e,ea3ce361-556e-4700-a966-def5d89f2a3f,Agent,status_change,,RENDERED,pending-sync,Migrated from legacy rendition log. Fix applied and verified.,2026-03-18 20:02:12.871533+00
04d26972-4cb1-487d-967e-55482799a181,d5ddb993-5176-4de7-b079-3bd33cd639a9,Agent,status_change,,RENDERED,pending-sync,Migrated from legacy rendition log. Fix applied and verified.,2026-03-18 20:02:17.026331+00
c8a3b7d6-822f-46df-8033-03ce04caf249,e89e79f9-5bf3-4a98-b722-636e32651564,Agent,status_change,,RENDERED,pending-sync,Migrated from legacy rendition log. Fix applied and verified.,2026-03-18 20:01:48.235122+00
17860b5e-cb9e-4391-a14f-fafa579de103,fa7a4b51-9448-4c94-a4dc-87107db61bd4,Agent,status_change,,RENDERED,pending-sync,Migrated from legacy rendition log. Fix applied and verified.,2026-03-18 20:01:52.628391+00
f7e14f1a-c7b9-4d18-a8a2-ecae3bd471fc,fc27ade0-03dc-4cd4-878d-fb20f23de309,Agent,status_change,,RENDERED,pending-sync,Migrated from legacy rendition log. Fix applied and verified.,2026-03-18 20:01:56.602916+00
d918ed7a-b5a3-4f74-9e25-8720deda3426,f724a954-3d36-4524-9b97-6276ab8b3a06,Agent,status_change,,RENDERED,pending-sync,Migrated from legacy rendition log. Fix applied and verified.,2026-03-18 20:02:00.779591+00
7d89ecd9-1130-4d7e-8982-12d9c2e65054,5282ff74-4ecf-457b-8ca9-ca7dc101aec4,Agent,status_change,,RENDERED,pending-sync,Migrated from legacy rendition log. Fix applied and verified.,2026-03-18 20:02:04.972128+00
360fd29b-3b43-4987-9827-58214eea792b,c764c32d-4a18-46e2-8548-56b1002b2423,Agent,status_change,,RENDERED,pending-sync,Migrated from legacy rendition log. Fix applied and verified.,2026-03-18 20:02:08.964623+00
d83264df-3dea-40a3-b827-7e04e17fc712,ea3ce361-556e-4700-a966-def5d89f2a3f,Agent,status_change,,RENDERED,pending-sync,Migrated from legacy rendition log. Fix applied and verified.,2026-03-18 20:02:12.871533+00
0f5d90d8-fed0-48f0-8919-7c2a19cdc8ef,d5ddb993-5176-4de7-b079-3bd33cd639a9,Agent,status_change,,RENDERED,pending-sync,Migrated from legacy rendition log. Fix applied and verified.,2026-03-18 20:02:17.026331+00
57630c7a-9bb5-4305-a6a7-b9ddea3fd4f2,e89e79f9-5bf3-4a98-b722-636e32651564,Agent,status_change,,RENDERED,pending-sync,Migrated from legacy rendition log. Fix applied and verified.,2026-03-18 20:01:48.235122+00
d69b016b-fc59-430c-af44-f1f2e5663843,fa7a4b51-9448-4c94-a4dc-87107db61bd4,Agent,status_change,,RENDERED,pending-sync,Migrated from legacy rendition log. Fix applied and verified.,2026-03-18 20:01:52.628391+00
6b808b3b-e826-4f0b-8c70-120b960be1a1,fc27ade0-03dc-4cd4-878d-fb20f23de309,Agent,status_change,,RENDERED,pending-sync,Migrated from legacy rendition log. Fix applied and verified.,2026-03-18 20:01:56.602916+00
82e9b63e-17cc-4ac4-8294-745a05b8a2e8,f724a954-3d36-4524-9b97-6276ab8b3a06,Agent,status_change,,RENDERED,pending-sync,Migrated from legacy rendition log. Fix applied and verified.,2026-03-18 20:02:00.779591+00
26ac36c5-3219-433b-ac47-8eba8f3b24cc,5282ff74-4ecf-457b-8ca9-ca7dc101aec4,Agent,status_change,,RENDERED,pending-sync,Migrated from legacy rendition log. Fix applied and verified.,2026-03-18 20:02:04.972128+00
ddd85373-459c-4234-97f7-e9eb0a5e650d,c764c32d-4a18-46e2-8548-56b1002b2423,Agent,status_change,,RENDERED,pending-sync,Migrated from legacy rendition log. Fix applied and verified.,2026-03-18 20:02:08.964623+00
b3523b3b-046d-4227-be7c-b423fcb30a15,ea3ce361-556e-4700-a966-def5d89f2a3f,Agent,status_change,,RENDERED,pending-sync,Migrated from legacy rendition log. Fix applied and verified.,2026-03-18 20:02:12.871533+00
3363c804-ab3a-4b54-8cde-113eeed13c56,d5ddb993-5176-4de7-b079-3bd33cd639a9,Agent,status_change,,RENDERED,pending-sync,Migrated from legacy rendition log. Fix applied and verified.,2026-03-18 20:02:17.026331+00
31c4fb25-acc2-48a6-9902-36ce4ff8dd75,e89e79f9-5bf3-4a98-b722-636e32651564,Agent,status_change,,RENDERED,pending-sync,Migrated from legacy rendition log. Fix applied and verified.,2026-03-18 20:01:48.235122+00
1c0af217-1577-4088-bbd7-4cc201f96655,fa7a4b51-9448-4c94-a4dc-87107db61bd4,Agent,status_change,,RENDERED,pending-sync,Migrated from legacy rendition log. Fix applied and verified.,2026-03-18 20:01:52.628391+00
526ad140-e3c7-451d-b7f6-3ed648e5e9f0,fc27ade0-03dc-4cd4-878d-fb20f23de309,Agent,status_change,,RENDERED,pending-sync,Migrated from legacy rendition log. Fix applied and verified.,2026-03-18 20:01:56.602916+00
42154c50-485c-46f5-9bb3-a6df3d3fac7a,f724a954-3d36-4524-9b97-6276ab8b3a06,Agent,status_change,,RENDERED,pending-sync,Migrated from legacy rendition log. Fix applied and verified.,2026-03-18 20:02:00.779591+00
b8c3169f-abf1-4a7c-80c5-1b9c3bbe3bfe,5282ff74-4ecf-457b-8ca9-ca7dc101aec4,Agent,status_change,,RENDERED,pending-sync,Migrated from legacy rendition log. Fix applied and verified.,2026-03-18 20:02:04.972128+00
e5186e9d-15b5-4b3f-a7c2-985204204d4b,c764c32d-4a18-46e2-8548-56b1002b2423,Agent,status_change,,RENDERED,pending-sync,Migrated from legacy rendition log. Fix applied and verified.,2026-03-18 20:02:08.964623+00
3553b6a7-1ef5-4155-ab58-3a7e4e870c1f,ea3ce361-556e-4700-a966-def5d89f2a3f,Agent,status_change,,RENDERED,pending-sync,Migrated from legacy rendition log. Fix applied and verified.,2026-03-18 20:02:12.871533+00
e8c3e2ca-a34e-45ef-ad00-4eac69ca99dc,d5ddb993-5176-4de7-b079-3bd33cd639a9,Agent,status_change,,RENDERED,pending-sync,Migrated from legacy rendition log. Fix applied and verified.,2026-03-18 20:02:17.026331+00
1bf500f7-117f-4962-b7a1-24dca06a0a81,e89e79f9-5bf3-4a98-b722-636e32651564,Agent,status_change,,RENDERED,pending-sync,Migrated from legacy rendition log. Fix applied and verified.,2026-03-18 20:01:48.235122+00
6a85ff13-b91c-4913-b6cc-99dc7e058052,fa7a4b51-9448-4c94-a4dc-87107db61bd4,Agent,status_change,,RENDERED,pending-sync,Migrated from legacy rendition log. Fix applied and verified.,2026-03-18 20:01:52.628391+00
0864e5cb-b491-4be9-9ec3-7550a6736485,fc27ade0-03dc-4cd4-878d-fb20f23de309,Agent,status_change,,RENDERED,pending-sync,Migrated from legacy rendition log. Fix applied and verified.,2026-03-18 20:01:56.602916+00
de158b46-cd47-4f3e-b8ff-da3c521b239a,f724a954-3d36-4524-9b97-6276ab8b3a06,Agent,status_change,,RENDERED,pending-sync,Migrated from legacy rendition log. Fix applied and verified.,2026-03-18 20:02:00.779591+00
1cf4dc08-c9c8-4b78-b9a9-0fa0267c3c56,5282ff74-4ecf-457b-8ca9-ca7dc101aec4,Agent,status_change,,RENDERED,pending-sync,Migrated from legacy rendition log. Fix applied and verified.,2026-03-18 20:02:04.972128+00
62adbf4f-c65b-4ace-a5b2-0b2d786e5020,c764c32d-4a18-46e2-8548-56b1002b2423,Agent,status_change,,RENDERED,pending-sync,Migrated from legacy rendition log. Fix applied and verified.,2026-03-18 20:02:08.964623+00
388bf7d5-2dd9-4aa3-bef3-2523bd4d2b46,ea3ce361-556e-4700-a966-def5d89f2a3f,Agent,status_change,,RENDERED,pending-sync,Migrated from legacy rendition log. Fix applied and verified.,2026-03-18 20:02:12.871533+00
1681430e-7024-452a-80e9-4a85c72009f1,d5ddb993-5176-4de7-b079-3bd33cd639a9,Agent,status_change,,RENDERED,pending-sync,Migrated from legacy rendition log. Fix applied and verified.,2026-03-18 20:02:17.026331+00
1e45a0a3-9823-43af-aea2-01cac2751e47,e89e79f9-5bf3-4a98-b722-636e32651564,Agent,status_change,,RENDERED,pending-sync,Migrated from legacy rendition log. Fix applied and verified.,2026-03-18 20:01:48.235122+00
dcbea300-4e9a-45a3-b096-82382ff7486a,fa7a4b51-9448-4c94-a4dc-87107db61bd4,Agent,status_change,,RENDERED,pending-sync,Migrated from legacy rendition log. Fix applied and verified.,2026-03-18 20:01:52.628391+00
da645f46-381e-418e-80d3-0f61c254e5ca,fc27ade0-03dc-4cd4-878d-fb20f23de309,Agent,status_change,,RENDERED,pending-sync,Migrated from legacy rendition log. Fix applied and verified.,2026-03-18 20:01:56.602916+00
6d9bb19a-c0e2-4623-8b2c-e487f0959feb,f724a954-3d36-4524-9b97-6276ab8b3a06,Agent,status_change,,RENDERED,pending-sync,Migrated from legacy rendition log. Fix applied and verified.,2026-03-18 20:02:00.779591+00
e8086dc2-0f87-4b45-a5ce-5b1c5fa4a871,5282ff74-4ecf-457b-8ca9-ca7dc101aec4,Agent,status_change,,RENDERED,pending-sync,Migrated from legacy rendition log. Fix applied and verified.,2026-03-18 20:02:04.972128+00
4e375f42-8797-4d97-bc82-76297a84dd68,c764c32d-4a18-46e2-8548-56b1002b2423,Agent,status_change,,RENDERED,pending-sync,Migrated from legacy rendition log. Fix applied and verified.,2026-03-18 20:02:08.964623+00
c79f997c-9450-4eb6-b586-a3a4123d96f4,ea3ce361-556e-4700-a966-def5d89f2a3f,Agent,status_change,,RENDERED,pending-sync,Migrated from legacy rendition log. Fix applied and verified.,2026-03-18 20:02:12.871533+00
8d4a756d-6a69-4691-9861-927a69d39a8e,d5ddb993-5176-4de7-b079-3bd33cd639a9,Agent,status_change,,RENDERED,pending-sync,Migrated from legacy rendition log. Fix applied and verified.,2026-03-18 20:02:17.026331+00
29a3ee02-bb07-4ecb-add5-499d4d6df129,e89e79f9-5bf3-4a98-b722-636e32651564,Agent,status_change,,RENDERED,pending-sync,Migrated from legacy rendition log. Fix applied and verified.,2026-03-18 20:01:48.235122+00
92e52a19-2552-4ac6-8892-9f5dfb66c929,fa7a4b51-9448-4c94-a4dc-87107db61bd4,Agent,status_change,,RENDERED,pending-sync,Migrated from legacy rendition log. Fix applied and verified.,2026-03-18 20:01:52.628391+00
b64286dd-d760-4927-9884-755331d24e42,fc27ade0-03dc-4cd4-878d-fb20f23de309,Agent,status_change,,RENDERED,pending-sync,Migrated from legacy rendition log. Fix applied and verified.,2026-03-18 20:01:56.602916+00
7a86c049-b8b7-4dc0-8a33-7bf1f3b3b50a,f724a954-3d36-4524-9b97-6276ab8b3a06,Agent,status_change,,RENDERED,pending-sync,Migrated from legacy rendition log. Fix applied and verified.,2026-03-18 20:02:00.779591+00
b1186d1a-11e6-4b07-b8cc-791d0598e34d,5282ff74-4ecf-457b-8ca9-ca7dc101aec4,Agent,status_change,,RENDERED,pending-sync,Migrated from legacy rendition log. Fix applied and verified.,2026-03-18 20:02:04.972128+00
109041f6-aacf-4767-8493-4eb1c682f659,c764c32d-4a18-46e2-8548-56b1002b2423,Agent,status_change,,RENDERED,pending-sync,Migrated from legacy rendition log. Fix applied and verified.,2026-03-18 20:02:08.964623+00
ddd15489-4fbb-4d9e-8f72-558e69a8fd91,ea3ce361-556e-4700-a966-def5d89f2a3f,Agent,status_change,,RENDERED,pending-sync,Migrated from legacy rendition log. Fix applied and verified.,2026-03-18 20:02:12.871533+00
e6903014-4ed7-42f7-a8d8-508f2154758c,d5ddb993-5176-4de7-b079-3bd33cd639a9,Agent,status_change,,RENDERED,pending-sync,Migrated from legacy rendition log. Fix applied and verified.,2026-03-18 20:02:17.026331+00
b6225b2b-0ce0-403f-b2e4-34ba09ad82b9,e89e79f9-5bf3-4a98-b722-636e32651564,Agent,status_change,,RENDERED,pending-sync,Migrated from legacy rendition log. Fix applied and verified.,2026-03-18 20:01:48.235122+00
a196f89e-c1c0-4cf2-ba97-ae2e577c68e2,fa7a4b51-9448-4c94-a4dc-87107db61bd4,Agent,status_change,,RENDERED,pending-sync,Migrated from legacy rendition log. Fix applied and verified.,2026-03-18 20:01:52.628391+00
a8c5b52f-6f45-4b93-b690-beda60cf6ea9,fc27ade0-03dc-4cd4-878d-fb20f23de309,Agent,status_change,,RENDERED,pending-sync,Migrated from legacy rendition log. Fix applied and verified.,2026-03-18 20:01:56.602916+00
4386e8a5-b60e-4785-9614-774b07a44539,f724a954-3d36-4524-9b97-6276ab8b3a06,Agent,status_change,,RENDERED,pending-sync,Migrated from legacy rendition log. Fix applied and verified.,2026-03-18 20:02:00.779591+00
2de808f8-08bd-40c0-8ac3-a8b78db59188,5282ff74-4ecf-457b-8ca9-ca7dc101aec4,Agent,status_change,,RENDERED,pending-sync,Migrated from legacy rendition log. Fix applied and verified.,2026-03-18 20:02:04.972128+00
392e15d7-6386-4a5e-b100-a2c57e94f84d,c764c32d-4a18-46e2-8548-56b1002b2423,Agent,status_change,,RENDERED,pending-sync,Migrated from legacy rendition log. Fix applied and verified.,2026-03-18 20:02:08.964623+00
f7b52769-8dcd-48af-a209-daafa8b87da5,ea3ce361-556e-4700-a966-def5d89f2a3f,Agent,status_change,,RENDERED,pending-sync,Migrated from legacy rendition log. Fix applied and verified.,2026-03-18 20:02:12.871533+00
861262ff-765b-4315-a8b9-b5b42c4fd710,d5ddb993-5176-4de7-b079-3bd33cd639a9,Agent,status_change,,RENDERED,pending-sync,Migrated from legacy rendition log. Fix applied and verified.,2026-03-18 20:02:17.026331+00
427795cb-8726-49d7-b6b2-f60e7de86529,e89e79f9-5bf3-4a98-b722-636e32651564,Agent,status_change,,RENDERED,pending-sync,Migrated from legacy rendition log. Fix applied and verified.,2026-03-18 20:01:48.235122+00
e3bd0033-1a35-4655-924f-49be14ec8704,fa7a4b51-9448-4c94-a4dc-87107db61bd4,Agent,status_change,,RENDERED,pending-sync,Migrated from legacy rendition log. Fix applied and verified.,2026-03-18 20:01:52.628391+00
91882003-c9da-441f-9f2c-d2dbb0552fe1,fc27ade0-03dc-4cd4-878d-fb20f23de309,Agent,status_change,,RENDERED,pending-sync,Migrated from legacy rendition log. Fix applied and verified.,2026-03-18 20:01:56.602916+00
6f26ef12-7c4a-429e-80b1-13398584fa84,f724a954-3d36-4524-9b97-6276ab8b3a06,Agent,status_change,,RENDERED,pending-sync,Migrated from legacy rendition log. Fix applied and verified.,2026-03-18 20:02:00.779591+00
edb8036c-48c5-49cb-ba3a-f75bb7932db0,5282ff74-4ecf-457b-8ca9-ca7dc101aec4,Agent,status_change,,RENDERED,pending-sync,Migrated from legacy rendition log. Fix applied and verified.,2026-03-18 20:02:04.972128+00
077b2de3-1df5-4a57-87a9-842b24970ab3,c764c32d-4a18-46e2-8548-56b1002b2423,Agent,status_change,,RENDERED,pending-sync,Migrated from legacy rendition log. Fix applied and verified.,2026-03-18 20:02:08.964623+00
4d664a35-1c25-49c3-985b-384f7ec3351b,ea3ce361-556e-4700-a966-def5d89f2a3f,Agent,status_change,,RENDERED,pending-sync,Migrated from legacy rendition log. Fix applied and verified.,2026-03-18 20:02:12.871533+00
346cd52e-d33f-4c32-8c75-90ef79abc193,d5ddb993-5176-4de7-b079-3bd33cd639a9,Agent,status_change,,RENDERED,pending-sync,Migrated from legacy rendition log. Fix applied and verified.,2026-03-18 20:02:17.026331+00
7e741b80-e54d-4e88-9454-44d16d7e1d4a,e89e79f9-5bf3-4a98-b722-636e32651564,Agent,status_change,,RENDERED,pending-sync,Migrated from legacy rendition log. Fix applied and verified.,2026-03-18 20:01:48.235122+00
d1df3b5b-60f0-48e5-9bdd-9577860f0959,fa7a4b51-9448-4c94-a4dc-87107db61bd4,Agent,status_change,,RENDERED,pending-sync,Migrated from legacy rendition log. Fix applied and verified.,2026-03-18 20:01:52.628391+00
6bd24901-c8df-49f0-a053-bbe56b077521,fc27ade0-03dc-4cd4-878d-fb20f23de309,Agent,status_change,,RENDERED,pending-sync,Migrated from legacy rendition log. Fix applied and verified.,2026-03-18 20:01:56.602916+00
4bec402d-fa0a-4420-b945-bc5b138756b5,f724a954-3d36-4524-9b97-6276ab8b3a06,Agent,status_change,,RENDERED,pending-sync,Migrated from legacy rendition log. Fix applied and verified.,2026-03-18 20:02:00.779591+00
3e2a2791-6670-4cea-b0ab-adebc1c18c94,5282ff74-4ecf-457b-8ca9-ca7dc101aec4,Agent,status_change,,RENDERED,pending-sync,Migrated from legacy rendition log. Fix applied and verified.,2026-03-18 20:02:04.972128+00
1c8236f3-a1ed-47c5-8bbb-f46fcfd59a8c,c764c32d-4a18-46e2-8548-56b1002b2423,Agent,status_change,,RENDERED,pending-sync,Migrated from legacy rendition log. Fix applied and verified.,2026-03-18 20:02:08.964623+00
c25584f8-7d15-410a-b3a2-abd65630f672,ea3ce361-556e-4700-a966-def5d89f2a3f,Agent,status_change,,RENDERED,pending-sync,Migrated from legacy rendition log. Fix applied and verified.,2026-03-18 20:02:12.871533+00
3a2b1cfa-bdf2-4d69-af7b-92f0fc434df5,d5ddb993-5176-4de7-b079-3bd33cd639a9,Agent,status_change,,RENDERED,pending-sync,Migrated from legacy rendition log. Fix applied and verified.,2026-03-18 20:02:17.026331+00
60908bc3-095e-46b0-a3ae-c060215b701e,e89e79f9-5bf3-4a98-b722-636e32651564,Agent,status_change,,RENDERED,pending-sync,Migrated from legacy rendition log. Fix applied and verified.,2026-03-18 20:01:48.235122+00
ddc822e9-5a33-4394-8b0f-38d0232810b4,fa7a4b51-9448-4c94-a4dc-87107db61bd4,Agent,status_change,,RENDERED,pending-sync,Migrated from legacy rendition log. Fix applied and verified.,2026-03-18 20:01:52.628391+00
0b8949c1-b154-4bf6-816a-c5a26ac7afbf,fc27ade0-03dc-4cd4-878d-fb20f23de309,Agent,status_change,,RENDERED,pending-sync,Migrated from legacy rendition log. Fix applied and verified.,2026-03-18 20:01:56.602916+00
df48ee5b-99a9-43c0-92ac-b7279f66bdbe,f724a954-3d36-4524-9b97-6276ab8b3a06,Agent,status_change,,RENDERED,pending-sync,Migrated from legacy rendition log. Fix applied and verified.,2026-03-18 20:02:00.779591+00
141b4957-8cad-4172-8eb6-5c06d8731a05,5282ff74-4ecf-457b-8ca9-ca7dc101aec4,Agent,status_change,,RENDERED,pending-sync,Migrated from legacy rendition log. Fix applied and verified.,2026-03-18 20:02:04.972128+00
f0dffa78-83b9-4bde-baf0-0df0953b6419,c764c32d-4a18-46e2-8548-56b1002b2423,Agent,status_change,,RENDERED,pending-sync,Migrated from legacy rendition log. Fix applied and verified.,2026-03-18 20:02:08.964623+00
55b04e1a-8c5a-4f9e-9f7a-e55f841ac61e,ea3ce361-556e-4700-a966-def5d89f2a3f,Agent,status_change,,RENDERED,pending-sync,Migrated from legacy rendition log. Fix applied and verified.,2026-03-18 20:02:12.871533+00
c1363704-6eb9-43be-9ff5-aed80e08d952,d5ddb993-5176-4de7-b079-3bd33cd639a9,Agent,status_change,,RENDERED,pending-sync,Migrated from legacy rendition log. Fix applied and verified.,2026-03-18 20:02:17.026331+00
18d6a108-3ccb-429a-9f87-a1cb170648d3,e89e79f9-5bf3-4a98-b722-636e32651564,Agent,status_change,,RENDERED,pending-sync,Migrated from legacy rendition log. Fix applied and verified.,2026-03-18 20:01:48.235122+00
3a2951d0-6bbc-4aed-ad9b-8cdea8c2f00a,fa7a4b51-9448-4c94-a4dc-87107db61bd4,Agent,status_change,,RENDERED,pending-sync,Migrated from legacy rendition log. Fix applied and verified.,2026-03-18 20:01:52.628391+00
1167f2a7-2a78-475b-b65a-9612bdb00b6e,fc27ade0-03dc-4cd4-878d-fb20f23de309,Agent,status_change,,RENDERED,pending-sync,Migrated from legacy rendition log. Fix applied and verified.,2026-03-18 20:01:56.602916+00
9367d8db-83bf-478c-91c7-b4afcef6ab1f,f724a954-3d36-4524-9b97-6276ab8b3a06,Agent,status_change,,RENDERED,pending-sync,Migrated from legacy rendition log. Fix applied and verified.,2026-03-18 20:02:00.779591+00
f06fa28e-d251-497c-a481-1146e9e75d65,5282ff74-4ecf-457b-8ca9-ca7dc101aec4,Agent,status_change,,RENDERED,pending-sync,Migrated from legacy rendition log. Fix applied and verified.,2026-03-18 20:02:04.972128+00
21f6aeab-17df-41b3-ab4a-73a40908559a,c764c32d-4a18-46e2-8548-56b1002b2423,Agent,status_change,,RENDERED,pending-sync,Migrated from legacy rendition log. Fix applied and verified.,2026-03-18 20:02:08.964623+00
b5d95431-15bd-42bc-988d-fc7e249074e0,ea3ce361-556e-4700-a966-def5d89f2a3f,Agent,status_change,,RENDERED,pending-sync,Migrated from legacy rendition log. Fix applied and verified.,2026-03-18 20:02:12.871533+00
d32540f8-b9da-4282-8b94-b891201119f5,d5ddb993-5176-4de7-b079-3bd33cd639a9,Agent,status_change,,RENDERED,pending-sync,Migrated from legacy rendition log. Fix applied and verified.,2026-03-18 20:02:17.026331+00
ae5585a0-8b93-4c5f-9da0-614b7a0fc153,e89e79f9-5bf3-4a98-b722-636e32651564,Agent,status_change,,RENDERED,pending-sync,Migrated from legacy rendition log. Fix applied and verified.,2026-03-18 20:01:48.235122+00
b40943eb-9abe-44c7-b5d7-9ee80ae72825,fa7a4b51-9448-4c94-a4dc-87107db61bd4,Agent,status_change,,RENDERED,pending-sync,Migrated from legacy rendition log. Fix applied and verified.,2026-03-18 20:01:52.628391+00
48ac8ea6-2194-49dd-b6d2-67d09146daf0,fc27ade0-03dc-4cd4-878d-fb20f23de309,Agent,status_change,,RENDERED,pending-sync,Migrated from legacy rendition log. Fix applied and verified.,2026-03-18 20:01:56.602916+00
3ae5f59b-a2c7-422c-b840-1d91d3959fff,f724a954-3d36-4524-9b97-6276ab8b3a06,Agent,status_change,,RENDERED,pending-sync,Migrated from legacy rendition log. Fix applied and verified.,2026-03-18 20:02:00.779591+00
b583aaaf-2941-4eee-9dac-91c62af21dc0,5282ff74-4ecf-457b-8ca9-ca7dc101aec4,Agent,status_change,,RENDERED,pending-sync,Migrated from legacy rendition log. Fix applied and verified.,2026-03-18 20:02:04.972128+00
72bae33a-c9eb-4947-8100-38dd0bc99ea9,c764c32d-4a18-46e2-8548-56b1002b2423,Agent,status_change,,RENDERED,pending-sync,Migrated from legacy rendition log. Fix applied and verified.,2026-03-18 20:02:08.964623+00
e3b62fe9-f309-4441-ad64-3301f94c661f,ea3ce361-556e-4700-a966-def5d89f2a3f,Agent,status_change,,RENDERED,pending-sync,Migrated from legacy rendition log. Fix applied and verified.,2026-03-18 20:02:12.871533+00
6ac8c7b5-bbb2-40eb-9a19-90ea15decfd6,d5ddb993-5176-4de7-b079-3bd33cd639a9,Agent,status_change,,RENDERED,pending-sync,Migrated from legacy rendition log. Fix applied and verified.,2026-03-18 20:02:17.026331+00
b98a8583-ad7c-41b4-9d3f-fbd654d387c1,e89e79f9-5bf3-4a98-b722-636e32651564,Agent,status_change,,RENDERED,pending-sync,Migrated from legacy rendition log. Fix applied and verified.,2026-03-18 20:01:48.235122+00
8e27bcf1-7c8c-4c02-9716-9ead505ed982,fa7a4b51-9448-4c94-a4dc-87107db61bd4,Agent,status_change,,RENDERED,pending-sync,Migrated from legacy rendition log. Fix applied and verified.,2026-03-18 20:01:52.628391+00
ab39fa55-a590-4291-ba98-ad1b50fbb1de,fc27ade0-03dc-4cd4-878d-fb20f23de309,Agent,status_change,,RENDERED,pending-sync,Migrated from legacy rendition log. Fix applied and verified.,2026-03-18 20:01:56.602916+00
50290910-ad75-42c9-ae73-6fedff0dc4ba,f724a954-3d36-4524-9b97-6276ab8b3a06,Agent,status_change,,RENDERED,pending-sync,Migrated from legacy rendition log. Fix applied and verified.,2026-03-18 20:02:00.779591+00
8c742c97-0780-4cd8-96f4-748d5812ff52,5282ff74-4ecf-457b-8ca9-ca7dc101aec4,Agent,status_change,,RENDERED,pending-sync,Migrated from legacy rendition log. Fix applied and verified.,2026-03-18 20:02:04.972128+00
9d741589-56dd-44b6-9dc5-ed5b53650593,c764c32d-4a18-46e2-8548-56b1002b2423,Agent,status_change,,RENDERED,pending-sync,Migrated from legacy rendition log. Fix applied and verified.,2026-03-18 20:02:08.964623+00
4a613cac-4dec-4485-b8c7-abc5c434a744,ea3ce361-556e-4700-a966-def5d89f2a3f,Agent,status_change,,RENDERED,pending-sync,Migrated from legacy rendition log. Fix applied and verified.,2026-03-18 20:02:12.871533+00
cf72b486-3907-447b-95c8-137cfb98b5c3,d5ddb993-5176-4de7-b079-3bd33cd639a9,Agent,status_change,,RENDERED,pending-sync,Migrated from legacy rendition log. Fix applied and verified.,2026-03-18 20:02:17.026331+00
8a529b9a-b1d4-424d-b60e-c78757a7b259,e89e79f9-5bf3-4a98-b722-636e32651564,Agent,status_change,,RENDERED,pending-sync,Migrated from legacy rendition log. Fix applied and verified.,2026-03-18 20:01:48.235122+00
4c50824a-085d-4142-932d-0884dde21d27,fa7a4b51-9448-4c94-a4dc-87107db61bd4,Agent,status_change,,RENDERED,pending-sync,Migrated from legacy rendition log. Fix applied and verified.,2026-03-18 20:01:52.628391+00
1f67792b-ba6a-407a-a550-1b0350a6272b,fc27ade0-03dc-4cd4-878d-fb20f23de309,Agent,status_change,,RENDERED,pending-sync,Migrated from legacy rendition log. Fix applied and verified.,2026-03-18 20:01:56.602916+00
3f5790f7-8eda-4ab6-b5f2-13cb3df0e3f7,f724a954-3d36-4524-9b97-6276ab8b3a06,Agent,status_change,,RENDERED,pending-sync,Migrated from legacy rendition log. Fix applied and verified.,2026-03-18 20:02:00.779591+00
24715a9b-9358-4265-8f86-664e152a7508,5282ff74-4ecf-457b-8ca9-ca7dc101aec4,Agent,status_change,,RENDERED,pending-sync,Migrated from legacy rendition log. Fix applied and verified.,2026-03-18 20:02:04.972128+00
8fee7150-b9a5-409b-b916-4c6a6629d767,c764c32d-4a18-46e2-8548-56b1002b2423,Agent,status_change,,RENDERED,pending-sync,Migrated from legacy rendition log. Fix applied and verified.,2026-03-18 20:02:08.964623+00
724dd09f-9508-42ee-a640-3644d8c28b76,ea3ce361-556e-4700-a966-def5d89f2a3f,Agent,status_change,,RENDERED,pending-sync,Migrated from legacy rendition log. Fix applied and verified.,2026-03-18 20:02:12.871533+00
14e38814-4ba1-4271-b466-8fde751491eb,d5ddb993-5176-4de7-b079-3bd33cd639a9,Agent,status_change,,RENDERED,pending-sync,Migrated from legacy rendition log. Fix applied and verified.,2026-03-18 20:02:17.026331+00
fb196f56-28f7-42c1-bbe9-1041b8b33cfc,e89e79f9-5bf3-4a98-b722-636e32651564,Agent,status_change,,RENDERED,pending-sync,Migrated from legacy rendition log. Fix applied and verified.,2026-03-18 20:01:48.235122+00
45698380-7a50-4359-a5e5-8330c5c4798f,fa7a4b51-9448-4c94-a4dc-87107db61bd4,Agent,status_change,,RENDERED,pending-sync,Migrated from legacy rendition log. Fix applied and verified.,2026-03-18 20:01:52.628391+00
563810e9-7197-4ff9-bece-a1444a6836f2,fc27ade0-03dc-4cd4-878d-fb20f23de309,Agent,status_change,,RENDERED,pending-sync,Migrated from legacy rendition log. Fix applied and verified.,2026-03-18 20:01:56.602916+00
ef5a08c1-80f0-42a7-a57e-2b4b0d0f28e1,f724a954-3d36-4524-9b97-6276ab8b3a06,Agent,status_change,,RENDERED,pending-sync,Migrated from legacy rendition log. Fix applied and verified.,2026-03-18 20:02:00.779591+00
091ed2f3-5952-4477-b858-639d9a6a3fe0,5282ff74-4ecf-457b-8ca9-ca7dc101aec4,Agent,status_change,,RENDERED,pending-sync,Migrated from legacy rendition log. Fix applied and verified.,2026-03-18 20:02:04.972128+00
66bffbfd-9b8b-427e-bc68-3f71c1b6a296,c764c32d-4a18-46e2-8548-56b1002b2423,Agent,status_change,,RENDERED,pending-sync,Migrated from legacy rendition log. Fix applied and verified.,2026-03-18 20:02:08.964623+00
1350a1c7-4cef-4841-9c75-fbbc19efba48,ea3ce361-556e-4700-a966-def5d89f2a3f,Agent,status_change,,RENDERED,pending-sync,Migrated from legacy rendition log. Fix applied and verified.,2026-03-18 20:02:12.871533+00
80f8ee3f-aa5a-428e-98ad-e1acc9b771ee,d5ddb993-5176-4de7-b079-3bd33cd639a9,Agent,status_change,,RENDERED,pending-sync,Migrated from legacy rendition log. Fix applied and verified.,2026-03-18 20:02:17.026331+00
760fa982-a40a-40d8-b40d-67905ee1d5f7,e89e79f9-5bf3-4a98-b722-636e32651564,Agent,status_change,,RENDERED,pending-sync,Migrated from legacy rendition log. Fix applied and verified.,2026-03-18 20:01:48.235122+00
ee1d0a8e-1956-4706-9757-d97cf0e097b5,fa7a4b51-9448-4c94-a4dc-87107db61bd4,Agent,status_change,,RENDERED,pending-sync,Migrated from legacy rendition log. Fix applied and verified.,2026-03-18 20:01:52.628391+00
771c998e-59c0-43e8-8840-fa73448acb1c,fc27ade0-03dc-4cd4-878d-fb20f23de309,Agent,status_change,,RENDERED,pending-sync,Migrated from legacy rendition log. Fix applied and verified.,2026-03-18 20:01:56.602916+00
b03d386f-edc5-4666-ac93-997b4f3ff4e5,f724a954-3d36-4524-9b97-6276ab8b3a06,Agent,status_change,,RENDERED,pending-sync,Migrated from legacy rendition log. Fix applied and verified.,2026-03-18 20:02:00.779591+00
0cb00bd7-d7a3-45c8-b8fd-686c4fdb4ef4,5282ff74-4ecf-457b-8ca9-ca7dc101aec4,Agent,status_change,,RENDERED,pending-sync,Migrated from legacy rendition log. Fix applied and verified.,2026-03-18 20:02:04.972128+00
579871f0-475c-4f92-9fa9-947794dde8ca,c764c32d-4a18-46e2-8548-56b1002b2423,Agent,status_change,,RENDERED,pending-sync,Migrated from legacy rendition log. Fix applied and verified.,2026-03-18 20:02:08.964623+00
01f5436e-1d8b-4430-a854-0ed4cba41baf,ea3ce361-556e-4700-a966-def5d89f2a3f,Agent,status_change,,RENDERED,pending-sync,Migrated from legacy rendition log. Fix applied and verified.,2026-03-18 20:02:12.871533+00
c8eae84c-753a-4e62-9f1b-af3bd902c1e1,d5ddb993-5176-4de7-b079-3bd33cd639a9,Agent,status_change,,RENDERED,pending-sync,Migrated from legacy rendition log. Fix applied and verified.,2026-03-18 20:02:17.026331+00
729bda4a-bf76-4a0c-afdf-0913d66e9b54,e89e79f9-5bf3-4a98-b722-636e32651564,Agent,status_change,,RENDERED,pending-sync,Migrated from legacy rendition log. Fix applied and verified.,2026-03-18 20:01:48.235122+00
07976d26-311c-499e-99e7-8c9d8c2cc9c1,fa7a4b51-9448-4c94-a4dc-87107db61bd4,Agent,status_change,,RENDERED,pending-sync,Migrated from legacy rendition log. Fix applied and verified.,2026-03-18 20:01:52.628391+00
60b3462c-f1f1-4cec-8735-01492dfc67b5,fc27ade0-03dc-4cd4-878d-fb20f23de309,Agent,status_change,,RENDERED,pending-sync,Migrated from legacy rendition log. Fix applied and verified.,2026-03-18 20:01:56.602916+00
75a8345c-6b92-4419-9746-d7c6e7fac02d,f724a954-3d36-4524-9b97-6276ab8b3a06,Agent,status_change,,RENDERED,pending-sync,Migrated from legacy rendition log. Fix applied and verified.,2026-03-18 20:02:00.779591+00
435373ff-b6f8-45e7-9d94-473957bd601d,5282ff74-4ecf-457b-8ca9-ca7dc101aec4,Agent,status_change,,RENDERED,pending-sync,Migrated from legacy rendition log. Fix applied and verified.,2026-03-18 20:02:04.972128+00
3a504df9-5ab4-45c0-8511-33125aeb081e,c764c32d-4a18-46e2-8548-56b1002b2423,Agent,status_change,,RENDERED,pending-sync,Migrated from legacy rendition log. Fix applied and verified.,2026-03-18 20:02:08.964623+00
f9c3efe4-d108-490d-ae08-0ab7b75d2690,ea3ce361-556e-4700-a966-def5d89f2a3f,Agent,status_change,,RENDERED,pending-sync,Migrated from legacy rendition log. Fix applied and verified.,2026-03-18 20:02:12.871533+00
062bc36e-edf1-4bf5-9029-3532f0ffc18a,d5ddb993-5176-4de7-b079-3bd33cd639a9,Agent,status_change,,RENDERED,pending-sync,Migrated from legacy rendition log. Fix applied and verified.,2026-03-18 20:02:17.026331+00
932254d1-919c-45b5-b7ef-64419ce51af3,e89e79f9-5bf3-4a98-b722-636e32651564,Agent,status_change,,RENDERED,pending-sync,Migrated from legacy rendition log. Fix applied and verified.,2026-03-18 20:01:48.235122+00
b17c0a4f-c5ef-4827-8e0b-02f555968855,fa7a4b51-9448-4c94-a4dc-87107db61bd4,Agent,status_change,,RENDERED,pending-sync,Migrated from legacy rendition log. Fix applied and verified.,2026-03-18 20:01:52.628391+00
0e5b7afa-5374-44d5-aafe-e7dfdd2afbfe,fc27ade0-03dc-4cd4-878d-fb20f23de309,Agent,status_change,,RENDERED,pending-sync,Migrated from legacy rendition log. Fix applied and verified.,2026-03-18 20:01:56.602916+00
4f7a16df-b67a-45ba-93fe-ae65fddc8ddf,f724a954-3d36-4524-9b97-6276ab8b3a06,Agent,status_change,,RENDERED,pending-sync,Migrated from legacy rendition log. Fix applied and verified.,2026-03-18 20:02:00.779591+00
f164985e-39f7-4d23-874e-ce8928f5fc93,5282ff74-4ecf-457b-8ca9-ca7dc101aec4,Agent,status_change,,RENDERED,pending-sync,Migrated from legacy rendition log. Fix applied and verified.,2026-03-18 20:02:04.972128+00
3e75b758-9bbf-4ab1-b3fb-13b10c785b01,c764c32d-4a18-46e2-8548-56b1002b2423,Agent,status_change,,RENDERED,pending-sync,Migrated from legacy rendition log. Fix applied and verified.,2026-03-18 20:02:08.964623+00
47cb3d17-9ed4-4bba-ae2b-0e08b20b2035,ea3ce361-556e-4700-a966-def5d89f2a3f,Agent,status_change,,RENDERED,pending-sync,Migrated from legacy rendition log. Fix applied and verified.,2026-03-18 20:02:12.871533+00
d8a1d5f0-de3a-41bf-ab63-9fe61e031084,d5ddb993-5176-4de7-b079-3bd33cd639a9,Agent,status_change,,RENDERED,pending-sync,Migrated from legacy rendition log. Fix applied and verified.,2026-03-18 20:02:17.026331+00
35025bad-eaca-4bcb-9f83-f7e88aa0f2de,e89e79f9-5bf3-4a98-b722-636e32651564,Agent,status_change,,RENDERED,pending-sync,Migrated from legacy rendition log. Fix applied and verified.,2026-03-18 20:01:48.235122+00
6fd40f41-1b9b-4722-8783-e1f697a464f9,fa7a4b51-9448-4c94-a4dc-87107db61bd4,Agent,status_change,,RENDERED,pending-sync,Migrated from legacy rendition log. Fix applied and verified.,2026-03-18 20:01:52.628391+00
9c030fa8-7f4c-447d-b501-0c7fe6020017,fc27ade0-03dc-4cd4-878d-fb20f23de309,Agent,status_change,,RENDERED,pending-sync,Migrated from legacy rendition log. Fix applied and verified.,2026-03-18 20:01:56.602916+00
46d2975f-e77f-44cb-bed6-aeb38e410a96,f724a954-3d36-4524-9b97-6276ab8b3a06,Agent,status_change,,RENDERED,pending-sync,Migrated from legacy rendition log. Fix applied and verified.,2026-03-18 20:02:00.779591+00
0673f6cd-afce-4469-a03f-f73b08c45c8f,5282ff74-4ecf-457b-8ca9-ca7dc101aec4,Agent,status_change,,RENDERED,pending-sync,Migrated from legacy rendition log. Fix applied and verified.,2026-03-18 20:02:04.972128+00
468ae8a0-d0c9-48c7-98c6-6b57ad48760a,c764c32d-4a18-46e2-8548-56b1002b2423,Agent,status_change,,RENDERED,pending-sync,Migrated from legacy rendition log. Fix applied and verified.,2026-03-18 20:02:08.964623+00
09b8408d-5659-4461-9a01-9f5f8b5a6b1f,ea3ce361-556e-4700-a966-def5d89f2a3f,Agent,status_change,,RENDERED,pending-sync,Migrated from legacy rendition log. Fix applied and verified.,2026-03-18 20:02:12.871533+00
e172ea38-9ef1-4288-b0de-c04da70b4d29,d5ddb993-5176-4de7-b079-3bd33cd639a9,Agent,status_change,,RENDERED,pending-sync,Migrated from legacy rendition log. Fix applied and verified.,2026-03-18 20:02:17.026331+00
00faea50-b250-4dae-9c56-c755a886f3df,e89e79f9-5bf3-4a98-b722-636e32651564,Agent,status_change,,RENDERED,pending-sync,Migrated from legacy rendition log. Fix applied and verified.,2026-03-18 20:01:48.235122+00
f726c197-c388-4e98-879b-90907bc6c869,fa7a4b51-9448-4c94-a4dc-87107db61bd4,Agent,status_change,,RENDERED,pending-sync,Migrated from legacy rendition log. Fix applied and verified.,2026-03-18 20:01:52.628391+00
f03dc051-f8c5-43a2-b2d1-2489e2aa31e7,fc27ade0-03dc-4cd4-878d-fb20f23de309,Agent,status_change,,RENDERED,pending-sync,Migrated from legacy rendition log. Fix applied and verified.,2026-03-18 20:01:56.602916+00
877fb3d5-7810-4b6b-a1ff-cd7f95d7dbe2,f724a954-3d36-4524-9b97-6276ab8b3a06,Agent,status_change,,RENDERED,pending-sync,Migrated from legacy rendition log. Fix applied and verified.,2026-03-18 20:02:00.779591+00
f9aa27d3-9d02-4437-9efc-5d769f5ca026,5282ff74-4ecf-457b-8ca9-ca7dc101aec4,Agent,status_change,,RENDERED,pending-sync,Migrated from legacy rendition log. Fix applied and verified.,2026-03-18 20:02:04.972128+00
af999399-b06b-451d-9244-3ab0c73e86e9,c764c32d-4a18-46e2-8548-56b1002b2423,Agent,status_change,,RENDERED,pending-sync,Migrated from legacy rendition log. Fix applied and verified.,2026-03-18 20:02:08.964623+00
ab52aa5f-0c55-4537-9d8d-61410da45535,ea3ce361-556e-4700-a966-def5d89f2a3f,Agent,status_change,,RENDERED,pending-sync,Migrated from legacy rendition log. Fix applied and verified.,2026-03-18 20:02:12.871533+00
8e3bd37d-d280-4ad8-9ee8-57203868e762,d5ddb993-5176-4de7-b079-3bd33cd639a9,Agent,status_change,,RENDERED,pending-sync,Migrated from legacy rendition log. Fix applied and verified.,2026-03-18 20:02:17.026331+00
3c0b6955-50a1-449c-a621-31e5d22cfcb6,e89e79f9-5bf3-4a98-b722-636e32651564,Agent,status_change,,RENDERED,pending-sync,Migrated from legacy rendition log. Fix applied and verified.,2026-03-18 20:01:48.235122+00
ced2b8fb-720d-4613-a71f-70c6afc8c7f1,fa7a4b51-9448-4c94-a4dc-87107db61bd4,Agent,status_change,,RENDERED,pending-sync,Migrated from legacy rendition log. Fix applied and verified.,2026-03-18 20:01:52.628391+00
5fa42b83-8237-4dc2-af02-1d9c74cdbadf,fc27ade0-03dc-4cd4-878d-fb20f23de309,Agent,status_change,,RENDERED,pending-sync,Migrated from legacy rendition log. Fix applied and verified.,2026-03-18 20:01:56.602916+00
075f2a30-d4b8-4c00-b581-076d43e80098,f724a954-3d36-4524-9b97-6276ab8b3a06,Agent,status_change,,RENDERED,pending-sync,Migrated from legacy rendition log. Fix applied and verified.,2026-03-18 20:02:00.779591+00
dbc60ca6-b1d8-48c5-bf5d-d34eff6fbde3,5282ff74-4ecf-457b-8ca9-ca7dc101aec4,Agent,status_change,,RENDERED,pending-sync,Migrated from legacy rendition log. Fix applied and verified.,2026-03-18 20:02:04.972128+00
9cd03306-6141-48f1-bbef-afe306a26def,c764c32d-4a18-46e2-8548-56b1002b2423,Agent,status_change,,RENDERED,pending-sync,Migrated from legacy rendition log. Fix applied and verified.,2026-03-18 20:02:08.964623+00
807b37b9-29c5-4b3e-96d6-bb2c8b583d7a,ea3ce361-556e-4700-a966-def5d89f2a3f,Agent,status_change,,RENDERED,pending-sync,Migrated from legacy rendition log. Fix applied and verified.,2026-03-18 20:02:12.871533+00
7f836566-c804-4976-9db8-1ff9022eac96,d5ddb993-5176-4de7-b079-3bd33cd639a9,Agent,status_change,,RENDERED,pending-sync,Migrated from legacy rendition log. Fix applied and verified.,2026-03-18 20:02:17.026331+00
e7f9be90-ed9d-493d-af69-56dbc719d723,e89e79f9-5bf3-4a98-b722-636e32651564,Agent,status_change,,RENDERED,pending-sync,Migrated from legacy rendition log. Fix applied and verified.,2026-03-18 20:01:48.235122+00
363958d0-f590-43ef-99af-a6fb0975d441,fa7a4b51-9448-4c94-a4dc-87107db61bd4,Agent,status_change,,RENDERED,pending-sync,Migrated from legacy rendition log. Fix applied and verified.,2026-03-18 20:01:52.628391+00
edf08473-5878-4e79-9279-a7d6762bc96f,fc27ade0-03dc-4cd4-878d-fb20f23de309,Agent,status_change,,RENDERED,pending-sync,Migrated from legacy rendition log. Fix applied and verified.,2026-03-18 20:01:56.602916+00
f0c62b37-4634-4361-a8f1-98acd072893d,f724a954-3d36-4524-9b97-6276ab8b3a06,Agent,status_change,,RENDERED,pending-sync,Migrated from legacy rendition log. Fix applied and verified.,2026-03-18 20:02:00.779591+00
80005b73-af50-428e-8eba-1b7bac01084a,5282ff74-4ecf-457b-8ca9-ca7dc101aec4,Agent,status_change,,RENDERED,pending-sync,Migrated from legacy rendition log. Fix applied and verified.,2026-03-18 20:02:04.972128+00
d0665604-f80d-4d55-8306-1ba86c70a153,c764c32d-4a18-46e2-8548-56b1002b2423,Agent,status_change,,RENDERED,pending-sync,Migrated from legacy rendition log. Fix applied and verified.,2026-03-18 20:02:08.964623+00
775e02f8-c959-4faa-97fd-03db6b240bb5,ea3ce361-556e-4700-a966-def5d89f2a3f,Agent,status_change,,RENDERED,pending-sync,Migrated from legacy rendition log. Fix applied and verified.,2026-03-18 20:02:12.871533+00
782244e2-1412-4a79-b3ae-387f0adc7d06,d5ddb993-5176-4de7-b079-3bd33cd639a9,Agent,status_change,,RENDERED,pending-sync,Migrated from legacy rendition log. Fix applied and verified.,2026-03-18 20:02:17.026331+00
a7ea49bb-348c-4120-8e57-2d219f85157a,e89e79f9-5bf3-4a98-b722-636e32651564,Agent,status_change,,RENDERED,pending-sync,Migrated from legacy rendition log. Fix applied and verified.,2026-03-18 20:01:48.235122+00
e6df3116-b15e-486b-b7c6-f1da6fd25497,fa7a4b51-9448-4c94-a4dc-87107db61bd4,Agent,status_change,,RENDERED,pending-sync,Migrated from legacy rendition log. Fix applied and verified.,2026-03-18 20:01:52.628391+00
a9973701-0602-44e5-87d4-31c61e7d8e94,fc27ade0-03dc-4cd4-878d-fb20f23de309,Agent,status_change,,RENDERED,pending-sync,Migrated from legacy rendition log. Fix applied and verified.,2026-03-18 20:01:56.602916+00
417d7786-e46a-4d42-932e-29a478b4f667,f724a954-3d36-4524-9b97-6276ab8b3a06,Agent,status_change,,RENDERED,pending-sync,Migrated from legacy rendition log. Fix applied and verified.,2026-03-18 20:02:00.779591+00
2bdcc1ff-666b-4648-a678-62a507da5b1c,5282ff74-4ecf-457b-8ca9-ca7dc101aec4,Agent,status_change,,RENDERED,pending-sync,Migrated from legacy rendition log. Fix applied and verified.,2026-03-18 20:02:04.972128+00
5239f239-fe04-4d48-82b4-aa1174424b68,c764c32d-4a18-46e2-8548-56b1002b2423,Agent,status_change,,RENDERED,pending-sync,Migrated from legacy rendition log. Fix applied and verified.,2026-03-18 20:02:08.964623+00
d0b1c596-20c9-415a-9383-db102ea2217d,ea3ce361-556e-4700-a966-def5d89f2a3f,Agent,status_change,,RENDERED,pending-sync,Migrated from legacy rendition log. Fix applied and verified.,2026-03-18 20:02:12.871533+00
2950768d-5525-4fd7-bafb-e9d390ebc733,d5ddb993-5176-4de7-b079-3bd33cd639a9,Agent,status_change,,RENDERED,pending-sync,Migrated from legacy rendition log. Fix applied and verified.,2026-03-18 20:02:17.026331+00
02a8c1e8-4bf5-4ce4-88f0-929d7f7831f1,e89e79f9-5bf3-4a98-b722-636e32651564,Agent,status_change,,RENDERED,pending-sync,Migrated from legacy rendition log. Fix applied and verified.,2026-03-18 20:01:48.235122+00
065f9a31-c718-4c54-8128-3ef7115862c2,fa7a4b51-9448-4c94-a4dc-87107db61bd4,Agent,status_change,,RENDERED,pending-sync,Migrated from legacy rendition log. Fix applied and verified.,2026-03-18 20:01:52.628391+00
3cf7dd12-68dc-4680-825e-a3e2d2aa2b75,fc27ade0-03dc-4cd4-878d-fb20f23de309,Agent,status_change,,RENDERED,pending-sync,Migrated from legacy rendition log. Fix applied and verified.,2026-03-18 20:01:56.602916+00
10ff0ac7-7a2a-4c1d-a0f2-fe41f18c3241,f724a954-3d36-4524-9b97-6276ab8b3a06,Agent,status_change,,RENDERED,pending-sync,Migrated from legacy rendition log. Fix applied and verified.,2026-03-18 20:02:00.779591+00
0d38f151-7df7-47ef-9889-7c1037d7bc89,5282ff74-4ecf-457b-8ca9-ca7dc101aec4,Agent,status_change,,RENDERED,pending-sync,Migrated from legacy rendition log. Fix applied and verified.,2026-03-18 20:02:04.972128+00
7e3fdd24-89b9-433f-913d-cf198dd76d53,c764c32d-4a18-46e2-8548-56b1002b2423,Agent,status_change,,RENDERED,pending-sync,Migrated from legacy rendition log. Fix applied and verified.,2026-03-18 20:02:08.964623+00
7e72a55b-8975-4a54-9473-3e0720327050,ea3ce361-556e-4700-a966-def5d89f2a3f,Agent,status_change,,RENDERED,pending-sync,Migrated from legacy rendition log. Fix applied and verified.,2026-03-18 20:02:12.871533+00
83a1da81-33c5-4bef-812c-584644acaae6,d5ddb993-5176-4de7-b079-3bd33cd639a9,Agent,status_change,,RENDERED,pending-sync,Migrated from legacy rendition log. Fix applied and verified.,2026-03-18 20:02:17.026331+00
ce293182-2528-4493-a706-61948380be35,e89e79f9-5bf3-4a98-b722-636e32651564,Agent,status_change,,RENDERED,pending-sync,Migrated from legacy rendition log. Fix applied and verified.,2026-03-18 20:01:48.235122+00
c8375c8d-f67e-432b-a11a-02c6faae409c,fa7a4b51-9448-4c94-a4dc-87107db61bd4,Agent,status_change,,RENDERED,pending-sync,Migrated from legacy rendition log. Fix applied and verified.,2026-03-18 20:01:52.628391+00
36ff7946-d206-4b93-9e54-efba0c5aba06,fc27ade0-03dc-4cd4-878d-fb20f23de309,Agent,status_change,,RENDERED,pending-sync,Migrated from legacy rendition log. Fix applied and verified.,2026-03-18 20:01:56.602916+00
b3224d29-3aa3-4a1a-b22a-d6121b506d48,f724a954-3d36-4524-9b97-6276ab8b3a06,Agent,status_change,,RENDERED,pending-sync,Migrated from legacy rendition log. Fix applied and verified.,2026-03-18 20:02:00.779591+00
a2121b22-62ec-4837-a187-a939fb0412ef,5282ff74-4ecf-457b-8ca9-ca7dc101aec4,Agent,status_change,,RENDERED,pending-sync,Migrated from legacy rendition log. Fix applied and verified.,2026-03-18 20:02:04.972128+00
416a7120-9e90-4062-9342-2cf68e2355ca,c764c32d-4a18-46e2-8548-56b1002b2423,Agent,status_change,,RENDERED,pending-sync,Migrated from legacy rendition log. Fix applied and verified.,2026-03-18 20:02:08.964623+00
258a7b80-97b0-46bf-b512-b62c292886b8,ea3ce361-556e-4700-a966-def5d89f2a3f,Agent,status_change,,RENDERED,pending-sync,Migrated from legacy rendition log. Fix applied and verified.,2026-03-18 20:02:12.871533+00
2ef54609-caaa-418d-9f34-c2ebff544070,d5ddb993-5176-4de7-b079-3bd33cd639a9,Agent,status_change,,RENDERED,pending-sync,Migrated from legacy rendition log. Fix applied and verified.,2026-03-18 20:02:17.026331+00
dbb9060a-92c0-4f24-b833-f1e70281c61e,e89e79f9-5bf3-4a98-b722-636e32651564,Agent,status_change,,RENDERED,pending-sync,Migrated from legacy rendition log. Fix applied and verified.,2026-03-18 20:01:48.235122+00
bab8c310-0e82-42d7-8318-39f83edd4f6e,fa7a4b51-9448-4c94-a4dc-87107db61bd4,Agent,status_change,,RENDERED,pending-sync,Migrated from legacy rendition log. Fix applied and verified.,2026-03-18 20:01:52.628391+00
ca25b56d-6bbf-4e7a-88fb-3fd3766d9d60,fc27ade0-03dc-4cd4-878d-fb20f23de309,Agent,status_change,,RENDERED,pending-sync,Migrated from legacy rendition log. Fix applied and verified.,2026-03-18 20:01:56.602916+00
840978ab-7b60-4da8-8597-0080502fa025,f724a954-3d36-4524-9b97-6276ab8b3a06,Agent,status_change,,RENDERED,pending-sync,Migrated from legacy rendition log. Fix applied and verified.,2026-03-18 20:02:00.779591+00
b2864de6-c2a2-409e-9fd6-0af7c10fbcd5,5282ff74-4ecf-457b-8ca9-ca7dc101aec4,Agent,status_change,,RENDERED,pending-sync,Migrated from legacy rendition log. Fix applied and verified.,2026-03-18 20:02:04.972128+00
e9010794-f81c-4213-a6ce-535c7a7f7ef2,c764c32d-4a18-46e2-8548-56b1002b2423,Agent,status_change,,RENDERED,pending-sync,Migrated from legacy rendition log. Fix applied and verified.,2026-03-18 20:02:08.964623+00
606b3762-dba5-4f33-9435-dad292c7c5fe,ea3ce361-556e-4700-a966-def5d89f2a3f,Agent,status_change,,RENDERED,pending-sync,Migrated from legacy rendition log. Fix applied and verified.,2026-03-18 20:02:12.871533+00
78ad46ec-0627-4fdc-b787-fee3ae3f4ad4,d5ddb993-5176-4de7-b079-3bd33cd639a9,Agent,status_change,,RENDERED,pending-sync,Migrated from legacy rendition log. Fix applied and verified.,2026-03-18 20:02:17.026331+00
adc30afd-d19d-4b5c-a941-c02b38a24c68,e89e79f9-5bf3-4a98-b722-636e32651564,Agent,status_change,,RENDERED,pending-sync,Migrated from legacy rendition log. Fix applied and verified.,2026-03-18 20:01:48.235122+00
cf379d8d-f49a-451f-bab4-809f7ec63482,fa7a4b51-9448-4c94-a4dc-87107db61bd4,Agent,status_change,,RENDERED,pending-sync,Migrated from legacy rendition log. Fix applied and verified.,2026-03-18 20:01:52.628391+00
e6d36cc8-8a7c-490a-9487-a16d00592391,fc27ade0-03dc-4cd4-878d-fb20f23de309,Agent,status_change,,RENDERED,pending-sync,Migrated from legacy rendition log. Fix applied and verified.,2026-03-18 20:01:56.602916+00
510e22cc-7149-49b2-b99e-6ae57f43d866,f724a954-3d36-4524-9b97-6276ab8b3a06,Agent,status_change,,RENDERED,pending-sync,Migrated from legacy rendition log. Fix applied and verified.,2026-03-18 20:02:00.779591+00
d66dbabb-a58c-4cfe-abca-c36638139cb0,5282ff74-4ecf-457b-8ca9-ca7dc101aec4,Agent,status_change,,RENDERED,pending-sync,Migrated from legacy rendition log. Fix applied and verified.,2026-03-18 20:02:04.972128+00
2a80cf9d-46ce-46ec-b9fb-0bf51db3b8fd,c764c32d-4a18-46e2-8548-56b1002b2423,Agent,status_change,,RENDERED,pending-sync,Migrated from legacy rendition log. Fix applied and verified.,2026-03-18 20:02:08.964623+00
31622d0a-3352-4c95-a087-746607dc70ea,ea3ce361-556e-4700-a966-def5d89f2a3f,Agent,status_change,,RENDERED,pending-sync,Migrated from legacy rendition log. Fix applied and verified.,2026-03-18 20:02:12.871533+00
1ae8d35a-351f-4044-b33d-3abf6eb14026,d5ddb993-5176-4de7-b079-3bd33cd639a9,Agent,status_change,,RENDERED,pending-sync,Migrated from legacy rendition log. Fix applied and verified.,2026-03-18 20:02:17.026331+00
40c00f1a-cef7-49ac-9611-e8996cce3dd1,e89e79f9-5bf3-4a98-b722-636e32651564,Agent,status_change,,RENDERED,pending-sync,Migrated from legacy rendition log. Fix applied and verified.,2026-03-18 20:01:48.235122+00
9160eee8-928a-4ba2-b8cf-9ac763728c52,fa7a4b51-9448-4c94-a4dc-87107db61bd4,Agent,status_change,,RENDERED,pending-sync,Migrated from legacy rendition log. Fix applied and verified.,2026-03-18 20:01:52.628391+00
f89b638a-b40c-4129-ac9a-2e6d295400be,fc27ade0-03dc-4cd4-878d-fb20f23de309,Agent,status_change,,RENDERED,pending-sync,Migrated from legacy rendition log. Fix applied and verified.,2026-03-18 20:01:56.602916+00
16659aef-fb22-4c9b-9788-19781b1cda70,f724a954-3d36-4524-9b97-6276ab8b3a06,Agent,status_change,,RENDERED,pending-sync,Migrated from legacy rendition log. Fix applied and verified.,2026-03-18 20:02:00.779591+00
0de8e2bc-efc0-4f16-b9ee-8e9917397acc,5282ff74-4ecf-457b-8ca9-ca7dc101aec4,Agent,status_change,,RENDERED,pending-sync,Migrated from legacy rendition log. Fix applied and verified.,2026-03-18 20:02:04.972128+00
3bb9467e-4229-4b46-a7ce-40471d1825ec,c764c32d-4a18-46e2-8548-56b1002b2423,Agent,status_change,,RENDERED,pending-sync,Migrated from legacy rendition log. Fix applied and verified.,2026-03-18 20:02:08.964623+00
4e4b36f2-a828-4041-a103-efae2b058a15,ea3ce361-556e-4700-a966-def5d89f2a3f,Agent,status_change,,RENDERED,pending-sync,Migrated from legacy rendition log. Fix applied and verified.,2026-03-18 20:02:12.871533+00
871f7f95-1b4b-4e06-b192-484bb9c11620,d5ddb993-5176-4de7-b079-3bd33cd639a9,Agent,status_change,,RENDERED,pending-sync,Migrated from legacy rendition log. Fix applied and verified.,2026-03-18 20:02:17.026331+00
e42b041e-3603-4fe6-96df-4db1daebb435,e89e79f9-5bf3-4a98-b722-636e32651564,Agent,status_change,,RENDERED,pending-sync,Migrated from legacy rendition log. Fix applied and verified.,2026-03-18 20:01:48.235122+00
65ae8994-a14f-4457-8af2-7636939081ea,fa7a4b51-9448-4c94-a4dc-87107db61bd4,Agent,status_change,,RENDERED,pending-sync,Migrated from legacy rendition log. Fix applied and verified.,2026-03-18 20:01:52.628391+00
6f945959-a5b9-42cf-9a8e-4cbd31652b72,fc27ade0-03dc-4cd4-878d-fb20f23de309,Agent,status_change,,RENDERED,pending-sync,Migrated from legacy rendition log. Fix applied and verified.,2026-03-18 20:01:56.602916+00
e2885640-cded-47c4-b4ec-f34a2cd08146,f724a954-3d36-4524-9b97-6276ab8b3a06,Agent,status_change,,RENDERED,pending-sync,Migrated from legacy rendition log. Fix applied and verified.,2026-03-18 20:02:00.779591+00
e5c34416-1c53-4fb0-9b77-5c6706aa5497,5282ff74-4ecf-457b-8ca9-ca7dc101aec4,Agent,status_change,,RENDERED,pending-sync,Migrated from legacy rendition log. Fix applied and verified.,2026-03-18 20:02:04.972128+00
ddfafca2-a53e-41c9-994c-c624b3edd75e,c764c32d-4a18-46e2-8548-56b1002b2423,Agent,status_change,,RENDERED,pending-sync,Migrated from legacy rendition log. Fix applied and verified.,2026-03-18 20:02:08.964623+00
04d7f044-4967-4797-adbf-1f769fb96505,ea3ce361-556e-4700-a966-def5d89f2a3f,Agent,status_change,,RENDERED,pending-sync,Migrated from legacy rendition log. Fix applied and verified.,2026-03-18 20:02:12.871533+00
1af16a77-9672-489c-baa9-e0042a310251,d5ddb993-5176-4de7-b079-3bd33cd639a9,Agent,status_change,,RENDERED,pending-sync,Migrated from legacy rendition log. Fix applied and verified.,2026-03-18 20:02:17.026331+00
202d7433-d360-490c-a15d-3faa6b5fd139,e89e79f9-5bf3-4a98-b722-636e32651564,Agent,status_change,,RENDERED,pending-sync,Migrated from legacy rendition log. Fix applied and verified.,2026-03-18 20:01:48.235122+00
f7bb474a-2d6c-4ed1-89a0-8c3228695e90,fa7a4b51-9448-4c94-a4dc-87107db61bd4,Agent,status_change,,RENDERED,pending-sync,Migrated from legacy rendition log. Fix applied and verified.,2026-03-18 20:01:52.628391+00
d71d3355-db26-4555-a732-83ba97a841fa,fc27ade0-03dc-4cd4-878d-fb20f23de309,Agent,status_change,,RENDERED,pending-sync,Migrated from legacy rendition log. Fix applied and verified.,2026-03-18 20:01:56.602916+00
8e872732-694b-4b0a-8ca4-6e54704127b4,f724a954-3d36-4524-9b97-6276ab8b3a06,Agent,status_change,,RENDERED,pending-sync,Migrated from legacy rendition log. Fix applied and verified.,2026-03-18 20:02:00.779591+00
beabd2dd-cf33-4015-8476-270751ad0e17,5282ff74-4ecf-457b-8ca9-ca7dc101aec4,Agent,status_change,,RENDERED,pending-sync,Migrated from legacy rendition log. Fix applied and verified.,2026-03-18 20:02:04.972128+00
74309fad-5b77-4fd1-a474-ed85061698ed,c764c32d-4a18-46e2-8548-56b1002b2423,Agent,status_change,,RENDERED,pending-sync,Migrated from legacy rendition log. Fix applied and verified.,2026-03-18 20:02:08.964623+00
7512cbc3-951f-4613-80d5-4e17a1f77964,ea3ce361-556e-4700-a966-def5d89f2a3f,Agent,status_change,,RENDERED,pending-sync,Migrated from legacy rendition log. Fix applied and verified.,2026-03-18 20:02:12.871533+00
9963b030-6afa-459f-9d3c-61d7807536b8,d5ddb993-5176-4de7-b079-3bd33cd639a9,Agent,status_change,,RENDERED,pending-sync,Migrated from legacy rendition log. Fix applied and verified.,2026-03-18 20:02:17.026331+00
cba041b2-9e95-4975-89c7-9ca81f0aea7f,e89e79f9-5bf3-4a98-b722-636e32651564,Agent,status_change,,RENDERED,pending-sync,Migrated from legacy rendition log. Fix applied and verified.,2026-03-18 20:01:48.235122+00
73f9374e-578a-4e6b-9d28-bf376cd0346a,fa7a4b51-9448-4c94-a4dc-87107db61bd4,Agent,status_change,,RENDERED,pending-sync,Migrated from legacy rendition log. Fix applied and verified.,2026-03-18 20:01:52.628391+00
dafb92c8-9725-4597-98a6-9f231c85666e,fc27ade0-03dc-4cd4-878d-fb20f23de309,Agent,status_change,,RENDERED,pending-sync,Migrated from legacy rendition log. Fix applied and verified.,2026-03-18 20:01:56.602916+00
8300c5b1-20c3-4079-9623-4f462d5b8798,f724a954-3d36-4524-9b97-6276ab8b3a06,Agent,status_change,,RENDERED,pending-sync,Migrated from legacy rendition log. Fix applied and verified.,2026-03-18 20:02:00.779591+00
b061b647-7c0b-49eb-9b02-ebb59a5a9f80,5282ff74-4ecf-457b-8ca9-ca7dc101aec4,Agent,status_change,,RENDERED,pending-sync,Migrated from legacy rendition log. Fix applied and verified.,2026-03-18 20:02:04.972128+00
e046147b-1fbe-4912-8d90-046b04c2ed6a,c764c32d-4a18-46e2-8548-56b1002b2423,Agent,status_change,,RENDERED,pending-sync,Migrated from legacy rendition log. Fix applied and verified.,2026-03-18 20:02:08.964623+00
93430139-3b16-4b58-92b4-1bbd2f1f0661,ea3ce361-556e-4700-a966-def5d89f2a3f,Agent,status_change,,RENDERED,pending-sync,Migrated from legacy rendition log. Fix applied and verified.,2026-03-18 20:02:12.871533+00
5b45e765-914e-4056-b267-efc5d94860ab,d5ddb993-5176-4de7-b079-3bd33cd639a9,Agent,status_change,,RENDERED,pending-sync,Migrated from legacy rendition log. Fix applied and verified.,2026-03-18 20:02:17.026331+00
490f227a-da4f-4b41-9066-13dd3d434bb4,e89e79f9-5bf3-4a98-b722-636e32651564,Agent,status_change,,RENDERED,pending-sync,Migrated from legacy rendition log. Fix applied and verified.,2026-03-18 20:01:48.235122+00
ceba715d-5d78-425e-aa35-0f8f2e8b6b7f,fa7a4b51-9448-4c94-a4dc-87107db61bd4,Agent,status_change,,RENDERED,pending-sync,Migrated from legacy rendition log. Fix applied and verified.,2026-03-18 20:01:52.628391+00
9208f8e1-3ddb-4fdf-b46b-0acb874e34c3,fc27ade0-03dc-4cd4-878d-fb20f23de309,Agent,status_change,,RENDERED,pending-sync,Migrated from legacy rendition log. Fix applied and verified.,2026-03-18 20:01:56.602916+00
b46980a7-ed17-41f2-9dc2-efa4e33de16e,f724a954-3d36-4524-9b97-6276ab8b3a06,Agent,status_change,,RENDERED,pending-sync,Migrated from legacy rendition log. Fix applied and verified.,2026-03-18 20:02:00.779591+00
d0a5b41f-8394-4379-b5e5-e911b80aad27,5282ff74-4ecf-457b-8ca9-ca7dc101aec4,Agent,status_change,,RENDERED,pending-sync,Migrated from legacy rendition log. Fix applied and verified.,2026-03-18 20:02:04.972128+00
27c8380e-f03a-4d1e-9354-ed9f930cc48f,c764c32d-4a18-46e2-8548-56b1002b2423,Agent,status_change,,RENDERED,pending-sync,Migrated from legacy rendition log. Fix applied and verified.,2026-03-18 20:02:08.964623+00
150cd268-5bd4-44b7-9b7f-d6aafee116b1,ea3ce361-556e-4700-a966-def5d89f2a3f,Agent,status_change,,RENDERED,pending-sync,Migrated from legacy rendition log. Fix applied and verified.,2026-03-18 20:02:12.871533+00
94eb5edf-26bb-4944-bdbe-d393dadd5064,d5ddb993-5176-4de7-b079-3bd33cd639a9,Agent,status_change,,RENDERED,pending-sync,Migrated from legacy rendition log. Fix applied and verified.,2026-03-18 20:02:17.026331+00
2d6199c7-b592-4062-97d1-154fe2fc0621,e89e79f9-5bf3-4a98-b722-636e32651564,Agent,status_change,,RENDERED,pending-sync,Migrated from legacy rendition log. Fix applied and verified.,2026-03-18 20:01:48.235122+00
56535fef-b33e-470d-b0c6-4383d806ac62,fa7a4b51-9448-4c94-a4dc-87107db61bd4,Agent,status_change,,RENDERED,pending-sync,Migrated from legacy rendition log. Fix applied and verified.,2026-03-18 20:01:52.628391+00
57dec32b-f787-44e2-8379-0a51b5d92663,fc27ade0-03dc-4cd4-878d-fb20f23de309,Agent,status_change,,RENDERED,pending-sync,Migrated from legacy rendition log. Fix applied and verified.,2026-03-18 20:01:56.602916+00
4c60d06d-62c6-41cf-a9ed-ce820a59523f,f724a954-3d36-4524-9b97-6276ab8b3a06,Agent,status_change,,RENDERED,pending-sync,Migrated from legacy rendition log. Fix applied and verified.,2026-03-18 20:02:00.779591+00
c58c60d1-66d1-404b-811e-038d4d021326,5282ff74-4ecf-457b-8ca9-ca7dc101aec4,Agent,status_change,,RENDERED,pending-sync,Migrated from legacy rendition log. Fix applied and verified.,2026-03-18 20:02:04.972128+00
1b8250af-ff1c-456c-946d-642000b5d9eb,c764c32d-4a18-46e2-8548-56b1002b2423,Agent,status_change,,RENDERED,pending-sync,Migrated from legacy rendition log. Fix applied and verified.,2026-03-18 20:02:08.964623+00
962c354e-86eb-427f-bcec-5a9ea0fa46ae,ea3ce361-556e-4700-a966-def5d89f2a3f,Agent,status_change,,RENDERED,pending-sync,Migrated from legacy rendition log. Fix applied and verified.,2026-03-18 20:02:12.871533+00
d3c26f32-90ce-4603-a321-441bf3062f65,d5ddb993-5176-4de7-b079-3bd33cd639a9,Agent,status_change,,RENDERED,pending-sync,Migrated from legacy rendition log. Fix applied and verified.,2026-03-18 20:02:17.026331+00
01356d4e-870a-4287-a972-f5b182b0e3cd,e89e79f9-5bf3-4a98-b722-636e32651564,Agent,status_change,,RENDERED,pending-sync,Migrated from legacy rendition log. Fix applied and verified.,2026-03-18 20:01:48.235122+00
c317a85e-23fc-4c83-b67b-2f17ec59f8b0,fa7a4b51-9448-4c94-a4dc-87107db61bd4,Agent,status_change,,RENDERED,pending-sync,Migrated from legacy rendition log. Fix applied and verified.,2026-03-18 20:01:52.628391+00
08c93081-a508-4e7f-8037-4567c260157e,fc27ade0-03dc-4cd4-878d-fb20f23de309,Agent,status_change,,RENDERED,pending-sync,Migrated from legacy rendition log. Fix applied and verified.,2026-03-18 20:01:56.602916+00
209a4fa9-38d0-47dd-977d-f65c513aba84,f724a954-3d36-4524-9b97-6276ab8b3a06,Agent,status_change,,RENDERED,pending-sync,Migrated from legacy rendition log. Fix applied and verified.,2026-03-18 20:02:00.779591+00
92d2a9cb-6437-44db-8271-9a079e00742d,5282ff74-4ecf-457b-8ca9-ca7dc101aec4,Agent,status_change,,RENDERED,pending-sync,Migrated from legacy rendition log. Fix applied and verified.,2026-03-18 20:02:04.972128+00
5e49d381-a4c2-41b7-8fff-e8a89fbcbcf6,c764c32d-4a18-46e2-8548-56b1002b2423,Agent,status_change,,RENDERED,pending-sync,Migrated from legacy rendition log. Fix applied and verified.,2026-03-18 20:02:08.964623+00
648ccc1c-1e3b-494b-aa27-c50f937bd600,ea3ce361-556e-4700-a966-def5d89f2a3f,Agent,status_change,,RENDERED,pending-sync,Migrated from legacy rendition log. Fix applied and verified.,2026-03-18 20:02:12.871533+00
8ea0c6aa-27b7-4de6-a53f-fe4f9e8b6ad0,d5ddb993-5176-4de7-b079-3bd33cd639a9,Agent,status_change,,RENDERED,pending-sync,Migrated from legacy rendition log. Fix applied and verified.,2026-03-18 20:02:17.026331+00
cfbdea39-453e-46b5-99c8-e741ec191739,e89e79f9-5bf3-4a98-b722-636e32651564,Agent,status_change,,RENDERED,pending-sync,Migrated from legacy rendition log. Fix applied and verified.,2026-03-18 20:01:48.235122+00
27e7c066-8430-491e-9941-9f9a52edeaff,fa7a4b51-9448-4c94-a4dc-87107db61bd4,Agent,status_change,,RENDERED,pending-sync,Migrated from legacy rendition log. Fix applied and verified.,2026-03-18 20:01:52.628391+00
443ff0f0-2d22-4d7c-b63c-c8140694bac5,fc27ade0-03dc-4cd4-878d-fb20f23de309,Agent,status_change,,RENDERED,pending-sync,Migrated from legacy rendition log. Fix applied and verified.,2026-03-18 20:01:56.602916+00
6ce288b7-6627-41fd-8cea-b3906a3e2acd,f724a954-3d36-4524-9b97-6276ab8b3a06,Agent,status_change,,RENDERED,pending-sync,Migrated from legacy rendition log. Fix applied and verified.,2026-03-18 20:02:00.779591+00
aa670823-f5bc-4aa7-b2be-699c905ee891,5282ff74-4ecf-457b-8ca9-ca7dc101aec4,Agent,status_change,,RENDERED,pending-sync,Migrated from legacy rendition log. Fix applied and verified.,2026-03-18 20:02:04.972128+00
d793f6d2-6942-4d64-9ad7-aef70fa6200d,c764c32d-4a18-46e2-8548-56b1002b2423,Agent,status_change,,RENDERED,pending-sync,Migrated from legacy rendition log. Fix applied and verified.,2026-03-18 20:02:08.964623+00
eb540785-e619-4e4c-8a31-72d692a83f6a,ea3ce361-556e-4700-a966-def5d89f2a3f,Agent,status_change,,RENDERED,pending-sync,Migrated from legacy rendition log. Fix applied and verified.,2026-03-18 20:02:12.871533+00
83ced9d0-5a1c-485a-a1f7-5a924ea60639,d5ddb993-5176-4de7-b079-3bd33cd639a9,Agent,status_change,,RENDERED,pending-sync,Migrated from legacy rendition log. Fix applied and verified.,2026-03-18 20:02:17.026331+00
31b5da17-8889-4121-a275-ee8e4e7135fc,e89e79f9-5bf3-4a98-b722-636e32651564,Agent,status_change,,RENDERED,pending-sync,Migrated from legacy rendition log. Fix applied and verified.,2026-03-18 20:01:48.235122+00
dfc5932e-005e-492a-a960-370b4c0a94ce,fa7a4b51-9448-4c94-a4dc-87107db61bd4,Agent,status_change,,RENDERED,pending-sync,Migrated from legacy rendition log. Fix applied and verified.,2026-03-18 20:01:52.628391+00
fdbed66c-0bc1-4e1a-a657-a4434ea4f20e,fc27ade0-03dc-4cd4-878d-fb20f23de309,Agent,status_change,,RENDERED,pending-sync,Migrated from legacy rendition log. Fix applied and verified.,2026-03-18 20:01:56.602916+00
8f286fe3-7b9e-4848-afa5-82c2b272bd20,f724a954-3d36-4524-9b97-6276ab8b3a06,Agent,status_change,,RENDERED,pending-sync,Migrated from legacy rendition log. Fix applied and verified.,2026-03-18 20:02:00.779591+00
bc9cb889-b03d-497b-afd4-6cb399048831,5282ff74-4ecf-457b-8ca9-ca7dc101aec4,Agent,status_change,,RENDERED,pending-sync,Migrated from legacy rendition log. Fix applied and verified.,2026-03-18 20:02:04.972128+00
a5577a66-9032-48e7-b893-2ecb90e29600,c764c32d-4a18-46e2-8548-56b1002b2423,Agent,status_change,,RENDERED,pending-sync,Migrated from legacy rendition log. Fix applied and verified.,2026-03-18 20:02:08.964623+00
14e5a58b-3687-4584-88e8-988e257729f7,ea3ce361-556e-4700-a966-def5d89f2a3f,Agent,status_change,,RENDERED,pending-sync,Migrated from legacy rendition log. Fix applied and verified.,2026-03-18 20:02:12.871533+00
78b7f57e-27d2-4355-ac98-d5aff7752f16,d5ddb993-5176-4de7-b079-3bd33cd639a9,Agent,status_change,,RENDERED,pending-sync,Migrated from legacy rendition log. Fix applied and verified.,2026-03-18 20:02:17.026331+00
268d8bcb-25f3-4382-96a7-c6a160e26ac8,e89e79f9-5bf3-4a98-b722-636e32651564,Agent,status_change,,RENDERED,pending-sync,Migrated from legacy rendition log. Fix applied and verified.,2026-03-18 20:01:48.235122+00
b13e1bdd-ebe7-4c02-a1de-d5d4829ff14e,fa7a4b51-9448-4c94-a4dc-87107db61bd4,Agent,status_change,,RENDERED,pending-sync,Migrated from legacy rendition log. Fix applied and verified.,2026-03-18 20:01:52.628391+00
0a8d1c9d-fa3f-4ebc-b8e5-eee72d039aac,fc27ade0-03dc-4cd4-878d-fb20f23de309,Agent,status_change,,RENDERED,pending-sync,Migrated from legacy rendition log. Fix applied and verified.,2026-03-18 20:01:56.602916+00
fb5e0718-be89-4f15-bf2f-477cafbc3597,f724a954-3d36-4524-9b97-6276ab8b3a06,Agent,status_change,,RENDERED,pending-sync,Migrated from legacy rendition log. Fix applied and verified.,2026-03-18 20:02:00.779591+00
8afd36d5-29a9-46c4-b814-9fe5fc2b9aa6,5282ff74-4ecf-457b-8ca9-ca7dc101aec4,Agent,status_change,,RENDERED,pending-sync,Migrated from legacy rendition log. Fix applied and verified.,2026-03-18 20:02:04.972128+00
f3278af6-07c6-4126-860b-5560b4b89e29,c764c32d-4a18-46e2-8548-56b1002b2423,Agent,status_change,,RENDERED,pending-sync,Migrated from legacy rendition log. Fix applied and verified.,2026-03-18 20:02:08.964623+00
dfaa9c52-757a-43c9-8d47-3e478262e1ed,ea3ce361-556e-4700-a966-def5d89f2a3f,Agent,status_change,,RENDERED,pending-sync,Migrated from legacy rendition log. Fix applied and verified.,2026-03-18 20:02:12.871533+00
8cd8578e-decf-463d-9694-9db07bc2c212,d5ddb993-5176-4de7-b079-3bd33cd639a9,Agent,status_change,,RENDERED,pending-sync,Migrated from legacy rendition log. Fix applied and verified.,2026-03-18 20:02:17.026331+00
4860d1d4-66f1-4141-8a02-f8b6bfc7ddd7,e89e79f9-5bf3-4a98-b722-636e32651564,Agent,status_change,,RENDERED,pending-sync,Migrated from legacy rendition log. Fix applied and verified.,2026-03-18 20:01:48.235122+00
31375ff5-3cb9-4208-8c02-34782057af1f,fa7a4b51-9448-4c94-a4dc-87107db61bd4,Agent,status_change,,RENDERED,pending-sync,Migrated from legacy rendition log. Fix applied and verified.,2026-03-18 20:01:52.628391+00
c741f503-ff93-4f48-a4ca-052e2043e846,fc27ade0-03dc-4cd4-878d-fb20f23de309,Agent,status_change,,RENDERED,pending-sync,Migrated from legacy rendition log. Fix applied and verified.,2026-03-18 20:01:56.602916+00
101e6f2b-a493-4b5e-afe8-9731655a6fbc,f724a954-3d36-4524-9b97-6276ab8b3a06,Agent,status_change,,RENDERED,pending-sync,Migrated from legacy rendition log. Fix applied and verified.,2026-03-18 20:02:00.779591+00
e9328435-1c1c-4c78-accd-1f1b44b97a6c,5282ff74-4ecf-457b-8ca9-ca7dc101aec4,Agent,status_change,,RENDERED,pending-sync,Migrated from legacy rendition log. Fix applied and verified.,2026-03-18 20:02:04.972128+00
7d913782-8558-4fb4-841a-d629440483c4,c764c32d-4a18-46e2-8548-56b1002b2423,Agent,status_change,,RENDERED,pending-sync,Migrated from legacy rendition log. Fix applied and verified.,2026-03-18 20:02:08.964623+00
3ab43052-1893-4830-a713-a9cae881d21d,ea3ce361-556e-4700-a966-def5d89f2a3f,Agent,status_change,,RENDERED,pending-sync,Migrated from legacy rendition log. Fix applied and verified.,2026-03-18 20:02:12.871533+00
f84a2295-1aa4-49ca-8339-d75bd4c3c0cd,d5ddb993-5176-4de7-b079-3bd33cd639a9,Agent,status_change,,RENDERED,pending-sync,Migrated from legacy rendition log. Fix applied and verified.,2026-03-18 20:02:17.026331+00
9e2346f8-5d4e-4f03-8109-b2ac8aa633e4,e89e79f9-5bf3-4a98-b722-636e32651564,Agent,status_change,,RENDERED,pending-sync,Migrated from legacy rendition log. Fix applied and verified.,2026-03-18 20:01:48.235122+00
9969c303-88e7-48a8-b0f2-89badd7ea975,fa7a4b51-9448-4c94-a4dc-87107db61bd4,Agent,status_change,,RENDERED,pending-sync,Migrated from legacy rendition log. Fix applied and verified.,2026-03-18 20:01:52.628391+00
c5af25dc-6d79-4687-988e-8841bc3b52e7,fc27ade0-03dc-4cd4-878d-fb20f23de309,Agent,status_change,,RENDERED,pending-sync,Migrated from legacy rendition log. Fix applied and verified.,2026-03-18 20:01:56.602916+00
d64c7bde-5912-4819-90e5-bb9cd315dc09,f724a954-3d36-4524-9b97-6276ab8b3a06,Agent,status_change,,RENDERED,pending-sync,Migrated from legacy rendition log. Fix applied and verified.,2026-03-18 20:02:00.779591+00
47cd3249-587f-4083-b4e3-348b8cfd3a8f,5282ff74-4ecf-457b-8ca9-ca7dc101aec4,Agent,status_change,,RENDERED,pending-sync,Migrated from legacy rendition log. Fix applied and verified.,2026-03-18 20:02:04.972128+00
06740fdb-7153-4eca-bd3c-7206fb08b9c3,c764c32d-4a18-46e2-8548-56b1002b2423,Agent,status_change,,RENDERED,pending-sync,Migrated from legacy rendition log. Fix applied and verified.,2026-03-18 20:02:08.964623+00
4d588d93-73d7-4c55-9347-f82daf339566,ea3ce361-556e-4700-a966-def5d89f2a3f,Agent,status_change,,RENDERED,pending-sync,Migrated from legacy rendition log. Fix applied and verified.,2026-03-18 20:02:12.871533+00
14731fbc-1153-4790-abb3-4374b71aebc8,d5ddb993-5176-4de7-b079-3bd33cd639a9,Agent,status_change,,RENDERED,pending-sync,Migrated from legacy rendition log. Fix applied and verified.,2026-03-18 20:02:17.026331+00
a19e9ada-d1aa-40bb-817c-f17b0d882a1c,e89e79f9-5bf3-4a98-b722-636e32651564,Agent,status_change,,RENDERED,pending-sync,Migrated from legacy rendition log. Fix applied and verified.,2026-03-18 20:01:48.235122+00
9ceb72d1-2a0d-43d4-9757-4aafac2abbf1,fa7a4b51-9448-4c94-a4dc-87107db61bd4,Agent,status_change,,RENDERED,pending-sync,Migrated from legacy rendition log. Fix applied and verified.,2026-03-18 20:01:52.628391+00
d58e167f-6fc9-4c31-875c-dacf89d3c8b5,fc27ade0-03dc-4cd4-878d-fb20f23de309,Agent,status_change,,RENDERED,pending-sync,Migrated from legacy rendition log. Fix applied and verified.,2026-03-18 20:01:56.602916+00
30fb1d07-f009-4fcd-9982-d85909e22c0c,f724a954-3d36-4524-9b97-6276ab8b3a06,Agent,status_change,,RENDERED,pending-sync,Migrated from legacy rendition log. Fix applied and verified.,2026-03-18 20:02:00.779591+00
47d6c183-7d33-483f-8f48-ee045946ddcb,5282ff74-4ecf-457b-8ca9-ca7dc101aec4,Agent,status_change,,RENDERED,pending-sync,Migrated from legacy rendition log. Fix applied and verified.,2026-03-18 20:02:04.972128+00
9c4e7037-b9a8-4f2c-820f-6a5072488f31,c764c32d-4a18-46e2-8548-56b1002b2423,Agent,status_change,,RENDERED,pending-sync,Migrated from legacy rendition log. Fix applied and verified.,2026-03-18 20:02:08.964623+00
728bd83e-f169-4b41-9682-1ac968aad95d,ea3ce361-556e-4700-a966-def5d89f2a3f,Agent,status_change,,RENDERED,pending-sync,Migrated from legacy rendition log. Fix applied and verified.,2026-03-18 20:02:12.871533+00
ca66e96a-4f07-4114-ae6b-777e4033f155,d5ddb993-5176-4de7-b079-3bd33cd639a9,Agent,status_change,,RENDERED,pending-sync,Migrated from legacy rendition log. Fix applied and verified.,2026-03-18 20:02:17.026331+00
b2634703-7930-4353-b0f2-1477a132da67,e89e79f9-5bf3-4a98-b722-636e32651564,Agent,status_change,,RENDERED,pending-sync,Migrated from legacy rendition log. Fix applied and verified.,2026-03-18 20:01:48.235122+00
a60e031d-e23e-450a-9404-b6886ef1bdee,fa7a4b51-9448-4c94-a4dc-87107db61bd4,Agent,status_change,,RENDERED,pending-sync,Migrated from legacy rendition log. Fix applied and verified.,2026-03-18 20:01:52.628391+00
7157068a-b272-49d2-8711-3f064c05bc34,fc27ade0-03dc-4cd4-878d-fb20f23de309,Agent,status_change,,RENDERED,pending-sync,Migrated from legacy rendition log. Fix applied and verified.,2026-03-18 20:01:56.602916+00
af0a44de-e5e6-4015-8071-b2b1ff1f9ebf,f724a954-3d36-4524-9b97-6276ab8b3a06,Agent,status_change,,RENDERED,pending-sync,Migrated from legacy rendition log. Fix applied and verified.,2026-03-18 20:02:00.779591+00
2ebfe24d-9ba0-435a-aa93-dd52cc5b7684,5282ff74-4ecf-457b-8ca9-ca7dc101aec4,Agent,status_change,,RENDERED,pending-sync,Migrated from legacy rendition log. Fix applied and verified.,2026-03-18 20:02:04.972128+00
d5e20f4b-d4d6-4ead-b85b-57523f6d6eab,c764c32d-4a18-46e2-8548-56b1002b2423,Agent,status_change,,RENDERED,pending-sync,Migrated from legacy rendition log. Fix applied and verified.,2026-03-18 20:02:08.964623+00
c57972be-16c8-4f73-a071-8382ecbfb0ce,ea3ce361-556e-4700-a966-def5d89f2a3f,Agent,status_change,,RENDERED,pending-sync,Migrated from legacy rendition log. Fix applied and verified.,2026-03-18 20:02:12.871533+00
249db7fd-084c-4a22-ab2d-6688c95d6400,d5ddb993-5176-4de7-b079-3bd33cd639a9,Agent,status_change,,RENDERED,pending-sync,Migrated from legacy rendition log. Fix applied and verified.,2026-03-18 20:02:17.026331+00
7606b1ce-ac3e-4fa0-9dc8-f3fc217f66e8,e89e79f9-5bf3-4a98-b722-636e32651564,Agent,status_change,,RENDERED,pending-sync,Migrated from legacy rendition log. Fix applied and verified.,2026-03-18 20:01:48.235122+00
ec317d20-759f-4711-8070-dafcbacb3d3e,fa7a4b51-9448-4c94-a4dc-87107db61bd4,Agent,status_change,,RENDERED,pending-sync,Migrated from legacy rendition log. Fix applied and verified.,2026-03-18 20:01:52.628391+00
4385f733-f74e-4951-9671-5dde6ff5ad54,fc27ade0-03dc-4cd4-878d-fb20f23de309,Agent,status_change,,RENDERED,pending-sync,Migrated from legacy rendition log. Fix applied and verified.,2026-03-18 20:01:56.602916+00
a286a604-902b-47c2-a728-fe4aadbc9ed2,f724a954-3d36-4524-9b97-6276ab8b3a06,Agent,status_change,,RENDERED,pending-sync,Migrated from legacy rendition log. Fix applied and verified.,2026-03-18 20:02:00.779591+00
e19d22c9-e5d1-4580-8252-4db3aedc6c7e,5282ff74-4ecf-457b-8ca9-ca7dc101aec4,Agent,status_change,,RENDERED,pending-sync,Migrated from legacy rendition log. Fix applied and verified.,2026-03-18 20:02:04.972128+00
3567746a-52a1-46ce-b17d-f5387bf72872,c764c32d-4a18-46e2-8548-56b1002b2423,Agent,status_change,,RENDERED,pending-sync,Migrated from legacy rendition log. Fix applied and verified.,2026-03-18 20:02:08.964623+00
4a38ec6f-5257-42b0-8b0f-33370e8c579a,ea3ce361-556e-4700-a966-def5d89f2a3f,Agent,status_change,,RENDERED,pending-sync,Migrated from legacy rendition log. Fix applied and verified.,2026-03-18 20:02:12.871533+00
e7d02e24-bb69-40ab-bddf-5d94b4f28d1c,d5ddb993-5176-4de7-b079-3bd33cd639a9,Agent,status_change,,RENDERED,pending-sync,Migrated from legacy rendition log. Fix applied and verified.,2026-03-18 20:02:17.026331+00
09e191d9-a52f-4417-bccd-992e8490e7f4,e89e79f9-5bf3-4a98-b722-636e32651564,Agent,status_change,,RENDERED,pending-sync,Migrated from legacy rendition log. Fix applied and verified.,2026-03-18 20:01:48.235122+00
ff04d71f-2b30-40cd-b2f0-4f0abbdb2856,fa7a4b51-9448-4c94-a4dc-87107db61bd4,Agent,status_change,,RENDERED,pending-sync,Migrated from legacy rendition log. Fix applied and verified.,2026-03-18 20:01:52.628391+00
a5235dbd-d01b-4c00-87a1-2e0a77464c28,fc27ade0-03dc-4cd4-878d-fb20f23de309,Agent,status_change,,RENDERED,pending-sync,Migrated from legacy rendition log. Fix applied and verified.,2026-03-18 20:01:56.602916+00
29dfa130-c2fa-4c08-9d2d-7b73f8a22c4d,f724a954-3d36-4524-9b97-6276ab8b3a06,Agent,status_change,,RENDERED,pending-sync,Migrated from legacy rendition log. Fix applied and verified.,2026-03-18 20:02:00.779591+00
9961545d-a43f-4469-9ac0-01c9230b6c8c,5282ff74-4ecf-457b-8ca9-ca7dc101aec4,Agent,status_change,,RENDERED,pending-sync,Migrated from legacy rendition log. Fix applied and verified.,2026-03-18 20:02:04.972128+00
c4b1cabe-cce6-4b53-97ee-dfab7f3ff08b,c764c32d-4a18-46e2-8548-56b1002b2423,Agent,status_change,,RENDERED,pending-sync,Migrated from legacy rendition log. Fix applied and verified.,2026-03-18 20:02:08.964623+00
b18b82ba-21ee-48c9-babe-8db6584c18ae,ea3ce361-556e-4700-a966-def5d89f2a3f,Agent,status_change,,RENDERED,pending-sync,Migrated from legacy rendition log. Fix applied and verified.,2026-03-18 20:02:12.871533+00
a6383ffa-c69a-4747-a987-9de472c6ba79,d5ddb993-5176-4de7-b079-3bd33cd639a9,Agent,status_change,,RENDERED,pending-sync,Migrated from legacy rendition log. Fix applied and verified.,2026-03-18 20:02:17.026331+00
9200020b-b69a-4a20-93bf-1d1a4170a5bb,e89e79f9-5bf3-4a98-b722-636e32651564,Agent,status_change,,RENDERED,pending-sync,Migrated from legacy rendition log. Fix applied and verified.,2026-03-18 20:01:48.235122+00
f80d2fd1-c683-4c1a-ab38-7425acab104d,fa7a4b51-9448-4c94-a4dc-87107db61bd4,Agent,status_change,,RENDERED,pending-sync,Migrated from legacy rendition log. Fix applied and verified.,2026-03-18 20:01:52.628391+00
9b532805-8391-4990-88d8-9a7506036897,fc27ade0-03dc-4cd4-878d-fb20f23de309,Agent,status_change,,RENDERED,pending-sync,Migrated from legacy rendition log. Fix applied and verified.,2026-03-18 20:01:56.602916+00
eb3cf486-369f-436a-abbd-aa71c5fccc9b,f724a954-3d36-4524-9b97-6276ab8b3a06,Agent,status_change,,RENDERED,pending-sync,Migrated from legacy rendition log. Fix applied and verified.,2026-03-18 20:02:00.779591+00
9de73214-d8e1-496a-b0cf-1753e3b9284a,5282ff74-4ecf-457b-8ca9-ca7dc101aec4,Agent,status_change,,RENDERED,pending-sync,Migrated from legacy rendition log. Fix applied and verified.,2026-03-18 20:02:04.972128+00
f8d4608c-52a8-4edc-9e2d-582c6d527c5d,c764c32d-4a18-46e2-8548-56b1002b2423,Agent,status_change,,RENDERED,pending-sync,Migrated from legacy rendition log. Fix applied and verified.,2026-03-18 20:02:08.964623+00
749565a2-afd4-47fe-9427-adcb4f192bfa,ea3ce361-556e-4700-a966-def5d89f2a3f,Agent,status_change,,RENDERED,pending-sync,Migrated from legacy rendition log. Fix applied and verified.,2026-03-18 20:02:12.871533+00
da1df6ee-9bc6-4f83-b42b-2ff6e5a1331c,d5ddb993-5176-4de7-b079-3bd33cd639a9,Agent,status_change,,RENDERED,pending-sync,Migrated from legacy rendition log. Fix applied and verified.,2026-03-18 20:02:17.026331+00
447647ad-35d9-4502-91af-b1432e78f835,e89e79f9-5bf3-4a98-b722-636e32651564,Agent,status_change,,RENDERED,pending-sync,Migrated from legacy rendition log. Fix applied and verified.,2026-03-18 20:01:48.235122+00
a6ff6494-5398-44f0-aa75-af69239c165c,fa7a4b51-9448-4c94-a4dc-87107db61bd4,Agent,status_change,,RENDERED,pending-sync,Migrated from legacy rendition log. Fix applied and verified.,2026-03-18 20:01:52.628391+00
16fa82eb-1e39-481b-8235-903ca5fef9d5,fc27ade0-03dc-4cd4-878d-fb20f23de309,Agent,status_change,,RENDERED,pending-sync,Migrated from legacy rendition log. Fix applied and verified.,2026-03-18 20:01:56.602916+00
6b5dd8fe-3aec-40e3-a12c-11a95a0e4803,f724a954-3d36-4524-9b97-6276ab8b3a06,Agent,status_change,,RENDERED,pending-sync,Migrated from legacy rendition log. Fix applied and verified.,2026-03-18 20:02:00.779591+00
08626e31-c6e7-4b52-9e5f-1ee399259a88,5282ff74-4ecf-457b-8ca9-ca7dc101aec4,Agent,status_change,,RENDERED,pending-sync,Migrated from legacy rendition log. Fix applied and verified.,2026-03-18 20:02:04.972128+00
d39a9504-94a4-49a9-87bf-03205dcbd4f0,c764c32d-4a18-46e2-8548-56b1002b2423,Agent,status_change,,RENDERED,pending-sync,Migrated from legacy rendition log. Fix applied and verified.,2026-03-18 20:02:08.964623+00
0de33da3-85e2-4993-8562-842795b203d2,ea3ce361-556e-4700-a966-def5d89f2a3f,Agent,status_change,,RENDERED,pending-sync,Migrated from legacy rendition log. Fix applied and verified.,2026-03-18 20:02:12.871533+00
79fddca1-4dae-49e1-95c0-916a97c34de3,d5ddb993-5176-4de7-b079-3bd33cd639a9,Agent,status_change,,RENDERED,pending-sync,Migrated from legacy rendition log. Fix applied and verified.,2026-03-18 20:02:17.026331+00
cd9c3555-408d-40b8-ad02-ea87e072476a,e89e79f9-5bf3-4a98-b722-636e32651564,Agent,status_change,,RENDERED,pending-sync,Migrated from legacy rendition log. Fix applied and verified.,2026-03-18 20:01:48.235122+00
ea6b554d-c7c6-4a05-877d-e0e5b00fe668,fa7a4b51-9448-4c94-a4dc-87107db61bd4,Agent,status_change,,RENDERED,pending-sync,Migrated from legacy rendition log. Fix applied and verified.,2026-03-18 20:01:52.628391+00
b5f2087c-3263-4439-911d-9c78721eee0b,fc27ade0-03dc-4cd4-878d-fb20f23de309,Agent,status_change,,RENDERED,pending-sync,Migrated from legacy rendition log. Fix applied and verified.,2026-03-18 20:01:56.602916+00
8911fabc-1dbc-46b8-9c55-2fcecca44e62,f724a954-3d36-4524-9b97-6276ab8b3a06,Agent,status_change,,RENDERED,pending-sync,Migrated from legacy rendition log. Fix applied and verified.,2026-03-18 20:02:00.779591+00
04db9e05-0994-4b86-ac76-e17a7ce5e59e,5282ff74-4ecf-457b-8ca9-ca7dc101aec4,Agent,status_change,,RENDERED,pending-sync,Migrated from legacy rendition log. Fix applied and verified.,2026-03-18 20:02:04.972128+00
0079067e-38c4-458f-a1c0-f512637551c7,c764c32d-4a18-46e2-8548-56b1002b2423,Agent,status_change,,RENDERED,pending-sync,Migrated from legacy rendition log. Fix applied and verified.,2026-03-18 20:02:08.964623+00
a4dc8372-f75d-47f6-b065-fd0258c5b032,ea3ce361-556e-4700-a966-def5d89f2a3f,Agent,status_change,,RENDERED,pending-sync,Migrated from legacy rendition log. Fix applied and verified.,2026-03-18 20:02:12.871533+00
efffac36-7c8d-4cbe-9be5-64267b0e9c0a,d5ddb993-5176-4de7-b079-3bd33cd639a9,Agent,status_change,,RENDERED,pending-sync,Migrated from legacy rendition log. Fix applied and verified.,2026-03-18 20:02:17.026331+00
5a1a18d4-cf78-41ed-850d-9554489a2b1d,e89e79f9-5bf3-4a98-b722-636e32651564,Agent,status_change,,RENDERED,pending-sync,Migrated from legacy rendition log. Fix applied and verified.,2026-03-18 20:01:48.235122+00
7e5dd479-f6d8-48ad-be63-db6a40e0b650,fa7a4b51-9448-4c94-a4dc-87107db61bd4,Agent,status_change,,RENDERED,pending-sync,Migrated from legacy rendition log. Fix applied and verified.,2026-03-18 20:01:52.628391+00
100c33ff-cfe2-4af8-9ab9-5e952fb0b9b4,fc27ade0-03dc-4cd4-878d-fb20f23de309,Agent,status_change,,RENDERED,pending-sync,Migrated from legacy rendition log. Fix applied and verified.,2026-03-18 20:01:56.602916+00
c295aa34-e95f-4876-9a43-c435df029766,f724a954-3d36-4524-9b97-6276ab8b3a06,Agent,status_change,,RENDERED,pending-sync,Migrated from legacy rendition log. Fix applied and verified.,2026-03-18 20:02:00.779591+00
d8bb80a6-e4d2-4f63-af5d-a4349907fc81,5282ff74-4ecf-457b-8ca9-ca7dc101aec4,Agent,status_change,,RENDERED,pending-sync,Migrated from legacy rendition log. Fix applied and verified.,2026-03-18 20:02:04.972128+00
05537fd9-9dbb-4d22-a0d9-84b5aa661048,c764c32d-4a18-46e2-8548-56b1002b2423,Agent,status_change,,RENDERED,pending-sync,Migrated from legacy rendition log. Fix applied and verified.,2026-03-18 20:02:08.964623+00
f8862fb3-1e1a-4581-b90a-b817f7fb3034,ea3ce361-556e-4700-a966-def5d89f2a3f,Agent,status_change,,RENDERED,pending-sync,Migrated from legacy rendition log. Fix applied and verified.,2026-03-18 20:02:12.871533+00
a5bf2db1-1b0c-419b-b700-74e5fb9566f3,d5ddb993-5176-4de7-b079-3bd33cd639a9,Agent,status_change,,RENDERED,pending-sync,Migrated from legacy rendition log. Fix applied and verified.,2026-03-18 20:02:17.026331+00
31296903-9b16-4077-a647-19b5c83cf379,e89e79f9-5bf3-4a98-b722-636e32651564,Agent,status_change,,RENDERED,pending-sync,Migrated from legacy rendition log. Fix applied and verified.,2026-03-18 20:01:48.235122+00
205257ce-7e86-45d1-9136-d77a13bf2816,fa7a4b51-9448-4c94-a4dc-87107db61bd4,Agent,status_change,,RENDERED,pending-sync,Migrated from legacy rendition log. Fix applied and verified.,2026-03-18 20:01:52.628391+00
3b97e050-53b6-4846-bcf8-ed4f0246bbac,fc27ade0-03dc-4cd4-878d-fb20f23de309,Agent,status_change,,RENDERED,pending-sync,Migrated from legacy rendition log. Fix applied and verified.,2026-03-18 20:01:56.602916+00
bd21abbf-a209-4ec9-ba97-02a362c344df,f724a954-3d36-4524-9b97-6276ab8b3a06,Agent,status_change,,RENDERED,pending-sync,Migrated from legacy rendition log. Fix applied and verified.,2026-03-18 20:02:00.779591+00
bba3f8c9-bd60-4776-818c-3a322b757a49,5282ff74-4ecf-457b-8ca9-ca7dc101aec4,Agent,status_change,,RENDERED,pending-sync,Migrated from legacy rendition log. Fix applied and verified.,2026-03-18 20:02:04.972128+00
b683a7b1-85df-45cf-9bce-c140abca43b5,c764c32d-4a18-46e2-8548-56b1002b2423,Agent,status_change,,RENDERED,pending-sync,Migrated from legacy rendition log. Fix applied and verified.,2026-03-18 20:02:08.964623+00
cde6670d-15f6-4b4f-aa69-00ed7d8bcbc8,ea3ce361-556e-4700-a966-def5d89f2a3f,Agent,status_change,,RENDERED,pending-sync,Migrated from legacy rendition log. Fix applied and verified.,2026-03-18 20:02:12.871533+00
4096a36c-fc75-417b-bf0a-3c4a13c30e22,d5ddb993-5176-4de7-b079-3bd33cd639a9,Agent,status_change,,RENDERED,pending-sync,Migrated from legacy rendition log. Fix applied and verified.,2026-03-18 20:02:17.026331+00
17dc2ff3-c3fb-4097-ba9b-b4948ecc897d,e89e79f9-5bf3-4a98-b722-636e32651564,Agent,status_change,,RENDERED,pending-sync,Migrated from legacy rendition log. Fix applied and verified.,2026-03-18 20:01:48.235122+00
a52a4e30-bd32-4bf2-a00f-f76cc1fb8b08,fa7a4b51-9448-4c94-a4dc-87107db61bd4,Agent,status_change,,RENDERED,pending-sync,Migrated from legacy rendition log. Fix applied and verified.,2026-03-18 20:01:52.628391+00
5c5ab7f5-bb75-461f-a2f8-64f1d2dce359,fc27ade0-03dc-4cd4-878d-fb20f23de309,Agent,status_change,,RENDERED,pending-sync,Migrated from legacy rendition log. Fix applied and verified.,2026-03-18 20:01:56.602916+00
93bca6f2-52aa-4b51-b8d3-0338ce56b9f4,f724a954-3d36-4524-9b97-6276ab8b3a06,Agent,status_change,,RENDERED,pending-sync,Migrated from legacy rendition log. Fix applied and verified.,2026-03-18 20:02:00.779591+00
bf6ba818-7be5-4cff-9b7e-1767665e72c9,5282ff74-4ecf-457b-8ca9-ca7dc101aec4,Agent,status_change,,RENDERED,pending-sync,Migrated from legacy rendition log. Fix applied and verified.,2026-03-18 20:02:04.972128+00
b1e6b639-6961-4991-bb1f-74490b3302fa,c764c32d-4a18-46e2-8548-56b1002b2423,Agent,status_change,,RENDERED,pending-sync,Migrated from legacy rendition log. Fix applied and verified.,2026-03-18 20:02:08.964623+00
09f1ed8c-e991-452c-9c39-3f78d325d569,ea3ce361-556e-4700-a966-def5d89f2a3f,Agent,status_change,,RENDERED,pending-sync,Migrated from legacy rendition log. Fix applied and verified.,2026-03-18 20:02:12.871533+00
b2fea7cb-a600-49cc-bb93-e353eb2d0df7,d5ddb993-5176-4de7-b079-3bd33cd639a9,Agent,status_change,,RENDERED,pending-sync,Migrated from legacy rendition log. Fix applied and verified.,2026-03-18 20:02:17.026331+00
a23ddcda-5d45-4db7-a078-d939ce122d29,e89e79f9-5bf3-4a98-b722-636e32651564,Agent,status_change,,RENDERED,pending-sync,Migrated from legacy rendition log. Fix applied and verified.,2026-03-18 20:01:48.235122+00
ca7e59ce-0b8f-4d36-8fd3-c6c1a77dbe9c,fa7a4b51-9448-4c94-a4dc-87107db61bd4,Agent,status_change,,RENDERED,pending-sync,Migrated from legacy rendition log. Fix applied and verified.,2026-03-18 20:01:52.628391+00
e5d14ebe-3401-45e0-8123-602a94e0260c,fc27ade0-03dc-4cd4-878d-fb20f23de309,Agent,status_change,,RENDERED,pending-sync,Migrated from legacy rendition log. Fix applied and verified.,2026-03-18 20:01:56.602916+00
347a29a7-cf06-4d86-9655-d525af4b49a9,f724a954-3d36-4524-9b97-6276ab8b3a06,Agent,status_change,,RENDERED,pending-sync,Migrated from legacy rendition log. Fix applied and verified.,2026-03-18 20:02:00.779591+00
fc37fa88-3236-49d5-bcb2-9afd1eed86ac,5282ff74-4ecf-457b-8ca9-ca7dc101aec4,Agent,status_change,,RENDERED,pending-sync,Migrated from legacy rendition log. Fix applied and verified.,2026-03-18 20:02:04.972128+00
5b216314-f54f-49b4-bd96-365cc3a2f793,c764c32d-4a18-46e2-8548-56b1002b2423,Agent,status_change,,RENDERED,pending-sync,Migrated from legacy rendition log. Fix applied and verified.,2026-03-18 20:02:08.964623+00
4e34d272-c793-4629-9dc4-a1edbaf4150e,ea3ce361-556e-4700-a966-def5d89f2a3f,Agent,status_change,,RENDERED,pending-sync,Migrated from legacy rendition log. Fix applied and verified.,2026-03-18 20:02:12.871533+00
c64f619a-d526-4aef-8bb5-98359f16b06c,d5ddb993-5176-4de7-b079-3bd33cd639a9,Agent,status_change,,RENDERED,pending-sync,Migrated from legacy rendition log. Fix applied and verified.,2026-03-18 20:02:17.026331+00
5b838306-c7cd-4683-ad41-529dd97ed5c7,e89e79f9-5bf3-4a98-b722-636e32651564,Agent,status_change,,RENDERED,pending-sync,Migrated from legacy rendition log. Fix applied and verified.,2026-03-18 20:01:48.235122+00
68a711b3-01f4-4371-9264-1f5c32243f1f,fa7a4b51-9448-4c94-a4dc-87107db61bd4,Agent,status_change,,RENDERED,pending-sync,Migrated from legacy rendition log. Fix applied and verified.,2026-03-18 20:01:52.628391+00
f01dc199-0ace-4fe2-ae1b-81bb74044a6e,fc27ade0-03dc-4cd4-878d-fb20f23de309,Agent,status_change,,RENDERED,pending-sync,Migrated from legacy rendition log. Fix applied and verified.,2026-03-18 20:01:56.602916+00
da3392f5-2e25-4ccc-b4ff-420d8d5e3153,f724a954-3d36-4524-9b97-6276ab8b3a06,Agent,status_change,,RENDERED,pending-sync,Migrated from legacy rendition log. Fix applied and verified.,2026-03-18 20:02:00.779591+00
3305dd8f-0a6e-4d51-a73e-8e862e6e99dd,5282ff74-4ecf-457b-8ca9-ca7dc101aec4,Agent,status_change,,RENDERED,pending-sync,Migrated from legacy rendition log. Fix applied and verified.,2026-03-18 20:02:04.972128+00
c3b41459-b86e-44f8-b09c-76ab090e4f42,c764c32d-4a18-46e2-8548-56b1002b2423,Agent,status_change,,RENDERED,pending-sync,Migrated from legacy rendition log. Fix applied and verified.,2026-03-18 20:02:08.964623+00
54a90e4c-ea7c-4004-9afc-979455dfdaf2,ea3ce361-556e-4700-a966-def5d89f2a3f,Agent,status_change,,RENDERED,pending-sync,Migrated from legacy rendition log. Fix applied and verified.,2026-03-18 20:02:12.871533+00
501b8059-594c-418a-882a-9ba1404abe12,d5ddb993-5176-4de7-b079-3bd33cd639a9,Agent,status_change,,RENDERED,pending-sync,Migrated from legacy rendition log. Fix applied and verified.,2026-03-18 20:02:17.026331+00
2052b84e-a1b3-4f30-9111-1a08bbbdc2ec,e89e79f9-5bf3-4a98-b722-636e32651564,Agent,status_change,,RENDERED,pending-sync,Migrated from legacy rendition log. Fix applied and verified.,2026-03-18 20:01:48.235122+00
45c63af5-ea0e-4a1d-895e-d8dd895e68ce,fa7a4b51-9448-4c94-a4dc-87107db61bd4,Agent,status_change,,RENDERED,pending-sync,Migrated from legacy rendition log. Fix applied and verified.,2026-03-18 20:01:52.628391+00
21a17239-55c1-48f0-aeba-44b4a4c900fb,fc27ade0-03dc-4cd4-878d-fb20f23de309,Agent,status_change,,RENDERED,pending-sync,Migrated from legacy rendition log. Fix applied and verified.,2026-03-18 20:01:56.602916+00
3096fffe-237c-4890-8bbe-e53002caaf25,f724a954-3d36-4524-9b97-6276ab8b3a06,Agent,status_change,,RENDERED,pending-sync,Migrated from legacy rendition log. Fix applied and verified.,2026-03-18 20:02:00.779591+00
80f4a4b3-b6cf-4d06-a199-78deb5bf6708,5282ff74-4ecf-457b-8ca9-ca7dc101aec4,Agent,status_change,,RENDERED,pending-sync,Migrated from legacy rendition log. Fix applied and verified.,2026-03-18 20:02:04.972128+00
a8c870a9-5915-4e19-9afa-977b5827f078,c764c32d-4a18-46e2-8548-56b1002b2423,Agent,status_change,,RENDERED,pending-sync,Migrated from legacy rendition log. Fix applied and verified.,2026-03-18 20:02:08.964623+00
eee2a7bb-d95f-43a8-a909-c8c3dca5fbd9,ea3ce361-556e-4700-a966-def5d89f2a3f,Agent,status_change,,RENDERED,pending-sync,Migrated from legacy rendition log. Fix applied and verified.,2026-03-18 20:02:12.871533+00
e96b0b9a-0f40-4f41-a208-7655e3cdc7df,d5ddb993-5176-4de7-b079-3bd33cd639a9,Agent,status_change,,RENDERED,pending-sync,Migrated from legacy rendition log. Fix applied and verified.,2026-03-18 20:02:17.026331+00
12353951-b4b7-4d17-b6c1-72139ac53451,e89e79f9-5bf3-4a98-b722-636e32651564,Agent,status_change,,RENDERED,pending-sync,Migrated from legacy rendition log. Fix applied and verified.,2026-03-18 20:01:48.235122+00
d4b00f8a-cdc3-4377-aff5-4aa7fc0a33ab,fa7a4b51-9448-4c94-a4dc-87107db61bd4,Agent,status_change,,RENDERED,pending-sync,Migrated from legacy rendition log. Fix applied and verified.,2026-03-18 20:01:52.628391+00
1a8446ba-9ca8-4f9e-a3df-fcc93f23c91b,fc27ade0-03dc-4cd4-878d-fb20f23de309,Agent,status_change,,RENDERED,pending-sync,Migrated from legacy rendition log. Fix applied and verified.,2026-03-18 20:01:56.602916+00
ce741ab8-ce8f-4332-805f-a2e2790a7d79,f724a954-3d36-4524-9b97-6276ab8b3a06,Agent,status_change,,RENDERED,pending-sync,Migrated from legacy rendition log. Fix applied and verified.,2026-03-18 20:02:00.779591+00
d82d071a-be70-4ed2-842f-d8a63a2a36c6,5282ff74-4ecf-457b-8ca9-ca7dc101aec4,Agent,status_change,,RENDERED,pending-sync,Migrated from legacy rendition log. Fix applied and verified.,2026-03-18 20:02:04.972128+00
9060c5ec-ec72-42c2-b848-dce88fccb55d,c764c32d-4a18-46e2-8548-56b1002b2423,Agent,status_change,,RENDERED,pending-sync,Migrated from legacy rendition log. Fix applied and verified.,2026-03-18 20:02:08.964623+00
a3ff6f9b-c7c0-46af-8422-9e667a622e1e,ea3ce361-556e-4700-a966-def5d89f2a3f,Agent,status_change,,RENDERED,pending-sync,Migrated from legacy rendition log. Fix applied and verified.,2026-03-18 20:02:12.871533+00
6ef3c815-4ac4-4127-b689-f4dc195128a1,d5ddb993-5176-4de7-b079-3bd33cd639a9,Agent,status_change,,RENDERED,pending-sync,Migrated from legacy rendition log. Fix applied and verified.,2026-03-18 20:02:17.026331+00
055b05a6-7b88-4fc3-ad3e-6e1f62f031a2,e89e79f9-5bf3-4a98-b722-636e32651564,Agent,status_change,,RENDERED,pending-sync,Migrated from legacy rendition log. Fix applied and verified.,2026-03-18 20:01:48.235122+00
50786db9-459c-471b-8a22-6bac1f7b70fa,fa7a4b51-9448-4c94-a4dc-87107db61bd4,Agent,status_change,,RENDERED,pending-sync,Migrated from legacy rendition log. Fix applied and verified.,2026-03-18 20:01:52.628391+00
68414b2c-ddb3-42e7-b15d-a5881c3cb7a8,fc27ade0-03dc-4cd4-878d-fb20f23de309,Agent,status_change,,RENDERED,pending-sync,Migrated from legacy rendition log. Fix applied and verified.,2026-03-18 20:01:56.602916+00
a527ae9f-95d6-4510-b65e-3e1cbecb3ae6,f724a954-3d36-4524-9b97-6276ab8b3a06,Agent,status_change,,RENDERED,pending-sync,Migrated from legacy rendition log. Fix applied and verified.,2026-03-18 20:02:00.779591+00
a6c485f9-0ab2-4001-9475-4e1f01a7ff7d,5282ff74-4ecf-457b-8ca9-ca7dc101aec4,Agent,status_change,,RENDERED,pending-sync,Migrated from legacy rendition log. Fix applied and verified.,2026-03-18 20:02:04.972128+00
c53e1218-001d-4fc0-b520-3e328d4f4bd0,c764c32d-4a18-46e2-8548-56b1002b2423,Agent,status_change,,RENDERED,pending-sync,Migrated from legacy rendition log. Fix applied and verified.,2026-03-18 20:02:08.964623+00
b3008a26-05b0-45f5-8c02-007700960b22,ea3ce361-556e-4700-a966-def5d89f2a3f,Agent,status_change,,RENDERED,pending-sync,Migrated from legacy rendition log. Fix applied and verified.,2026-03-18 20:02:12.871533+00
dfff2038-61b6-44ae-96d5-c8bfd489a70d,d5ddb993-5176-4de7-b079-3bd33cd639a9,Agent,status_change,,RENDERED,pending-sync,Migrated from legacy rendition log. Fix applied and verified.,2026-03-18 20:02:17.026331+00
b9983465-8096-42bb-850b-3e018fd5ba38,e89e79f9-5bf3-4a98-b722-636e32651564,Agent,status_change,,RENDERED,pending-sync,Migrated from legacy rendition log. Fix applied and verified.,2026-03-18 20:01:48.235122+00
e27cf7ea-1736-453f-85f0-08d75708dcaa,fa7a4b51-9448-4c94-a4dc-87107db61bd4,Agent,status_change,,RENDERED,pending-sync,Migrated from legacy rendition log. Fix applied and verified.,2026-03-18 20:01:52.628391+00
e794f3c6-89cf-41a0-93a0-9169f253c7b9,fc27ade0-03dc-4cd4-878d-fb20f23de309,Agent,status_change,,RENDERED,pending-sync,Migrated from legacy rendition log. Fix applied and verified.,2026-03-18 20:01:56.602916+00
8e436951-02b9-40c3-8f74-60fbb40f8c20,f724a954-3d36-4524-9b97-6276ab8b3a06,Agent,status_change,,RENDERED,pending-sync,Migrated from legacy rendition log. Fix applied and verified.,2026-03-18 20:02:00.779591+00
5aac4c0c-52fa-46be-aa81-7508f514bda4,5282ff74-4ecf-457b-8ca9-ca7dc101aec4,Agent,status_change,,RENDERED,pending-sync,Migrated from legacy rendition log. Fix applied and verified.,2026-03-18 20:02:04.972128+00
85408dac-9757-4dda-a205-92b1be36907a,c764c32d-4a18-46e2-8548-56b1002b2423,Agent,status_change,,RENDERED,pending-sync,Migrated from legacy rendition log. Fix applied and verified.,2026-03-18 20:02:08.964623+00
91d0cfca-76c8-4add-a68d-277d95514208,ea3ce361-556e-4700-a966-def5d89f2a3f,Agent,status_change,,RENDERED,pending-sync,Migrated from legacy rendition log. Fix applied and verified.,2026-03-18 20:02:12.871533+00
569e7061-2448-4de9-a5cf-d63ebe7512cc,d5ddb993-5176-4de7-b079-3bd33cd639a9,Agent,status_change,,RENDERED,pending-sync,Migrated from legacy rendition log. Fix applied and verified.,2026-03-18 20:02:17.026331+00
6a1a27dc-4882-4e3a-b392-b94a8af587f2,e89e79f9-5bf3-4a98-b722-636e32651564,Agent,status_change,,RENDERED,pending-sync,Migrated from legacy rendition log. Fix applied and verified.,2026-03-18 20:01:48.235122+00
8b40c9f5-7535-48ce-9bff-a6e1df256477,fa7a4b51-9448-4c94-a4dc-87107db61bd4,Agent,status_change,,RENDERED,pending-sync,Migrated from legacy rendition log. Fix applied and verified.,2026-03-18 20:01:52.628391+00
779ea29e-0d03-4aa6-9ccc-edb715f7296e,fc27ade0-03dc-4cd4-878d-fb20f23de309,Agent,status_change,,RENDERED,pending-sync,Migrated from legacy rendition log. Fix applied and verified.,2026-03-18 20:01:56.602916+00
b69d1e1d-0d45-43ce-a633-49134a5b9520,f724a954-3d36-4524-9b97-6276ab8b3a06,Agent,status_change,,RENDERED,pending-sync,Migrated from legacy rendition log. Fix applied and verified.,2026-03-18 20:02:00.779591+00
ec121902-54bd-4372-8805-62669d0a89c2,5282ff74-4ecf-457b-8ca9-ca7dc101aec4,Agent,status_change,,RENDERED,pending-sync,Migrated from legacy rendition log. Fix applied and verified.,2026-03-18 20:02:04.972128+00
6ce77e99-22fc-4700-bb7b-eb60f3bb9910,c764c32d-4a18-46e2-8548-56b1002b2423,Agent,status_change,,RENDERED,pending-sync,Migrated from legacy rendition log. Fix applied and verified.,2026-03-18 20:02:08.964623+00
41a20b6c-3cc8-4d3a-b3d0-a9948991259d,ea3ce361-556e-4700-a966-def5d89f2a3f,Agent,status_change,,RENDERED,pending-sync,Migrated from legacy rendition log. Fix applied and verified.,2026-03-18 20:02:12.871533+00
294e413c-76bc-4411-bbca-6fcb0e0c6490,d5ddb993-5176-4de7-b079-3bd33cd639a9,Agent,status_change,,RENDERED,pending-sync,Migrated from legacy rendition log. Fix applied and verified.,2026-03-18 20:02:17.026331+00
f233ad4b-a009-40da-ba7d-4da960c72c2f,e89e79f9-5bf3-4a98-b722-636e32651564,Agent,status_change,,RENDERED,pending-sync,Migrated from legacy rendition log. Fix applied and verified.,2026-03-18 20:01:48.235122+00
567c1c95-0f9a-41cc-b00c-d2da09684eea,fa7a4b51-9448-4c94-a4dc-87107db61bd4,Agent,status_change,,RENDERED,pending-sync,Migrated from legacy rendition log. Fix applied and verified.,2026-03-18 20:01:52.628391+00
8cd324c6-5203-4752-b984-c004778a731f,fc27ade0-03dc-4cd4-878d-fb20f23de309,Agent,status_change,,RENDERED,pending-sync,Migrated from legacy rendition log. Fix applied and verified.,2026-03-18 20:01:56.602916+00
f04d8577-90f7-48c4-b08d-8c2f1bf71910,f724a954-3d36-4524-9b97-6276ab8b3a06,Agent,status_change,,RENDERED,pending-sync,Migrated from legacy rendition log. Fix applied and verified.,2026-03-18 20:02:00.779591+00
f5b56a55-e39e-4b55-8e08-3662d14b1d78,5282ff74-4ecf-457b-8ca9-ca7dc101aec4,Agent,status_change,,RENDERED,pending-sync,Migrated from legacy rendition log. Fix applied and verified.,2026-03-18 20:02:04.972128+00
e1dd7cee-d0b2-4b98-a362-8a55a301f6f1,c764c32d-4a18-46e2-8548-56b1002b2423,Agent,status_change,,RENDERED,pending-sync,Migrated from legacy rendition log. Fix applied and verified.,2026-03-18 20:02:08.964623+00
70cbf312-7873-4291-b65f-b891870aa379,ea3ce361-556e-4700-a966-def5d89f2a3f,Agent,status_change,,RENDERED,pending-sync,Migrated from legacy rendition log. Fix applied and verified.,2026-03-18 20:02:12.871533+00
5734dbf4-8591-4b48-a368-a9794d250df0,d5ddb993-5176-4de7-b079-3bd33cd639a9,Agent,status_change,,RENDERED,pending-sync,Migrated from legacy rendition log. Fix applied and verified.,2026-03-18 20:02:17.026331+00
c22ab9a9-2f65-49b3-bda4-2854669e0aff,e89e79f9-5bf3-4a98-b722-636e32651564,Agent,status_change,,RENDERED,pending-sync,Migrated from legacy rendition log. Fix applied and verified.,2026-03-18 20:01:48.235122+00
b44d9b0e-0261-4b28-8904-42ed360b7bef,fa7a4b51-9448-4c94-a4dc-87107db61bd4,Agent,status_change,,RENDERED,pending-sync,Migrated from legacy rendition log. Fix applied and verified.,2026-03-18 20:01:52.628391+00
2f33afff-a205-44d2-9ffa-0882eee9eae8,fc27ade0-03dc-4cd4-878d-fb20f23de309,Agent,status_change,,RENDERED,pending-sync,Migrated from legacy rendition log. Fix applied and verified.,2026-03-18 20:01:56.602916+00
02f4af10-a8e8-4626-9aca-ac6aa2db33e9,f724a954-3d36-4524-9b97-6276ab8b3a06,Agent,status_change,,RENDERED,pending-sync,Migrated from legacy rendition log. Fix applied and verified.,2026-03-18 20:02:00.779591+00
0ab8df47-9584-4f89-b659-6675beb3fc1a,5282ff74-4ecf-457b-8ca9-ca7dc101aec4,Agent,status_change,,RENDERED,pending-sync,Migrated from legacy rendition log. Fix applied and verified.,2026-03-18 20:02:04.972128+00
76326351-4d56-4c2b-ba5a-958f6d0167c9,c764c32d-4a18-46e2-8548-56b1002b2423,Agent,status_change,,RENDERED,pending-sync,Migrated from legacy rendition log. Fix applied and verified.,2026-03-18 20:02:08.964623+00
7b58cc80-9494-4017-86d8-46ff42979b15,ea3ce361-556e-4700-a966-def5d89f2a3f,Agent,status_change,,RENDERED,pending-sync,Migrated from legacy rendition log. Fix applied and verified.,2026-03-18 20:02:12.871533+00
a6327bde-9d3f-4e59-9ed6-5256dbd7a519,d5ddb993-5176-4de7-b079-3bd33cd639a9,Agent,status_change,,RENDERED,pending-sync,Migrated from legacy rendition log. Fix applied and verified.,2026-03-18 20:02:17.026331+00
9711605e-4183-429e-86dc-a2363dacf007,e89e79f9-5bf3-4a98-b722-636e32651564,Agent,status_change,,RENDERED,pending-sync,Migrated from legacy rendition log. Fix applied and verified.,2026-03-18 20:01:48.235122+00
3016a444-7907-4677-8f20-b713166a90ec,fa7a4b51-9448-4c94-a4dc-87107db61bd4,Agent,status_change,,RENDERED,pending-sync,Migrated from legacy rendition log. Fix applied and verified.,2026-03-18 20:01:52.628391+00
f5313912-8bc4-4283-9f04-c1751d5c2501,fc27ade0-03dc-4cd4-878d-fb20f23de309,Agent,status_change,,RENDERED,pending-sync,Migrated from legacy rendition log. Fix applied and verified.,2026-03-18 20:01:56.602916+00
ff7b6208-e1d1-403e-af3e-79c46869649b,f724a954-3d36-4524-9b97-6276ab8b3a06,Agent,status_change,,RENDERED,pending-sync,Migrated from legacy rendition log. Fix applied and verified.,2026-03-18 20:02:00.779591+00
a9c51f25-4394-4ad5-8065-70085bfc7914,5282ff74-4ecf-457b-8ca9-ca7dc101aec4,Agent,status_change,,RENDERED,pending-sync,Migrated from legacy rendition log. Fix applied and verified.,2026-03-18 20:02:04.972128+00
9fda30dc-0729-441f-991f-139b875f28a4,c764c32d-4a18-46e2-8548-56b1002b2423,Agent,status_change,,RENDERED,pending-sync,Migrated from legacy rendition log. Fix applied and verified.,2026-03-18 20:02:08.964623+00
fe7c32b2-a908-4c7d-90bf-00699dd5ee2d,ea3ce361-556e-4700-a966-def5d89f2a3f,Agent,status_change,,RENDERED,pending-sync,Migrated from legacy rendition log. Fix applied and verified.,2026-03-18 20:02:12.871533+00
499e6697-160a-40e3-ba29-d1a8f4e14674,d5ddb993-5176-4de7-b079-3bd33cd639a9,Agent,status_change,,RENDERED,pending-sync,Migrated from legacy rendition log. Fix applied and verified.,2026-03-18 20:02:17.026331+00
80f56dbf-55f6-4cca-ab2c-fd6e25e26d40,e89e79f9-5bf3-4a98-b722-636e32651564,Agent,status_change,,RENDERED,pending-sync,Migrated from legacy rendition log. Fix applied and verified.,2026-03-18 20:01:48.235122+00
a787e897-01ca-4aef-9b27-701e403cd626,fa7a4b51-9448-4c94-a4dc-87107db61bd4,Agent,status_change,,RENDERED,pending-sync,Migrated from legacy rendition log. Fix applied and verified.,2026-03-18 20:01:52.628391+00
060861d2-0daa-4fa6-82b6-a82caac77ca5,fc27ade0-03dc-4cd4-878d-fb20f23de309,Agent,status_change,,RENDERED,pending-sync,Migrated from legacy rendition log. Fix applied and verified.,2026-03-18 20:01:56.602916+00
52f667fd-6388-4b2e-a467-0cf596130b22,f724a954-3d36-4524-9b97-6276ab8b3a06,Agent,status_change,,RENDERED,pending-sync,Migrated from legacy rendition log. Fix applied and verified.,2026-03-18 20:02:00.779591+00
68d57568-86aa-4857-9bf6-74ce50ecfdb4,5282ff74-4ecf-457b-8ca9-ca7dc101aec4,Agent,status_change,,RENDERED,pending-sync,Migrated from legacy rendition log. Fix applied and verified.,2026-03-18 20:02:04.972128+00
722e9e53-1ece-45cf-ad7a-d1e4bd0a1b6f,c764c32d-4a18-46e2-8548-56b1002b2423,Agent,status_change,,RENDERED,pending-sync,Migrated from legacy rendition log. Fix applied and verified.,2026-03-18 20:02:08.964623+00
d340f11f-695b-4f72-948c-7d820e34d7bc,ea3ce361-556e-4700-a966-def5d89f2a3f,Agent,status_change,,RENDERED,pending-sync,Migrated from legacy rendition log. Fix applied and verified.,2026-03-18 20:02:12.871533+00
12fd8595-781a-4d27-9962-7eb1d509e77c,d5ddb993-5176-4de7-b079-3bd33cd639a9,Agent,status_change,,RENDERED,pending-sync,Migrated from legacy rendition log. Fix applied and verified.,2026-03-18 20:02:17.026331+00
2ce310e7-8d85-454a-9820-66f8ca0a3922,e89e79f9-5bf3-4a98-b722-636e32651564,Agent,status_change,,RENDERED,pending-sync,Migrated from legacy rendition log. Fix applied and verified.,2026-03-18 20:01:48.235122+00
89c988dd-146d-423e-b704-0a3051a9d2f7,fa7a4b51-9448-4c94-a4dc-87107db61bd4,Agent,status_change,,RENDERED,pending-sync,Migrated from legacy rendition log. Fix applied and verified.,2026-03-18 20:01:52.628391+00
fcb42d82-970e-479e-b0f6-886c08421a3c,fc27ade0-03dc-4cd4-878d-fb20f23de309,Agent,status_change,,RENDERED,pending-sync,Migrated from legacy rendition log. Fix applied and verified.,2026-03-18 20:01:56.602916+00
e59b68a7-ba34-41bf-9198-c295564d3f3a,f724a954-3d36-4524-9b97-6276ab8b3a06,Agent,status_change,,RENDERED,pending-sync,Migrated from legacy rendition log. Fix applied and verified.,2026-03-18 20:02:00.779591+00
4f4d1ce4-3d77-4675-8ff9-af5f2278226f,5282ff74-4ecf-457b-8ca9-ca7dc101aec4,Agent,status_change,,RENDERED,pending-sync,Migrated from legacy rendition log. Fix applied and verified.,2026-03-18 20:02:04.972128+00
25fe85c9-63a3-414f-ba6f-48cc5feb1a39,c764c32d-4a18-46e2-8548-56b1002b2423,Agent,status_change,,RENDERED,pending-sync,Migrated from legacy rendition log. Fix applied and verified.,2026-03-18 20:02:08.964623+00
dcdd175a-db01-440b-996d-84064a746a8c,ea3ce361-556e-4700-a966-def5d89f2a3f,Agent,status_change,,RENDERED,pending-sync,Migrated from legacy rendition log. Fix applied and verified.,2026-03-18 20:02:12.871533+00
62c563f2-ff12-4cb1-ada5-c77e5babe279,d5ddb993-5176-4de7-b079-3bd33cd639a9,Agent,status_change,,RENDERED,pending-sync,Migrated from legacy rendition log. Fix applied and verified.,2026-03-18 20:02:17.026331+00
0b4a8576-f1cf-4e4a-8145-6481cfb69586,e89e79f9-5bf3-4a98-b722-636e32651564,Agent,status_change,,RENDERED,pending-sync,Migrated from legacy rendition log. Fix applied and verified.,2026-03-18 20:01:48.235122+00
f973e4b3-2650-49eb-9bc7-429faa139bdc,fa7a4b51-9448-4c94-a4dc-87107db61bd4,Agent,status_change,,RENDERED,pending-sync,Migrated from legacy rendition log. Fix applied and verified.,2026-03-18 20:01:52.628391+00
b889152e-3e09-4624-8963-ac6f70a4b089,fc27ade0-03dc-4cd4-878d-fb20f23de309,Agent,status_change,,RENDERED,pending-sync,Migrated from legacy rendition log. Fix applied and verified.,2026-03-18 20:01:56.602916+00
d1f30fe9-aaa5-4f51-a2c7-f1f96ca62ebc,f724a954-3d36-4524-9b97-6276ab8b3a06,Agent,status_change,,RENDERED,pending-sync,Migrated from legacy rendition log. Fix applied and verified.,2026-03-18 20:02:00.779591+00
7868ba26-c890-49bf-a82e-530daaf11e8f,5282ff74-4ecf-457b-8ca9-ca7dc101aec4,Agent,status_change,,RENDERED,pending-sync,Migrated from legacy rendition log. Fix applied and verified.,2026-03-18 20:02:04.972128+00
371a769a-bca7-4499-92d7-fb17de29eec0,c764c32d-4a18-46e2-8548-56b1002b2423,Agent,status_change,,RENDERED,pending-sync,Migrated from legacy rendition log. Fix applied and verified.,2026-03-18 20:02:08.964623+00
781d67e3-de0b-48c7-8646-59bf8a4bdb8e,ea3ce361-556e-4700-a966-def5d89f2a3f,Agent,status_change,,RENDERED,pending-sync,Migrated from legacy rendition log. Fix applied and verified.,2026-03-18 20:02:12.871533+00
bb4fc270-168f-44ad-affa-9f786f97ae6d,d5ddb993-5176-4de7-b079-3bd33cd639a9,Agent,status_change,,RENDERED,pending-sync,Migrated from legacy rendition log. Fix applied and verified.,2026-03-18 20:02:17.026331+00
5acf939c-b0d2-481a-bb45-7a90fce106a6,e89e79f9-5bf3-4a98-b722-636e32651564,Agent,status_change,,RENDERED,pending-sync,Migrated from legacy rendition log. Fix applied and verified.,2026-03-18 20:01:48.235122+00
be54be46-2df0-4b3c-a159-4f3b7d7c3b49,fa7a4b51-9448-4c94-a4dc-87107db61bd4,Agent,status_change,,RENDERED,pending-sync,Migrated from legacy rendition log. Fix applied and verified.,2026-03-18 20:01:52.628391+00
12712ee0-15ab-4084-826a-95f93343f974,fc27ade0-03dc-4cd4-878d-fb20f23de309,Agent,status_change,,RENDERED,pending-sync,Migrated from legacy rendition log. Fix applied and verified.,2026-03-18 20:01:56.602916+00
379a0481-95a0-42b1-a9c1-0cf7a7a45cde,f724a954-3d36-4524-9b97-6276ab8b3a06,Agent,status_change,,RENDERED,pending-sync,Migrated from legacy rendition log. Fix applied and verified.,2026-03-18 20:02:00.779591+00
36bd15d2-2202-4be0-988b-65f39ad248c4,5282ff74-4ecf-457b-8ca9-ca7dc101aec4,Agent,status_change,,RENDERED,pending-sync,Migrated from legacy rendition log. Fix applied and verified.,2026-03-18 20:02:04.972128+00
46ac0a4c-483b-435a-8cc0-0a64af7a1411,c764c32d-4a18-46e2-8548-56b1002b2423,Agent,status_change,,RENDERED,pending-sync,Migrated from legacy rendition log. Fix applied and verified.,2026-03-18 20:02:08.964623+00
14244e45-f07a-4c64-86de-38bc0d3958eb,ea3ce361-556e-4700-a966-def5d89f2a3f,Agent,status_change,,RENDERED,pending-sync,Migrated from legacy rendition log. Fix applied and verified.,2026-03-18 20:02:12.871533+00
013b67dd-6a8f-4000-bd40-7568598a6226,d5ddb993-5176-4de7-b079-3bd33cd639a9,Agent,status_change,,RENDERED,pending-sync,Migrated from legacy rendition log. Fix applied and verified.,2026-03-18 20:02:17.026331+00
1cc896db-e7e9-439c-8fc4-cabfac004976,e89e79f9-5bf3-4a98-b722-636e32651564,Agent,status_change,,RENDERED,pending-sync,Migrated from legacy rendition log. Fix applied and verified.,2026-03-18 20:01:48.235122+00
a5e00f6d-842f-4dbc-9de2-7cd00f9601e4,fa7a4b51-9448-4c94-a4dc-87107db61bd4,Agent,status_change,,RENDERED,pending-sync,Migrated from legacy rendition log. Fix applied and verified.,2026-03-18 20:01:52.628391+00
4ab72491-d835-4da4-9609-3d33535374a1,fc27ade0-03dc-4cd4-878d-fb20f23de309,Agent,status_change,,RENDERED,pending-sync,Migrated from legacy rendition log. Fix applied and verified.,2026-03-18 20:01:56.602916+00
c3d5d1d3-b5d0-4420-a4e1-3880d4d5dca9,f724a954-3d36-4524-9b97-6276ab8b3a06,Agent,status_change,,RENDERED,pending-sync,Migrated from legacy rendition log. Fix applied and verified.,2026-03-18 20:02:00.779591+00
71388a32-f0c3-4423-ace6-2a2bd5512d48,5282ff74-4ecf-457b-8ca9-ca7dc101aec4,Agent,status_change,,RENDERED,pending-sync,Migrated from legacy rendition log. Fix applied and verified.,2026-03-18 20:02:04.972128+00
c9ad4afc-6547-4f25-a109-877ea259f97d,c764c32d-4a18-46e2-8548-56b1002b2423,Agent,status_change,,RENDERED,pending-sync,Migrated from legacy rendition log. Fix applied and verified.,2026-03-18 20:02:08.964623+00
93e3c06e-3563-4449-a55a-a5a26e629ce7,ea3ce361-556e-4700-a966-def5d89f2a3f,Agent,status_change,,RENDERED,pending-sync,Migrated from legacy rendition log. Fix applied and verified.,2026-03-18 20:02:12.871533+00
8dee3146-3fd8-4aff-9980-6cb07323fe0b,d5ddb993-5176-4de7-b079-3bd33cd639a9,Agent,status_change,,RENDERED,pending-sync,Migrated from legacy rendition log. Fix applied and verified.,2026-03-18 20:02:17.026331+00
62dce2c5-dbc7-481b-a18f-eec654ba6e0d,e89e79f9-5bf3-4a98-b722-636e32651564,Agent,status_change,,RENDERED,pending-sync,Migrated from legacy rendition log. Fix applied and verified.,2026-03-18 20:01:48.235122+00
520405ab-40c9-4b51-ad2b-9ed06c10ac0f,fa7a4b51-9448-4c94-a4dc-87107db61bd4,Agent,status_change,,RENDERED,pending-sync,Migrated from legacy rendition log. Fix applied and verified.,2026-03-18 20:01:52.628391+00
88dabfd8-17a5-4f24-a747-b072d8d8c3e9,fc27ade0-03dc-4cd4-878d-fb20f23de309,Agent,status_change,,RENDERED,pending-sync,Migrated from legacy rendition log. Fix applied and verified.,2026-03-18 20:01:56.602916+00
79b7a53b-ab23-497a-9fb6-ff0713899405,f724a954-3d36-4524-9b97-6276ab8b3a06,Agent,status_change,,RENDERED,pending-sync,Migrated from legacy rendition log. Fix applied and verified.,2026-03-18 20:02:00.779591+00
66deef6b-0d0a-4773-bb37-3829b9fce212,5282ff74-4ecf-457b-8ca9-ca7dc101aec4,Agent,status_change,,RENDERED,pending-sync,Migrated from legacy rendition log. Fix applied and verified.,2026-03-18 20:02:04.972128+00
6dd68fd0-c5f4-4b7c-aec3-d04d2a7189b2,c764c32d-4a18-46e2-8548-56b1002b2423,Agent,status_change,,RENDERED,pending-sync,Migrated from legacy rendition log. Fix applied and verified.,2026-03-18 20:02:08.964623+00
157ff1dd-790f-4271-878e-142e6f734012,ea3ce361-556e-4700-a966-def5d89f2a3f,Agent,status_change,,RENDERED,pending-sync,Migrated from legacy rendition log. Fix applied and verified.,2026-03-18 20:02:12.871533+00
503cb194-1b34-46d2-8c42-00246d71276c,d5ddb993-5176-4de7-b079-3bd33cd639a9,Agent,status_change,,RENDERED,pending-sync,Migrated from legacy rendition log. Fix applied and verified.,2026-03-18 20:02:17.026331+00
