id,domain,overall_score,overall_grade,resolver_count,record_count,app_version,created_at
1,dnstool.it-help.tech,70.666664,adequate,5,3,26.25.26,2026-02-23 07:51:02.319294
2,ietf.org,79.666664,good,5,6,26.25.26,2026-02-23 07:51:15.389452
3,cisa.gov,66.333336,adequate,5,6,26.25.26,2026-02-23 07:51:41.103981
4,cloudflare.com,75.47619,good,5,7,26.25.26,2026-02-23 07:53:38.677974
5,cloudflare.com,78.333336,good,5,7,26.25.26,2026-02-23 07:54:52.303041
6,hak5.org,76.666664,good,5,5,26.25.26,2026-02-23 08:51:48.279616
7,ietf.org,79.666664,good,5,6,26.25.26,2026-02-23 08:51:59.117972
8,ietf.org,79.666664,good,5,6,26.25.26,2026-02-23 08:57:32.726058
9,ietf.org,78,good,5,6,26.25.26,2026-02-23 08:57:40.248323
10,hak5.org,76.666664,good,5,5,26.25.26,2026-02-23 08:58:00.034775
11,cloudflare.com,75.47619,good,5,7,26.25.26,2026-02-23 08:58:09.393943
12,globalping.io,78.666664,good,5,5,26.25.26,2026-02-23 11:14:08.719152
13,it-help.tech,73.04762,adequate,5,7,26.25.27,2026-02-23 12:36:02.895608
14,hak5.org,76.666664,good,5,5,26.25.27,2026-02-23 13:00:40.169871
15,hak5.org,74.666664,adequate,5,5,26.25.27,2026-02-23 13:01:20.568445
16,ietf.org,79.666664,good,5,6,26.25.27,2026-02-23 13:01:29.216213
17,hak5.org,76.666664,good,5,5,26.25.27,2026-02-23 13:01:44.616013
18,cloudflare.com,76.90476,good,5,7,26.25.27,2026-02-23 13:01:53.17101
19,ietf.org,76.333336,good,5,6,26.25.27,2026-02-23 13:02:01.917177
20,cloudflare.com,76.90476,good,5,7,26.25.27,2026-02-23 13:02:40.317087
21,apple.com,79.7619,good,5,7,26.25.28,2026-02-23 13:05:36.631018
22,apple.com,78.333336,good,5,7,26.25.28,2026-02-23 13:06:56.674981
23,apple.com,76.90476,good,5,7,26.25.28,2026-02-23 13:10:34.431867
24,gmg-attendorn.de,78.666664,good,5,5,26.25.28,2026-02-23 13:14:16.70006
25,fette-beute.com,75.416664,good,5,5,26.25.28,2026-02-23 13:14:22.260216
26,nlnetlabs.nl,74.666664,adequate,5,6,26.25.28,2026-02-23 14:18:45.348402
27,ietf.org,79.666664,good,5,6,26.25.28,2026-02-23 14:18:55.660128
28,freebsd.org,80.7619,good,5,7,26.25.28,2026-02-23 14:19:03.404106
29,google.com,74.47619,adequate,5,7,26.25.28,2026-02-23 14:19:28.212082
30,it-help.tech,72.54762,adequate,5,7,26.25.28,2026-02-23 14:19:41.539773
31,freebsd.org,80.7619,good,5,7,26.25.28,2026-02-23 14:19:44.354833
32,ietf.org,78,good,5,6,26.25.28,2026-02-23 14:19:50.386352
33,google.com,73.97619,adequate,5,7,26.25.28,2026-02-23 14:20:00.238194
34,apple.com,79.5119,good,5,7,26.25.28,2026-02-23 14:20:05.988059
35,gmg-attendorn.de,78.666664,good,5,5,26.25.28,2026-02-23 14:20:14.828586
36,freebsd.org,80.7619,good,5,7,26.25.28,2026-02-23 14:20:15.806685
37,hak5.org,76.666664,good,5,5,26.25.28,2026-02-23 14:20:41.444082
38,hak5.org,74.666664,adequate,5,5,26.25.28,2026-02-23 14:21:08.753989
39,hak5.org,76.666664,good,5,5,26.25.28,2026-02-23 14:21:22.581898
40,cloudflare.com,76.65476,good,5,7,26.25.28,2026-02-23 14:21:37.754621
41,dnstool.it-help.tech,70.666664,adequate,5,3,26.25.28,2026-02-23 14:21:49.128809
42,com.au,72.666664,adequate,5,2,26.25.28,2026-02-23 14:21:50.489936
43,dnstool.it-help.tech,70.666664,adequate,5,3,26.25.28,2026-02-23 14:22:01.005838
44,cloudflare.com,76.90476,good,5,7,26.25.28,2026-02-23 14:22:11.572294
45,cisa.gov,68.666664,adequate,5,6,26.25.28,2026-02-23 14:22:19.01676
46,cloudflare.com,76.90476,good,5,7,26.25.28,2026-02-23 14:22:26.811839
47,apavil.ro,58.666668,adequate,5,5,26.25.28,2026-02-23 14:22:33.485032
48,apavil.ro,68.666664,adequate,5,5,26.25.28,2026-02-23 14:22:45.7213
49,cisa.gov,69.833336,adequate,5,6,26.25.28,2026-02-23 14:22:45.92304
50,probe-us-01.dns-observe.com,75.333336,good,5,4,26.25.28,2026-02-23 14:22:47.881068
51,probe-us-02.dns-observe.com,70.666664,adequate,5,3,26.25.28,2026-02-23 14:22:51.170604
52,probe-us-01.dns-observe.com,75.333336,good,5,4,26.25.28,2026-02-23 14:22:54.828408
53,cisa.gov,65.833336,adequate,5,6,26.25.28,2026-02-23 14:22:59.355544
54,apavil.ro,58.666668,adequate,5,5,26.25.28,2026-02-23 14:23:13.222394
55,probe-us-02.dns-observe.com,70.666664,adequate,5,3,26.25.28,2026-02-23 14:23:29.091728
56,probe-us-02.dns-observe.com,70.666664,adequate,5,3,26.25.28,2026-02-23 14:23:55.886858
57,hotmail.com,81.333336,good,5,6,26.25.28,2026-02-23 14:26:20.91481
58,glendun.com.au,64.666664,adequate,5,5,26.25.28,2026-02-23 14:26:59.810467
59,oxidesurvival.com,77.333336,good,5,3,26.25.28,2026-02-23 14:27:12.315452
60,zmacnashville.net,78.666664,good,5,5,26.25.28,2026-02-23 14:27:14.225749
61,oxidesurvival.com,80.666664,good,5,3,26.25.28,2026-02-23 14:27:20.931673
62,glendun.com.au,74.166664,adequate,5,5,26.25.28,2026-02-23 14:27:32.462757
63,clinicbilling.com,52.666668,adequate,5,2,26.25.28,2026-02-23 14:27:36.368342
64,cnn.com,73.416664,adequate,5,6,26.25.28,2026-02-23 14:27:48.23648
65,proton.me,76.75,good,5,6,26.25.28,2026-02-23 14:27:58.948203
66,glendun.com.au,73.666664,adequate,5,5,26.25.28,2026-02-23 14:28:08.056951
67,fredduval.com,78.666664,good,5,5,26.25.28,2026-02-23 14:28:18.136984
68,com.au,72.666664,adequate,5,2,26.25.28,2026-02-23 14:28:19.261076
69,spitalulorasenescbaicoi.ro,79.666664,good,5,6,26.25.28,2026-02-23 14:28:25.516283
70,dnsstuff.com,73.416664,adequate,5,6,26.25.28,2026-02-23 14:28:25.779222
71,proton.me,77,good,5,6,26.25.28,2026-02-23 14:28:29.199701
72,proton.me,76.75,good,5,6,26.25.28,2026-02-23 14:28:34.632652
73,dnsstuff.com,73.416664,adequate,5,6,26.25.28,2026-02-23 14:29:08.235124
74,dnsstuff.com,73.666664,adequate,5,6,26.25.28,2026-02-23 14:29:25.947845
75,atelier13-usa.com,80.666664,good,5,5,26.25.28,2026-02-23 14:31:30.700061
76,www.cnn.com,63.333332,adequate,5,8,26.25.28,2026-02-23 14:31:36.74871
77,www.cnn.com,64.333336,adequate,5,8,26.25.28,2026-02-23 14:31:44.482849
78,2911.us,79.666664,good,5,6,26.25.28,2026-02-23 14:31:45.278082
79,guarinoadvisors.com,79.666664,good,5,6,26.25.28,2026-02-23 14:31:56.069387
80,2911.us,79.666664,good,5,6,26.25.28,2026-02-23 14:31:58.049344
81,2911.us,79.666664,good,5,6,26.25.28,2026-02-23 14:32:22.884553
82,www.cnn.com,60.833332,adequate,5,8,26.25.28,2026-02-23 14:32:31.040774
83,monologue.to,78,good,5,6,26.25.28,2026-02-23 14:32:38.007752
84,monologue.to,78,good,5,6,26.25.28,2026-02-23 14:33:05.23301
85,microsoft.com,78.2619,good,5,7,26.25.28,2026-02-23 14:33:10.996064
86,microsoft.com,79.690475,good,5,7,26.25.28,2026-02-23 14:33:25.733146
87,monologue.to,78,good,5,6,26.25.28,2026-02-23 14:33:41.824044
88,ibm.com,59.166668,adequate,5,6,26.25.28,2026-02-23 14:33:42.059928
89,microsoft.com,79.690475,good,5,7,26.25.28,2026-02-23 14:33:52.140184
90,ibm.com,65.333336,adequate,5,6,26.25.28,2026-02-23 14:33:56.486828
91,fbi.gov,76.65476,good,5,7,26.25.28,2026-02-23 14:33:58.649829
93,cia.gov,76.65476,good,5,7,26.25.28,2026-02-23 14:34:00.66479
1241,franklinroadacademy.com,74.666664,adequate,5,5,26.27.09,2026-02-27 14:31:55.702129
1243,dispatchgrid.com,82.666664,good,5,5,26.27.09,2026-02-27 14:32:07.059185
1247,1liner.com,78.666664,good,5,5,26.27.09,2026-02-27 14:35:43.286158
1322,westbyforcongress.com,80.666664,good,5,5,26.27.09,2026-02-27 14:54:30.617904
1326,hotmail.com,81.333336,good,5,6,26.27.09,2026-02-27 14:54:52.620506
1327,hortongroup.com,78.666664,good,5,5,26.27.09,2026-02-27 14:55:06.767416
1329,kadse.dev,70.666664,adequate,5,3,26.27.09,2026-02-27 14:55:18.991146
1486,co.uk,67.666664,adequate,5,2,26.28.18,2026-02-28 14:35:23.246402
1488,tuta.io,75.04762,good,5,7,26.28.18,2026-02-28 14:35:34.677645
1489,web-hosting.com,74.666664,adequate,5,5,26.28.18,2026-02-28 14:35:42.932842
1490,nsa.gov,75.416664,good,5,5,26.28.18,2026-02-28 14:35:44.96224
1491,www.franklinroadacademy.com,60.583332,adequate,5,8,26.28.18,2026-02-28 14:35:52.702687
1492,surland.de,84.666664,good,5,6,26.28.18,2026-02-28 14:35:59.320219
1494,tuta.io,75.04762,good,5,7,26.28.18,2026-02-28 14:36:05.134722
1495,web-hosting.com,74.666664,adequate,5,5,26.28.18,2026-02-28 14:36:13.316597
1502,nsa.gov,73.416664,adequate,5,5,26.28.18,2026-02-28 14:36:45.843927
1551,poop.com,74,adequate,5,3,26.28.18,2026-02-28 14:44:34.801361
1558,civicpermits.com,70.666664,adequate,5,5,26.28.18,2026-02-28 14:48:04.0731
1563,spitalul-municipal-timisoara.ro,66.666664,adequate,5,5,26.28.18,2026-02-28 14:48:55.578852
1564,vbabestm.ro,74.666664,adequate,5,5,26.28.18,2026-02-28 14:48:56.839317
1598,tesla.com,65.666664,adequate,5,5,26.28.20,2026-02-28 15:28:51.383976
1687,fbi.gov,72.61905,adequate,5,7,26.28.35,2026-03-01 14:34:35.903065
1693,it-help.tech,80.190475,good,5,7,26.28.35,2026-03-01 14:35:25.661276
1695,microsoft.com,83.04762,good,5,7,26.28.35,2026-03-01 14:35:43.387754
1696,microsoft.com,80.190475,good,5,7,26.28.35,2026-03-01 14:35:48.636693
1697,probe-us-01.dns-observe.com,75.333336,good,5,4,26.28.35,2026-03-01 14:37:15.404598
1700,isc.org,76.90476,good,5,7,26.28.35,2026-03-01 14:37:26.349228
1701,isc.org,76.90476,good,5,7,26.28.35,2026-03-01 14:37:33.604382
1705,sportcommunities.group,82.190475,good,5,7,26.28.35,2026-03-01 14:37:57.812903
1707,natashabedingfield.com,67.666664,adequate,5,5,26.28.35,2026-03-01 14:38:14.628238
1709,cisa.gov,67,adequate,5,6,26.28.35,2026-03-01 14:38:24.499131
1711,spitalpoianamare.ro,74.666664,adequate,5,5,26.28.35,2026-03-01 14:38:37.194379
1712,sovanta.com,81.666664,good,5,5,26.28.35,2026-03-01 14:38:39.384455
1715,weather.gov,67.416664,adequate,5,5,26.28.35,2026-03-01 14:38:51.560191
1717,pizazzmusiccamp.org,68.666664,adequate,5,5,26.28.35,2026-03-01 14:38:55.025124
1723,com,72.666664,adequate,5,2,26.28.35,2026-03-01 14:39:18.890964
1751,blauwsurvey.com,81.75,good,5,6,26.28.35,2026-03-01 14:45:31.976286
1756,hortongroup.com,78.666664,good,5,5,26.28.35,2026-03-01 14:47:31.708168
1758,hortongroup.com,78.666664,good,5,5,26.28.35,2026-03-01 14:47:59.493545
1789,spitalcampina.ro,72.666664,adequate,5,5,26.28.35,2026-03-01 15:43:06.593645
1790,innbn-bucuresti.ro,76.666664,good,5,5,26.28.35,2026-03-01 15:45:58.920406
1791,server.it-help.tech,77.333336,good,5,3,26.28.35,2026-03-01 15:45:59.853219
1810,valentin.run,71.333336,adequate,5,6,26.28.35,2026-03-01 21:05:44.253228
1833,reconfirm.com,73,adequate,5,6,26.28.35,2026-03-02 02:00:24.325663
1858,spitalulhuedin.ro,70.666664,adequate,5,5,26.28.35,2026-03-02 02:34:53.989473
1880,spitalgiurgiu.ro,74.666664,adequate,5,5,26.28.42,2026-03-02 14:19:49.926331
1903,migrateproduction.com,72,adequate,5,6,26.28.42,2026-03-02 14:21:26.062917
1912,spitalul-municipal-timisoara.ro,66.666664,adequate,5,5,26.28.42,2026-03-02 14:21:54.498094
1916,guarinoadvisors.com,73,adequate,5,6,26.28.42,2026-03-02 14:22:13.248018
1918,dpsg-radolfzell.de,73.61905,adequate,5,7,26.28.42,2026-03-02 14:22:14.661138
1923,dpsg-radolfzell.de,76.47619,good,5,7,26.28.42,2026-03-02 14:22:43.108537
1925,dpsg-bodensee.de,68,adequate,5,6,26.28.42,2026-03-02 14:22:48.784769
1926,dpsg-radolfzell.de,73.61905,adequate,5,7,26.28.42,2026-03-02 14:22:55.639373
1929,porp.stream,77.333336,good,5,3,26.28.42,2026-03-02 14:23:45.737389
1933,spitalsighet.ro,76.666664,good,5,5,26.28.42,2026-03-02 14:24:37.557229
1985,fbi.gov,74.04762,adequate,5,7,26.28.42,2026-03-02 14:30:40.826231
1987,amazon.com,71.666664,adequate,5,5,26.28.42,2026-03-02 14:30:49.094274
1988,apple.com,75.47619,good,5,7,26.28.42,2026-03-02 14:30:50.981858
1999,1liner.com,78.666664,good,5,5,26.28.42,2026-03-02 14:35:33.075831
2076,red.com,72.166664,adequate,5,6,26.28.42,2026-03-02 14:46:42.917626
2126,vbabestm.ro,74.666664,adequate,5,5,26.28.42,2026-03-02 15:46:00.443009
2128,spitalulhorezu.ro,76.666664,good,5,5,26.28.42,2026-03-02 15:46:06.196931
2150,nlnetlabs.nl,68,adequate,5,6,26.32.59,2026-03-03 06:13:28.018307
2152,ehmrealty.com,78.666664,good,5,5,26.32.59,2026-03-03 06:13:29.957484
2153,google.com,70.190475,adequate,5,7,26.32.59,2026-03-03 06:13:31.481512
2165,blauw-survey.com,72.833336,adequate,5,4,26.32.59,2026-03-03 06:14:40.734522
2166,civicpermits.com,70.666664,adequate,5,5,26.32.59,2026-03-03 06:14:41.501842
2168,co.uk,67.666664,adequate,5,2,26.32.59,2026-03-03 06:14:54.454617
2169,evilhacker.com,70.666664,adequate,5,3,26.32.59,2026-03-03 06:15:06.074776
2173,cia.gov,76.90476,good,5,7,26.32.59,2026-03-03 06:15:17.070429
2181,uptimerobot.com,75.47619,good,5,7,26.32.59,2026-03-03 06:16:17.798074
2182,hegel.org,84.666664,good,5,5,26.32.59,2026-03-03 06:16:19.772598
2186,vbabestm.ro,74.666664,adequate,5,5,26.32.59,2026-03-03 06:16:42.214132
2188,hegel.org,84.666664,good,5,5,26.32.59,2026-03-03 06:16:48.22317
2194,weather.gov,67.666664,adequate,5,5,26.32.59,2026-03-03 06:17:20.719061
2201,poop.com,74,adequate,5,3,26.32.59,2026-03-03 06:17:52.35931
2252,filantropia.ro,68.666664,adequate,5,5,26.32.59,2026-03-03 06:30:31.458796
2254,filantropia.ro,68.666664,adequate,5,5,26.32.59,2026-03-03 06:30:52.726382
2256,reconfirm.com,73,adequate,5,6,26.32.59,2026-03-03 06:30:59.733201
2264,reconfirm.com,73,adequate,5,6,26.32.59,2026-03-03 06:31:14.691313
2266,filantropia.ro,68.666664,adequate,5,5,26.32.59,2026-03-03 06:31:23.168936
2278,guarinoadvisors.com,73,adequate,5,6,26.32.59,2026-03-03 06:32:08.450006
2280,dpsg-bodensee.de,69.666664,adequate,5,6,26.32.59,2026-03-03 06:32:17.548379
2281,porp.stream,77.333336,good,5,3,26.32.59,2026-03-03 06:32:25.216342
2283,www.mercadopago.com,59.333332,adequate,5,8,26.32.59,2026-03-03 06:32:33.004485
2290,web-hosting.com,74.666664,adequate,5,5,26.32.59,2026-03-03 06:33:12.37931
92,example.com,79.666664,good,5,6,26.25.28,2026-02-23 14:33:59.62642
94,cia.gov,76.65476,good,5,7,26.25.28,2026-02-23 14:34:25.72705
95,reconfirm.com,79.666664,good,5,6,26.25.28,2026-02-23 14:35:01.36459
96,reconfirm.com,79.666664,good,5,6,26.25.28,2026-02-23 14:35:06.445191
97,caolt.ro,76.666664,good,5,5,26.25.28,2026-02-23 14:35:07.044556
98,spitalpoianamare.ro,76.666664,good,5,5,26.25.28,2026-02-23 14:35:21.230085
99,github.com,78.833336,good,5,6,26.25.28,2026-02-23 14:35:21.798367
100,spitalpoianamare.ro,76.666664,good,5,5,26.25.28,2026-02-23 14:35:27.460826
101,co.uk,67.666664,adequate,5,2,26.25.28,2026-02-23 14:35:36.593506
102,red.com,73.833336,adequate,5,6,26.25.28,2026-02-23 14:36:02.428636
103,caolt.ro,76.666664,good,5,5,26.25.28,2026-02-23 14:36:05.652854
104,caolt.ro,76.666664,good,5,5,26.25.28,2026-02-23 14:36:07.835179
105,github.com,72.5,adequate,5,6,26.25.28,2026-02-23 14:36:24.000862
106,red.com,74.333336,adequate,5,6,26.25.28,2026-02-23 14:36:32.222587
107,blauwsurvey.com,78.416664,good,5,6,26.25.28,2026-02-23 14:36:32.43571
108,github.com,74.833336,adequate,5,6,26.25.28,2026-02-23 14:36:34.104776
109,markphd.me,76.583336,good,5,4,26.25.28,2026-02-23 14:36:56.885237
110,thehumphries.org,72.666664,adequate,5,5,26.25.28,2026-02-23 14:37:04.981194
111,tesla.com,69.416664,adequate,5,5,26.25.28,2026-02-23 14:37:10.273143
112,theojouvin.com,78.416664,good,5,6,26.25.28,2026-02-23 14:37:28.002887
113,tesla.com,69.416664,adequate,5,5,26.25.28,2026-02-23 14:37:29.847577
114,theojouvin.com,78.416664,good,5,6,26.25.28,2026-02-23 14:37:30.709601
115,sportcommunities.group,79.333336,good,5,7,26.25.28,2026-02-23 14:37:31.366059
116,fugro.com,73.666664,adequate,5,5,26.25.28,2026-02-23 14:37:50.67239
117,fugro.com,71.416664,adequate,5,5,26.25.28,2026-02-23 14:37:57.878231
118,tesla.com,69.416664,adequate,5,5,26.25.28,2026-02-23 14:38:07.726109
119,dns-observe.com,76.666664,good,5,5,26.25.28,2026-02-23 14:40:01.808112
120,kali.org,85.04762,good,5,7,26.25.28,2026-02-23 14:41:43.424648
121,co.uk,67.666664,adequate,5,2,26.25.28,2026-02-23 14:42:08.247318
122,networksolutions.com,79.666664,good,5,5,26.25.28,2026-02-23 14:42:10.793532
123,kali.org,83.61905,good,5,7,26.25.28,2026-02-23 14:42:20.946242
124,networksolutions.com,79.416664,good,5,5,26.25.28,2026-02-23 14:42:36.037401
125,kali.org,83.61905,good,5,7,26.25.28,2026-02-23 14:42:51.56648
126,networksolutions.com,79.416664,good,5,5,26.25.28,2026-02-23 14:43:03.821735
127,com.au,72.666664,adequate,5,2,26.25.28,2026-02-23 14:43:26.493048
128,nsa.gov,75.666664,good,5,5,26.25.28,2026-02-23 14:46:24.663814
129,nsa.gov,75.416664,good,5,5,26.25.28,2026-02-23 14:47:09.218404
130,nsa.gov,75.666664,good,5,5,26.25.28,2026-02-23 14:47:30.723114
131,whitehouse.gov,83.666664,good,5,5,26.25.28,2026-02-23 14:52:55.979224
132,co.uk,67.666664,adequate,5,2,26.25.28,2026-02-23 14:53:01.717095
133,spitalcampina.ro,74.666664,adequate,5,5,26.25.28,2026-02-23 14:53:22.379664
134,1liner.com,76.666664,good,5,5,26.25.28,2026-02-23 14:53:35.467432
135,purpleflock.com,79.666664,good,5,6,26.25.28,2026-02-23 14:53:41.637612
136,gdcc.com,78.666664,good,5,5,26.25.28,2026-02-23 14:54:07.385676
137,transbusbuzau.ro,76.666664,good,5,5,26.25.28,2026-02-23 14:54:16.693877
138,gdcc.com,78.666664,good,5,5,26.25.28,2026-02-23 14:54:39.930977
139,spjslatina.ro,70.666664,adequate,5,5,26.25.28,2026-02-23 14:54:40.100593
140,tuta.io,80.7619,good,5,7,26.25.28,2026-02-23 14:54:43.487717
141,transbusbuzau.ro,76.666664,good,5,5,26.25.28,2026-02-23 14:54:44.563289
142,knoxminerals.com,74.666664,adequate,5,5,26.25.28,2026-02-23 14:55:06.458704
143,tuta.io,80.7619,good,5,7,26.25.28,2026-02-23 14:55:16.968182
144,transbusbuzau.ro,76.666664,good,5,5,26.25.28,2026-02-23 14:55:17.691792
145,tuta.io,80.7619,good,5,7,26.25.28,2026-02-23 14:55:27.992485
146,knoxminerals.com,74.666664,adequate,5,5,26.25.28,2026-02-23 14:55:39.001446
147,couchmvp.com,77.666664,good,5,2,26.25.28,2026-02-23 14:56:04.389966
148,knoxminerals.com,74.666664,adequate,5,5,26.25.28,2026-02-23 14:56:16.222171
149,ehmrealty.com,80.666664,good,5,5,26.25.28,2026-02-23 14:56:39.208598
150,ehmrealty.com,80.666664,good,5,5,26.25.28,2026-02-23 14:57:10.015666
151,patientreminder.com,78.666664,good,5,5,26.25.28,2026-02-23 14:57:39.261159
152,ehmrealty.com,80.666664,good,5,5,26.25.28,2026-02-23 14:57:45.679409
153,rg443.click,81.583336,good,5,4,26.25.28,2026-02-23 14:57:52.562732
154,hosptm.ro,78.666664,good,5,5,26.25.28,2026-02-23 14:58:13.137812
155,hosptm.ro,78.666664,good,5,5,26.25.28,2026-02-23 14:58:37.534518
156,natashabedingfield.com,67.416664,adequate,5,5,26.25.28,2026-02-23 14:58:37.721849
157,hosptm.ro,78.666664,good,5,5,26.25.28,2026-02-23 14:58:59.423374
158,natashabedingfield.com,67.416664,adequate,5,5,26.25.28,2026-02-23 14:59:02.4888
159,nasa.gov,78.416664,good,5,6,26.25.28,2026-02-23 14:59:30.14345
160,nasa.gov,78.416664,good,5,6,26.25.28,2026-02-23 14:59:45.823583
161,natashabedingfield.com,67.416664,adequate,5,5,26.25.28,2026-02-23 14:59:50.749525
162,blauw-survey.com,72.833336,adequate,5,4,26.25.28,2026-02-23 15:00:17.575863
163,nasa.gov,78.416664,good,5,6,26.25.28,2026-02-23 15:00:19.084137
164,weather.gov,67.416664,adequate,5,5,26.25.28,2026-02-23 15:00:21.639067
165,spitalsighet.ro,74.666664,adequate,5,5,26.25.28,2026-02-23 15:00:33.235325
166,hortongroup.com,82.666664,good,5,5,26.25.28,2026-02-23 15:00:46.827476
167,izvoru.ro,74.666664,adequate,5,5,26.25.28,2026-02-23 15:00:46.906239
168,schedule.it-help.tech,64,adequate,5,3,26.25.28,2026-02-23 15:01:00.110036
169,spitalsighet.ro,74.666664,adequate,5,5,26.25.28,2026-02-23 15:01:11.70886
170,izvoru.ro,74.666664,adequate,5,5,26.25.28,2026-02-23 15:01:23.365673
171,hortongroup.com,82.666664,good,5,5,26.25.28,2026-02-23 15:01:28.496421
172,natashabedingfield.co.uk,72.833336,adequate,5,4,26.25.28,2026-02-23 15:02:13.024439
173,sjv.ro,76.666664,good,5,5,26.25.28,2026-02-23 15:02:24.453098
174,natashabedingfield.co.uk,72.833336,adequate,5,4,26.25.28,2026-02-23 15:02:40.898826
175,sjv.ro,76.666664,good,5,5,26.25.28,2026-02-23 15:02:57.076509
176,natashabedingfield.co.uk,72.833336,adequate,5,4,26.25.28,2026-02-23 15:03:09.544636
177,sjv.ro,76.666664,good,5,5,26.25.28,2026-02-23 15:03:28.852901
178,jonaswiegner.de,70.7619,adequate,5,7,26.25.28,2026-02-23 15:10:56.530477
179,switch.com,71.666664,adequate,5,5,26.25.28,2026-02-23 15:29:21.765187
180,switch.com,71.416664,adequate,5,5,26.25.28,2026-02-23 15:29:51.212831
181,switch.com,71.416664,adequate,5,5,26.25.28,2026-02-23 15:30:23.609957
182,maltejk.de,82.190475,good,5,7,26.25.28,2026-02-23 16:10:21.66472
183,kokee.net,75.333336,good,5,4,26.25.28,2026-02-23 16:10:58.529589
184,bakr.de,69.666664,adequate,5,6,26.25.28,2026-02-23 16:14:21.308099
185,benav.cc,77.666664,good,5,2,26.25.28,2026-02-23 16:15:19.385305
186,rocket-hd.cc,76.666664,good,5,5,26.25.28,2026-02-23 16:16:32.667726
187,aither.cc,68.666664,adequate,5,5,26.25.28,2026-02-23 16:16:52.831732
188,torrent-syndikat.org,79.416664,good,5,3,26.25.28,2026-02-23 16:17:27.352888
189,google.com,74.47619,adequate,5,7,26.25.28,2026-02-23 16:27:20.206114
190,item.org,76.333336,good,5,6,26.25.28,2026-02-23 16:45:42.086043
191,198119799470.xyz,77.333336,good,5,3,26.25.28,2026-02-23 17:02:43.91623
192,play.198119799470.xyz,66.57143,adequate,5,7,26.25.28,2026-02-23 17:03:43.284741
193,2911.us,79.666664,good,5,6,26.25.28,2026-02-23 17:08:51.243299
194,anva.ch,74.666664,adequate,5,6,26.25.28,2026-02-23 17:12:43.248916
195,microsoft.com,80.190475,good,5,7,26.25.28,2026-02-23 17:19:58.134313
196,it-help.tech,73.04762,adequate,5,7,26.25.28,2026-02-23 17:20:21.705767
197,haukeflix.top,83,good,5,6,26.25.28,2026-02-23 17:39:34.524707
198,porp.stream,80.666664,good,5,3,26.25.28,2026-02-23 17:49:00.270449
199,hogwarts.steinr.eu,75.57143,good,5,7,26.25.28,2026-02-23 18:19:07.035843
200,dpsg-radolfzell.de,79.333336,good,5,7,26.25.28,2026-02-23 18:20:35.992684
201,dpsg-bodensee.de,73,adequate,5,6,26.25.28,2026-02-23 18:23:13.281003
202,anva.ch,74.666664,adequate,5,6,26.25.30,2026-02-23 19:13:32.640867
203,anva.ch,73.666664,adequate,5,6,26.25.30,2026-02-23 19:14:20.741019
204,anva.ch,76.90476,good,5,7,26.25.30,2026-02-23 19:21:37.744842
205,technikfreak.co,80.666664,good,5,3,26.25.30,2026-02-23 19:24:42.617989
206,ohg-nagold.de,74.666664,adequate,5,5,26.25.30,2026-02-23 19:28:17.539434
207,hahnover.land,72.666664,adequate,5,5,26.25.30,2026-02-23 19:29:02.297557
208,ohg-nagold.eu,83,good,5,6,26.25.30,2026-02-23 19:30:05.885339
209,hirt.dev,78.666664,good,5,6,26.25.31,2026-02-23 19:49:41.321519
210,me,72.666664,adequate,5,2,26.25.31,2026-02-23 19:59:04.267837
211,dnstool.it-help.tech,69.666664,adequate,5,3,26.25.31,2026-02-23 20:04:43.747987
212,dnstool.it-help.tech,70.666664,adequate,5,3,26.25.31,2026-02-23 20:04:45.462433
213,spitalulorasenescbaicoi.ro,79.666664,good,5,6,26.25.31,2026-02-23 20:10:11.384437
214,www.cnn.com,62.083332,adequate,5,8,26.25.31,2026-02-23 20:21:40.137452
215,anva.ch,76.90476,good,5,7,26.25.31,2026-02-23 20:22:46.561501
216,anva.ch,76.90476,good,5,7,26.25.31,2026-02-23 20:25:47.686117
217,z1mac.com,80.666664,good,5,3,26.25.31,2026-02-23 20:52:01.802944
218,telekom.de,75.666664,good,5,5,26.25.31,2026-02-23 20:53:41.750773
219,binaryflix.space,80.666664,good,5,3,26.25.31,2026-02-23 21:08:30.953848
220,uke.de,68.666664,adequate,5,6,26.25.31,2026-02-23 21:12:38.930384
221,kokee.net,75.333336,good,5,4,26.25.31,2026-02-23 21:30:28.903511
222,nlnetlabs.nl,74.666664,adequate,5,6,26.25.31,2026-02-23 21:49:51.445344
223,fluss.top,72.833336,adequate,5,4,26.25.31,2026-02-23 21:52:25.040474
224,livearchive.net,79.666664,good,5,6,26.25.31,2026-02-23 22:17:15.770267
225,cia.gov,76.90476,good,5,7,26.25.39,2026-02-23 22:46:26.145648
226,it-help.tech,73.04762,adequate,5,7,26.25.39,2026-02-23 23:07:35.908022
227,qualysperiscope.com,62.666668,adequate,5,2,26.25.39,2026-02-23 23:42:46.347438
228,fbi.gov,76.90476,good,5,7,26.25.39,2026-02-24 01:28:29.479384
229,com,67.666664,adequate,5,2,26.25.39,2026-02-24 04:28:39.061673
230,google.com,74.47619,adequate,5,7,26.25.39,2026-02-24 04:36:06.451877
231,it-help.tech,73.04762,adequate,5,7,26.25.39,2026-02-24 04:44:48.826884
232,freebsd.org,80.7619,good,5,7,26.25.39,2026-02-24 05:52:24.569353
233,freebsd.org,80.7619,good,5,7,26.25.39,2026-02-24 05:52:31.502179
234,spitalmoldovanoua.ro,72.666664,adequate,5,5,26.25.39,2026-02-24 06:04:11.75735
235,natashabedingfield.co.uk,72.833336,adequate,5,4,26.25.59,2026-02-24 06:13:08.351286
236,natashabedingfield.co.uk,72.833336,adequate,5,4,26.25.59,2026-02-24 06:13:57.781706
237,ietf.org,79.666664,good,5,6,26.25.59,2026-02-24 06:36:14.238511
238,freebsd.org,77.90476,good,5,7,26.25.59,2026-02-24 06:38:54.069468
239,ha.198119799470.xyz,81.666664,good,5,2,26.25.59,2026-02-24 07:08:53.668021
240,198119799470.xyz,75.333336,good,5,4,26.25.59,2026-02-24 07:25:43.674787
241,198119799470.xyz,75.333336,good,5,4,26.25.59,2026-02-24 07:30:35.229734
242,198119799470.xyz,78.666664,good,5,5,26.25.59,2026-02-24 07:34:54.825962
243,198119799470.xyz,78.666664,good,5,5,26.25.59,2026-02-24 07:40:36.504827
244,198119799470.xyz,76.666664,good,5,5,26.25.59,2026-02-24 07:41:19.770912
245,198119799470.xyz,76.666664,good,5,5,26.25.59,2026-02-24 07:41:25.742375
246,dnsstuff.com,73.666664,adequate,5,6,26.25.59,2026-02-24 07:44:47.356336
247,dnsstuff.com,73.666664,adequate,5,6,26.25.62,2026-02-24 08:01:27.90818
248,it-help.tech,72.79762,adequate,5,7,26.25.62,2026-02-24 08:06:10.234765
249,it-help.tech,71.61905,adequate,5,7,26.25.62,2026-02-24 08:10:51.080803
250,proton.me,77,good,5,6,26.25.62,2026-02-24 08:22:33.349236
251,anva.ch,75.04762,good,5,7,26.25.64,2026-02-24 08:42:07.365809
252,purpleflock.com,79.666664,good,5,6,26.25.65,2026-02-24 09:29:35.212018
253,sovanta.com,77.666664,good,5,5,26.25.65,2026-02-24 09:36:07.306463
254,sovanta.com,77.666664,good,5,5,26.25.65,2026-02-24 09:37:06.088767
255,sap.com,71.416664,adequate,5,5,26.25.65,2026-02-24 09:37:40.676596
256,microsoft.com,80.190475,good,5,7,26.25.65,2026-02-24 11:03:55.477745
257,nlnetlabs.nl,74.666664,adequate,5,6,26.25.65,2026-02-24 14:12:45.820542
258,freebsd.org,80.7619,good,5,7,26.25.65,2026-02-24 14:12:48.595571
259,google.com,73.04762,adequate,5,7,26.25.65,2026-02-24 14:12:48.906291
260,ietf.org,79.666664,good,5,6,26.25.65,2026-02-24 14:12:52.353062
261,nlnetlabs.nl,74.666664,adequate,5,6,26.25.65,2026-02-24 14:13:07.27463
262,it-help.tech,72.54762,adequate,5,7,26.25.65,2026-02-24 14:13:20.163305
263,nlnetlabs.nl,74.666664,adequate,5,6,26.25.65,2026-02-24 14:13:42.945178
264,it-help.tech,71.61905,adequate,5,7,26.25.65,2026-02-24 14:13:49.604155
265,proton.me,77,good,5,6,26.25.65,2026-02-24 14:13:54.147422
266,anva.ch,75.04762,good,5,7,26.25.65,2026-02-24 14:13:56.488842
267,anva.ch,75.04762,good,5,7,26.25.65,2026-02-24 14:14:32.737151
268,proton.me,75.083336,good,5,6,26.25.65,2026-02-24 14:14:32.832816
269,198119799470.xyz,78.666664,good,5,5,26.25.65,2026-02-24 14:14:56.772538
270,sap.com,67.416664,adequate,5,5,26.25.65,2026-02-24 14:14:57.921736
271,microsoft.com,75.90476,good,5,7,26.25.65,2026-02-24 14:15:10.934171
272,sap.com,69.416664,adequate,5,5,26.25.65,2026-02-24 14:15:33.057898
273,z1mac.com,80.666664,good,5,3,26.25.65,2026-02-24 14:17:02.30546
274,spitalmoldovanoua.ro,72.666664,adequate,5,5,26.25.65,2026-02-24 14:17:42.417556
275,natashabedingfield.co.uk,72.833336,adequate,5,4,26.25.65,2026-02-24 14:17:52.015294
276,binaryflix.space,80.666664,good,5,3,26.25.65,2026-02-24 14:17:54.46606
277,com,72.666664,adequate,5,2,26.25.65,2026-02-24 14:18:02.685231
278,kokee.net,75.333336,good,5,4,26.25.65,2026-02-24 14:18:08.813396
279,natashabedingfield.co.uk,72.833336,adequate,5,4,26.25.65,2026-02-24 14:18:18.279704
280,uke.de,68.666664,adequate,5,6,26.25.65,2026-02-24 14:18:34.717564
281,qualysperiscope.com,62.666668,adequate,5,2,26.25.65,2026-02-24 14:18:36.983582
282,livearchive.net,79.666664,good,5,6,26.25.65,2026-02-24 14:18:47.608507
283,natashabedingfield.co.uk,72.833336,adequate,5,4,26.25.65,2026-02-24 14:18:52.002804
284,fluss.top,72.833336,adequate,5,4,26.25.65,2026-02-24 14:19:09.902108
285,qualysperiscope.com,62.666668,adequate,5,2,26.25.65,2026-02-24 14:19:11.651678
286,qualysperiscope.com,62.666668,adequate,5,2,26.25.65,2026-02-24 14:19:30.612633
287,sap.com,69.666664,adequate,5,5,26.25.65,2026-02-24 14:19:37.875845
288,cia.gov,76.65476,good,5,7,26.25.65,2026-02-24 14:19:52.214675
289,telekom.de,75.666664,good,5,5,26.25.65,2026-02-24 14:20:22.535003
290,telekom.de,75.416664,good,5,5,26.25.65,2026-02-24 14:20:30.162635
291,fbi.gov,76.65476,good,5,7,26.25.65,2026-02-24 14:20:42.407514
292,ha.198119799470.xyz,81.416664,good,5,2,26.25.65,2026-02-24 14:21:09.804623
293,telekom.de,75.416664,good,5,5,26.25.65,2026-02-24 14:21:25.189284
294,ha.198119799470.xyz,81.416664,good,5,2,26.25.65,2026-02-24 14:21:34.629624
295,rg443.click,81.833336,good,5,4,26.25.65,2026-02-24 14:21:58.390563
296,ha.198119799470.xyz,81.666664,good,5,2,26.25.65,2026-02-24 14:22:08.010768
297,hosptm.ro,78.666664,good,5,5,26.25.65,2026-02-24 14:22:21.852479
298,natashabedingfield.com,67.416664,adequate,5,5,26.25.65,2026-02-24 14:23:05.119542
299,patientreminder.com,78.666664,good,5,5,26.25.65,2026-02-24 14:23:16.059996
300,ehmrealty.com,80.666664,good,5,5,26.25.65,2026-02-24 14:23:21.763426
301,patientreminder.com,78.666664,good,5,5,26.25.65,2026-02-24 14:23:46.096699
302,nasa.gov,78.666664,good,5,6,26.25.65,2026-02-24 14:23:49.427949
303,hosptm.ro,78.666664,good,5,5,26.25.65,2026-02-24 14:23:53.685209
304,rocket-hd.cc,76.666664,good,5,5,26.25.65,2026-02-24 14:24:04.258351
305,2911.us,79.666664,good,5,6,26.25.65,2026-02-24 14:24:04.79403
306,torrent-syndikat.org,79.416664,good,5,3,26.25.65,2026-02-24 14:24:12.88791
307,nasa.gov,78.416664,good,5,6,26.25.65,2026-02-24 14:24:19.643144
308,hogwarts.steinr.eu,76.666664,good,5,6,26.25.65,2026-02-24 14:24:33.637698
309,item.org,76.333336,good,5,6,26.25.65,2026-02-24 14:24:42.775383
310,2911.us,79.666664,good,5,6,26.25.65,2026-02-24 14:24:44.333566
311,dpsg-bodensee.de,74.666664,adequate,5,6,26.25.65,2026-02-24 14:24:49.934968
312,rocket-hd.cc,76.666664,good,5,5,26.25.65,2026-02-24 14:24:53.351112
313,item.org,76.333336,good,5,6,26.25.65,2026-02-24 14:25:02.74487
314,rocket-hd.cc,76.666664,good,5,5,26.25.65,2026-02-24 14:25:04.659736
315,haukeflix.top,83,good,5,6,26.25.65,2026-02-24 14:25:08.726568
316,dpsg-radolfzell.de,76.47619,good,5,7,26.25.65,2026-02-24 14:25:23.448504
317,item.org,76.333336,good,5,6,26.25.65,2026-02-24 14:25:35.419238
318,dpsg-radolfzell.de,73.61905,adequate,5,7,26.25.65,2026-02-24 14:25:44.565378
319,bakr.de,69.666664,adequate,5,6,26.25.65,2026-02-24 14:25:52.847609
320,bakr.de,69.666664,adequate,5,6,26.25.65,2026-02-24 14:26:13.289194
321,dpsg-radolfzell.de,77.90476,good,5,7,26.25.65,2026-02-24 14:26:16.095204
322,bakr.de,69.666664,adequate,5,6,26.25.65,2026-02-24 14:26:49.680912
323,hahnover.land,72.666664,adequate,5,5,26.25.65,2026-02-24 14:28:55.780556
324,me,72.666664,adequate,5,2,26.25.65,2026-02-24 14:29:04.594104
325,technikfreak.co,80.666664,good,5,3,26.25.65,2026-02-24 14:29:13.205439
326,www.cnn.com,65.583336,adequate,5,8,26.25.65,2026-02-24 14:29:14.581308
327,spitalulorasenescbaicoi.ro,79.666664,good,5,6,26.25.65,2026-02-24 14:29:20.311434
328,dnstool.it-help.tech,70.666664,adequate,5,3,26.25.65,2026-02-24 14:29:32.177794
329,hirt.dev,78.416664,good,5,6,26.25.65,2026-02-24 14:29:41.292636
330,spitalulorasenescbaicoi.ro,78,good,5,6,26.25.65,2026-02-24 14:29:55.417501
331,www.cnn.com,64.333336,adequate,5,8,26.25.65,2026-02-24 14:30:00.46842
332,ohg-nagold.de,74.666664,adequate,5,5,26.25.65,2026-02-24 14:30:07.234469
333,ohg-nagold.eu,83,good,5,6,26.25.65,2026-02-24 14:30:13.567068
334,www.cnn.com,64.333336,adequate,5,8,26.25.65,2026-02-24 14:30:25.177151
335,spitalulorasenescbaicoi.ro,79.666664,good,5,6,26.25.65,2026-02-24 14:30:31.270915
336,ohg-nagold.de,70.666664,adequate,5,5,26.25.65,2026-02-24 14:30:36.724463
337,ohg-nagold.eu,83,good,5,6,26.25.65,2026-02-24 14:30:41.544028
338,ohg-nagold.de,72.666664,adequate,5,5,26.25.65,2026-02-24 14:30:51.802776
339,ohg-nagold.eu,83,good,5,6,26.25.65,2026-02-24 14:31:00.340838
340,jonaswiegner.de,70.7619,adequate,5,7,26.25.65,2026-02-24 14:31:36.925107
341,spitalsighet.ro,74.666664,adequate,5,5,26.25.65,2026-02-24 14:31:48.866166
342,schedule.it-help.tech,64,adequate,5,3,26.25.65,2026-02-24 14:32:02.635305
343,switch.com,69.416664,adequate,5,5,26.25.65,2026-02-24 14:32:26.3591
344,switch.com,71.666664,adequate,5,5,26.25.65,2026-02-24 14:32:27.587793
345,izvoru.ro,74.666664,adequate,5,5,26.25.65,2026-02-24 14:32:27.855033
346,hortongroup.com,78.666664,good,5,5,26.25.65,2026-02-24 14:32:46.010343
347,sjv.ro,76.666664,good,5,5,26.25.65,2026-02-24 14:32:51.229626
348,izvoru.ro,74.666664,adequate,5,5,26.25.65,2026-02-24 14:33:00.312318
349,github.com,72,adequate,5,6,26.25.65,2026-02-24 14:33:28.60962
350,izvoru.ro,74.666664,adequate,5,5,26.25.65,2026-02-24 14:33:28.775405
351,github.com,75.5,good,5,6,26.25.65,2026-02-24 14:33:31.014616
352,ibm.com,64.833336,adequate,5,6,26.25.65,2026-02-24 14:33:34.914798
353,ibm.com,72.166664,adequate,5,6,26.25.65,2026-02-24 14:33:56.218712
354,github.com,72.666664,adequate,5,6,26.25.65,2026-02-24 14:34:17.024306
355,sjv.ro,76.666664,good,5,5,26.25.65,2026-02-24 14:34:49.037073
356,example.com,76.333336,good,5,6,26.25.65,2026-02-24 14:36:40.467708
357,amazon.com,71.416664,adequate,5,5,26.25.65,2026-02-24 14:36:43.52268
358,nsa.gov,75.666664,good,5,5,26.25.65,2026-02-24 14:36:52.429163
359,nsa.gov,73.416664,adequate,5,5,26.25.65,2026-02-24 14:37:06.512032
360,amazon.com,73.416664,adequate,5,5,26.25.65,2026-02-24 14:37:17.416147
361,nsa.gov,75.416664,good,5,5,26.25.65,2026-02-24 14:37:29.467399
362,amazon.com,71.666664,adequate,5,5,26.25.65,2026-02-24 14:37:45.734556
363,cloudflare.com,76.65476,good,5,7,26.25.65,2026-02-24 14:37:57.480687
364,cloudflare.com,76.65476,good,5,7,26.25.65,2026-02-24 14:37:59.304766
365,cloudflare.com,76.65476,good,5,7,26.25.65,2026-02-24 14:38:18.312338
1242,isc.org,76.65476,good,5,7,26.27.09,2026-02-27 14:31:57.030966
1244,dnstool.it-help.tech,77.333336,good,5,3,26.27.09,2026-02-27 14:35:15.82973
1245,probe-us-01.dns-observe.com,75.333336,good,5,4,26.27.09,2026-02-27 14:35:29.825276
1246,1liner.com,78.666664,good,5,5,26.27.09,2026-02-27 14:35:36.948218
1328,mx1.blauwsurvey.com,81.333336,good,5,1,26.27.09,2026-02-27 14:55:15.136336
1330,hotmail.com,84.666664,good,5,6,26.27.09,2026-02-27 14:55:23.083256
1333,hotmail.com,81.333336,good,5,6,26.27.09,2026-02-27 14:55:53.539006
1499,tuta.io,75.04762,good,5,7,26.28.18,2026-02-28 14:36:28.154611
1554,westbyforcongress.com,80.666664,good,5,5,26.28.18,2026-02-28 14:44:53.874624
1600,contractvault.com,72.833336,adequate,5,4,26.28.20,2026-02-28 15:29:07.314527
1690,nsa.gov,75.666664,good,5,5,26.28.35,2026-03-01 14:35:07.751106
1691,nsa.gov,75.666664,good,5,5,26.28.35,2026-03-01 14:35:12.429186
1692,microsoft.com,77.333336,good,5,7,26.28.35,2026-03-01 14:35:14.090271
1694,it-help.tech,80.190475,good,5,7,26.28.35,2026-03-01 14:35:31.561021
1699,github.com,76,good,5,6,26.28.35,2026-03-01 14:37:20.634091
1702,probe-us-01.dns-observe.com,75.333336,good,5,4,26.28.35,2026-03-01 14:37:46.076401
1759,hegel.net,79.666664,good,5,6,26.28.35,2026-03-01 14:48:41.890042
1793,dnsstuff.com,73.666664,adequate,5,6,26.28.35,2026-03-01 15:46:16.769635
1811,valentin.run,59.666668,adequate,5,6,26.28.35,2026-03-01 21:09:23.031513
1835,burghele.ro,74.666664,adequate,5,5,26.28.35,2026-03-02 02:01:50.227702
1860,play.198119799470.xyz,61.833332,adequate,5,8,26.28.35,2026-03-02 02:37:10.004318
1861,hogwarts.steinr.eu,70,adequate,5,6,26.28.35,2026-03-02 02:37:12.430236
1882,spitalgiurgiu.ro,74.666664,adequate,5,5,26.28.42,2026-03-02 14:19:50.904454
1883,google.com,70.190475,adequate,5,7,26.28.42,2026-03-02 14:19:51.594199
1921,guarinoadvisors.com,71.333336,adequate,5,6,26.28.42,2026-03-02 14:22:33.476224
1922,dpsg-bodensee.de,73,adequate,5,6,26.28.42,2026-03-02 14:22:39.217885
1924,play.198119799470.xyz,60.583332,adequate,5,8,26.28.42,2026-03-02 14:22:43.550062
1935,spitalsighet.ro,76.666664,good,5,5,26.28.42,2026-03-02 14:24:42.682406
1986,amazon.com,69.666664,adequate,5,5,26.28.42,2026-03-02 14:30:43.077502
1990,microsoft.com,81.61905,good,5,7,26.28.42,2026-03-02 14:30:57.987316
1995,dns-observe.com,80.666664,good,5,5,26.28.42,2026-03-02 14:31:25.412706
1996,steinr.eu,72,adequate,5,6,26.28.42,2026-03-02 14:33:48.212069
2078,weather.gov,67.666664,adequate,5,5,26.28.42,2026-03-02 14:53:25.338217
2079,weather.gov,67.666664,adequate,5,5,26.28.42,2026-03-02 14:53:32.251827
2155,kisa.org.cy,84.666664,good,5,5,26.32.59,2026-03-03 06:14:15.141458
2156,co.uk,67.666664,adequate,5,2,26.32.59,2026-03-03 06:14:17.656568
2157,spitalulhorezu.ro,76.666664,good,5,5,26.32.59,2026-03-03 06:14:18.614232
2158,ibm.com,64.666664,adequate,5,6,26.32.59,2026-03-03 06:14:20.659178
2164,civicpermits.com,70.666664,adequate,5,5,26.32.59,2026-03-03 06:14:37.061934
2178,whitehouse.gov,75.666664,good,5,5,26.32.59,2026-03-03 06:15:46.845472
2185,westbyforcongress.com,80.666664,good,5,5,26.32.59,2026-03-03 06:16:39.734668
2187,uptimerobot.com,75.47619,good,5,7,26.32.59,2026-03-03 06:16:46.218435
2193,weather.gov,67.666664,adequate,5,5,26.32.59,2026-03-03 06:17:04.883169
2200,github.com,75.5,good,5,6,26.32.59,2026-03-03 06:17:49.347038
2253,ohg-nagold.de,66.666664,adequate,5,5,26.32.59,2026-03-03 06:30:42.643334
2293,dpsg-radolfzell.de,75.04762,good,5,7,26.32.59,2026-03-03 06:33:34.253513
2294,spitalsighet.ro,76.666664,good,5,5,26.32.59,2026-03-03 06:33:35.684279
2299,hotmail.com,81.333336,good,5,6,26.32.59,2026-03-03 06:35:07.197761
2341,livearchive.net,73,adequate,5,6,26.32.59,2026-03-03 06:42:25.039406
2410,optonline.net,74.666664,adequate,5,5,26.33.67,2026-03-03 14:22:05.088915
2412,spitalsighet.ro,76.666664,good,5,5,26.33.67,2026-03-03 14:22:13.384041
2413,kokee.net,75.333336,good,5,4,26.33.67,2026-03-03 14:22:31.067891
2422,blauwsurvey.com,81.75,good,5,6,26.33.67,2026-03-03 14:23:12.593625
2426,glendun.com.au,79.416664,good,5,5,26.33.67,2026-03-03 14:23:19.191519
2445,example.com,73,adequate,5,6,26.33.67,2026-03-03 14:27:16.570358
2446,apple.com,75.22619,good,5,7,26.33.67,2026-03-03 14:27:17.269821
2448,fbi.gov,70.940475,adequate,5,7,26.33.67,2026-03-03 14:27:18.510583
2452,fbi.gov,72.36905,adequate,5,7,26.33.67,2026-03-03 14:28:14.740938
2489,beechtreenews.com,73,adequate,5,6,26.33.67,2026-03-03 14:34:40.223676
2495,haukeflix.top,79.666664,good,5,6,26.33.67,2026-03-03 14:35:25.370704
2496,spjslatina.ro,68.666664,adequate,5,5,26.33.67,2026-03-03 14:35:26.400178
2504,schedule.it-help.tech,77.333336,good,5,3,26.33.67,2026-03-03 14:38:52.789706
2509,dpsg-bodensee.de,69.666664,adequate,5,6,26.33.67,2026-03-03 14:39:11.150804
2510,porp.stream,74,adequate,5,3,26.33.67,2026-03-03 14:39:14.71658
2514,sportcommunities.group,82.190475,good,5,7,26.33.67,2026-03-03 14:39:22.54456
2518,burghele.ro,74.666664,adequate,5,5,26.33.67,2026-03-03 14:39:23.977549
2526,switch.com,69.416664,adequate,5,5,26.33.67,2026-03-03 14:43:22.513297
2532,westcappowerequipment.com,78.666664,good,5,5,26.33.67,2026-03-03 14:43:40.052871
2534,natashabedingfield.com,67.416664,adequate,5,5,26.33.67,2026-03-03 14:43:43.214927
2535,red.com,72.166664,adequate,5,6,26.33.67,2026-03-03 14:43:44.49565
2546,usa.gov,72.666664,adequate,5,5,26.33.69,2026-03-03 15:20:47.36531
2550,freebsd.org,86.47619,good,5,7,26.33.69,2026-03-03 15:42:43.112652
2552,server.it-help.tech,70.666664,adequate,5,3,26.33.69,2026-03-03 15:44:01.28438
2556,whitehouse.gov,75.666664,good,5,5,26.33.69,2026-03-03 15:49:22.450429
2559,izvoru.ro,78.666664,good,5,5,26.33.69,2026-03-03 15:51:37.531941
2561,westcappowerequipment.com,80.666664,good,5,5,26.33.69,2026-03-03 15:53:44.416512
2562,poop.com,74,adequate,5,3,26.33.69,2026-03-03 15:54:45.459506
2563,evilhacker.com,70.666664,adequate,5,3,26.33.70,2026-03-03 16:53:02.481878
2564,github.com,68,adequate,5,6,26.33.76,2026-03-03 19:56:14.385285
2565,guarinoadvisors.com,73,adequate,5,6,26.33.80,2026-03-03 21:38:32.866419
2566,guarinoadvisors.com,73,adequate,5,6,26.33.80,2026-03-03 21:38:46.815956
2568,hegel.net,76.333336,good,5,6,26.33.80,2026-03-03 21:41:04.890089
2569,couchmvp.com,77.666664,good,5,2,26.33.81,2026-03-03 21:49:53.229684
2570,apple.com,75.47619,good,5,7,26.33.81,2026-03-03 22:15:18.74045
2572,sportcommunities.group,82.190475,good,5,7,26.33.81,2026-03-03 22:25:47.639131
2573,sportcommunities.group,80.7619,good,5,7,26.33.81,2026-03-03 22:26:07.144507
366,sjv.ro,72.666664,adequate,5,5,26.25.65,2026-02-24 14:39:53.405394
367,spitalulhorezu.ro,74.666664,adequate,5,5,26.25.65,2026-02-24 14:40:00.958963
368,sjv.ro,70.666664,adequate,5,5,26.25.65,2026-02-24 14:40:41.115112
369,telekom.de,79.666664,good,5,5,26.25.65,2026-02-24 14:40:50.994914
370,telekom.de,79.666664,good,5,5,26.25.65,2026-02-24 14:41:16.531058
371,1liner.com,76.666664,good,5,5,26.25.65,2026-02-24 14:42:39.338992
372,gdcc.com,78.666664,good,5,5,26.25.65,2026-02-24 14:44:05.75653
373,spjslatina.ro,70.666664,adequate,5,5,26.25.65,2026-02-24 14:44:10.55281
374,gdcc.com,78.666664,good,5,5,26.25.65,2026-02-24 14:44:14.704537
375,spjslatina.ro,70.666664,adequate,5,5,26.25.65,2026-02-24 14:44:31.703522
376,gdcc.com,80.666664,good,5,5,26.25.65,2026-02-24 14:44:35.12655
377,spjslatina.ro,70.666664,adequate,5,5,26.25.65,2026-02-24 14:44:44.323976
378,binaryflix.space,80.666664,good,5,3,26.25.65,2026-02-24 14:45:35.100819
379,fluss.top,72.833336,adequate,5,4,26.25.65,2026-02-24 14:45:43.706777
380,livearchive.net,79.666664,good,5,6,26.25.65,2026-02-24 14:46:16.021515
381,uke.de,68.666664,adequate,5,6,26.25.65,2026-02-24 14:47:20.474606
382,uke.de,68.416664,adequate,5,6,26.25.65,2026-02-24 14:47:47.622046
383,reconfirm.com,79.666664,good,5,6,26.25.65,2026-02-24 14:57:38.255271
384,co.uk,67.666664,adequate,5,2,26.25.65,2026-02-24 14:57:44.207529
385,reconfirm.com,79.666664,good,5,6,26.25.65,2026-02-24 14:58:08.637728
386,co.uk,67.666664,adequate,5,2,26.25.65,2026-02-24 14:58:17.232232
387,blauwsurvey.com,78.416664,good,5,6,26.25.65,2026-02-24 14:58:27.087367
388,tesla.com,69.416664,adequate,5,5,26.25.65,2026-02-24 14:58:27.199683
389,markphd.me,71.583336,adequate,5,4,26.25.65,2026-02-24 14:58:33.314585
390,thehumphries.org,72.666664,adequate,5,5,26.25.65,2026-02-24 14:58:35.455408
391,red.com,73.833336,adequate,5,6,26.25.65,2026-02-24 14:58:40.8942
392,spitalpoianamare.ro,76.666664,good,5,5,26.25.65,2026-02-24 14:58:53.800951
393,spitalpoianamare.ro,76.666664,good,5,5,26.25.65,2026-02-24 14:58:56.151039
394,monologue.to,78,good,5,6,26.25.65,2026-02-24 15:00:47.669009
395,guarinoadvisors.com,79.666664,good,5,6,26.25.65,2026-02-24 15:00:57.778256
396,monologue.to,74.666664,adequate,5,6,26.25.65,2026-02-24 15:01:14.73248
397,guarinoadvisors.com,79.666664,good,5,6,26.25.65,2026-02-24 15:01:22.130833
398,monologue.to,76.333336,good,5,6,26.25.65,2026-02-24 15:01:41.50582
399,guarinoadvisors.com,78,good,5,6,26.25.65,2026-02-24 15:01:45.793259
400,whitehouse.gov,84.666664,good,5,5,26.25.65,2026-02-24 15:02:34.929536
401,dns-observe.com,76.666664,good,5,5,26.25.65,2026-02-24 15:02:58.950001
402,kali.org,85.04762,good,5,7,26.25.65,2026-02-24 15:03:42.348686
403,kali.org,80.7619,good,5,7,26.25.65,2026-02-24 15:03:58.89971
404,networksolutions.com,79.416664,good,5,5,26.25.65,2026-02-24 15:04:08.523513
405,spitalcampina.ro,74.666664,adequate,5,5,26.25.65,2026-02-24 15:04:28.124126
406,kali.org,82.190475,good,5,7,26.25.65,2026-02-24 15:04:35.600012
407,com.au,72.666664,adequate,5,2,26.25.65,2026-02-24 15:04:46.370642
408,spitalcampina.ro,74.666664,adequate,5,5,26.25.65,2026-02-24 15:04:59.78206
409,com.au,72.666664,adequate,5,2,26.25.65,2026-02-24 15:04:59.887014
410,com.au,72.666664,adequate,5,2,26.25.65,2026-02-24 15:05:02.926314
411,spitalcampina.ro,74.666664,adequate,5,5,26.25.65,2026-02-24 15:05:21.409763
412,aither.cc,68.666664,adequate,5,5,26.25.65,2026-02-24 15:06:29.04754
413,aither.cc,66.666664,adequate,5,5,26.25.65,2026-02-24 15:06:52.681262
414,benav.cc,77.666664,good,5,2,26.25.65,2026-02-24 15:07:54.632784
415,porp.stream,80.666664,good,5,3,26.25.65,2026-02-24 15:08:11.911218
416,bakr.de,69.666664,adequate,5,6,26.25.65,2026-02-24 15:08:15.565765
417,dpsg-radolfzell.de,79.333336,good,5,7,26.25.65,2026-02-24 15:09:59.1468
418,steinr.eu,78.666664,good,5,6,26.25.65,2026-02-24 15:10:09.614638
419,haukeflix.top,83,good,5,6,26.25.65,2026-02-24 15:10:27.126257
420,dpsg-radolfzell.de,77.90476,good,5,7,26.25.65,2026-02-24 15:10:28.645617
421,play.198119799470.xyz,66.833336,adequate,5,8,26.25.65,2026-02-24 15:10:43.560641
422,steinr.eu,78.666664,good,5,6,26.25.65,2026-02-24 15:10:55.356473
423,dpsg-radolfzell.de,79.333336,good,5,7,26.25.65,2026-02-24 15:11:06.099476
424,dpsg-bodensee.de,76.333336,good,5,6,26.25.65,2026-02-24 15:11:28.148017
425,steinr.eu,77,good,5,6,26.25.65,2026-02-24 15:11:30.390165
426,dpsg-bodensee.de,74.666664,adequate,5,6,26.25.65,2026-02-24 15:11:50.851799
427,dpsg-bodensee.de,76.333336,good,5,6,26.25.65,2026-02-24 15:12:01.175752
428,me,72.666664,adequate,5,2,26.25.65,2026-02-24 15:17:45.097404
429,cnn.com,75.333336,good,5,6,26.25.65,2026-02-24 15:18:26.187178
430,ohg-nagold.de,74.666664,adequate,5,5,26.25.65,2026-02-24 15:18:30.196931
431,technikfreak.co,80.666664,good,5,3,26.25.65,2026-02-24 15:18:32.035481
432,cnn.com,73.416664,adequate,5,6,26.25.65,2026-02-24 15:19:03.38031
433,ohg-nagold.eu,83,good,5,6,26.25.65,2026-02-24 15:19:09.083709
434,ohg-nagold.de,72.666664,adequate,5,5,26.25.65,2026-02-24 15:19:18.179104
435,cnn.com,73.416664,adequate,5,6,26.25.65,2026-02-24 15:19:32.280944
436,ohg-nagold.eu,83,good,5,6,26.25.65,2026-02-24 15:19:41.334834
437,ohg-nagold.de,72.666664,adequate,5,5,26.25.65,2026-02-24 15:19:44.30273
438,ohg-nagold.eu,83,good,5,6,26.25.65,2026-02-24 15:20:08.651855
439,hirt.dev,78.416664,good,5,6,26.25.65,2026-02-24 15:20:15.831676
440,hirt.dev,77,good,5,6,26.25.65,2026-02-24 15:20:34.163152
441,hirt.dev,78.666664,good,5,6,26.25.65,2026-02-24 15:20:46.35367
442,jonaswiegner.de,70.7619,adequate,5,7,26.25.65,2026-02-24 15:25:53.104145
443,maltejk.de,82.190475,good,5,7,26.25.65,2026-02-24 15:28:14.690039
444,maltejk.de,82.190475,good,5,7,26.25.65,2026-02-24 15:28:26.470322
445,filantropia.ro,72.666664,adequate,5,5,26.25.65,2026-02-24 15:33:49.193292
446,cloudflare.com,76.90476,good,5,7,26.25.65,2026-02-24 16:13:09.497511
447,item.org,76.333336,good,5,6,26.25.65,2026-02-24 16:22:15.186517
448,it-help.tech,71.61905,adequate,5,7,26.25.65,2026-02-24 17:25:37.553026
449,smlugoj.ro,68.666664,adequate,5,5,26.25.78,2026-02-24 18:34:18.325065
450,github.com,69.666664,adequate,5,6,26.25.80,2026-02-24 19:39:06.595653
451,com,72.666664,adequate,5,2,26.25.82,2026-02-24 19:45:57.067256
452,com,72.666664,adequate,5,2,26.25.82,2026-02-24 19:47:49.608467
453,com,67.666664,adequate,5,2,26.25.82,2026-02-24 19:48:16.44202
454,com,72.666664,adequate,5,2,26.25.82,2026-02-24 20:00:36.23273
455,cnn.com,75.333336,good,5,6,26.25.82,2026-02-24 21:44:38.272715
456,nasa.gov,77,good,5,6,26.25.82,2026-02-24 21:44:56.520998
457,couchmvp.com,77.666664,good,5,2,26.25.82,2026-02-24 21:47:50.703029
458,hirt.dev,78.666664,good,5,6,26.25.82,2026-02-24 22:05:49.155485
459,hirt.dev,81.190475,good,5,7,26.25.82,2026-02-24 22:19:01.168688
460,www.cnn.com,63.333332,adequate,5,8,26.25.82,2026-02-24 22:33:04.757408
461,apple.com,79.5119,good,5,7,26.25.82,2026-02-24 22:33:57.996498
462,blauw.com,81.666664,good,5,5,26.25.82,2026-02-24 22:34:13.175697
463,ietf.org,79.666664,good,5,6,26.25.82,2026-02-24 22:42:01.272401
464,fugro.com,73.666664,adequate,5,5,26.25.82,2026-02-24 22:42:39.835282
465,cisa.gov,64.666664,adequate,5,6,26.25.82,2026-02-24 22:43:00.48959
466,tesla.com,69.666664,adequate,5,5,26.25.82,2026-02-24 22:43:53.94142
467,hak5.org,76.666664,good,5,5,26.25.82,2026-02-24 22:47:46.354292
468,patientreminder.com,78.666664,good,5,5,26.25.82,2026-02-24 22:48:37.756244
469,clinicbilling.com,47.666668,degraded,5,2,26.25.82,2026-02-24 22:48:52.847596
470,abyt.es,75.333336,good,5,4,26.25.82,2026-02-24 22:49:35.631744
471,getmsg.ai,79.666664,good,5,6,26.25.82,2026-02-24 22:52:46.999922
472,apavil.ro,68.666664,adequate,5,5,26.25.82,2026-02-24 22:53:16.760492
473,mtadistributors.com,76.666664,good,5,5,26.25.82,2026-02-24 22:54:11.512628
474,hosptm.ro,78.666664,good,5,5,26.25.82,2026-02-24 22:54:40.219723
475,caolt.ro,76.666664,good,5,5,26.25.82,2026-02-24 22:55:46.76789
476,fredduval.com,78.666664,good,5,5,26.25.82,2026-02-24 22:56:19.350334
477,rg443.click,81.833336,good,5,4,26.25.82,2026-02-24 22:56:24.626299
478,den9s.dk,65.333336,adequate,5,4,26.25.82,2026-02-24 22:57:09.175871
479,dns-observe.com,76.666664,good,5,5,26.25.82,2026-02-24 22:57:20.709458
480,monologue.to,78,good,5,6,26.25.82,2026-02-24 22:58:25.018766
481,civicpermits.com,74.666664,adequate,5,5,26.25.82,2026-02-24 22:58:57.595557
482,globalping.io,80.666664,good,5,5,26.25.82,2026-02-24 22:59:20.60737
483,whitehouse.gov,83.416664,good,5,5,26.25.82,2026-02-24 22:59:57.479931
484,blauw-survey.com,72.833336,adequate,5,4,26.25.82,2026-02-24 23:00:34.275529
485,nsfnow.com,78.666664,good,5,5,26.25.82,2026-02-24 23:01:26.07687
486,migrateproduction.com,78.666664,good,5,6,26.25.82,2026-02-24 23:02:38.146761
487,vbabestm.ro,72.666664,adequate,5,5,26.25.82,2026-02-24 23:03:05.78
488,gmg-attendorn.de,78.666664,good,5,5,26.25.82,2026-02-24 23:04:26.491941
489,nlnetlabs.nl,74.666664,adequate,5,6,26.25.82,2026-02-24 23:04:42.540428
490,scfcv.ro,72.666664,adequate,5,5,26.25.82,2026-02-24 23:05:28.608589
491,fette-beute.com,75.666664,good,5,5,26.25.82,2026-02-24 23:06:09.247649
492,spjslatina.ro,70.666664,adequate,5,5,26.25.82,2026-02-24 23:07:41.372462
493,screen.it-help.tech,60.083332,adequate,5,8,26.25.82,2026-02-24 23:08:07.833597
494,spital-deva.ro,68.666664,adequate,5,5,26.25.82,2026-02-24 23:09:26.842291
495,smlugoj.ro,68.666664,adequate,5,5,26.25.82,2026-02-24 23:10:09.077713
496,meg.abyt.es,71.666664,adequate,5,2,26.25.82,2026-02-24 23:10:30.217817
497,pizazzmusiccamp.org,68.666664,adequate,5,5,26.25.82,2026-02-24 23:12:36.582459
498,mx1.blauw-survey.com,81.333336,good,5,1,26.25.82,2026-02-24 23:13:25.177122
499,qualysperiscope.com,62.666668,adequate,5,2,26.25.82,2026-02-24 23:14:16.98749
500,westcappowerequipment.com,82.666664,good,5,5,26.25.82,2026-02-24 23:15:08.378669
501,spitalulhorezu.ro,74.666664,adequate,5,5,26.25.82,2026-02-24 23:15:28.498444
502,spitalmoldovanoua.ro,72.666664,adequate,5,5,26.25.82,2026-02-24 23:15:54.329713
503,probe-us-01.dns-observe.com,75.333336,good,5,4,26.25.82,2026-02-24 23:16:44.276353
504,spitalul-municipal-timisoara.ro,68.666664,adequate,5,5,26.25.82,2026-02-24 23:17:59.703087
505,com,72.666664,adequate,5,2,26.25.82,2026-02-24 23:27:23.869287
506,den9s.dk,65.333336,adequate,5,4,26.25.82,2026-02-24 23:36:56.997843
507,it-help.tech,73.04762,adequate,5,7,26.25.82,2026-02-25 00:04:18.829295
508,ietf.org,79.666664,good,5,6,26.25.82,2026-02-25 00:04:45.937266
509,it-help.tech,83.04762,good,5,7,26.25.82,2026-02-25 00:32:59.801408
510,it-help.tech,83.04762,good,5,7,26.25.82,2026-02-25 00:33:32.270099
511,it-help.tech,83.04762,good,5,7,26.25.82,2026-02-25 00:33:43.321473
512,it-help.tech,80.190475,good,5,7,26.25.82,2026-02-25 00:34:27.376017
513,it-help.tech,83.04762,good,5,7,26.25.82,2026-02-25 00:38:23.89613
514,it-help.tech,81.61905,good,5,7,26.25.82,2026-02-25 00:38:57.784395
515,spitalmoldovanoua.ro,74.666664,adequate,5,5,26.25.82,2026-02-25 00:55:12.887477
516,spital-deva.ro,68.666664,adequate,5,5,26.25.85,2026-02-25 01:21:03.043693
517,ietf.org,79.666664,good,5,6,26.25.85,2026-02-25 01:24:43.925425
518,com,67.666664,adequate,5,2,26.25.85,2026-02-25 01:24:50.413146
519,ietf.org,79.666664,good,5,6,26.25.85,2026-02-25 01:24:51.015346
520,com,67.666664,adequate,5,2,26.25.85,2026-02-25 01:24:51.583265
521,ietf.org,79.666664,good,5,6,26.25.85,2026-02-25 01:28:28.747115
522,probe-us-02.dns-observe.com,70.666664,adequate,5,3,26.25.86,2026-02-25 02:53:19.819595
523,google.com,74.47619,adequate,5,7,26.25.86,2026-02-25 03:00:18.066474
524,hosptm.ro,78.666664,good,5,5,26.25.86,2026-02-25 03:04:48.74432
525,com,72.666664,adequate,5,2,26.25.88,2026-02-25 03:42:10.200426
526,ietf.org,79.666664,good,5,6,26.25.88,2026-02-25 03:42:20.935921
527,com,72.666664,adequate,5,2,26.25.88,2026-02-25 03:42:23.232258
528,nlnetlabs.nl,74.666664,adequate,5,6,26.25.88,2026-02-25 03:42:27.976585
529,freebsd.org,80.7619,good,5,7,26.25.88,2026-02-25 03:42:40.077616
530,ietf.org,78,good,5,6,26.25.88,2026-02-25 03:42:51.83411
531,ietf.org,79.666664,good,5,6,26.25.88,2026-02-25 03:43:00.293652
532,com,67.666664,adequate,5,2,26.25.88,2026-02-25 03:43:02.585128
533,com,67.666664,adequate,5,2,26.25.88,2026-02-25 03:43:04.180793
534,com,67.666664,adequate,5,2,26.25.88,2026-02-25 03:43:04.481671
535,com,67.666664,adequate,5,2,26.25.88,2026-02-25 03:43:05.662184
536,com,72.666664,adequate,5,2,26.25.88,2026-02-25 03:43:11.618259
537,com,72.666664,adequate,5,2,26.25.88,2026-02-25 03:43:13.661937
538,com,67.666664,adequate,5,2,26.25.88,2026-02-25 03:43:18.492661
539,com,67.666664,adequate,5,2,26.25.88,2026-02-25 03:43:22.596535
540,com,67.666664,adequate,5,2,26.25.88,2026-02-25 03:43:29.591977
541,ietf.org,78,good,5,6,26.25.88,2026-02-25 03:43:30.576915
542,nlnetlabs.nl,74.666664,adequate,5,6,26.25.88,2026-02-25 03:43:35.565725
543,com,67.666664,adequate,5,2,26.25.88,2026-02-25 03:43:37.122167
544,com,72.666664,adequate,5,2,26.25.88,2026-02-25 03:43:40.68139
545,com,72.666664,adequate,5,2,26.25.88,2026-02-25 03:43:41.550392
546,freebsd.org,80.7619,good,5,7,26.25.88,2026-02-25 03:43:43.756635
547,com,72.666664,adequate,5,2,26.25.88,2026-02-25 03:43:46.592818
548,ietf.org,79.666664,good,5,6,26.25.88,2026-02-25 03:43:54.744035
549,com,67.666664,adequate,5,2,26.25.88,2026-02-25 03:43:56.918397
550,com,67.666664,adequate,5,2,26.25.88,2026-02-25 03:43:58.930313
551,com,67.666664,adequate,5,2,26.25.88,2026-02-25 03:44:04.2765
552,com,67.666664,adequate,5,2,26.25.88,2026-02-25 03:44:17.955111
553,com,67.666664,adequate,5,2,26.25.88,2026-02-25 03:44:20.756165
554,com,67.666664,adequate,5,2,26.25.88,2026-02-25 03:44:25.386609
1248,fbi.gov,72.61905,adequate,5,7,26.27.09,2026-02-27 14:35:50.997627
1253,amazon.com,67.666664,adequate,5,5,26.27.09,2026-02-27 14:36:21.160595
1256,ehmrealty.com,78.666664,good,5,5,26.27.09,2026-02-27 14:36:55.396881
1258,ehmrealty.com,78.666664,good,5,5,26.27.09,2026-02-27 14:37:25.838803
1262,patientreminder.com,82.666664,good,5,5,26.27.09,2026-02-27 14:39:12.163624
1263,patientreminder.com,82.666664,good,5,5,26.27.09,2026-02-27 14:39:16.396262
1334,hortongroup.com,78.666664,good,5,5,26.27.09,2026-02-27 14:56:08.082852
1373,patientreminder.com,82.666664,good,5,5,26.27.09,2026-02-27 16:40:01.79544
1374,probe-us-01.dns-observe.com,75.333336,good,5,4,26.27.09,2026-02-27 16:49:25.46384
1375,cisa.gov,63,adequate,5,6,26.27.09,2026-02-27 16:52:49.934342
1376,natashabedingfield.com,71.666664,adequate,5,5,26.27.09,2026-02-27 17:13:46.558076
1377,spitalpoianamare.ro,74.666664,adequate,5,5,26.27.09,2026-02-27 17:19:13.606359
1378,pizazzmusiccamp.org,68.666664,adequate,5,5,26.27.09,2026-02-27 17:25:13.505248
1380,apple.com,78.333336,good,5,7,26.27.09,2026-02-27 17:40:13.552605
1381,it-help.tech,80.190475,good,5,7,26.27.09,2026-02-27 18:23:00.438488
1382,it-help.tech,74.47619,adequate,5,7,26.27.09,2026-02-27 19:01:06.792948
1384,it-help.tech,74.47619,adequate,5,7,26.27.09,2026-02-27 19:01:50.026275
1386,natashabedingfield.com,72.166664,adequate,5,5,26.27.09,2026-02-27 19:28:29.851534
1387,sap.de,74.666664,adequate,5,5,26.27.09,2026-02-27 19:55:26.265171
1388,sovanta.com,81.666664,good,5,5,26.27.09,2026-02-27 20:08:15.932116
1389,sportcommunities.group,82.190475,good,5,7,26.27.09,2026-02-27 22:04:51.783696
1390,sportcommunities.group,82.190475,good,5,7,26.27.09,2026-02-27 22:05:02.29704
1392,isc.org,76.90476,good,5,7,26.27.09,2026-02-28 00:32:36.617582
1393,hortongroup.com,78.666664,good,5,5,26.27.09,2026-02-28 01:23:04.314429
1394,it-help.tech,78.7619,good,5,7,26.27.09,2026-02-28 03:02:55.359209
1395,probe-us-02.dns-observe.com,70.666664,adequate,5,3,26.27.09,2026-02-28 03:11:09.417554
1396,isc.org,76.90476,good,5,7,26.28.09,2026-02-28 06:28:47.584697
1397,migrateproduction.com,72,adequate,5,6,26.28.11,2026-02-28 06:53:26.588648
1398,it-help.tech,80.190475,good,5,7,26.28.17,2026-02-28 08:17:12.733445
1401,glendun.com.au,80.666664,good,5,5,26.28.18,2026-02-28 10:17:33.250377
1402,cnn.com,68.666664,adequate,5,6,26.28.18,2026-02-28 10:58:05.75925
1403,dev.lms.fullmindlearning.com,59.583332,adequate,5,8,26.28.18,2026-02-28 11:31:18.740833
1404,markphd.me,76.833336,good,5,4,26.28.18,2026-02-28 13:42:31.966887
1405,nlnetlabs.nl,68,adequate,5,6,26.28.18,2026-02-28 14:20:57.593803
1408,ietf.org,73,adequate,5,6,26.28.18,2026-02-28 14:21:05.557279
1425,cnn.com,68.666664,adequate,5,6,26.28.18,2026-02-28 14:22:00.05121
1426,cnn.com,70.333336,adequate,5,6,26.28.18,2026-02-28 14:22:12.862792
1427,probe-us-02.dns-observe.com,70.666664,adequate,5,3,26.28.18,2026-02-28 14:22:20.971688
1440,migrateproduction.com,72,adequate,5,6,26.28.18,2026-02-28 14:23:28.188072
1500,screen.it-help.tech,74.333336,adequate,5,8,26.28.18,2026-02-28 14:36:31.59085
1501,web-hosting.com,70.666664,adequate,5,5,26.28.18,2026-02-28 14:36:43.810097
1503,2911.us,81.333336,good,5,6,26.28.18,2026-02-28 14:36:50.358457
1504,server.it-help.tech,77.333336,good,5,3,26.28.18,2026-02-28 14:36:52.458997
1505,beechtreenews.com,73,adequate,5,6,26.28.18,2026-02-28 14:36:59.892113
1506,screen.it-help.tech,71.833336,adequate,5,8,26.28.18,2026-02-28 14:37:01.927282
1511,fbi.gov,73.79762,adequate,5,7,26.28.18,2026-02-28 14:37:49.377703
1514,example.com,69.666664,adequate,5,6,26.28.18,2026-02-28 14:37:51.300345
1565,spjslatina.ro,68.666664,adequate,5,5,26.28.18,2026-02-28 14:49:01.373379
1567,blauw-survey.com,72.833336,adequate,5,4,26.28.18,2026-02-28 14:49:07.412944
1569,red.com,71.75,adequate,5,6,26.28.18,2026-02-28 14:49:22.45908
1573,spitalcampina.ro,72.666664,adequate,5,5,26.28.18,2026-02-28 14:49:41.627248
1577,microsoft.com,78.2619,good,5,7,26.28.18,2026-02-28 14:49:49.125541
1602,cia.gov,76.90476,good,5,7,26.28.22,2026-02-28 16:27:33.243389
1603,apple.com,72.61905,adequate,5,7,26.28.22,2026-02-28 16:43:42.266005
1604,patientreminder.com,81.666664,good,5,5,26.28.22,2026-02-28 16:50:04.366244
1605,apple.com,75.47619,good,5,7,26.28.22,2026-02-28 18:47:05.349955
1606,cia.gov,76.90476,good,5,7,26.28.22,2026-02-28 18:51:44.97377
1607,cioviews.com,80.666664,good,5,5,26.28.23,2026-02-28 19:27:29.522016
1609,amazon.com,71.666664,adequate,5,5,26.28.26,2026-02-28 20:54:24.751665
1610,amazon.com,71.666664,adequate,5,5,26.28.29,2026-02-28 22:06:20.917819
1612,thehumphries.org,74.666664,adequate,5,5,26.28.29,2026-02-28 22:58:52.179202
1613,pdcnet.org,73,adequate,5,6,26.28.29,2026-03-01 00:35:05.462757
1614,hegel.org,84.666664,good,5,5,26.28.29,2026-03-01 00:39:49.86171
1616,evilhacker.com,70.666664,adequate,5,3,26.28.29,2026-03-01 00:46:55.02823
1617,item.org,83,good,5,6,26.28.29,2026-03-01 01:15:00.104867
1618,guarinoadvisors.com,73,adequate,5,6,26.28.29,2026-03-01 01:20:55.007947
1619,openai.com,68.666664,adequate,5,6,26.28.29,2026-03-01 01:59:38.128019
1620,nlnetlabs.nl,68,adequate,5,6,26.28.33,2026-03-01 04:41:00.49633
1621,nlnetlabs.nl,68,adequate,5,6,26.28.35,2026-03-01 05:27:48.78575
1622,nlnetlabs.nl,68,adequate,5,6,26.28.35,2026-03-01 12:06:30.86777
1623,uptimerobot.com,75.47619,good,5,7,26.28.35,2026-03-01 12:15:32.143951
1624,proton.me,75.333336,good,5,6,26.28.35,2026-03-01 13:00:38.919838
1625,nlnetlabs.nl,68,adequate,5,6,26.28.35,2026-03-01 14:07:14.939677
1626,nlnetlabs.nl,68,adequate,5,6,26.28.35,2026-03-01 14:22:25.67392
1627,google.com,71.61905,adequate,5,7,26.28.35,2026-03-01 14:22:51.9821
1631,ietf.org,71.333336,adequate,5,6,26.28.35,2026-03-01 14:23:00.95106
1703,couchmvp.com,77.666664,good,5,2,26.28.35,2026-03-01 14:37:49.257665
1704,sportcommunities.group,82.190475,good,5,7,26.28.35,2026-03-01 14:37:50.838528
1706,natashabedingfield.com,67.666664,adequate,5,5,26.28.35,2026-03-01 14:38:08.324661
1708,probe-us-01.dns-observe.com,75.333336,good,5,4,26.28.35,2026-03-01 14:38:16.350331
1725,cnn.com,70.083336,adequate,5,6,26.28.35,2026-03-01 14:39:29.962848
555,com,67.666664,adequate,5,2,26.25.88,2026-02-25 03:44:25.784789
560,com,72.666664,adequate,5,2,26.25.88,2026-02-25 03:45:07.909421
564,com,67.666664,adequate,5,2,26.25.88,2026-02-25 03:45:59.67447
565,com,72.666664,adequate,5,2,26.25.88,2026-02-25 03:46:14.508365
1249,fbi.gov,72.61905,adequate,5,7,26.27.09,2026-02-27 14:36:01.485971
1250,glendun.com.au,72.666664,adequate,5,5,26.27.09,2026-02-27 14:36:03.010677
1252,2911.us,81.333336,good,5,6,26.27.09,2026-02-27 14:36:14.478587
1254,example.com,71.333336,adequate,5,6,26.27.09,2026-02-27 14:36:25.698647
1259,ehmrealty.com,78.666664,good,5,5,26.27.09,2026-02-27 14:37:39.694763
1265,beechtreenews.com,71.333336,adequate,5,6,26.27.09,2026-02-27 14:39:32.681633
1267,schedule.it-help.tech,77.333336,good,5,3,26.27.09,2026-02-27 14:39:40.201552
1268,contractvault.com,71.833336,adequate,5,4,26.27.09,2026-02-27 14:39:41.42384
1269,blauwsurvey.com,82,good,5,6,26.27.09,2026-02-27 14:39:48.542343
1335,natashabedingfield.co.uk,75.333336,good,5,4,26.27.09,2026-02-27 15:08:57.447999
1342,evilhacker.com,70.666664,adequate,5,3,26.27.09,2026-02-27 15:10:03.745351
1343,purpleflock.com,71.333336,adequate,5,6,26.27.09,2026-02-27 15:10:04.331088
1345,nasa.gov,70.083336,adequate,5,6,26.27.09,2026-02-27 15:10:10.697017
1346,weather.gov,67.416664,adequate,5,5,26.27.09,2026-02-27 15:10:11.616863
1350,sjv.ro,74.666664,adequate,5,5,26.27.09,2026-02-27 15:10:35.705228
1351,sportcommunities.group,82.190475,good,5,7,26.27.09,2026-02-27 15:10:37.6461
1379,isc.org,76.90476,good,5,7,26.27.09,2026-02-27 17:26:17.217666
1383,it-help.tech,77.333336,good,5,7,26.27.09,2026-02-27 19:01:49.995346
1391,jira.sovanta.com,81.333336,good,5,1,26.27.09,2026-02-27 22:11:42.392788
1399,it-help.tech,80.190475,good,5,7,26.28.17,2026-02-28 08:22:20.688518
1400,isc.org,76.90476,good,5,7,26.28.17,2026-02-28 08:24:47.859767
1406,google.com,70.190475,adequate,5,7,26.28.18,2026-02-28 14:21:02.534908
1410,sap.de,74.666664,adequate,5,5,26.28.18,2026-02-28 14:21:27.563664
1413,freebsd.org,82.190475,good,5,7,26.28.18,2026-02-28 14:21:33.984704
1415,ietf.org,73,adequate,5,6,26.28.18,2026-02-28 14:21:35.986567
1422,natashabedingfield.com,67.666664,adequate,5,5,26.28.18,2026-02-28 14:21:48.882203
1423,dev.lms.fullmindlearning.com,59.583332,adequate,5,8,26.28.18,2026-02-28 14:21:50.38418
1429,markphd.me,76.833336,good,5,4,26.28.18,2026-02-28 14:22:24.929499
1431,migrateproduction.com,72,adequate,5,6,26.28.18,2026-02-28 14:22:44.010798
1444,fullmindlearning.com,69.666664,adequate,5,5,26.28.18,2026-02-28 14:24:56.106602
1446,patientreminder.com,82.666664,good,5,5,26.28.18,2026-02-28 14:25:08.093497
1456,pizazzmusiccamp.org,68.666664,adequate,5,5,26.28.18,2026-02-28 14:25:58.257198
1508,server.it-help.tech,77.333336,good,5,3,26.28.18,2026-02-28 14:37:22.703941
1510,beechtreenews.com,73,adequate,5,6,26.28.18,2026-02-28 14:37:30.356436
1512,blauwsurvey.com,81.75,good,5,6,26.28.18,2026-02-28 14:37:50.71376
1516,1liner.com,78.666664,good,5,5,26.28.18,2026-02-28 14:37:57.761812
1571,spjslatina.ro,68.666664,adequate,5,5,26.28.18,2026-02-28 14:49:31.829842
1572,blauw-survey.com,72.833336,adequate,5,4,26.28.18,2026-02-28 14:49:37.653233
1608,cioviews.com,76.666664,good,5,5,26.28.23,2026-02-28 19:29:07.840616
1611,ibm.com,72.666664,adequate,5,6,26.28.29,2026-02-28 22:16:54.256832
1615,hegel.net,76.333336,good,5,6,26.28.29,2026-03-01 00:42:16.974659
1628,freebsd.org,83.61905,good,5,7,26.28.35,2026-03-01 14:22:54.35107
1630,google.com,68.7619,adequate,5,7,26.28.35,2026-03-01 14:22:58.60616
1636,cioviews.com,80.666664,good,5,5,26.28.35,2026-03-01 14:23:38.385505
1640,ibm.com,67,adequate,5,6,26.28.35,2026-03-01 14:23:55.313542
1641,openai.com,72,adequate,5,6,26.28.35,2026-03-01 14:23:57.76702
1658,ehmrealty.com,78.666664,good,5,5,26.28.35,2026-03-01 14:27:21.431167
1659,patientreminder.com,82.666664,good,5,5,26.28.35,2026-03-01 14:27:22.521856
1665,apple.com,72.36905,adequate,5,7,26.28.35,2026-03-01 14:27:52.207356
1710,cisa.gov,69.333336,adequate,5,6,26.28.35,2026-03-01 14:38:36.621579
1713,dns-observe.com,80.666664,good,5,5,26.28.35,2026-03-01 14:38:46.620532
1714,spitalpoianamare.ro,74.666664,adequate,5,5,26.28.35,2026-03-01 14:38:49.267755
1721,markphd.me,76.583336,good,5,4,26.28.35,2026-03-01 14:39:09.475278
1724,markphd.me,74.083336,adequate,5,4,26.28.35,2026-03-01 14:39:25.226477
1760,optonline.net,76.666664,good,5,5,26.28.35,2026-03-01 14:56:43.436108
1795,innbn-bucuresti.ro,76.666664,good,5,5,26.28.35,2026-03-01 15:46:18.576157
1796,beechtreenews.com,73,adequate,5,6,26.28.35,2026-03-01 15:46:23.621832
1812,google.com,68.7619,adequate,5,7,26.28.35,2026-03-01 21:12:39.997155
1836,porp.stream,77.333336,good,5,3,26.28.35,2026-03-02 02:08:57.219179
1862,dpsg-radolfzell.de,76.47619,good,5,7,26.28.35,2026-03-02 02:38:34.042166
1887,kisa.org.cy,84.666664,good,5,5,26.28.42,2026-03-02 14:20:10.73391
1894,surland.de,84.666664,good,5,6,26.28.42,2026-03-02 14:21:02.627557
1900,transbusbuzau.ro,80.666664,good,5,5,26.28.42,2026-03-02 14:21:18.969724
1909,spitalulhuedin.ro,76.666664,good,5,5,26.28.42,2026-03-02 14:21:50.648163
1998,1liner.com,78.666664,good,5,5,26.28.42,2026-03-02 14:35:28.620766
2000,glendun.com.au,80.666664,good,5,5,26.28.42,2026-03-02 14:35:47.518331
2001,blauwsurvey.com,82,good,5,6,26.28.42,2026-03-02 14:35:50.766198
2010,theojouvin.com,72,adequate,5,6,26.28.42,2026-03-02 14:36:42.608961
2013,theojouvin.com,72,adequate,5,6,26.28.42,2026-03-02 14:37:00.084025
2026,proton.me,77,good,5,6,26.28.42,2026-03-02 14:38:41.070954
2033,z1mac.com,69.333336,adequate,5,4,26.28.42,2026-03-02 14:39:37.010672
2080,mercadopago.com,72.666664,adequate,5,6,26.28.42,2026-03-02 15:00:00.211367
2161,kisa.org.cy,84.666664,good,5,5,26.32.59,2026-03-03 06:14:26.938945
2179,vbabestm.ro,74.666664,adequate,5,5,26.32.59,2026-03-03 06:16:13.864346
2183,whitehouse.gov,73.666664,adequate,5,5,26.32.59,2026-03-03 06:16:20.16292
2184,westbyforcongress.com,80.666664,good,5,5,26.32.59,2026-03-03 06:16:33.832713
2189,vbabestm.ro,74.666664,adequate,5,5,26.32.59,2026-03-03 06:16:51.281549
2190,uptimerobot.com,75.47619,good,5,7,26.32.59,2026-03-03 06:16:51.785907
2191,hegel.org,84.666664,good,5,5,26.32.59,2026-03-03 06:16:54.717487
2192,couchmvp.com,77.666664,good,5,2,26.32.59,2026-03-03 06:17:02.64174
2195,server.it-help.tech,77.333336,good,5,3,26.32.59,2026-03-03 06:17:25.689938
2197,poop.com,74,adequate,5,3,26.32.59,2026-03-03 06:17:37.083536
2202,red.com,72.166664,adequate,5,6,26.32.59,2026-03-03 06:18:08.004968
2207,natashabedingfield.com,67.416664,adequate,5,5,26.32.59,2026-03-03 06:18:17.190781
2209,switch.com,69.416664,adequate,5,5,26.32.59,2026-03-03 06:18:25.311414
556,com,67.666664,adequate,5,2,26.25.88,2026-02-25 03:44:36.972305
557,com,67.666664,adequate,5,2,26.25.88,2026-02-25 03:44:50.05486
559,com,67.666664,adequate,5,2,26.25.88,2026-02-25 03:44:53.143134
561,com,67.666664,adequate,5,2,26.25.88,2026-02-25 03:45:39.234702
562,com,67.666664,adequate,5,2,26.25.88,2026-02-25 03:45:46.022515
563,com,67.666664,adequate,5,2,26.25.88,2026-02-25 03:45:58.769889
566,com,67.666664,adequate,5,2,26.25.88,2026-02-25 03:46:46.5441
1251,amazon.com,71.666664,adequate,5,5,26.27.09,2026-02-27 14:36:05.000073
1255,glendun.com.au,80.666664,good,5,5,26.27.09,2026-02-27 14:36:33.455978
1257,glendun.com.au,80.666664,good,5,5,26.27.09,2026-02-27 14:37:03.91462
1260,server.it-help.tech,77.333336,good,5,3,26.27.09,2026-02-27 14:38:59.25262
1261,beechtreenews.com,73,adequate,5,6,26.27.09,2026-02-27 14:39:10.13203
1264,blauwsurvey.com,82,good,5,6,26.27.09,2026-02-27 14:39:27.440101
1266,mx1.blauw-survey.com,71.333336,adequate,5,1,26.27.09,2026-02-27 14:39:38.667227
1274,theojouvin.com,72,adequate,5,6,26.27.09,2026-02-27 14:40:34.020413
1276,mx1.blauw-survey.com,71.333336,adequate,5,1,26.27.09,2026-02-27 14:40:40.219007
1277,contractvault.com,72.833336,adequate,5,4,26.27.09,2026-02-27 14:40:42.408561
1336,natashabedingfield.co.uk,75.333336,good,5,4,26.27.09,2026-02-27 15:09:27.952815
1337,purpleflock.com,73,adequate,5,6,26.27.09,2026-02-27 15:09:38.27597
1340,natashabedingfield.co.uk,75.333336,good,5,4,26.27.09,2026-02-27 15:09:58.341582
1353,thehumphries.org,74.666664,adequate,5,5,26.27.09,2026-02-27 15:10:49.972866
1354,filantropia.ro,68.666664,adequate,5,5,26.27.09,2026-02-27 15:11:05.880195
1356,sportcommunities.group,82.190475,good,5,7,26.27.09,2026-02-27 15:11:08.114424
1385,it-help.tech,78.7619,good,5,7,26.27.09,2026-02-27 19:02:31.906171
1407,freebsd.org,86.47619,good,5,7,26.28.18,2026-02-28 14:21:03.597716
1409,nlnetlabs.nl,67,adequate,5,6,26.28.18,2026-02-28 14:21:24.383637
1411,cnn.com,70.333336,adequate,5,6,26.28.18,2026-02-28 14:21:29.577273
1412,google.com,68.7619,adequate,5,7,26.28.18,2026-02-28 14:21:32.571112
1414,natashabedingfield.com,67.666664,adequate,5,5,26.28.18,2026-02-28 14:21:35.546637
1416,it-help.tech,80.190475,good,5,7,26.28.18,2026-02-28 14:21:39.55573
1424,sap.de,74.666664,adequate,5,5,26.28.18,2026-02-28 14:21:58.005258
1438,glendun.com.au,70.666664,adequate,5,5,26.28.18,2026-02-28 14:23:22.443478
1439,isc.org,76.90476,good,5,7,26.28.18,2026-02-28 14:23:24.842349
1441,jira.sovanta.com,81.333336,good,5,1,26.28.18,2026-02-28 14:23:33.009729
1442,sovanta.com,79.666664,good,5,5,26.28.18,2026-02-28 14:23:34.215633
1443,glendun.com.au,70.666664,adequate,5,5,26.28.18,2026-02-28 14:23:55.722069
1445,weather.gov,67.666664,adequate,5,5,26.28.18,2026-02-28 14:25:06.148311
1517,beechtreenews.com,71.333336,adequate,5,6,26.28.18,2026-02-28 14:38:01.216865
1522,ehmrealty.com,78.666664,good,5,5,26.28.18,2026-02-28 14:38:07.413456
1523,1liner.com,78.666664,good,5,5,26.28.18,2026-02-28 14:38:13.792103
1574,vbabestm.ro,74.666664,adequate,5,5,26.28.18,2026-02-28 14:49:45.854946
1578,microsoft.com,81.61905,good,5,7,26.28.18,2026-02-28 14:50:19.723579
1629,ietf.org,73,adequate,5,6,26.28.35,2026-03-01 14:22:56.08665
1633,proton.me,75.333336,good,5,6,26.28.35,2026-03-01 14:23:13.059239
1635,cioviews.com,80.666664,good,5,5,26.28.35,2026-03-01 14:23:14.892708
1646,amazon.com,69.666664,adequate,5,5,26.28.35,2026-03-01 14:24:11.198078
1652,uptimerobot.com,75.47619,good,5,7,26.28.35,2026-03-01 14:25:21.320001
1716,sovanta.com,81.416664,good,5,5,26.28.35,2026-03-01 14:38:53.327127
1718,cnn.com,70.083336,adequate,5,6,26.28.35,2026-03-01 14:39:03.883144
1719,probe-us-02.dns-observe.com,70.666664,adequate,5,3,26.28.35,2026-03-01 14:39:06.877423
1720,pizazzmusiccamp.org,68.666664,adequate,5,5,26.28.35,2026-03-01 14:39:08.468841
1722,weather.gov,67.416664,adequate,5,5,26.28.35,2026-03-01 14:39:11.363255
1761,optonline.net,74.666664,adequate,5,5,26.28.35,2026-03-01 14:56:49.487886
1797,beechtreenews.com,73,adequate,5,6,26.28.35,2026-03-01 15:46:29.487641
1813,me,72.666664,adequate,5,2,26.28.35,2026-03-01 22:20:35.807101
1837,www.mercadopago.com,59.583332,adequate,5,8,26.28.35,2026-03-02 02:09:56.638632
1840,hahnover.land,76.666664,good,5,5,26.28.35,2026-03-02 02:12:00.114679
1863,sanatoriulbusteni.ro,74.666664,adequate,5,5,26.28.35,2026-03-02 02:41:06.575751
1864,migrateproduction.com,71.75,adequate,5,6,26.28.35,2026-03-02 02:41:37.131757
1888,squareup.com,67.666664,adequate,5,5,26.28.42,2026-03-02 14:20:22.660212
1892,psihiatrietulghes.ro,74.666664,adequate,5,5,26.28.42,2026-03-02 14:20:58.463733
1898,sanatoriulbusteni.ro,74.666664,adequate,5,5,26.28.42,2026-03-02 14:21:14.107195
1899,surland.de,84.666664,good,5,6,26.28.42,2026-03-02 14:21:14.829595
1902,spitalul-municipal-timisoara.ro,66.666664,adequate,5,5,26.28.42,2026-03-02 14:21:23.835069
2002,kadse.dev,70.666664,adequate,5,3,26.28.42,2026-03-02 14:35:51.534432
2011,dev.lms.fullmindlearning.com,59.583332,adequate,5,8,26.28.42,2026-03-02 14:36:56.638261
2012,jira.sovanta.com,81.333336,good,5,1,26.28.42,2026-03-02 14:36:57.142048
2015,optonline.net,74.666664,adequate,5,5,26.28.42,2026-03-02 14:37:00.693883
2081,mercadopago.com,71,adequate,5,6,26.28.42,2026-03-02 15:00:07.013187
2162,business29.web-hosting.com,71.333336,adequate,5,1,26.32.59,2026-03-03 06:14:28.947465
2170,markphd.me,76.833336,good,5,4,26.32.59,2026-03-03 06:15:12.076365
2196,westcappowerequipment.com,80.666664,good,5,5,26.32.59,2026-03-03 06:17:27.952726
2203,cisa.gov,70.5,adequate,5,6,26.32.59,2026-03-03 06:18:12.046105
2208,sap.de,74.666664,adequate,5,5,26.32.59,2026-03-03 06:18:23.426268
2212,tesla.com,67.416664,adequate,5,5,26.32.59,2026-03-03 06:18:48.076396
2255,spitalsinaia.ro,74.666664,adequate,5,5,26.32.59,2026-03-03 06:30:53.724344
2304,proton.me,75.333336,good,5,6,26.32.59,2026-03-03 06:35:16.379795
2305,uke.de,70.333336,adequate,5,6,26.32.59,2026-03-03 06:35:18.118699
2310,optonline.net,76.666664,good,5,5,26.32.59,2026-03-03 06:36:07.076789
2342,insmc.ro,76.666664,good,5,5,26.32.59,2026-03-03 06:42:37.517671
2343,dns-observe.com,80.666664,good,5,5,26.32.59,2026-03-03 06:45:30.801637
2414,com,67.666664,adequate,5,2,26.33.67,2026-03-03 14:22:34.282693
2418,valentin.run,83,good,5,6,26.33.67,2026-03-03 14:22:46.864349
2420,cnn.com,68.416664,adequate,5,6,26.33.67,2026-03-03 14:23:08.839704
2421,uke.de,71.75,adequate,5,6,26.33.67,2026-03-03 14:23:10.357176
2423,hotmail.com,84.666664,good,5,6,26.33.67,2026-03-03 14:23:16.369676
2455,nsa.gov,75.666664,good,5,5,26.33.67,2026-03-03 14:31:46.34108
2468,civicpermits.com,70.666664,adequate,5,5,26.33.67,2026-03-03 14:33:07.982194
558,com,67.666664,adequate,5,2,26.25.88,2026-02-25 03:44:51.772699
567,com,67.666664,adequate,5,2,26.25.88,2026-02-25 03:47:10.891055
568,com,67.666664,adequate,5,2,26.25.88,2026-02-25 03:47:35.637373
569,com,67.666664,adequate,5,2,26.25.88,2026-02-25 03:47:49.784555
570,com,67.666664,adequate,5,2,26.25.88,2026-02-25 03:47:58.826925
571,com,67.666664,adequate,5,2,26.25.88,2026-02-25 03:48:12.178404
572,com,72.666664,adequate,5,2,26.25.88,2026-02-25 03:48:22.856265
573,com,67.666664,adequate,5,2,26.25.88,2026-02-25 03:49:32.386205
574,com,72.666664,adequate,5,2,26.25.88,2026-02-25 03:49:32.889973
575,com,72.666664,adequate,5,2,26.25.88,2026-02-25 03:49:35.87301
576,com,72.666664,adequate,5,2,26.25.88,2026-02-25 03:50:29.883979
577,com,67.666664,adequate,5,2,26.25.88,2026-02-25 03:52:48.08199
578,freebsd.org,79.333336,good,5,7,26.25.88,2026-02-25 03:53:53.313646
579,nlnetlabs.nl,74.666664,adequate,5,6,26.25.89,2026-02-25 04:05:42.685613
580,com,72.666664,adequate,5,2,26.25.89,2026-02-25 05:48:33.016212
581,sportcommunities.group,79.333336,good,5,7,26.25.89,2026-02-25 05:52:22.434509
582,sportcommunities.group,85.04762,good,5,7,26.25.89,2026-02-25 05:59:15.811199
583,sportcommunities.group,83.61905,good,5,7,26.25.89,2026-02-25 06:01:10.79479
584,sportcommunities.group,87.90476,good,5,7,26.25.89,2026-02-25 06:03:05.422553
585,nlnetlabs.nl,74.666664,adequate,5,6,26.25.89,2026-02-25 06:19:35.635898
586,anva.ch,75.04762,good,5,7,26.25.89,2026-02-25 06:37:55.640549
587,gdcc.com,78.666664,good,5,5,26.25.89,2026-02-25 06:44:01.83787
588,spitalulhorezu.ro,76.666664,good,5,5,26.25.93,2026-02-25 07:36:30.784902
589,spitalulhorezu.ro,75.666664,good,5,5,26.25.93,2026-02-25 07:55:41.695016
590,isc.org,76.90476,good,5,7,26.25.93,2026-02-25 08:41:29.814566
591,spitalpoianamare.ro,74.666664,adequate,5,5,26.25.98,2026-02-25 09:48:53.3626
592,sap.com,71.666664,adequate,5,5,26.26.02,2026-02-25 14:06:39.61395
593,oxidesurvival.com,80.666664,good,5,3,26.26.14,2026-02-25 14:07:02.704424
594,sovanta.com,81.666664,good,5,5,26.26.14,2026-02-25 14:07:11.200323
595,ha.198119799470.xyz,61.666668,adequate,5,2,26.26.14,2026-02-25 14:09:17.245333
596,nlnetlabs.nl,68,adequate,5,6,26.26.14,2026-02-25 14:30:43.671778
597,freebsd.org,85.04762,good,5,7,26.26.14,2026-02-25 14:31:21.352023
598,nlnetlabs.nl,68,adequate,5,6,26.26.14,2026-02-25 14:31:29.549844
599,anva.ch,77.90476,good,5,7,26.26.14,2026-02-25 14:31:45.252126
600,google.com,68.2619,adequate,5,7,26.26.14,2026-02-25 14:31:49.94977
601,google.com,70.190475,adequate,5,7,26.26.14,2026-02-25 14:31:51.190074
602,ietf.org,73,adequate,5,6,26.26.14,2026-02-25 14:31:53.493525
603,oxidesurvival.com,80.666664,good,5,3,26.26.14,2026-02-25 14:32:17.107641
604,sovanta.com,81.416664,good,5,5,26.26.14,2026-02-25 14:32:19.337016
605,sovanta.com,81.666664,good,5,5,26.26.14,2026-02-25 14:32:50.671982
606,sportcommunities.group,80.7619,good,5,7,26.26.14,2026-02-25 14:32:53.594479
607,sportcommunities.group,82.190475,good,5,7,26.26.14,2026-02-25 14:32:54.402563
608,spitalpoianamare.ro,74.666664,adequate,5,5,26.26.14,2026-02-25 14:33:05.081727
609,sportcommunities.group,82.190475,good,5,7,26.26.14,2026-02-25 14:33:10.759212
610,sovanta.com,81.416664,good,5,5,26.26.14,2026-02-25 14:33:17.590134
611,spitalpoianamare.ro,74.666664,adequate,5,5,26.26.14,2026-02-25 14:34:33.480296
612,spitalpoianamare.ro,74.666664,adequate,5,5,26.26.14,2026-02-25 14:35:02.738747
613,cia.gov,76.90476,good,5,7,26.26.14,2026-02-25 14:35:24.340442
614,example.com,71.333336,adequate,5,6,26.26.14,2026-02-25 14:35:34.195563
615,cia.gov,75.22619,good,5,7,26.26.14,2026-02-25 14:35:49.630559
616,microsoft.com,81.11905,good,5,7,26.26.14,2026-02-25 14:36:23.782923
617,2911.us,81.333336,good,5,6,26.26.14,2026-02-25 14:36:26.14092
618,cia.gov,75.47619,good,5,7,26.26.14,2026-02-25 14:36:31.400215
619,ibm.com,66.5,adequate,5,6,26.26.14,2026-02-25 14:36:35.950947
620,openai.com,70.083336,adequate,5,6,26.26.14,2026-02-25 14:37:14.732988
621,198119799470.xyz,76.666664,good,5,5,26.26.14,2026-02-25 14:37:26.374341
622,apple.com,75.22619,good,5,7,26.26.14,2026-02-25 14:37:35.520193
623,198119799470.xyz,76.666664,good,5,5,26.26.14,2026-02-25 14:37:54.045473
624,198119799470.xyz,74.666664,adequate,5,5,26.26.14,2026-02-25 14:38:22.240364
625,dnstool.it-help.tech,77.333336,good,5,3,26.26.14,2026-02-25 14:38:36.031971
626,it-help.tech,77.333336,good,5,7,26.26.14,2026-02-25 14:39:59.159899
627,cloudflare.com,71.190475,adequate,5,7,26.26.14,2026-02-25 14:40:01.063915
628,amazon.com,71.666664,adequate,5,5,26.26.14,2026-02-25 14:40:40.75157
629,fbi.gov,73.79762,adequate,5,7,26.26.14,2026-02-25 14:40:44.204738
630,cloudflare.com,70.940475,adequate,5,7,26.26.14,2026-02-25 14:40:53.025537
631,nsa.gov,75.416664,good,5,5,26.26.14,2026-02-25 14:41:07.667467
632,dns-observe.com,76.666664,good,5,5,26.26.14,2026-02-25 14:41:49.264316
633,migrateproduction.com,71.75,adequate,5,6,26.26.14,2026-02-25 14:42:24.506855
634,spjslatina.ro,68.666664,adequate,5,5,26.26.14,2026-02-25 14:42:26.802024
635,rg443.click,71.833336,adequate,5,4,26.26.14,2026-02-25 14:42:28.992741
636,fette-beute.com,79.416664,good,5,5,26.26.14,2026-02-25 14:43:06.985121
637,globalping.io,82.666664,good,5,5,26.26.14,2026-02-25 14:43:29.990169
638,scfcv.ro,74.666664,adequate,5,5,26.26.14,2026-02-25 14:43:35.628126
639,civicpermits.com,70.666664,adequate,5,5,26.26.14,2026-02-25 14:43:46.337868
640,gmg-attendorn.de,82.666664,good,5,5,26.26.14,2026-02-25 14:43:51.617341
641,globalping.io,82.666664,good,5,5,26.26.14,2026-02-25 14:44:01.602362
642,probe-us-02.dns-observe.com,64,adequate,5,3,26.26.14,2026-02-25 14:44:08.325601
643,scfcv.ro,74.666664,adequate,5,5,26.26.14,2026-02-25 14:44:48.013736
644,scfcv.ro,74.666664,adequate,5,5,26.26.14,2026-02-25 14:44:48.195705
645,hosptm.ro,82.666664,good,5,5,26.26.14,2026-02-25 14:45:26.354557
646,hosptm.ro,82.666664,good,5,5,26.26.14,2026-02-25 14:45:40.291949
647,hosptm.ro,82.666664,good,5,5,26.26.14,2026-02-25 14:45:43.728559
648,natashabedingfield.com,67.666664,adequate,5,5,26.26.14,2026-02-25 14:49:31.982943
649,probe-us-01.dns-observe.com,70.333336,adequate,5,4,26.26.14,2026-02-25 14:50:34.179314
650,spitalul-municipal-timisoara.ro,66.666664,adequate,5,5,26.26.14,2026-02-25 14:51:47.122873
651,westcappowerequipment.com,80.666664,good,5,5,26.26.14,2026-02-25 14:52:06.688502
652,westcappowerequipment.com,80.666664,good,5,5,26.26.14,2026-02-25 14:52:36.629755
653,westcappowerequipment.com,80.666664,good,5,5,26.26.14,2026-02-25 14:52:37.417889
654,spitalul-municipal-timisoara.ro,66.666664,adequate,5,5,26.26.14,2026-02-25 14:52:47.918909
655,spitalmoldovanoua.ro,74.666664,adequate,5,5,26.26.14,2026-02-25 14:52:56.863243
656,spitalmoldovanoua.ro,74.666664,adequate,5,5,26.26.14,2026-02-25 14:52:58.930209
657,fredduval.com,82.666664,good,5,5,26.26.14,2026-02-25 14:55:19.123859
658,apavil.ro,68.666664,adequate,5,5,26.26.14,2026-02-25 14:55:35.305362
659,caolt.ro,78.666664,good,5,5,26.26.14,2026-02-25 14:55:37.956452
660,getmsg.ai,73,adequate,5,6,26.26.14,2026-02-25 14:55:39.311047
661,mtadistributors.com,76.666664,good,5,5,26.26.14,2026-02-25 14:55:58.452675
662,mtadistributors.com,76.666664,good,5,5,26.26.14,2026-02-25 14:56:19.40371
663,hortongroup.com,78.666664,good,5,5,26.26.14,2026-02-25 15:01:21.67825
664,hortongroup.com,78.666664,good,5,5,26.26.14,2026-02-25 15:01:56.973966
665,hortongroup.com,78.666664,good,5,5,26.26.14,2026-02-25 15:02:11.016845
666,usa.gov,72.666664,adequate,5,5,26.26.14,2026-02-25 15:02:16.203047
667,usa.gov,72.666664,adequate,5,5,26.26.14,2026-02-25 15:02:42.137101
668,usa.gov,72.666664,adequate,5,5,26.26.14,2026-02-25 15:03:13.580707
669,198119799470.xyz,74.666664,adequate,5,5,26.26.14,2026-02-25 15:09:25.851929
670,cnn.com,70.333336,adequate,5,6,26.26.14,2026-02-25 15:29:57.336175
671,hirt.dev,75.22619,good,5,7,26.26.14,2026-02-25 15:30:09.465512
672,maltejk.de,76.47619,good,5,7,26.26.14,2026-02-25 15:30:16.448591
673,ohg-nagold.eu,81.333336,good,5,6,26.26.14,2026-02-25 15:30:48.977817
674,ohg-nagold.eu,81.333336,good,5,6,26.26.14,2026-02-25 15:30:51.712659
675,github.com,78.833336,good,5,6,26.26.14,2026-02-25 15:30:54.516152
676,github.com,76,good,5,6,26.26.14,2026-02-25 15:31:07.27379
677,ohg-nagold.eu,81.333336,good,5,6,26.26.14,2026-02-25 15:31:14.272051
678,ohg-nagold.de,66.666664,adequate,5,5,26.26.14,2026-02-25 15:31:48.622539
679,technikfreak.co,74,adequate,5,3,26.26.14,2026-02-25 15:32:01.688178
680,dpsg-bodensee.de,73,adequate,5,6,26.26.14,2026-02-25 15:32:03.192835
681,dpsg-radolfzell.de,76.47619,good,5,7,26.26.14,2026-02-25 15:33:08.920332
682,play.198119799470.xyz,61.833332,adequate,5,8,26.26.14,2026-02-25 15:33:14.049449
683,aither.cc,66.666664,adequate,5,5,26.26.14,2026-02-25 15:33:17.255601
684,aither.cc,66.666664,adequate,5,5,26.26.14,2026-02-25 15:33:28.405193
685,aither.cc,66.666664,adequate,5,5,26.26.14,2026-02-25 15:33:32.565695
686,steinr.eu,71.75,adequate,5,6,26.26.14,2026-02-25 15:34:02.803648
687,clinicbilling.com,62.666668,adequate,5,2,26.26.14,2026-02-25 15:35:20.203936
688,nasa.gov,73.666664,adequate,5,6,26.26.14,2026-02-25 15:35:40.534863
689,cisa.gov,65.25,adequate,5,6,26.26.14,2026-02-25 15:35:48.154741
690,hak5.org,72.666664,adequate,5,5,26.26.14,2026-02-25 15:35:52.986956
691,nasa.gov,73.416664,adequate,5,6,26.26.14,2026-02-25 15:36:42.460189
692,abyt.es,75.333336,good,5,4,26.26.14,2026-02-25 15:36:51.639236
693,abyt.es,75.333336,good,5,4,26.26.14,2026-02-25 15:37:11.60312
694,abyt.es,75.333336,good,5,4,26.26.14,2026-02-25 15:37:30.319582
695,sportcommunities.group,82.190475,good,5,7,26.26.14,2026-02-25 15:51:57.965625
696,sportcommunities.group,80.7619,good,5,7,26.26.14,2026-02-25 15:52:12.952404
697,cisa.gov,71,adequate,5,6,26.26.14,2026-02-25 16:05:33.640143
698,ietf.org,73,adequate,5,6,26.26.14,2026-02-25 16:09:43.090164
699,github.com,73.166664,adequate,5,6,26.26.14,2026-02-25 16:13:21.483879
700,github.com,70.833336,adequate,5,6,26.26.14,2026-02-25 16:14:16.052726
701,github.com,75.5,good,5,6,26.26.14,2026-02-25 16:14:16.647006
702,apple.com,72.61905,adequate,5,7,26.26.14,2026-02-25 16:14:32.347467
703,nsa.gov,75.416664,good,5,5,26.26.14,2026-02-25 16:14:46.931748
704,apple.com,73.79762,adequate,5,7,26.26.14,2026-02-25 16:14:54.429512
705,technikfreak.co,74,adequate,5,3,26.26.14,2026-02-25 16:15:35.624416
706,microsoft.com,83.04762,good,5,7,26.26.14,2026-02-25 16:15:59.926049
707,example.com,71.333336,adequate,5,6,26.26.14,2026-02-25 16:16:32.927257
708,ohg-nagold.de,64.666664,adequate,5,5,26.26.14,2026-02-25 16:16:57.541076
709,fbi.gov,73.79762,adequate,5,7,26.26.14,2026-02-25 16:17:45.639964
710,fbi.gov,72.36905,adequate,5,7,26.26.14,2026-02-25 16:18:11.073672
711,openai.com,72,adequate,5,6,26.26.14,2026-02-25 16:19:51.872582
712,ohg-nagold.eu,78,good,5,6,26.26.14,2026-02-25 16:21:38.385871
713,whitehouse.gov,76.666664,good,5,5,26.26.14,2026-02-25 16:21:42.33925
714,usa.gov,72.666664,adequate,5,5,26.26.14,2026-02-25 16:21:45.321977
715,sportcommunities.group,82.190475,good,5,7,26.26.14,2026-02-25 16:21:52.301385
716,abyt.es,72.833336,adequate,5,4,26.26.14,2026-02-25 16:22:38.520525
717,amazon.com,71.416664,adequate,5,5,26.26.14,2026-02-25 16:22:45.233158
718,aither.cc,66.666664,adequate,5,5,26.26.14,2026-02-25 16:22:47.33611
719,red.com,72.166664,adequate,5,6,26.26.14,2026-02-25 16:23:07.711518
720,hak5.org,72.666664,adequate,5,5,26.26.14,2026-02-25 16:23:50.221483
721,198119799470.xyz,76.666664,good,5,5,26.26.14,2026-02-25 16:24:34.227584
722,freebsd.org,86.47619,good,5,7,26.26.14,2026-02-25 16:25:09.200642
723,nlnetlabs.nl,68,adequate,5,6,26.26.14,2026-02-25 16:26:03.599528
724,ibm.com,68.666664,adequate,5,6,26.26.14,2026-02-25 16:27:25.888719
725,dnstool.it-help.tech,77.333336,good,5,3,26.26.14,2026-02-25 16:28:25.214779
726,google.com,71.61905,adequate,5,7,26.26.14,2026-02-25 16:29:07.625519
727,it-help.tech,79.690475,good,5,7,26.26.14,2026-02-25 16:29:39.052281
728,it-help.tech,79.690475,good,5,7,26.26.14,2026-02-25 16:29:41.346102
729,nasa.gov,75.333336,good,5,6,26.26.14,2026-02-25 16:31:03.648136
730,dpsg-radolfzell.de,76.47619,good,5,7,26.26.14,2026-02-25 16:31:27.853054
731,2911.us,81.333336,good,5,6,26.26.14,2026-02-25 16:33:59.779931
732,cia.gov,76.90476,good,5,7,26.26.14,2026-02-25 16:34:00.08144
733,switch.com,69.666664,adequate,5,5,26.26.14,2026-02-25 16:34:30.670586
734,natashabedingfield.com,63.416668,adequate,5,5,26.26.14,2026-02-25 16:34:51.312617
735,play.198119799470.xyz,60.857143,adequate,5,7,26.26.14,2026-02-25 16:34:54.735987
736,play.198119799470.xyz,60.833332,adequate,5,8,26.26.14,2026-02-25 16:35:16.737104
737,cloudflare.com,69.7619,adequate,5,7,26.26.14,2026-02-25 16:39:22.579628
738,clinicbilling.com,57.666668,adequate,5,2,26.26.14,2026-02-25 16:42:24.617194
739,clinicbilling.com,71,adequate,5,2,26.26.14,2026-02-25 16:42:50.552832
740,dpsg-bodensee.de,69.666664,adequate,5,6,26.26.14,2026-02-25 16:44:50.669956
741,steinr.eu,72,adequate,5,6,26.26.14,2026-02-25 16:49:47.823259
742,sportcommunities.group,82.190475,good,5,7,26.26.14,2026-02-25 17:05:34.108053
743,sportcommunities.group,80.7619,good,5,7,26.26.14,2026-02-25 17:05:44.524939
744,natashabedingfield.co.uk,75.333336,good,5,4,26.26.14,2026-02-25 17:07:04.136997
745,dnsstuff.com,73.666664,adequate,5,6,26.26.14,2026-02-25 17:15:27.736222
746,cloudflare.com,71.190475,adequate,5,7,26.26.14,2026-02-25 17:27:29.638938
747,izvoru.ro,78.666664,good,5,5,26.26.14,2026-02-25 17:35:22.565556
748,purpleflock.com,73,adequate,5,6,26.26.14,2026-02-25 17:42:31.277654
749,github.com,69.666664,adequate,5,6,26.26.14,2026-02-25 18:03:37.696601
750,filantropia.ro,68.666664,adequate,5,5,26.26.14,2026-02-25 18:16:33.223247
751,weather.gov,67.666664,adequate,5,5,26.26.14,2026-02-25 18:22:24.360554
752,sjv.ro,74.666664,adequate,5,5,26.26.14,2026-02-25 18:23:27.868551
753,thehumphries.org,74.666664,adequate,5,5,26.26.14,2026-02-25 18:28:21.473526
754,knoxminerals.com,74.666664,adequate,5,5,26.26.14,2026-02-25 18:38:14.231183
755,purpleflock.com,73,adequate,5,6,26.26.14,2026-02-25 19:21:12.485082
756,optonline.net,74.666664,adequate,5,5,26.26.14,2026-02-25 19:21:30.658553
757,spitalpoianamare.ro,74.666664,adequate,5,5,26.26.14,2026-02-25 20:01:46.328323
758,github.com,77.666664,good,5,6,26.26.14,2026-02-25 20:11:04.178628
759,cloudflare.com,71.190475,adequate,5,7,26.26.14,2026-02-25 20:14:04.080584
760,evilhacker.com,70.666664,adequate,5,3,26.26.14,2026-02-25 20:15:27.253484
761,github.com,76,good,5,6,26.26.14,2026-02-25 20:17:16.902462
762,nasa.gov,75.333336,good,5,6,26.26.14,2026-02-25 20:19:36.910013
763,cloudflare.com,71.190475,adequate,5,7,26.26.14,2026-02-25 20:26:07.467289
764,com,72.666664,adequate,5,2,26.26.14,2026-02-25 20:26:19.364858
765,it-help.tech,80.190475,good,5,7,26.26.14,2026-02-25 20:27:15.31671
766,ietf.org,73,adequate,5,6,26.26.14,2026-02-25 20:27:21.213879
767,www.franklinroadacademy.com,60.583332,adequate,5,8,26.26.14,2026-02-25 21:08:57.285191
768,1liner.com,78.666664,good,5,5,26.26.14,2026-02-25 21:09:00.445697
769,franklinroadacademy.com,74.666664,adequate,5,5,26.26.14,2026-02-25 21:10:20.170093
770,glendun.com.au,80.666664,good,5,5,26.26.14,2026-02-25 21:11:08.614296
771,item.org,83,good,5,6,26.26.14,2026-02-25 21:11:14.37465
772,franklinroadacademy.com,74.666664,adequate,5,5,26.26.14,2026-02-25 21:11:37.418487
773,beechtreenews.com,73,adequate,5,6,26.26.14,2026-02-25 21:12:11.08033
774,dnsstuff.com,73.666664,adequate,5,6,26.26.14,2026-02-25 21:20:19.323029
775,zmacnashville.net,80.666664,good,5,5,26.26.14,2026-02-25 21:23:51.383081
776,theojouvin.com,72,adequate,5,6,26.26.14,2026-02-25 21:28:10.949623
777,innbn-bucuresti.ro,74.666664,adequate,5,5,26.26.14,2026-02-25 21:32:35.245424
778,probe-us-01.dns-observe.com,70.333336,adequate,5,4,26.26.14,2026-02-25 21:39:43.485802
779,cisa.gov,71,adequate,5,6,26.26.14,2026-02-25 21:40:46.449917
780,atelier13-usa.com,84.666664,good,5,5,26.26.14,2026-02-25 21:43:58.212023
781,franklinroadacademy.com,74.666664,adequate,5,5,26.26.14,2026-02-25 22:24:58.630906
782,isc.org,76.90476,good,5,7,26.26.14,2026-02-25 22:26:29.716929
783,franklinroadacademy.com,74.666664,adequate,5,5,26.26.20,2026-02-25 22:33:06.163974
784,it-help.tech,78.7619,good,5,7,26.26.20,2026-02-25 22:35:32.522056
785,sportcommunities.group,82.190475,good,5,7,26.26.20,2026-02-25 22:56:00.830545
786,sportcommunities.group,82.190475,good,5,7,26.26.21,2026-02-25 22:56:45.236806
787,sportcommunities.group,80.7619,good,5,7,26.26.21,2026-02-25 22:57:22.397049
788,ehmrealty.com,78.666664,good,5,5,26.26.21,2026-02-25 23:22:41.552749
789,it-help.tech,79.690475,good,5,7,26.26.21,2026-02-25 23:23:02.428806
790,hotmail.com,84.666664,good,5,6,26.26.21,2026-02-25 23:31:34.018674
791,poop.com,74,adequate,5,3,26.26.21,2026-02-25 23:36:39.860336
792,co.uk,67.666664,adequate,5,2,26.26.21,2026-02-25 23:48:27.352279
793,franklinroadacademy.com,74.666664,adequate,5,5,26.26.24,2026-02-26 00:38:49.544335
794,franklinroadacademy.com,74.666664,adequate,5,5,26.26.24,2026-02-26 00:42:33.721587
795,it-help.tech,80.190475,good,5,7,26.26.24,2026-02-26 00:46:26.02818
796,mx1.blauwsurvey.com,81.333336,good,5,1,26.26.24,2026-02-26 00:51:24.496489
797,spitalulhorezu.ro,76.666664,good,5,5,26.26.24,2026-02-26 00:53:19.87713
798,couchmvp.com,77.666664,good,5,2,26.26.24,2026-02-26 01:04:25.353668
799,franklinroadacademy.com,70.666664,adequate,5,5,26.26.25,2026-02-26 01:34:16.08105
800,atelier13-usa.com,84.666664,good,5,5,26.26.25,2026-02-26 01:49:40.552252
801,blauw-survey.com,72.833336,adequate,5,4,26.26.25,2026-02-26 02:00:45.38841
802,westbyforcongress.com,80.666664,good,5,5,26.26.25,2026-02-26 02:20:08.565311
803,hortongroup.com,78.666664,good,5,5,26.26.25,2026-02-26 02:30:33.341074
804,franklinroadacademy.com,74.666664,adequate,5,5,26.26.27,2026-02-26 02:34:03.897974
805,blauwsurvey.com,82,good,5,6,26.26.28,2026-02-26 02:55:29.565377
806,dispatchgrid.com,82.666664,good,5,5,26.26.28,2026-02-26 03:02:46.526151
807,server.it-help.tech,77.333336,good,5,3,26.26.28,2026-02-26 03:14:02.437516
808,markphd.me,76.833336,good,5,4,26.26.28,2026-02-26 03:26:14.714428
809,blauw-survey.com,72.833336,adequate,5,4,26.26.29,2026-02-26 03:51:11.444907
810,surland.de,84.666664,good,5,6,26.26.29,2026-02-26 04:51:43.601821
811,scfcv.ro,74.666664,adequate,5,5,26.26.29,2026-02-26 07:27:25.582559
812,www.mercadopago.com,59.583332,adequate,5,8,26.26.29,2026-02-26 07:32:03.314589
813,dispatchgrid.com,82.666664,good,5,5,26.26.29,2026-02-26 07:32:13.350349
814,apple.com,72.61905,adequate,5,7,26.26.29,2026-02-26 07:40:31.324757
815,burghele.ro,74.666664,adequate,5,5,26.26.29,2026-02-26 07:53:03.133646
816,spitalulorasenescbaicoi.ro,73,adequate,5,6,26.26.29,2026-02-26 08:04:01.586336
817,spitalsinaia.ro,74.666664,adequate,5,5,26.26.29,2026-02-26 08:07:08.555897
818,fredduval.com,82.666664,good,5,5,26.26.29,2026-02-26 08:36:42.843383
819,patientreminder.com,82.666664,good,5,5,26.26.29,2026-02-26 08:43:38.667214
820,apavil.ro,68.666664,adequate,5,5,26.26.29,2026-02-26 08:51:12.457529
821,spital-izvoru.ro,74.666664,adequate,5,5,26.26.29,2026-02-26 08:53:20.499141
822,caolt.ro,76.666664,good,5,5,26.26.29,2026-02-26 09:03:45.110803
823,sanatoriulbusteni.ro,74.666664,adequate,5,5,26.26.29,2026-02-26 09:05:19.546442
824,spitalmciuc.ro,74.666664,adequate,5,5,26.26.29,2026-02-26 09:06:54.55731
825,spitalulhuedin.ro,74.666664,adequate,5,5,26.26.29,2026-02-26 09:10:30.584507
826,mobilecommercepress.com,73,adequate,5,6,26.26.29,2026-02-26 09:25:20.28139
827,psihiatrietulghes.ro,74.666664,adequate,5,5,26.26.29,2026-02-26 09:29:07.058914
828,spitalgiurgiu.ro,74.666664,adequate,5,5,26.26.29,2026-02-26 09:40:21.324262
829,spital-breaza.ro,74.666664,adequate,5,5,26.26.29,2026-02-26 09:55:17.338487
830,rg443.click,71.833336,adequate,5,4,26.26.29,2026-02-26 10:17:21.627369
831,spitalcampina.ro,72.666664,adequate,5,5,26.26.29,2026-02-26 11:36:42.461383
832,it-help.tech,80.190475,good,5,7,26.26.29,2026-02-26 12:27:41.883272
833,it-help.tech,80.190475,good,5,7,26.26.30,2026-02-26 12:28:27.907685
834,it-help.tech,80.190475,good,5,7,26.26.30,2026-02-26 12:29:14.932973
835,it-help.tech,80.190475,good,5,7,26.26.30,2026-02-26 12:29:40.821757
836,spjslatina.ro,68.666664,adequate,5,5,26.26.30,2026-02-26 12:32:14.273157
837,blauw-survey.com,72.833336,adequate,5,4,26.26.30,2026-02-26 12:32:18.342425
838,it-help.tech,80.190475,good,5,7,26.26.30,2026-02-26 12:42:48.184389
839,dnsstuff.com,73.666664,adequate,5,6,26.26.30,2026-02-26 12:51:24.936745
840,franklinroadacademy.com,74.666664,adequate,5,5,26.26.30,2026-02-26 12:53:34.47333
841,it-help.tech,77.333336,good,5,7,26.26.30,2026-02-26 12:57:26.343387
842,cia.gov,76.90476,good,5,7,26.26.30,2026-02-26 13:02:57.91067
843,screen.it-help.tech,73.333336,adequate,5,8,26.26.30,2026-02-26 13:13:51.875219
844,cnn.com,70.333336,adequate,5,6,26.26.30,2026-02-26 13:25:15.879083
845,fugro.com,79.666664,good,5,5,26.26.30,2026-02-26 13:39:57.744752
846,mercadopago.com,72.666664,adequate,5,6,26.26.30,2026-02-26 13:53:48.663539
847,kali.org,79.333336,good,5,7,26.26.30,2026-02-26 14:25:30.054769
848,nlnetlabs.nl,68,adequate,5,6,26.26.30,2026-02-26 14:31:05.500512
849,google.com,68.7619,adequate,5,7,26.26.30,2026-02-26 14:31:09.656405
850,ietf.org,73,adequate,5,6,26.26.30,2026-02-26 14:31:13.677385
851,freebsd.org,86.47619,good,5,7,26.26.30,2026-02-26 14:31:21.564595
852,cnn.com,70.083336,adequate,5,6,26.26.30,2026-02-26 14:31:33.896227
853,google.com,68.2619,adequate,5,7,26.26.30,2026-02-26 14:31:40.193528
854,nlnetlabs.nl,68,adequate,5,6,26.26.30,2026-02-26 14:31:43.430171
855,spitalgiurgiu.ro,74.666664,adequate,5,5,26.26.30,2026-02-26 14:31:44.29688
856,spjslatina.ro,68.666664,adequate,5,5,26.26.30,2026-02-26 14:31:44.38734
857,ietf.org,70.083336,adequate,5,6,26.26.30,2026-02-26 14:31:45.4594
858,it-help.tech,78.2619,good,5,7,26.26.30,2026-02-26 14:31:48.070016
859,spjslatina.ro,68.666664,adequate,5,5,26.26.30,2026-02-26 14:31:50.135849
860,dnsstuff.com,73.416664,adequate,5,6,26.26.30,2026-02-26 14:31:50.894523
861,freebsd.org,86.47619,good,5,7,26.26.30,2026-02-26 14:31:52.182993
862,kali.org,79.333336,good,5,7,26.26.30,2026-02-26 14:31:56.832785
863,rg443.click,62.833332,adequate,5,4,26.26.30,2026-02-26 14:31:58.936735
864,nlnetlabs.nl,68,adequate,5,6,26.26.30,2026-02-26 14:31:59.865612
865,dnsstuff.com,73.416664,adequate,5,6,26.26.30,2026-02-26 14:32:06.016405
866,franklinroadacademy.com,74.666664,adequate,5,5,26.26.30,2026-02-26 14:32:09.673045
867,spjslatina.ro,68.666664,adequate,5,5,26.26.30,2026-02-26 14:32:10.427936
868,spitalgiurgiu.ro,74.666664,adequate,5,5,26.26.30,2026-02-26 14:32:12.311517
869,spitalgiurgiu.ro,74.666664,adequate,5,5,26.26.30,2026-02-26 14:32:17.191742
870,cnn.com,70.083336,adequate,5,6,26.26.30,2026-02-26 14:32:18.38861
871,it-help.tech,80.52381,good,5,7,26.26.30,2026-02-26 14:32:21.196233
872,google.com,70.7619,adequate,5,7,26.26.30,2026-02-26 14:32:22.839829
873,fugro.com,80.666664,good,5,5,26.26.30,2026-02-26 14:32:23.799693
874,rg443.click,65.333336,adequate,5,4,26.26.30,2026-02-26 14:32:25.465448
875,cnn.com,71.333336,adequate,5,6,26.26.30,2026-02-26 14:32:26.082602
876,ietf.org,73,adequate,5,6,26.26.30,2026-02-26 14:32:30.998806
877,it-help.tech,80.7619,good,5,7,26.26.30,2026-02-26 14:32:33.61074
878,dnsstuff.com,73,adequate,5,6,26.26.30,2026-02-26 14:32:36.419569
879,rg443.click,70.333336,adequate,5,4,26.26.30,2026-02-26 14:32:39.394135
880,freebsd.org,86.47619,good,5,7,26.26.30,2026-02-26 14:32:42.293387
881,blauw-survey.com,67.833336,adequate,5,4,26.26.30,2026-02-26 14:32:42.835167
882,spitalcampina.ro,72.666664,adequate,5,5,26.26.30,2026-02-26 14:32:44.073498
883,franklinroadacademy.com,74.666664,adequate,5,5,26.26.30,2026-02-26 14:32:44.530842
884,spital-breaza.ro,76.666664,good,5,5,26.26.30,2026-02-26 14:32:46.183856
885,fugro.com,78.666664,good,5,5,26.26.30,2026-02-26 14:32:54.629637
886,kali.org,77.90476,good,5,7,26.26.30,2026-02-26 14:32:58.055736
887,kali.org,76.47619,good,5,7,26.26.30,2026-02-26 14:33:01.089081
888,mercadopago.com,69.25,adequate,5,6,26.26.30,2026-02-26 14:33:01.5829
889,blauw-survey.com,72.833336,adequate,5,4,26.26.30,2026-02-26 14:33:06.137961
890,fugro.com,76.666664,good,5,5,26.26.30,2026-02-26 14:33:08.353361
891,cia.gov,77.90476,good,5,7,26.26.30,2026-02-26 14:33:10.324085
892,spital-breaza.ro,74.666664,adequate,5,5,26.26.30,2026-02-26 14:33:10.502527
893,spitalcampina.ro,72.666664,adequate,5,5,26.26.30,2026-02-26 14:33:12.355959
894,franklinroadacademy.com,74.666664,adequate,5,5,26.26.30,2026-02-26 14:33:18.204887
895,spitalcampina.ro,72.666664,adequate,5,5,26.26.30,2026-02-26 14:33:21.820623
896,blauw-survey.com,72.833336,adequate,5,4,26.26.30,2026-02-26 14:33:30.903342
897,cia.gov,75.22619,good,5,7,26.26.30,2026-02-26 14:33:34.506971
898,spital-breaza.ro,72.666664,adequate,5,5,26.26.30,2026-02-26 14:33:36.581147
899,screen.it-help.tech,74.333336,adequate,5,8,26.26.30,2026-02-26 14:33:44.68089
900,mercadopago.com,68.833336,adequate,5,6,26.26.30,2026-02-26 14:33:50.671064
901,cia.gov,73.79762,adequate,5,7,26.26.30,2026-02-26 14:34:09.730287
902,screen.it-help.tech,73.083336,adequate,5,8,26.26.30,2026-02-26 14:34:14.40294
903,mercadopago.com,67.583336,adequate,5,6,26.26.30,2026-02-26 14:34:22.457227
904,screen.it-help.tech,73.083336,adequate,5,8,26.26.30,2026-02-26 14:34:44.966847
905,patientreminder.com,82.666664,good,5,5,26.26.30,2026-02-26 14:36:21.413768
906,patientreminder.com,82.666664,good,5,5,26.26.30,2026-02-26 14:36:26.991852
907,mobilecommercepress.com,73,adequate,5,6,26.26.30,2026-02-26 14:36:41.020499
908,patientreminder.com,82.666664,good,5,5,26.26.30,2026-02-26 14:36:48.508528
909,psihiatrietulghes.ro,74.666664,adequate,5,5,26.26.30,2026-02-26 14:36:53.609093
910,apple.com,72.36905,adequate,5,7,26.26.30,2026-02-26 14:36:57.377201
911,www.mercadopago.com,59.333332,adequate,5,8,26.26.30,2026-02-26 14:37:03.217556
912,markphd.me,76.583336,good,5,4,26.26.30,2026-02-26 14:37:06.246353
913,caolt.ro,76.666664,good,5,5,26.26.30,2026-02-26 14:37:07.487729
914,fredduval.com,82.666664,good,5,5,26.26.30,2026-02-26 14:37:09.453602
915,mobilecommercepress.com,73,adequate,5,6,26.26.30,2026-02-26 14:37:11.241242
916,psihiatrietulghes.ro,74.666664,adequate,5,5,26.26.30,2026-02-26 14:37:23.571096
917,spitalsinaia.ro,74.666664,adequate,5,5,26.26.30,2026-02-26 14:37:27.096282
918,apple.com,73.79762,adequate,5,7,26.26.30,2026-02-26 14:37:29.64034
919,www.mercadopago.com,59.333332,adequate,5,8,26.26.30,2026-02-26 14:37:34.066597
921,markphd.me,74.083336,adequate,5,4,26.26.30,2026-02-26 14:37:36.371883
924,caolt.ro,78.666664,good,5,5,26.26.30,2026-02-26 14:37:39.517259
943,spital-izvoru.ro,72.666664,adequate,5,5,26.26.30,2026-02-26 14:38:28.907721
945,surland.de,74.666664,adequate,5,6,26.26.30,2026-02-26 14:38:32.308759
948,spitalmciuc.ro,74.666664,adequate,5,5,26.26.30,2026-02-26 14:38:36.456823
950,sanatoriulbusteni.ro,76.666664,good,5,5,26.26.30,2026-02-26 14:38:39.161957
1270,theojouvin.com,72,adequate,5,6,26.27.09,2026-02-27 14:40:03.657887
1271,innbn-bucuresti.ro,74.666664,adequate,5,5,26.27.09,2026-02-27 14:40:07.550324
1286,github.com,77.666664,good,5,6,26.27.09,2026-02-27 14:43:47.706534
1287,dnsstuff.com,73.666664,adequate,5,6,26.27.09,2026-02-27 14:43:49.674216
1295,dnsstuff.com,73.666664,adequate,5,6,26.27.09,2026-02-27 14:44:37.86922
1296,monologue.to,76.333336,good,5,6,26.27.09,2026-02-27 14:44:42.598182
1338,nasa.gov,75.333336,good,5,6,26.27.09,2026-02-27 15:09:40.619894
1339,evilhacker.com,70.666664,adequate,5,3,26.27.09,2026-02-27 15:09:48.243101
1347,thehumphries.org,74.666664,adequate,5,5,26.27.09,2026-02-27 15:10:19.488807
1348,optonline.net,72.666664,adequate,5,5,26.27.09,2026-02-27 15:10:31.411667
1352,nasa.gov,70.083336,adequate,5,6,26.27.09,2026-02-27 15:10:41.843077
1355,sjv.ro,74.666664,adequate,5,5,26.27.09,2026-02-27 15:11:06.36661
1358,sportcommunities.group,80.7619,good,5,7,26.27.09,2026-02-27 15:11:33.521651
1359,sjv.ro,74.666664,adequate,5,5,26.27.09,2026-02-27 15:11:37.025935
1362,atelier13-usa.com,84.666664,good,5,5,26.27.09,2026-02-27 15:13:42.817402
1417,google.com,70.190475,adequate,5,7,26.28.18,2026-02-28 14:21:44.183875
1434,sportcommunities.group,82.190475,good,5,7,26.28.18,2026-02-28 14:23:08.050812
1435,sovanta.com,81.666664,good,5,5,26.28.18,2026-02-28 14:23:14.020597
1436,migrateproduction.com,72,adequate,5,6,26.28.18,2026-02-28 14:23:14.402537
1447,patientreminder.com,82.666664,good,5,5,26.28.18,2026-02-28 14:25:12.311382
1462,pizazzmusiccamp.org,68.666664,adequate,5,5,26.28.18,2026-02-28 14:26:28.720382
1463,filantropia.ro,68.666664,adequate,5,5,26.28.18,2026-02-28 14:26:32.707073
1465,optonline.net,76.666664,good,5,5,26.28.18,2026-02-28 14:26:45.024644
1518,schedule.it-help.tech,74,adequate,5,3,26.28.18,2026-02-28 14:38:02.273388
1520,theojouvin.com,71.75,adequate,5,6,26.28.18,2026-02-28 14:38:04.655934
1575,red.com,72.166664,adequate,5,6,26.28.18,2026-02-28 14:49:46.915776
1579,microsoft.com,81.11905,good,5,7,26.28.18,2026-02-28 14:50:50.201582
1632,freebsd.org,83.61905,good,5,7,26.28.35,2026-03-01 14:23:01.020864
1639,cia.gov,76.90476,good,5,7,26.28.35,2026-03-01 14:23:50.961671
1656,hegel.org,84.666664,good,5,5,26.28.35,2026-03-01 14:25:59.181635
1662,poop.com,74,adequate,5,3,26.28.35,2026-03-01 14:27:39.045878
1726,migrateproduction.com,71.75,adequate,5,6,26.28.35,2026-03-01 14:39:30.587116
1729,cnn.com,70.083336,adequate,5,6,26.28.35,2026-03-01 14:40:00.360337
1762,usa.gov,72.666664,adequate,5,5,26.28.35,2026-03-01 15:19:41.536947
1766,usa.gov,72.666664,adequate,5,5,26.28.35,2026-03-01 15:20:42.372961
1814,hotmail.com,83,good,5,6,26.28.35,2026-03-01 23:04:10.847959
1838,binaryflix.space,77.333336,good,5,3,26.28.35,2026-03-02 02:10:46.158182
1841,sportcommunities.group,82.190475,good,5,7,26.28.35,2026-03-02 02:12:36.100017
1865,psihiatrietulghes.ro,74.666664,adequate,5,5,26.28.35,2026-03-02 02:42:42.179676
1868,spitalul-municipal-timisoara.ro,66.666664,adequate,5,5,26.28.35,2026-03-02 02:45:08.206111
1917,spitalulhuedin.ro,76.666664,good,5,5,26.28.42,2026-03-02 14:22:13.699799
1927,kisa.org.cy,84.666664,good,5,5,26.28.42,2026-03-02 14:23:18.980352
1930,schedule.it-help.tech,77.333336,good,5,3,26.28.42,2026-03-02 14:24:12.667025
1931,www.mercadopago.com,59.333332,adequate,5,8,26.28.42,2026-03-02 14:24:20.117107
1934,filantropia.ro,68.666664,adequate,5,5,26.28.42,2026-03-02 14:24:41.50459
1936,www.mercadopago.com,59.333332,adequate,5,8,26.28.42,2026-03-02 14:24:50.456917
1939,binaryflix.space,77.333336,good,5,3,26.28.42,2026-03-02 14:24:54.527214
1941,spitalsinaia.ro,74.666664,adequate,5,5,26.28.42,2026-03-02 14:25:05.845465
1942,spitalmciuc.ro,74.666664,adequate,5,5,26.28.42,2026-03-02 14:25:07.03275
1943,burghele.ro,74.666664,adequate,5,5,26.28.42,2026-03-02 14:25:10.047649
1950,ohg-nagold.de,66.666664,adequate,5,5,26.28.42,2026-03-02 14:25:35.853206
1952,torrent-syndikat.org,72.75,adequate,5,3,26.28.42,2026-03-02 14:25:40.532416
1955,rocket-hd.cc,80.666664,good,5,5,26.28.42,2026-03-02 14:25:59.814187
1956,reconfirm.com,73,adequate,5,6,26.28.42,2026-03-02 14:26:03.639374
1958,spital-breaza.ro,74.666664,adequate,5,5,26.28.42,2026-03-02 14:26:07.498872
1963,sportcommunities.group,82.190475,good,5,7,26.28.42,2026-03-02 14:26:15.504314
1964,torrent-syndikat.org,73,adequate,5,3,26.28.42,2026-03-02 14:26:16.619094
1967,spital-breaza.ro,74.666664,adequate,5,5,26.28.42,2026-03-02 14:26:23.021921
1969,rocket-hd.cc,80.666664,good,5,5,26.28.42,2026-03-02 14:26:34.496487
2003,kadse.dev,70.666664,adequate,5,3,26.28.42,2026-03-02 14:35:56.621815
2004,blauwsurvey.com,82,good,5,6,26.28.42,2026-03-02 14:35:57.386897
2007,hegel.net,79.666664,good,5,6,26.28.42,2026-03-02 14:36:18.54689
2008,cnn.com,70.333336,adequate,5,6,26.28.42,2026-03-02 14:36:19.585109
2016,optonline.net,74.666664,adequate,5,5,26.28.42,2026-03-02 14:37:06.51962
2017,pdcnet.org,73,adequate,5,6,26.28.42,2026-03-02 14:37:06.953416
2019,theojouvin.com,72,adequate,5,6,26.28.42,2026-03-02 14:37:36.512734
2027,uke.de,68.666664,adequate,5,6,26.28.42,2026-03-02 14:38:47.074971
2028,proton.me,75.333336,good,5,6,26.28.42,2026-03-02 14:38:47.749013
2029,kokee.net,75.333336,good,5,4,26.28.42,2026-03-02 14:38:50.215999
2034,anva.ch,82.190475,good,5,7,26.28.42,2026-03-02 14:39:51.458455
2082,westcappowerequipment.com,80.666664,good,5,5,26.28.42,2026-03-02 15:01:13.060573
2210,natashabedingfield.com,67.666664,adequate,5,5,26.32.59,2026-03-03 06:18:42.729535
2214,mercadopago.com,73.833336,adequate,5,6,26.32.59,2026-03-03 06:19:02.224707
2217,tesla.com,67.416664,adequate,5,5,26.32.59,2026-03-03 06:19:18.574464
2219,spjslatina.ro,68.666664,adequate,5,5,26.32.59,2026-03-03 06:19:25.180057
2220,isc.org,76.65476,good,5,7,26.32.59,2026-03-03 06:19:28.137837
2221,izvoru.ro,78.666664,good,5,5,26.32.59,2026-03-03 06:19:28.922284
2258,ohg-nagold.de,66.666664,adequate,5,5,26.32.59,2026-03-03 06:31:01.099464
2260,spitalsinaia.ro,74.666664,adequate,5,5,26.32.59,2026-03-03 06:31:03.1738
2263,haukeflix.top,79.666664,good,5,6,26.32.59,2026-03-03 06:31:14.642232
2265,sportcommunities.group,82.190475,good,5,7,26.32.59,2026-03-03 06:31:19.796437
920,burghele.ro,74.666664,adequate,5,5,26.26.30,2026-02-26 14:37:34.705392
923,spitalmciuc.ro,74.666664,adequate,5,5,26.26.30,2026-02-26 14:37:39.23335
926,mobilecommercepress.com,71.333336,adequate,5,6,26.26.30,2026-02-26 14:37:41.404068
929,spital-izvoru.ro,74.666664,adequate,5,5,26.26.30,2026-02-26 14:37:51.140518
930,caolt.ro,74.666664,adequate,5,5,26.26.30,2026-02-26 14:37:53.937294
931,apple.com,75.04762,good,5,7,26.26.30,2026-02-26 14:37:58.041406
933,spitalulorasenescbaicoi.ro,73,adequate,5,6,26.26.30,2026-02-26 14:38:00.538384
936,burghele.ro,74.666664,adequate,5,5,26.26.30,2026-02-26 14:38:08.105068
937,spitalsinaia.ro,74.666664,adequate,5,5,26.26.30,2026-02-26 14:38:19.355667
938,burghele.ro,74.666664,adequate,5,5,26.26.30,2026-02-26 14:38:21.774624
942,apavil.ro,58.666668,adequate,5,5,26.26.30,2026-02-26 14:38:27.606234
952,spital-izvoru.ro,62.666668,adequate,5,5,26.26.30,2026-02-26 14:38:39.870279
953,scfcv.ro,64.666664,adequate,5,5,26.26.30,2026-02-26 14:38:43.556422
1272,mx1.blauw-survey.com,71.333336,adequate,5,1,26.27.09,2026-02-27 14:40:09.848251
1341,optonline.net,74.666664,adequate,5,5,26.27.09,2026-02-27 15:10:03.30695
1349,filantropia.ro,68.666664,adequate,5,5,26.27.09,2026-02-27 15:10:35.434345
1357,thehumphries.org,74.666664,adequate,5,5,26.27.09,2026-02-27 15:11:20.453195
1360,atelier13-usa.com,84.666664,good,5,5,26.27.09,2026-02-27 15:12:41.915354
1418,ietf.org,71.333336,adequate,5,6,26.28.18,2026-02-28 14:21:46.491716
1419,freebsd.org,85.04762,good,5,7,26.28.18,2026-02-28 14:21:46.995987
1519,example.com,71.333336,adequate,5,6,26.28.18,2026-02-28 14:38:03.163926
1524,fbi.gov,73.79762,adequate,5,7,26.28.18,2026-02-28 14:38:17.390523
1576,spjslatina.ro,68.666664,adequate,5,5,26.28.18,2026-02-28 14:49:47.344804
1634,item.org,83,good,5,6,26.28.35,2026-03-01 14:23:14.32042
1642,openai.com,72,adequate,5,6,26.28.35,2026-03-01 14:24:02.289627
1643,cioviews.com,78.666664,good,5,5,26.28.35,2026-03-01 14:24:03.115238
1645,thehumphries.org,74.666664,adequate,5,5,26.28.35,2026-03-01 14:24:09.766377
1647,pdcnet.org,73,adequate,5,6,26.28.35,2026-03-01 14:24:14.337051
1650,hegel.net,76.333336,good,5,6,26.28.35,2026-03-01 14:25:15.368531
1651,hegel.net,76.333336,good,5,6,26.28.35,2026-03-01 14:25:20.94123
1653,hegel.org,84.666664,good,5,5,26.28.35,2026-03-01 14:25:23.360805
1664,purpleflock.com,73,adequate,5,6,26.28.35,2026-03-01 14:27:46.073457
1666,red.com,70.5,adequate,5,6,26.28.35,2026-03-01 14:28:04.088831
1727,dev.lms.fullmindlearning.com,59.583332,adequate,5,8,26.28.35,2026-03-01 14:39:50.948596
1763,usa.gov,72.666664,adequate,5,5,26.28.35,2026-03-01 15:20:11.974684
1765,whitehouse.gov,69.666664,adequate,5,5,26.28.35,2026-03-01 15:20:18.506471
1815,kokee.net,75.333336,good,5,4,26.28.35,2026-03-02 00:05:57.198334
1839,rocket-hd.cc,80.666664,good,5,5,26.28.35,2026-03-02 02:11:39.693386
1866,probe-us-02.dns-observe.com,70.666664,adequate,5,3,26.28.35,2026-03-02 02:43:03.191011
1867,spitalulorasenescbaicoi.ro,73,adequate,5,6,26.28.35,2026-03-02 02:44:27.189991
1937,filantropia.ro,68.666664,adequate,5,5,26.28.42,2026-03-02 14:24:51.915057
1938,spitalsinaia.ro,74.666664,adequate,5,5,26.28.42,2026-03-02 14:24:54.187976
1947,spital-izvoru.ro,74.666664,adequate,5,5,26.28.42,2026-03-02 14:25:19.519609
1949,spitalmciuc.ro,74.666664,adequate,5,5,26.28.42,2026-03-02 14:25:24.282902
1960,torrent-syndikat.org,73,adequate,5,3,26.28.42,2026-03-02 14:26:08.998943
1965,hahnover.land,76.666664,good,5,5,26.28.42,2026-03-02 14:26:16.682546
1966,sportcommunities.group,82.190475,good,5,7,26.28.42,2026-03-02 14:26:17.578042
2005,cnn.com,70.333336,adequate,5,6,26.28.42,2026-03-02 14:36:12.638154
2006,glendun.com.au,79.666664,good,5,5,26.28.42,2026-03-02 14:36:15.031437
2009,hegel.net,78,good,5,6,26.28.42,2026-03-02 14:36:24.702035
2018,dev.lms.fullmindlearning.com,58.333332,adequate,5,8,26.28.42,2026-03-02 14:37:11.313231
2020,hotmail.com,81.333336,good,5,6,26.28.42,2026-03-02 14:38:33.115032
2031,z1mac.com,71.833336,adequate,5,4,26.28.42,2026-03-02 14:39:06.564072
2032,me,72.666664,adequate,5,2,26.28.42,2026-03-02 14:39:20.008863
2035,anva.ch,82.190475,good,5,7,26.28.42,2026-03-02 14:39:55.845551
2083,github.com,68,adequate,5,6,26.28.42,2026-03-02 15:28:43.888874
2086,natashabedingfield.com,67.666664,adequate,5,5,26.28.42,2026-03-02 15:29:29.856254
2089,poop.com,74,adequate,5,3,26.28.42,2026-03-02 15:29:44.846187
2211,izvoru.ro,78.666664,good,5,5,26.32.59,2026-03-03 06:18:45.202806
2213,switch.com,69.416664,adequate,5,5,26.32.59,2026-03-03 06:18:52.353721
2215,natashabedingfield.com,67.416664,adequate,5,5,26.32.59,2026-03-03 06:19:13.71648
2216,izvoru.ro,78.666664,good,5,5,26.32.59,2026-03-03 06:19:16.538085
2218,mercadopago.com,72.166664,adequate,5,6,26.32.59,2026-03-03 06:19:23.608071
2259,haukeflix.top,79.666664,good,5,6,26.32.59,2026-03-03 06:31:02.511684
2261,binaryflix.space,77.333336,good,5,3,26.32.59,2026-03-03 06:31:10.55095
2318,oxidesurvival.com,80.666664,good,5,3,26.32.59,2026-03-03 06:36:50.195188
2323,maltejk.de,76.47619,good,5,7,26.32.59,2026-03-03 06:37:18.704041
2325,anva.ch,82.190475,good,5,7,26.32.59,2026-03-03 06:37:26.143084
2328,jira.sovanta.com,81.333336,good,5,1,26.32.59,2026-03-03 06:37:42.163743
2329,anva.ch,82.190475,good,5,7,26.32.59,2026-03-03 06:38:01.200134
2344,1liner.com,78.666664,good,5,5,26.32.59,2026-03-03 06:45:55.067074
2345,steinr.eu,72,adequate,5,6,26.32.59,2026-03-03 06:46:05.603243
2346,kadse.dev,70.666664,adequate,5,3,26.32.59,2026-03-03 06:46:08.428336
2361,nlnetlabs.nl,68,adequate,5,6,26.33.67,2026-03-03 14:16:40.521958
2363,freebsd.org,86.47619,good,5,7,26.33.67,2026-03-03 14:16:44.369535
2364,ietf.org,73,adequate,5,6,26.33.67,2026-03-03 14:16:46.478527
2374,1liner.com,78.666664,good,5,5,26.33.67,2026-03-03 14:17:23.65385
2379,anva.ch,82.190475,good,5,7,26.33.67,2026-03-03 14:17:41.377349
2388,migrateproduction.com,72,adequate,5,6,26.33.67,2026-03-03 14:18:24.608337
2390,dns-observe.com,80.666664,good,5,5,26.33.67,2026-03-03 14:18:25.424578
2394,screen.it-help.tech,72.333336,adequate,5,8,26.33.67,2026-03-03 14:18:51.53243
2395,spitalulhuedin.ro,70.666664,adequate,5,5,26.33.67,2026-03-03 14:18:53.077966
2425,blauwsurvey.com,81.75,good,5,6,26.33.67,2026-03-03 14:23:19.075967
2427,fluss.top,71.583336,adequate,5,4,26.33.67,2026-03-03 14:23:19.880748
2431,glendun.com.au,66.666664,adequate,5,5,26.33.67,2026-03-03 14:23:49.705396
2433,cloudflare.com,69.7619,adequate,5,7,26.33.67,2026-03-03 14:26:24.850726
2456,dnstool.it-help.tech,77.333336,good,5,3,26.33.67,2026-03-03 14:31:57.762711
2463,microsoft.com,83.97619,good,5,7,26.33.67,2026-03-03 14:32:28.714975
922,markphd.me,70.333336,adequate,5,4,26.26.30,2026-02-26 14:37:38.394764
927,scfcv.ro,74.666664,adequate,5,5,26.26.30,2026-02-26 14:37:49.2139
932,surland.de,84.666664,good,5,6,26.26.30,2026-02-26 14:37:59.305347
935,www.mercadopago.com,60.583332,adequate,5,8,26.26.30,2026-02-26 14:38:07.398694
946,psihiatrietulghes.ro,74.666664,adequate,5,5,26.26.30,2026-02-26 14:38:33.983423
947,scfcv.ro,74.666664,adequate,5,5,26.26.30,2026-02-26 14:38:36.201156
949,surland.de,84.666664,good,5,6,26.26.30,2026-02-26 14:38:38.281777
955,spitalulorasenescbaicoi.ro,71.333336,adequate,5,6,26.26.30,2026-02-26 14:38:51.246912
1273,contractvault.com,72.833336,adequate,5,4,26.27.09,2026-02-27 14:40:12.004987
1282,spitalpoianamare.ro,74.666664,adequate,5,5,26.27.09,2026-02-27 14:43:21.65828
1285,cisa.gov,71,adequate,5,6,26.27.09,2026-02-27 14:43:46.092506
1291,cisa.gov,71,adequate,5,6,26.27.09,2026-02-27 14:44:16.532833
1294,spitalpoianamare.ro,74.666664,adequate,5,5,26.27.09,2026-02-27 14:44:20.550477
1297,github.com,76,good,5,6,26.27.09,2026-02-27 14:44:48.623279
1344,filantropia.ro,68.666664,adequate,5,5,26.27.09,2026-02-27 15:10:04.93876
1420,hortongroup.com,78.666664,good,5,5,26.28.18,2026-02-28 14:21:47.909569
1421,it-help.tech,80.190475,good,5,7,26.28.18,2026-02-28 14:21:48.631562
1433,isc.org,76.90476,good,5,7,26.28.18,2026-02-28 14:22:54.395532
1437,sportcommunities.group,82.190475,good,5,7,26.28.18,2026-02-28 14:23:20.029844
1525,amazon.com,71.666664,adequate,5,5,26.28.18,2026-02-28 14:38:33.165564
1526,ehmrealty.com,78.666664,good,5,5,26.28.18,2026-02-28 14:38:37.89396
1528,amazon.com,73.666664,adequate,5,5,26.28.18,2026-02-28 14:39:00.104515
1529,ehmrealty.com,78.666664,good,5,5,26.28.18,2026-02-28 14:39:06.943214
1580,dispatchgrid.com,82.666664,good,5,5,26.28.18,2026-02-28 14:57:28.798575
1637,ibm.com,71,adequate,5,6,26.28.35,2026-03-01 14:23:48.392809
1638,evilhacker.com,70.666664,adequate,5,3,26.28.35,2026-03-01 14:23:50.724968
1644,thehumphries.org,74.666664,adequate,5,5,26.28.35,2026-03-01 14:24:04.898159
1648,guarinoadvisors.com,73,adequate,5,6,26.28.35,2026-03-01 14:24:24.181183
1649,amazon.com,69.666664,adequate,5,5,26.28.35,2026-03-01 14:24:29.655913
1654,uptimerobot.com,75.47619,good,5,7,26.28.35,2026-03-01 14:25:27.112976
1655,hegel.org,84.666664,good,5,5,26.28.35,2026-03-01 14:25:29.272357
1657,patientreminder.com,82.666664,good,5,5,26.28.35,2026-03-01 14:27:08.665374
1660,purpleflock.com,73,adequate,5,6,26.28.35,2026-03-01 14:27:32.688034
1661,ehmrealty.com,78.666664,good,5,5,26.28.35,2026-03-01 14:27:35.037846
1663,poop.com,74,adequate,5,3,26.28.35,2026-03-01 14:27:45.749866
1728,sanatoriulbusteni.ro,74.666664,adequate,5,5,26.28.35,2026-03-01 14:39:58.66978
1764,whitehouse.gov,75.666664,good,5,5,26.28.35,2026-03-01 15:20:13.494616
1816,proton.me,77,good,5,6,26.28.35,2026-03-02 00:07:18.443957
1842,haukeflix.top,79.666664,good,5,6,26.28.35,2026-03-02 02:18:21.697956
1843,schedule.it-help.tech,77.333336,good,5,3,26.28.35,2026-03-02 02:18:54.062887
1940,burghele.ro,74.666664,adequate,5,5,26.28.42,2026-03-02 14:24:57.569245
1944,binaryflix.space,77.333336,good,5,3,26.28.42,2026-03-02 14:25:10.420069
1945,www.mercadopago.com,58.083332,adequate,5,8,26.28.42,2026-03-02 14:25:15.743545
1951,haukeflix.top,79.666664,good,5,6,26.28.42,2026-03-02 14:25:38.530993
1954,reconfirm.com,73,adequate,5,6,26.28.42,2026-03-02 14:25:56.234434
1957,haukeflix.top,79.666664,good,5,6,26.28.42,2026-03-02 14:26:06.97509
1959,technikfreak.co,74,adequate,5,3,26.28.42,2026-03-02 14:26:08.525223
2014,pdcnet.org,73,adequate,5,6,26.28.42,2026-03-02 14:37:00.580103
2022,valentin.run,83,good,5,6,26.28.42,2026-03-02 14:38:36.598802
2023,valentin.run,83,good,5,6,26.28.42,2026-03-02 14:38:37.03278
2030,uke.de,68.666664,adequate,5,6,26.28.42,2026-03-02 14:38:54.390635
2084,github.com,74.333336,adequate,5,6,26.28.42,2026-03-02 15:28:48.633564
2085,switch.com,69.666664,adequate,5,5,26.28.42,2026-03-02 15:29:27.824825
2088,switch.com,69.666664,adequate,5,5,26.28.42,2026-03-02 15:29:38.297889
2222,tesla.com,65.416664,adequate,5,5,26.32.59,2026-03-03 06:19:32.152317
2262,technikfreak.co,74,adequate,5,3,26.32.59,2026-03-03 06:31:12.566522
2319,dev.lms.fullmindlearning.com,59.583332,adequate,5,8,26.32.59,2026-03-03 06:37:00.01211
2321,hegel.net,76.333336,good,5,6,26.32.59,2026-03-03 06:37:08.657634
2322,hegel.net,76.333336,good,5,6,26.32.59,2026-03-03 06:37:14.948135
2324,maltejk.de,76.47619,good,5,7,26.32.59,2026-03-03 06:37:23.227587
2347,1liner.com,78.666664,good,5,5,26.32.59,2026-03-03 06:46:13.154479
2362,google.com,69.190475,adequate,5,7,26.33.67,2026-03-03 14:16:42.486278
2367,google.com,68.7619,adequate,5,7,26.33.67,2026-03-03 14:16:56.917047
2369,dev.lms.fullmindlearning.com,59.583332,adequate,5,8,26.33.67,2026-03-03 14:17:00.778367
2370,misconfigured.com,77.333336,good,5,3,26.33.67,2026-03-03 14:17:01.602067
2372,misconfigured.com,77.333336,good,5,3,26.33.67,2026-03-03 14:17:12.65988
2377,anva.ch,82.190475,good,5,7,26.33.67,2026-03-03 14:17:35.471243
2378,1liner.com,78.666664,good,5,5,26.33.67,2026-03-03 14:17:37.971568
2380,insmc.ro,78.666664,good,5,5,26.33.67,2026-03-03 14:17:49.476719
2382,migrateproduction.com,72,adequate,5,6,26.33.67,2026-03-03 14:18:07.509576
2384,kadse.dev,70.666664,adequate,5,3,26.33.67,2026-03-03 14:18:14.355987
2385,spitalul-municipal-timisoara.ro,66.666664,adequate,5,5,26.33.67,2026-03-03 14:18:16.339614
2386,innbn-bucuresti.ro,74.666664,adequate,5,5,26.33.67,2026-03-03 14:18:17.456245
2387,steinr.eu,72,adequate,5,6,26.33.67,2026-03-03 14:18:18.449636
2397,jira.sovanta.com,81.333336,good,5,1,26.33.67,2026-03-03 14:19:17.949789
2398,screen.it-help.tech,73.333336,adequate,5,8,26.33.67,2026-03-03 14:19:18.411883
2432,glendun.com.au,70.666664,adequate,5,5,26.33.67,2026-03-03 14:24:20.210858
2435,amazon.com,67.666664,adequate,5,5,26.33.67,2026-03-03 14:26:52.773535
2437,cia.gov,76.65476,good,5,7,26.33.67,2026-03-03 14:27:05.076908
2459,it-help.tech,79.690475,good,5,7,26.33.67,2026-03-03 14:31:58.272336
2461,co.uk,67.666664,adequate,5,2,26.33.67,2026-03-03 14:32:23.335238
2464,patientreminder.com,82.666664,good,5,5,26.33.67,2026-03-03 14:32:37.34219
2490,binaryflix.space,77.333336,good,5,3,26.33.67,2026-03-03 14:34:47.083215
2505,reconfirm.com,73,adequate,5,6,26.33.67,2026-03-03 14:38:54.138192
2536,izvoru.ro,78.666664,good,5,5,26.33.67,2026-03-03 14:43:52.357792
2539,tesla.com,65.416664,adequate,5,5,26.33.67,2026-03-03 14:43:53.710438
2540,sap.de,74.666664,adequate,5,5,26.33.67,2026-03-03 14:44:08.157255
2547,usa.gov,72.666664,adequate,5,5,26.33.69,2026-03-03 15:21:18.889954
925,fredduval.com,82.666664,good,5,5,26.26.30,2026-02-26 14:37:39.832602
928,spitalulhuedin.ro,76.666664,good,5,5,26.26.30,2026-02-26 14:37:51.048565
934,spitalsinaia.ro,74.666664,adequate,5,5,26.26.30,2026-02-26 14:38:04.485108
939,spitalmciuc.ro,74.666664,adequate,5,5,26.26.30,2026-02-26 14:38:22.350997
940,spitalulorasenescbaicoi.ro,71.333336,adequate,5,6,26.26.30,2026-02-26 14:38:25.18232
941,fredduval.com,82.666664,good,5,5,26.26.30,2026-02-26 14:38:27.127837
944,spitalulhuedin.ro,76.666664,good,5,5,26.26.30,2026-02-26 14:38:30.897666
951,spitalulhuedin.ro,76.666664,good,5,5,26.26.30,2026-02-26 14:38:39.611699
954,apavil.ro,68.666664,adequate,5,5,26.26.30,2026-02-26 14:38:51.245613
956,sanatoriulbusteni.ro,72.666664,adequate,5,5,26.26.30,2026-02-26 14:39:00.502434
957,apavil.ro,68.666664,adequate,5,5,26.26.30,2026-02-26 14:39:09.645999
958,dispatchgrid.com,82.666664,good,5,5,26.26.30,2026-02-26 14:39:19.397862
959,sanatoriulbusteni.ro,72.666664,adequate,5,5,26.26.30,2026-02-26 14:39:30.236825
960,dispatchgrid.com,82.666664,good,5,5,26.26.30,2026-02-26 14:39:44.292885
961,dispatchgrid.com,82.666664,good,5,5,26.26.30,2026-02-26 14:40:18.030209
962,blauw-survey.com,72.833336,adequate,5,4,26.26.30,2026-02-26 14:42:46.825541
963,github.com,77.166664,good,5,6,26.26.30,2026-02-26 14:44:08.309132
964,microsoft.com,82.54762,good,5,7,26.26.30,2026-02-26 14:44:36.984945
965,github.com,77.166664,good,5,6,26.26.30,2026-02-26 14:44:47.123168
966,github.com,73.166664,adequate,5,6,26.26.30,2026-02-26 14:44:56.55296
967,openai.com,70.083336,adequate,5,6,26.26.30,2026-02-26 14:45:02.527115
968,microsoft.com,81.11905,good,5,7,26.26.30,2026-02-26 14:45:07.872425
969,ibm.com,72.166664,adequate,5,6,26.26.30,2026-02-26 14:45:09.468328
970,openai.com,70.083336,adequate,5,6,26.26.30,2026-02-26 14:45:37.710203
971,microsoft.com,81.11905,good,5,7,26.26.30,2026-02-26 14:45:38.157383
972,ibm.com,67.166664,adequate,5,6,26.26.30,2026-02-26 14:45:38.917661
973,natashabedingfield.co.uk,75.333336,good,5,4,26.26.30,2026-02-26 14:45:40.382961
974,filantropia.ro,68.666664,adequate,5,5,26.26.30,2026-02-26 14:45:46.152573
975,nasa.gov,75.083336,good,5,6,26.26.30,2026-02-26 14:46:05.322228
976,openai.com,70.083336,adequate,5,6,26.26.30,2026-02-26 14:46:08.596217
977,ibm.com,68.833336,adequate,5,6,26.26.30,2026-02-26 14:46:09.555961
978,sjv.ro,74.666664,adequate,5,5,26.26.30,2026-02-26 14:46:10.068395
979,natashabedingfield.co.uk,75.333336,good,5,4,26.26.30,2026-02-26 14:46:10.681097
980,filantropia.ro,68.666664,adequate,5,5,26.26.30,2026-02-26 14:46:18.053397
981,sportcommunities.group,82.190475,good,5,7,26.26.30,2026-02-26 14:46:34.200147
982,nasa.gov,76.333336,good,5,6,26.26.30,2026-02-26 14:46:35.781451
983,evilhacker.com,65.666664,adequate,5,3,26.26.30,2026-02-26 14:46:38.272845
984,sjv.ro,74.666664,adequate,5,5,26.26.30,2026-02-26 14:46:40.738117
985,purpleflock.com,73,adequate,5,6,26.26.30,2026-02-26 14:46:41.882532
986,natashabedingfield.co.uk,70.333336,adequate,5,4,26.26.30,2026-02-26 14:46:43.096625
987,nasa.gov,76.333336,good,5,6,26.26.30,2026-02-26 14:46:44.017411
988,filantropia.ro,68.666664,adequate,5,5,26.26.30,2026-02-26 14:46:52.950363
989,spitalpoianamare.ro,74.666664,adequate,5,5,26.26.30,2026-02-26 14:47:00.205781
990,evilhacker.com,60.666668,adequate,5,3,26.26.30,2026-02-26 14:47:03.11918
991,sportcommunities.group,82.190475,good,5,7,26.26.30,2026-02-26 14:47:04.456308
992,weather.gov,69.416664,adequate,5,5,26.26.30,2026-02-26 14:47:10.837063
993,sjv.ro,74.666664,adequate,5,5,26.26.30,2026-02-26 14:47:11.1549
994,thehumphries.org,74.666664,adequate,5,5,26.26.30,2026-02-26 14:47:15.533406
995,evilhacker.com,70.666664,adequate,5,3,26.26.30,2026-02-26 14:47:18.53218
996,optonline.net,76.666664,good,5,5,26.26.30,2026-02-26 14:47:22.668432
997,purpleflock.com,63,adequate,5,6,26.26.30,2026-02-26 14:47:25.341083
998,cloudflare.com,72.36905,adequate,5,7,26.26.30,2026-02-26 14:47:25.698299
999,weather.gov,63.666668,adequate,5,5,26.26.30,2026-02-26 14:47:28.344777
1000,knoxminerals.com,74.666664,adequate,5,5,26.26.30,2026-02-26 14:47:30.804148
1001,spitalpoianamare.ro,74.666664,adequate,5,5,26.26.30,2026-02-26 14:47:31.665264
1002,izvoru.ro,78.666664,good,5,5,26.26.30,2026-02-26 14:47:34.263235
1003,sportcommunities.group,80.7619,good,5,7,26.26.30,2026-02-26 14:47:35.442216
1004,weather.gov,65.666664,adequate,5,5,26.26.30,2026-02-26 14:47:43.378276
1005,thehumphries.org,74.666664,adequate,5,5,26.26.30,2026-02-26 14:47:44.251002
1006,optonline.net,74.666664,adequate,5,5,26.26.30,2026-02-26 14:47:53.393983
1007,cloudflare.com,70.7619,adequate,5,7,26.26.30,2026-02-26 14:47:58.706768
1008,spitalpoianamare.ro,64.666664,adequate,5,5,26.26.30,2026-02-26 14:47:59.421115
1009,knoxminerals.com,74.666664,adequate,5,5,26.26.30,2026-02-26 14:47:59.796838
1010,couchmvp.com,77.666664,good,5,2,26.26.30,2026-02-26 14:48:01.64311
1011,purpleflock.com,71.333336,adequate,5,6,26.26.30,2026-02-26 14:48:07.874367
1012,izvoru.ro,78.666664,good,5,5,26.26.30,2026-02-26 14:48:08.607176
1013,izvoru.ro,78.666664,good,5,5,26.26.30,2026-02-26 14:48:09.150043
1014,thehumphries.org,74.666664,adequate,5,5,26.26.30,2026-02-26 14:48:17.539683
1015,optonline.net,76.666664,good,5,5,26.26.30,2026-02-26 14:48:21.846252
1016,cloudflare.com,72.190475,adequate,5,7,26.26.30,2026-02-26 14:48:27.815989
1017,knoxminerals.com,74.666664,adequate,5,5,26.26.30,2026-02-26 14:48:30.69593
1018,atelier13-usa.com,84.666664,good,5,5,26.26.30,2026-02-26 14:48:49.128187
1019,spitalulhorezu.ro,76.666664,good,5,5,26.26.30,2026-02-26 14:49:01.483368
1020,hotmail.com,84.666664,good,5,6,26.26.30,2026-02-26 14:49:02.328034
1021,westbyforcongress.com,80.666664,good,5,5,26.26.30,2026-02-26 14:49:04.199192
1022,atelier13-usa.com,84.666664,good,5,5,26.26.30,2026-02-26 14:49:16.707761
1023,hortongroup.com,78.666664,good,5,5,26.26.30,2026-02-26 14:49:22.669375
1024,mx1.blauwsurvey.com,71.333336,adequate,5,1,26.26.30,2026-02-26 14:49:26.189322
1025,spitalulhorezu.ro,76.666664,good,5,5,26.26.30,2026-02-26 14:49:29.847077
1026,ehmrealty.com,78.666664,good,5,5,26.26.30,2026-02-26 14:49:34.356272
1027,hotmail.com,84.666664,good,5,6,26.26.30,2026-02-26 14:49:34.416799
1028,westbyforcongress.com,80.666664,good,5,5,26.26.30,2026-02-26 14:49:34.814834
1029,atelier13-usa.com,84.666664,good,5,5,26.26.30,2026-02-26 14:49:51.490301
1030,co.uk,67.666664,adequate,5,2,26.26.30,2026-02-26 14:49:53.415417
1031,hortongroup.com,78.666664,good,5,5,26.26.30,2026-02-26 14:49:54.278569
1032,mx1.blauwsurvey.com,81.333336,good,5,1,26.26.30,2026-02-26 14:49:56.521288
1033,poop.com,74,adequate,5,3,26.26.30,2026-02-26 14:50:03.644391
1034,hotmail.com,86.333336,good,5,6,26.26.30,2026-02-26 14:50:04.17949
1035,westbyforcongress.com,80.666664,good,5,5,26.26.30,2026-02-26 14:50:05.986503
1036,ehmrealty.com,78.666664,good,5,5,26.26.30,2026-02-26 14:50:09.306426
1039,mx1.blauwsurvey.com,81.333336,good,5,1,26.26.30,2026-02-26 14:50:16.945715
1047,example.com,71.333336,adequate,5,6,26.26.30,2026-02-26 14:52:24.945191
1048,amazon.com,71.416664,adequate,5,5,26.26.30,2026-02-26 14:52:32.868157
1053,nsa.gov,75.416664,good,5,5,26.26.30,2026-02-26 14:52:58.599235
1055,amazon.com,69.416664,adequate,5,5,26.26.30,2026-02-26 14:53:06.212533
1056,example.com,71.75,adequate,5,6,26.26.30,2026-02-26 14:53:09.620489
1060,nsa.gov,75.416664,good,5,5,26.26.30,2026-02-26 14:53:59.37942
1275,innbn-bucuresti.ro,74.666664,adequate,5,5,26.27.09,2026-02-27 14:40:38.087624
1278,theojouvin.com,72,adequate,5,6,26.27.09,2026-02-27 14:40:58.595353
1361,atelier13-usa.com,84.666664,good,5,5,26.27.09,2026-02-27 15:13:12.761237
1363,sanatoriulbusteni.ro,74.666664,adequate,5,5,26.27.09,2026-02-27 15:15:42.202373
1364,sanatoriulbusteni.ro,74.666664,adequate,5,5,26.27.09,2026-02-27 15:16:01.429896
1428,isc.org,76.90476,good,5,7,26.28.18,2026-02-28 14:22:24.036345
1430,sap.de,74.666664,adequate,5,5,26.28.18,2026-02-28 14:22:28.445491
1432,glendun.com.au,70.666664,adequate,5,5,26.28.18,2026-02-28 14:22:51.993142
1449,couchmvp.com,77.666664,good,5,2,26.28.18,2026-02-28 14:25:15.427064
1451,github.com,69.666664,adequate,5,6,26.28.18,2026-02-28 14:25:36.101997
1452,optonline.net,74.666664,adequate,5,5,26.28.18,2026-02-28 14:25:44.122183
1453,apple.com,76.90476,good,5,7,26.28.18,2026-02-28 14:25:46.212288
1458,github.com,68,adequate,5,6,26.28.18,2026-02-28 14:26:04.687323
1461,cisa.gov,67,adequate,5,6,26.28.18,2026-02-28 14:26:24.759351
1464,sanatoriulbusteni.ro,74.666664,adequate,5,5,26.28.18,2026-02-28 14:26:42.643026
1527,dnstool.it-help.tech,77.333336,good,5,3,26.28.18,2026-02-28 14:38:42.117561
1533,openai.com,72,adequate,5,6,26.28.18,2026-02-28 14:40:15.459845
1581,dispatchgrid.com,82.666664,good,5,5,26.28.18,2026-02-28 14:57:59.248678
1582,dispatchgrid.com,82.666664,good,5,5,26.28.18,2026-02-28 14:58:29.654895
1667,sap.de,74.666664,adequate,5,5,26.28.35,2026-03-01 14:28:06.456767
1730,migrateproduction.com,71.75,adequate,5,6,26.28.35,2026-03-01 14:40:00.400341
1767,cisa.gov,71,adequate,5,6,26.28.35,2026-03-01 15:35:46.068685
1817,uke.de,70.333336,adequate,5,6,26.28.35,2026-03-02 00:08:03.230842
1818,2911.us,81.333336,good,5,6,26.28.35,2026-03-02 00:08:44.255074
1819,fbi.gov,71.190475,adequate,5,7,26.28.35,2026-03-02 00:09:27.240294
1820,anva.ch,83.61905,good,5,7,26.28.35,2026-03-02 00:10:01.46579
1844,spital-breaza.ro,74.666664,adequate,5,5,26.28.35,2026-03-02 02:20:02.73668
1845,filantropia.ro,68.666664,adequate,5,5,26.28.35,2026-03-02 02:20:35.765326
1946,reconfirm.com,73,adequate,5,6,26.28.42,2026-03-02 14:25:17.941099
1948,spital-izvoru.ro,74.666664,adequate,5,5,26.28.42,2026-03-02 14:25:20.741281
1953,ohg-nagold.de,66.666664,adequate,5,5,26.28.42,2026-03-02 14:25:44.705084
2021,z1mac.com,71.833336,adequate,5,4,26.28.42,2026-03-02 14:38:36.464177
2024,hotmail.com,84.666664,good,5,6,26.28.42,2026-03-02 14:38:37.747403
2025,com,67.666664,adequate,5,2,26.28.42,2026-03-02 14:38:38.197016
2037,tuta.io,75.04762,good,5,7,26.28.42,2026-03-02 14:41:34.289402
2043,benav.cc,77.666664,good,5,2,26.28.42,2026-03-02 14:41:59.021501
2044,oxidesurvival.com,80.666664,good,5,3,26.28.42,2026-03-02 14:42:02.546325
2087,izvoru.ro,78.666664,good,5,5,26.28.42,2026-03-02 15:29:37.87827
2223,mercadopago.com,70.5,adequate,5,6,26.32.59,2026-03-03 06:19:37.583277
2226,isc.org,76.65476,good,5,7,26.32.59,2026-03-03 06:19:56.602673
2227,beechtreenews.com,71.333336,adequate,5,6,26.32.59,2026-03-03 06:20:08.582632
2228,isc.org,76.65476,good,5,7,26.32.59,2026-03-03 06:20:12.05885
2267,burghele.ro,74.666664,adequate,5,5,26.32.59,2026-03-03 06:31:28.455454
2268,ohg-nagold.de,66.666664,adequate,5,5,26.32.59,2026-03-03 06:31:29.280162
2270,burghele.ro,74.666664,adequate,5,5,26.32.59,2026-03-03 06:31:43.442638
2300,valentin.run,83,good,5,6,26.32.59,2026-03-03 06:35:09.195965
2308,kokee.net,75.333336,good,5,4,26.32.59,2026-03-03 06:36:01.104533
2309,optonline.net,76.666664,good,5,5,26.32.59,2026-03-03 06:36:02.626398
2314,fluss.top,72.833336,adequate,5,4,26.32.59,2026-03-03 06:36:27.793057
2320,jira.sovanta.com,81.333336,good,5,1,26.32.59,2026-03-03 06:37:08.130516
2326,dev.lms.fullmindlearning.com,59.583332,adequate,5,8,26.32.59,2026-03-03 06:37:30.400746
2348,kadse.dev,70.666664,adequate,5,3,26.32.59,2026-03-03 06:46:13.416359
2349,steinr.eu,72,adequate,5,6,26.32.59,2026-03-03 06:46:17.716649
2353,spitalulhuedin.ro,74.666664,adequate,5,5,26.32.59,2026-03-03 06:50:55.19912
2356,dispatchgrid.com,82.666664,good,5,5,26.32.59,2026-03-03 06:51:03.705791
2365,nlnetlabs.nl,68,adequate,5,6,26.33.67,2026-03-03 14:16:48.316541
2368,ietf.org,73,adequate,5,6,26.33.67,2026-03-03 14:16:57.614524
2371,maltejk.de,76.47619,good,5,7,26.33.67,2026-03-03 14:17:08.144767
2376,insmc.ro,78.666664,good,5,5,26.33.67,2026-03-03 14:17:35.056795
2381,spitalul-municipal-timisoara.ro,66.666664,adequate,5,5,26.33.67,2026-03-03 14:18:07.106302
2391,innbn-bucuresti.ro,74.666664,adequate,5,5,26.33.67,2026-03-03 14:18:27.382565
2392,spitalulhuedin.ro,70.666664,adequate,5,5,26.33.67,2026-03-03 14:18:29.090622
2399,hegel.net,76.333336,good,5,6,26.33.67,2026-03-03 14:19:23.231139
2400,jira.sovanta.com,81.333336,good,5,1,26.33.67,2026-03-03 14:19:23.784649
2402,livearchive.net,73,adequate,5,6,26.33.67,2026-03-03 14:19:32.676593
2434,cloudflare.com,70.940475,adequate,5,7,26.33.67,2026-03-03 14:26:40.447148
2438,2911.us,78.416664,good,5,6,26.33.67,2026-03-03 14:27:07.01495
2447,cia.gov,78.083336,good,5,7,26.33.67,2026-03-03 14:27:17.502967
2450,fbi.gov,74.04762,adequate,5,7,26.33.67,2026-03-03 14:27:46.148069
2453,ibm.com,70.5,adequate,5,6,26.33.67,2026-03-03 14:28:16.332256
2460,it-help.tech,78.2619,good,5,7,26.33.67,2026-03-03 14:32:12.226814
2465,co.uk,72.666664,adequate,5,2,26.33.67,2026-03-03 14:32:41.147978
2466,microsoft.com,83.04762,good,5,7,26.33.67,2026-03-03 14:32:41.919499
2470,purpleflock.com,73,adequate,5,6,26.33.67,2026-03-03 14:33:21.327405
2498,filantropia.ro,68.666664,adequate,5,5,26.33.67,2026-03-03 14:35:41.215188
2501,reconfirm.com,73,adequate,5,6,26.33.67,2026-03-03 14:38:39.063325
2508,technikfreak.co,70.666664,adequate,5,3,26.33.67,2026-03-03 14:38:58.194646
2516,spital-izvoru.ro,74.666664,adequate,5,5,26.33.67,2026-03-03 14:39:23.818302
2519,spitalmciuc.ro,74.666664,adequate,5,5,26.33.67,2026-03-03 14:39:37.567328
2537,red.com,72.166664,adequate,5,6,26.33.67,2026-03-03 14:43:52.651373
1037,spitalulhorezu.ro,76.666664,good,5,5,26.26.30,2026-02-26 14:50:10.348574
1279,innbn-bucuresti.ro,74.666664,adequate,5,5,26.27.09,2026-02-27 14:41:02.327597
1280,natashabedingfield.com,69.666664,adequate,5,5,26.27.09,2026-02-27 14:43:07.635235
1281,cisa.gov,63,adequate,5,6,26.27.09,2026-02-27 14:43:17.662604
1283,natashabedingfield.com,67.666664,adequate,5,5,26.27.09,2026-02-27 14:43:38.091294
1284,monologue.to,76.333336,good,5,6,26.27.09,2026-02-27 14:43:41.671209
1289,natashabedingfield.com,69.666664,adequate,5,5,26.27.09,2026-02-27 14:44:03.346779
1292,github.com,74.333336,adequate,5,6,26.27.09,2026-02-27 14:44:18.155307
1293,dnsstuff.com,73.666664,adequate,5,6,26.27.09,2026-02-27 14:44:20.127388
1365,knoxminerals.com,74.666664,adequate,5,5,26.27.09,2026-02-27 15:20:06.268764
1367,couchmvp.com,77.666664,good,5,2,26.27.09,2026-02-27 15:20:33.262124
1448,weather.gov,67.666664,adequate,5,5,26.28.18,2026-02-28 14:25:12.752998
1457,filantropia.ro,68.666664,adequate,5,5,26.28.18,2026-02-28 14:26:02.258195
1466,apple.com,72.61905,adequate,5,7,26.28.18,2026-02-28 14:26:47.132501
1468,filantropia.ro,68.666664,adequate,5,5,26.28.18,2026-02-28 14:26:51.22079
1471,pizazzmusiccamp.org,68.666664,adequate,5,5,26.28.18,2026-02-28 14:26:59.169412
1530,openai.com,72,adequate,5,6,26.28.18,2026-02-28 14:39:44.987385
1531,cloudflare.com,71.190475,adequate,5,7,26.28.18,2026-02-28 14:39:55.273332
1534,ibm.com,69.333336,adequate,5,6,26.28.18,2026-02-28 14:40:21.269998
1583,ibm.com,71,adequate,5,6,26.28.20,2026-02-28 15:11:41.463739
1668,spitalulhorezu.ro,76.666664,good,5,5,26.28.35,2026-03-01 14:28:08.40391
1669,apple.com,75.47619,good,5,7,26.28.35,2026-03-01 14:28:09.879381
1678,spjslatina.ro,68.666664,adequate,5,5,26.28.35,2026-03-01 14:29:00.209478
1731,sanatoriulbusteni.ro,73.416664,adequate,5,5,26.28.35,2026-03-01 14:40:13.816987
1742,pdcnet.org,71.333336,adequate,5,6,26.28.35,2026-03-01 14:43:37.562007
1744,1liner.com,78.666664,good,5,5,26.28.35,2026-03-01 14:44:31.493311
1745,schedule.it-help.tech,77.333336,good,5,3,26.28.35,2026-03-01 14:44:34.017504
1746,kadse.dev,70.666664,adequate,5,3,26.28.35,2026-03-01 14:44:41.819752
1768,cnn.com,70.333336,adequate,5,6,26.28.35,2026-03-01 15:36:53.179375
1770,co.uk,67.666664,adequate,5,2,26.28.35,2026-03-01 15:38:58.151632
1771,co.uk,67.666664,adequate,5,2,26.28.35,2026-03-01 15:39:06.637031
1775,spitalul-municipal-timisoara.ro,66.666664,adequate,5,5,26.28.35,2026-03-01 15:39:51.19305
1779,spitalul-municipal-timisoara.ro,66.666664,adequate,5,5,26.28.35,2026-03-01 15:40:01.296971
1821,z1mac.com,71.833336,adequate,5,4,26.28.35,2026-03-02 01:43:47.843491
1822,bakr.de,69.666664,adequate,5,6,26.28.35,2026-03-02 01:44:37.771357
1823,hirt.dev,75.47619,good,5,7,26.28.35,2026-03-02 01:45:28.698165
1846,torrent-syndikat.org,73,adequate,5,3,26.28.35,2026-03-02 02:20:49.767364
1848,spitalsinaia.ro,74.666664,adequate,5,5,26.28.35,2026-03-02 02:22:44.676276
1961,technikfreak.co,74,adequate,5,3,26.28.42,2026-03-02 14:26:15.116128
1968,hahnover.land,76.666664,good,5,5,26.28.42,2026-03-02 14:26:25.871964
2036,telekom.de,73.666664,adequate,5,5,26.28.42,2026-03-02 14:41:25.970695
2038,maltejk.de,76.47619,good,5,7,26.28.42,2026-03-02 14:41:39.991197
2046,insmc.ro,78.666664,good,5,5,26.28.42,2026-03-02 14:42:15.113674
2090,natashabedingfield.com,66.666664,adequate,5,5,26.28.42,2026-03-02 15:29:45.617334
2091,izvoru.ro,78.666664,good,5,5,26.28.42,2026-03-02 15:29:51.784706
2092,poop.com,74,adequate,5,3,26.28.42,2026-03-02 15:30:00.578643
2224,beechtreenews.com,73,adequate,5,6,26.32.59,2026-03-03 06:19:40.128308
2225,spjslatina.ro,68.666664,adequate,5,5,26.32.59,2026-03-03 06:19:45.556249
2269,technikfreak.co,74,adequate,5,3,26.32.59,2026-03-03 06:31:30.170575
2289,guarinoadvisors.com,71.333336,adequate,5,6,26.32.59,2026-03-03 06:32:57.614988
2296,web-hosting.com,74.666664,adequate,5,5,26.32.59,2026-03-03 06:33:50.009204
2298,cnn.com,70.333336,adequate,5,6,26.32.59,2026-03-03 06:35:04.433482
2302,hotmail.com,83,good,5,6,26.32.59,2026-03-03 06:35:11.874376
2303,blauwsurvey.com,82,good,5,6,26.32.59,2026-03-03 06:35:14.274508
2306,valentin.run,83,good,5,6,26.32.59,2026-03-03 06:35:23.764066
2313,glendun.com.au,80.666664,good,5,5,26.32.59,2026-03-03 06:36:14.132647
2327,jira.sovanta.com,81.333336,good,5,1,26.32.59,2026-03-03 06:37:36.559463
2330,anva.ch,82.190475,good,5,7,26.32.59,2026-03-03 06:38:06.233237
2331,screen.it-help.tech,73.333336,adequate,5,8,26.32.59,2026-03-03 06:41:18.389576
2333,innbn-bucuresti.ro,74.666664,adequate,5,5,26.32.59,2026-03-03 06:41:34.99437
2334,screen.it-help.tech,73.083336,adequate,5,8,26.32.59,2026-03-03 06:41:36.647367
2350,dispatchgrid.com,82.666664,good,5,5,26.32.59,2026-03-03 06:50:33.546705
2352,transbusbuzau.ro,80.666664,good,5,5,26.32.59,2026-03-03 06:50:49.193359
2354,migrateproduction.com,72,adequate,5,6,26.32.59,2026-03-03 06:50:55.420433
2355,transbusbuzau.ro,80.666664,good,5,5,26.32.59,2026-03-03 06:51:00.072358
2357,spitalulhuedin.ro,72.666664,adequate,5,5,26.32.59,2026-03-03 06:51:03.738303
2366,freebsd.org,85.04762,good,5,7,26.33.67,2026-03-03 14:16:51.748906
2373,maltejk.de,76.47619,good,5,7,26.33.67,2026-03-03 14:17:16.901701
2375,dev.lms.fullmindlearning.com,58.333332,adequate,5,8,26.33.67,2026-03-03 14:17:28.341605
2383,kadse.dev,70.666664,adequate,5,3,26.33.67,2026-03-03 14:18:09.801662
2393,transbusbuzau.ro,80.666664,good,5,5,26.33.67,2026-03-03 14:18:45.019112
2396,hegel.net,74.666664,adequate,5,6,26.33.67,2026-03-03 14:19:16.888192
2401,livearchive.net,73,adequate,5,6,26.33.67,2026-03-03 14:19:25.711812
2403,fullmindlearning.com,69.666664,adequate,5,5,26.33.67,2026-03-03 14:21:06.044541
2406,web-hosting.com,74.666664,adequate,5,5,26.33.67,2026-03-03 14:21:26.003404
2409,oxidesurvival.com,80.666664,good,5,3,26.33.67,2026-03-03 14:21:34.906378
2436,openai.com,70.083336,adequate,5,6,26.33.67,2026-03-03 14:26:56.896355
2443,openai.com,71.75,adequate,5,6,26.33.67,2026-03-03 14:27:10.680624
2462,patientreminder.com,82.666664,good,5,5,26.33.67,2026-03-03 14:32:23.741201
2467,civicpermits.com,70.666664,adequate,5,5,26.33.67,2026-03-03 14:32:56.378054
2471,blauw-survey.com,72.833336,adequate,5,4,26.33.67,2026-03-03 14:33:24.541669
2473,evilhacker.com,70.666664,adequate,5,3,26.33.67,2026-03-03 14:33:27.205217
2478,markphd.me,76.583336,good,5,4,26.33.67,2026-03-03 14:33:55.467888
2479,ehmrealty.com,78.666664,good,5,5,26.33.67,2026-03-03 14:34:00.502406
2480,spitalulhorezu.ro,76.666664,good,5,5,26.33.67,2026-03-03 14:34:05.746489
2483,spitalulhorezu.ro,76.666664,good,5,5,26.33.67,2026-03-03 14:34:17.011342
2484,jonaswiegner.de,70.7619,adequate,5,7,26.33.67,2026-03-03 14:34:17.456021
2485,kisa.org.cy,84.666664,good,5,5,26.33.67,2026-03-03 14:34:18.133642
1038,co.uk,67.666664,adequate,5,2,26.26.30,2026-02-26 14:50:10.538887
1288,spitalpoianamare.ro,73.666664,adequate,5,5,26.27.09,2026-02-27 14:43:50.502305
1290,monologue.to,76.333336,good,5,6,26.27.09,2026-02-27 14:44:12.123194
1298,ibm.com,61.333332,adequate,5,6,26.27.09,2026-02-27 14:45:50.012698
1300,ibm.com,65.333336,adequate,5,6,26.27.09,2026-02-27 14:46:20.461099
1304,apple.com,76.90476,good,5,7,26.27.09,2026-02-27 14:46:58.956356
1310,zmacnashville.net,80.666664,good,5,5,26.27.09,2026-02-27 14:48:40.691095
1366,izvoru.ro,78.666664,good,5,5,26.27.09,2026-02-27 15:20:30.250149
1371,izvoru.ro,78.666664,good,5,5,26.27.09,2026-02-27 15:21:31.093434
1450,fullmindlearning.com,69.666664,adequate,5,5,26.28.18,2026-02-28 14:25:26.618518
1454,cisa.gov,71,adequate,5,6,26.28.18,2026-02-28 14:25:54.300997
1455,fullmindlearning.com,69.666664,adequate,5,5,26.28.18,2026-02-28 14:25:57.017195
1459,optonline.net,76.666664,good,5,5,26.28.18,2026-02-28 14:26:14.5749
1460,apple.com,72.61905,adequate,5,7,26.28.18,2026-02-28 14:26:16.696464
1470,cisa.gov,63,adequate,5,6,26.28.18,2026-02-28 14:26:55.227089
1472,sanatoriulbusteni.ro,74.666664,adequate,5,5,26.28.18,2026-02-28 14:27:00.357755
1475,dns-observe.com,80.666664,good,5,5,26.28.18,2026-02-28 14:28:12.268843
1532,cia.gov,76.90476,good,5,7,26.28.18,2026-02-28 14:40:13.485654
1540,ibm.com,67,adequate,5,6,26.28.18,2026-02-28 14:41:18.323903
1542,item.org,83,good,5,6,26.28.18,2026-02-28 14:43:56.26007
1543,spitalulhorezu.ro,76.666664,good,5,5,26.28.18,2026-02-28 14:44:08.671159
1544,purpleflock.com,73,adequate,5,6,26.28.18,2026-02-28 14:44:12.739037
1545,item.org,83,good,5,6,26.28.18,2026-02-28 14:44:17.617976
1547,evilhacker.com,70.666664,adequate,5,3,26.28.18,2026-02-28 14:44:26.773229
1552,poop.com,74,adequate,5,3,26.28.18,2026-02-28 14:44:40.486119
1553,dnsstuff.com,75.333336,good,5,6,26.28.18,2026-02-28 14:44:49.270714
1555,dnsstuff.com,73.666664,adequate,5,6,26.28.18,2026-02-28 14:45:20.557505
1584,zmacnashville.net,80.666664,good,5,5,26.28.20,2026-02-28 15:21:16.417747
1590,innbn-bucuresti.ro,74.666664,adequate,5,5,26.28.20,2026-02-28 15:22:35.022148
1591,monologue.to,76.333336,good,5,6,26.28.20,2026-02-28 15:22:42.784435
1592,monologue.to,74.666664,adequate,5,6,26.28.20,2026-02-28 15:23:13.66056
1670,vbabestm.ro,74.666664,adequate,5,5,26.28.35,2026-03-01 14:28:10.204502
1676,red.com,72.166664,adequate,5,6,26.28.35,2026-03-01 14:28:50.011467
1679,uptimerobot.com,75.22619,good,5,7,26.28.35,2026-03-01 14:29:01.0588
1732,jira.sovanta.com,81.333336,good,5,1,26.28.35,2026-03-01 14:40:17.684338
1734,dev.lms.fullmindlearning.com,58.083332,adequate,5,8,26.28.35,2026-03-01 14:40:19.462883
1738,sanatoriulbusteni.ro,74.666664,adequate,5,5,26.28.35,2026-03-01 14:40:34.896813
1739,dev.lms.fullmindlearning.com,59.333332,adequate,5,8,26.28.35,2026-03-01 14:40:48.430363
1740,pdcnet.org,73,adequate,5,6,26.28.35,2026-03-01 14:42:43.742185
1769,business29.web-hosting.com,71.333336,adequate,5,1,26.28.35,2026-03-01 15:38:43.705601
1772,civicpermits.com,70.666664,adequate,5,5,26.28.35,2026-03-01 15:39:21.14602
1774,surland.de,84.666664,good,5,6,26.28.35,2026-03-01 15:39:41.49103
1778,blauw-survey.com,72.833336,adequate,5,4,26.28.35,2026-03-01 15:39:59.78908
1781,misconfigured.com,77.333336,good,5,3,26.28.35,2026-03-01 15:41:41.79471
1824,livearchive.net,73,adequate,5,6,26.28.35,2026-03-02 01:46:11.672431
1847,spitalmciuc.ro,74.666664,adequate,5,5,26.28.35,2026-03-02 02:22:04.153115
1849,spitalsighet.ro,76.666664,good,5,5,26.28.35,2026-03-02 02:23:23.480644
1962,haukeflix.top,79.666664,good,5,6,26.28.42,2026-03-02 14:26:15.419168
2039,tuta.io,75.04762,good,5,7,26.28.42,2026-03-02 14:41:48.448843
2040,fluss.top,72.833336,adequate,5,4,26.28.42,2026-03-02 14:41:48.958072
2041,telekom.de,75.666664,good,5,5,26.28.42,2026-03-02 14:41:54.452819
2093,natashabedingfield.com,67.416664,adequate,5,5,26.28.42,2026-03-02 15:30:16.088469
2229,beechtreenews.com,73,adequate,5,6,26.32.59,2026-03-03 06:20:23.94863
2271,spitalmciuc.ro,74.666664,adequate,5,5,26.32.59,2026-03-03 06:31:44.909981
2279,schedule.it-help.tech,77.333336,good,5,3,26.32.59,2026-03-03 06:32:13.113757
2282,guarinoadvisors.com,73,adequate,5,6,26.32.59,2026-03-03 06:32:25.46057
2291,dpsg-radolfzell.de,76.47619,good,5,7,26.32.59,2026-03-03 06:33:24.811037
2307,com,72.666664,adequate,5,2,26.32.59,2026-03-03 06:35:41.23254
2332,misconfigured.com,77.333336,good,5,3,26.32.59,2026-03-03 06:41:32.358494
2335,livearchive.net,73,adequate,5,6,26.32.59,2026-03-03 06:41:38.940823
2339,livearchive.net,73,adequate,5,6,26.32.59,2026-03-03 06:41:54.216844
2340,insmc.ro,76.666664,good,5,5,26.32.59,2026-03-03 06:42:06.807439
2351,migrateproduction.com,72,adequate,5,6,26.32.59,2026-03-03 06:50:47.291214
2358,spitalul-municipal-timisoara.ro,66.666664,adequate,5,5,26.32.59,2026-03-03 06:51:09.215876
2389,transbusbuzau.ro,80.666664,good,5,5,26.33.67,2026-03-03 14:18:25.113935
2439,example.com,73,adequate,5,6,26.33.67,2026-03-03 14:27:08.402666
2441,apple.com,75.22619,good,5,7,26.33.67,2026-03-03 14:27:09.331956
2449,amazon.com,73.416664,adequate,5,5,26.33.67,2026-03-03 14:27:28.134998
2454,ibm.com,67,adequate,5,6,26.33.67,2026-03-03 14:28:43.22579
2457,nsa.gov,75.416664,good,5,5,26.33.67,2026-03-03 14:31:57.765549
2458,microsoft.com,82.54762,good,5,7,26.33.67,2026-03-03 14:31:58.200419
2469,business29.web-hosting.com,71.333336,adequate,5,1,26.33.67,2026-03-03 14:33:14.561689
2477,kisa.org.cy,84.666664,good,5,5,26.33.67,2026-03-03 14:33:48.147783
2481,markphd.me,76.583336,good,5,4,26.33.67,2026-03-03 14:34:13.116761
2482,ehmrealty.com,78.666664,good,5,5,26.33.67,2026-03-03 14:34:14.11947
2487,beechtreenews.com,73,adequate,5,6,26.33.67,2026-03-03 14:34:34.431866
2493,spjslatina.ro,68.666664,adequate,5,5,26.33.67,2026-03-03 14:35:15.855072
2494,mercadopago.com,72.666664,adequate,5,6,26.33.67,2026-03-03 14:35:20.838427
2499,filantropia.ro,68.666664,adequate,5,5,26.33.67,2026-03-03 14:35:45.305087
2500,sportcommunities.group,82.190475,good,5,7,26.33.67,2026-03-03 14:38:30.25408
2506,porp.stream,77.333336,good,5,3,26.33.67,2026-03-03 14:38:54.174014
2507,dpsg-bodensee.de,73,adequate,5,6,26.33.67,2026-03-03 14:38:57.199199
2511,dpsg-radolfzell.de,76.47619,good,5,7,26.33.67,2026-03-03 14:39:15.219324
2515,dpsg-radolfzell.de,76.47619,good,5,7,26.33.67,2026-03-03 14:39:23.772181
2542,sap.de,74.666664,adequate,5,5,26.33.67,2026-03-03 14:44:28.362722
2548,ietf.org,73,adequate,5,6,26.33.69,2026-03-03 15:40:39.272896
2551,google.com,69.690475,adequate,5,7,26.33.69,2026-03-03 15:43:43.246863
2553,tesla.com,65.666664,adequate,5,5,26.33.69,2026-03-03 15:45:30.09829
1040,poop.com,74,adequate,5,3,26.26.30,2026-02-26 14:50:20.817001
1041,hortongroup.com,78.666664,good,5,5,26.26.30,2026-02-26 14:50:23.50808
1042,co.uk,67.666664,adequate,5,2,26.26.30,2026-02-26 14:50:25.048449
1043,poop.com,74,adequate,5,3,26.26.30,2026-02-26 14:50:38.107298
1044,ehmrealty.com,78.666664,good,5,5,26.26.30,2026-02-26 14:50:53.827492
1045,dnstool.it-help.tech,77.333336,good,5,3,26.26.30,2026-02-26 14:51:22.164772
1046,2911.us,81.333336,good,5,6,26.26.30,2026-02-26 14:52:18.452952
1049,2911.us,81.333336,good,5,6,26.26.30,2026-02-26 14:52:48.801302
1050,example.com,69.666664,adequate,5,6,26.26.30,2026-02-26 14:52:51.505554
1051,fbi.gov,73.79762,adequate,5,7,26.26.30,2026-02-26 14:52:56.512584
1052,2911.us,81.333336,good,5,6,26.26.30,2026-02-26 14:52:56.997398
1054,amazon.com,71.416664,adequate,5,5,26.26.30,2026-02-26 14:53:00.579757
1057,fbi.gov,72.36905,adequate,5,7,26.26.30,2026-02-26 14:53:27.020272
1058,nsa.gov,75.416664,good,5,5,26.26.30,2026-02-26 14:53:28.98525
1059,fbi.gov,72.36905,adequate,5,7,26.26.30,2026-02-26 14:53:57.291008
1061,probe-us-01.dns-observe.com,70.333336,adequate,5,4,26.26.30,2026-02-26 15:07:28.858272
1062,1liner.com,78.666664,good,5,5,26.26.30,2026-02-26 15:08:07.512648
1063,glendun.com.au,80.166664,good,5,5,26.26.30,2026-02-26 15:08:13.203634
1064,zmacnashville.net,80.666664,good,5,5,26.26.30,2026-02-26 15:08:16.635345
1065,item.org,83,good,5,6,26.26.30,2026-02-26 15:08:30.892282
1066,beechtreenews.com,73,adequate,5,6,26.26.30,2026-02-26 15:08:39.06926
1067,zmacnashville.net,80.666664,good,5,5,26.26.30,2026-02-26 15:08:47.024496
1068,www.franklinroadacademy.com,60.583332,adequate,5,8,26.26.30,2026-02-26 15:08:49.808501
1069,cisa.gov,66.5,adequate,5,6,26.26.30,2026-02-26 15:08:52.17413
1070,glendun.com.au,86.666664,good,5,3,26.26.30,2026-02-26 15:08:53.97178
1071,1liner.com,78.666664,good,5,5,26.26.30,2026-02-26 15:08:54.067212
1072,item.org,81.333336,good,5,6,26.26.30,2026-02-26 15:09:00.643088
1073,item.org,83,good,5,6,26.26.30,2026-02-26 15:09:05.844513
1074,innbn-bucuresti.ro,74.666664,adequate,5,5,26.26.30,2026-02-26 15:09:07.800836
1075,beechtreenews.com,73,adequate,5,6,26.26.30,2026-02-26 15:09:09.528942
1076,www.franklinroadacademy.com,60.583332,adequate,5,8,26.26.30,2026-02-26 15:09:19.799972
1077,glendun.com.au,79.416664,good,5,5,26.26.30,2026-02-26 15:09:20.796386
1078,1liner.com,78.666664,good,5,5,26.26.30,2026-02-26 15:09:22.89903
1079,zmacnashville.net,80.666664,good,5,5,26.26.30,2026-02-26 15:09:23.049198
1080,cisa.gov,69.666664,adequate,5,6,26.26.30,2026-02-26 15:09:23.133337
1081,theojouvin.com,73,adequate,5,6,26.26.30,2026-02-26 15:09:25.895686
1082,cisa.gov,61.333332,adequate,5,6,26.26.30,2026-02-26 15:09:33.774961
1083,innbn-bucuresti.ro,74.666664,adequate,5,5,26.26.30,2026-02-26 15:09:34.646844
1084,isc.org,76.65476,good,5,7,26.26.30,2026-02-26 15:09:37.052217
1085,innbn-bucuresti.ro,74.666664,adequate,5,5,26.26.30,2026-02-26 15:09:38.794449
1086,www.franklinroadacademy.com,60.583332,adequate,5,8,26.26.30,2026-02-26 15:09:40.175719
1087,beechtreenews.com,71.333336,adequate,5,6,26.26.30,2026-02-26 15:09:40.88276
1088,theojouvin.com,70.083336,adequate,5,6,26.26.30,2026-02-26 15:09:56.139763
1089,theojouvin.com,71.75,adequate,5,6,26.26.30,2026-02-26 15:10:00.025005
1090,isc.org,76.65476,good,5,7,26.26.30,2026-02-26 15:10:07.662685
1091,isc.org,76.65476,good,5,7,26.26.30,2026-02-26 15:10:14.018153
1092,screen.it-help.tech,73.083336,adequate,5,8,26.26.30,2026-02-26 15:46:27.17237
1093,com,72.666664,adequate,5,2,26.26.30,2026-02-26 15:50:42.483581
1094,server.it-help.tech,77.333336,good,5,3,26.26.30,2026-02-26 15:51:35.360699
1095,server.it-help.tech,77.333336,good,5,3,26.26.30,2026-02-26 15:52:11.951994
1096,blauwsurvey.com,81.75,good,5,6,26.26.30,2026-02-26 15:52:15.782653
1097,blauwsurvey.com,81.75,good,5,6,26.26.30,2026-02-26 15:52:44.283227
1098,blauwsurvey.com,81.75,good,5,6,26.26.30,2026-02-26 15:52:52.922895
1099,contractvault.com,72.833336,adequate,5,4,26.26.30,2026-02-26 16:02:09.070826
1100,patientreminder.com,82.666664,good,5,5,26.26.30,2026-02-26 16:02:12.987802
1101,schedule.it-help.tech,77.333336,good,5,3,26.26.33,2026-02-26 16:05:18.04619
1102,civicpermits.com,70.666664,adequate,5,5,26.26.33,2026-02-26 16:07:46.279144
1103,spjslatina.ro,68.666664,adequate,5,5,26.26.33,2026-02-26 16:07:49.263733
1104,mx1.blauw-survey.com,71.333336,adequate,5,1,26.26.33,2026-02-26 16:08:29.185096
1105,tesla.com,67.666664,adequate,5,5,26.26.33,2026-02-26 16:08:49.361774
1106,civicpermits.com,70.666664,adequate,5,5,26.26.33,2026-02-26 16:13:05.26574
1107,spitalpoianamare.ro,74.666664,adequate,5,5,26.26.33,2026-02-26 16:17:17.590465
1108,blauw-survey.com,72.833336,adequate,5,4,26.26.33,2026-02-26 16:18:55.199267
1109,dispatchgrid.com,82.666664,good,5,5,26.26.33,2026-02-26 16:26:49.427436
1110,monologue.to,76.333336,good,5,6,26.26.33,2026-02-26 16:28:07.616928
1111,cisa.gov,67,adequate,5,6,26.26.33,2026-02-26 16:33:52.000303
1112,github.com,70.333336,adequate,5,6,26.26.33,2026-02-26 17:14:56.966205
1113,probe-us-01.dns-observe.com,70.333336,adequate,5,4,26.26.34,2026-02-26 17:18:31.545225
1114,isc.org,76.90476,good,5,7,26.26.34,2026-02-26 17:28:24.896898
1115,dnsstuff.com,75.333336,good,5,6,26.26.34,2026-02-26 17:28:48.796951
1116,natashabedingfield.com,67.666664,adequate,5,5,26.26.34,2026-02-26 17:35:43.227107
1117,dns-observe.com,76.666664,good,5,5,26.26.34,2026-02-26 17:41:34.676583
1118,dns-observe.com,76.666664,good,5,5,26.26.39,2026-02-26 17:48:52.078022
1119,dns-observe.com,76.666664,good,5,5,26.26.39,2026-02-26 17:54:03.098481
1120,getmsg.ai,73,adequate,5,6,26.26.39,2026-02-26 17:55:52.05726
1121,dns-observe.com,78.666664,good,5,5,26.26.39,2026-02-26 18:22:37.025143
1122,insmc.ro,78.666664,good,5,5,26.26.39,2026-02-26 18:23:13.699377
1123,insmc.ro,78.666664,good,5,5,26.26.39,2026-02-26 18:23:27.238421
1124,isc.org,76.65476,good,5,7,26.26.39,2026-02-26 18:23:32.414339
1125,isc.org,76.65476,good,5,7,26.26.39,2026-02-26 18:23:55.641879
1126,screen.it-help.tech,74.333336,adequate,5,8,26.26.39,2026-02-26 18:28:20.540904
1127,dispatchgrid.com,82.666664,good,5,5,26.26.39,2026-02-26 18:28:35.576146
1128,spitalcampina.ro,72.666664,adequate,5,5,26.26.39,2026-02-26 18:29:10.298555
1129,networksolutions.com,75.666664,good,5,5,26.27.02,2026-02-26 18:53:46.075319
1130,com.au,72.666664,adequate,5,2,26.27.02,2026-02-26 18:54:00.314504
1131,reconfirm.com,73,adequate,5,6,26.27.02,2026-02-26 19:10:10.096055
1132,kadse.dev,70.666664,adequate,5,3,26.27.02,2026-02-26 19:10:50.293016
1133,dns-observe.com,76.666664,good,5,5,26.27.03,2026-02-26 19:22:27.223995
1134,www.franklinroadacademy.com,60.583332,adequate,5,8,26.27.03,2026-02-26 19:22:35.174485
1135,isc.org,76.90476,good,5,7,26.27.03,2026-02-26 19:23:12.124851
1136,www.franklinroadacademy.com,60.583332,adequate,5,8,26.27.03,2026-02-26 19:23:44.02456
1137,surland.de,84.666664,good,5,6,26.27.03,2026-02-26 19:25:06.821727
1138,tuta.io,70.7619,adequate,5,7,26.27.03,2026-02-26 19:25:10.374778
1139,isc.org,74.04762,adequate,5,7,26.27.03,2026-02-26 19:26:15.133468
1140,ietf.org,73,adequate,5,6,26.27.03,2026-02-26 19:45:45.750997
1141,blauw.com,79.666664,good,5,5,26.27.03,2026-02-26 20:02:19.822077
1142,meg.abyt.es,71.666664,adequate,5,2,26.27.03,2026-02-26 20:02:20.350376
1143,blauw.com,79.666664,good,5,5,26.27.03,2026-02-26 20:02:35.704595
1144,it-help.tech,80.190475,good,5,7,26.27.03,2026-02-26 20:11:30.504635
1145,www.franklinroadacademy.com,60.583332,adequate,5,8,26.27.03,2026-02-26 20:46:16.857753
1146,franklinroadacademy.com,72.666664,adequate,5,5,26.27.03,2026-02-26 20:47:36.965576
1147,westcappowerequipment.com,80.666664,good,5,5,26.27.03,2026-02-26 21:11:23.156953
1148,com,72.666664,adequate,5,2,26.27.03,2026-02-26 21:24:23.147151
1149,nsfnow.com,82.666664,good,5,5,26.27.03,2026-02-26 22:15:38.713533
1150,mtadistributors.com,76.666664,good,5,5,26.27.03,2026-02-26 22:18:56.696767
1151,business29.web-hosting.com,71.333336,adequate,5,1,26.27.03,2026-02-26 23:05:05.011075
1152,web-hosting.com,74.666664,adequate,5,5,26.27.03,2026-02-26 23:08:23.816199
1153,web-hosting.com,74.666664,adequate,5,5,26.27.03,2026-02-26 23:08:42.274875
1154,web-hosting.com,74.666664,adequate,5,5,26.27.03,2026-02-26 23:08:42.627824
1155,web-hosting.com,70.666664,adequate,5,5,26.27.03,2026-02-26 23:09:07.426457
1156,misconfigured.com,77.333336,good,5,3,26.27.09,2026-02-27 01:55:34.914612
1157,misconfigured.com,77.333336,good,5,3,26.27.09,2026-02-27 01:56:10.460528
1158,it-help.tech,80.190475,good,5,7,26.27.09,2026-02-27 02:55:36.175492
1159,it-help.tech,80.190475,good,5,7,26.27.09,2026-02-27 02:56:17.986216
1160,co.uk,67.666664,adequate,5,2,26.27.09,2026-02-27 03:24:34.353411
1161,nsa.gov,75.666664,good,5,5,26.27.09,2026-02-27 05:58:10.247699
1162,tuta.io,75.04762,good,5,7,26.27.09,2026-02-27 06:34:58.598194
1163,nsa.gov,75.666664,good,5,5,26.27.09,2026-02-27 07:03:57.344272
1164,screen.it-help.tech,69.583336,adequate,5,8,26.27.09,2026-02-27 07:19:36.204768
1165,blauw-survey.com,72.833336,adequate,5,4,26.27.09,2026-02-27 07:20:26.017679
1166,tesla.com,65.666664,adequate,5,5,26.27.09,2026-02-27 09:48:58.795817
1167,surland.de,84.666664,good,5,6,26.27.09,2026-02-27 10:33:01.345419
1168,usa.gov,72.666664,adequate,5,5,26.27.09,2026-02-27 10:54:20.414027
1169,atelier13-usa.com,84.666664,good,5,5,26.27.09,2026-02-27 10:59:36.488581
1170,spitalcampina.ro,72.666664,adequate,5,5,26.27.09,2026-02-27 11:25:50.583691
1171,westbyforcongress.com,80.666664,good,5,5,26.27.09,2026-02-27 11:31:17.670572
1172,civicpermits.com,70.666664,adequate,5,5,26.27.09,2026-02-27 12:16:46.616769
1173,spjslatina.ro,68.666664,adequate,5,5,26.27.09,2026-02-27 12:16:55.198845
1174,vbabestm.ro,74.666664,adequate,5,5,26.27.09,2026-02-27 12:52:05.487679
1175,spitalul-municipal-timisoara.ro,66.666664,adequate,5,5,26.27.09,2026-02-27 13:53:14.169889
1176,nlnetlabs.nl,68,adequate,5,6,26.27.09,2026-02-27 14:24:27.567419
1177,google.com,70.190475,adequate,5,7,26.27.09,2026-02-27 14:24:31.509008
1178,freebsd.org,83.61905,good,5,7,26.27.09,2026-02-27 14:24:33.511264
1179,ietf.org,73,adequate,5,6,26.27.09,2026-02-27 14:24:35.581984
1180,nlnetlabs.nl,68,adequate,5,6,26.27.09,2026-02-27 14:24:58.348597
1181,tesla.com,65.416664,adequate,5,5,26.27.09,2026-02-27 14:24:59.463211
1182,google.com,69.690475,adequate,5,7,26.27.09,2026-02-27 14:25:02.318391
1183,misconfigured.com,77.333336,good,5,3,26.27.09,2026-02-27 14:25:03.15938
1184,spjslatina.ro,68.666664,adequate,5,5,26.27.09,2026-02-27 14:25:03.476881
1185,freebsd.org,85.04762,good,5,7,26.27.09,2026-02-27 14:25:03.900771
1186,ietf.org,71.333336,adequate,5,6,26.27.09,2026-02-27 14:25:05.973008
1187,it-help.tech,79.690475,good,5,7,26.27.09,2026-02-27 14:25:07.521824
1188,web-hosting.com,74.666664,adequate,5,5,26.27.09,2026-02-27 14:25:25.986603
1189,spjslatina.ro,68.666664,adequate,5,5,26.27.09,2026-02-27 14:25:26.516325
1190,ietf.org,73,adequate,5,6,26.27.09,2026-02-27 14:25:26.712753
1191,google.com,69.690475,adequate,5,7,26.27.09,2026-02-27 14:25:27.313398
1192,nlnetlabs.nl,68,adequate,5,6,26.27.09,2026-02-27 14:25:28.353899
1193,tesla.com,65.416664,adequate,5,5,26.27.09,2026-02-27 14:25:30.939711
1194,co.uk,67.666664,adequate,5,2,26.27.09,2026-02-27 14:25:31.575908
1195,freebsd.org,85.22619,good,5,7,26.27.09,2026-02-27 14:25:34.342798
1196,it-help.tech,79.690475,good,5,7,26.27.09,2026-02-27 14:25:36.883792
1197,blauw-survey.com,72.833336,adequate,5,4,26.27.09,2026-02-27 14:25:39.624764
1198,civicpermits.com,72.666664,adequate,5,5,26.27.09,2026-02-27 14:25:47.62966
1199,spitalcampina.ro,72.666664,adequate,5,5,26.27.09,2026-02-27 14:25:49.661474
1200,co.uk,67.666664,adequate,5,2,26.27.09,2026-02-27 14:25:49.764701
1201,web-hosting.com,74.666664,adequate,5,5,26.27.09,2026-02-27 14:25:56.111021
1202,tesla.com,65.416664,adequate,5,5,26.27.09,2026-02-27 14:26:00.414197
1203,business29.web-hosting.com,71.333336,adequate,5,1,26.27.09,2026-02-27 14:26:05.631792
1204,surland.de,84.666664,good,5,6,26.27.09,2026-02-27 14:26:09.650471
1205,blauw-survey.com,72.833336,adequate,5,4,26.27.09,2026-02-27 14:26:10.09031
1206,civicpermits.com,70.666664,adequate,5,5,26.27.09,2026-02-27 14:26:12.461897
1207,spitalul-municipal-timisoara.ro,66.666664,adequate,5,5,26.27.09,2026-02-27 14:26:13.394281
1208,business29.web-hosting.com,71.333336,adequate,5,1,26.27.09,2026-02-27 14:26:19.617626
1209,spitalcampina.ro,74.666664,adequate,5,5,26.27.09,2026-02-27 14:26:20.048461
1210,web-hosting.com,74.666664,adequate,5,5,26.27.09,2026-02-27 14:26:24.856513
1211,tuta.io,75.04762,good,5,7,26.27.09,2026-02-27 14:26:27.641838
1212,blauw-survey.com,72.833336,adequate,5,4,26.27.09,2026-02-27 14:26:30.581786
1213,surland.de,84.666664,good,5,6,26.27.09,2026-02-27 14:26:32.07804
1214,com,67.666664,adequate,5,2,26.27.09,2026-02-27 14:26:37.714851
1215,com,67.666664,adequate,5,2,26.27.09,2026-02-27 14:26:42.2837
1216,nsa.gov,75.666664,good,5,5,26.27.09,2026-02-27 14:26:45.649764
1217,spitalcampina.ro,74.666664,adequate,5,5,26.27.09,2026-02-27 14:26:50.569644
1218,tuta.io,75.04762,good,5,7,26.27.09,2026-02-27 14:26:58.0886
1219,screen.it-help.tech,74.333336,adequate,5,8,26.27.09,2026-02-27 14:27:03.670881
1220,vbabestm.ro,74.666664,adequate,5,5,26.27.09,2026-02-27 14:27:13.788946
1221,nsa.gov,73.666664,adequate,5,5,26.27.09,2026-02-27 14:27:16.791462
1222,tuta.io,75.04762,good,5,7,26.27.09,2026-02-27 14:27:28.563889
1224,vbabestm.ro,74.666664,adequate,5,5,26.27.09,2026-02-27 14:27:44.255252
1299,apple.com,74.04762,adequate,5,7,26.27.09,2026-02-27 14:45:58.107695
1301,apple.com,76.90476,good,5,7,26.27.09,2026-02-27 14:46:28.513995
1303,ibm.com,71,adequate,5,6,26.27.09,2026-02-27 14:46:50.914562
1307,item.org,83,good,5,6,26.27.09,2026-02-27 14:47:58.253991
1308,zmacnashville.net,80.666664,good,5,5,26.27.09,2026-02-27 14:48:10.24058
1309,item.org,83,good,5,6,26.27.09,2026-02-27 14:48:20.64237
1368,knoxminerals.com,74.666664,adequate,5,5,26.27.09,2026-02-27 15:20:36.724207
1369,izvoru.ro,78.666664,good,5,5,26.27.09,2026-02-27 15:21:00.637111
1370,knoxminerals.com,74.666664,adequate,5,5,26.27.09,2026-02-27 15:21:07.056666
1467,probe-us-01.dns-observe.com,75.333336,good,5,4,26.28.18,2026-02-28 14:26:51.08547
1535,cloudflare.com,71.190475,adequate,5,7,26.28.18,2026-02-28 14:40:24.502191
1537,openai.com,72,adequate,5,6,26.28.18,2026-02-28 14:40:45.90823
1541,sap.de,74.666664,adequate,5,5,26.28.18,2026-02-28 14:43:26.276587
1585,innbn-bucuresti.ro,74.666664,adequate,5,5,26.28.20,2026-02-28 15:21:34.194784
1586,zmacnashville.net,80.666664,good,5,5,26.28.20,2026-02-28 15:21:46.4603
1587,innbn-bucuresti.ro,74.666664,adequate,5,5,26.28.20,2026-02-28 15:22:04.558171
1588,monologue.to,76.333336,good,5,6,26.28.20,2026-02-28 15:22:12.315349
1671,spitalulhorezu.ro,76.666664,good,5,5,26.28.35,2026-03-01 14:28:17.238049
1674,red.com,72.166664,adequate,5,6,26.28.35,2026-03-01 14:28:19.502574
1680,spjslatina.ro,68.666664,adequate,5,5,26.28.35,2026-03-01 14:29:10.678626
1733,filantropia.ro,68.666664,adequate,5,5,26.28.35,2026-03-01 14:40:18.554697
1735,migrateproduction.com,70.083336,adequate,5,6,26.28.35,2026-03-01 14:40:27.015237
1773,civicpermits.com,70.666664,adequate,5,5,26.28.35,2026-03-01 15:39:26.594954
1776,blauw-survey.com,72.833336,adequate,5,4,26.28.35,2026-03-01 15:39:53.337326
1825,telekom.de,77.666664,good,5,5,26.28.35,2026-03-02 01:46:41.651379
1850,ohg-nagold.de,66.666664,adequate,5,5,26.28.35,2026-03-02 02:28:17.305517
1851,jonaswiegner.de,70.7619,adequate,5,7,26.28.35,2026-03-02 02:28:41.158591
1970,rocket-hd.cc,80.666664,good,5,5,26.28.42,2026-03-02 14:26:44.046226
2042,maltejk.de,76.47619,good,5,7,26.28.42,2026-03-02 14:41:55.500618
2056,beechtreenews.com,73,adequate,5,6,26.28.42,2026-03-02 14:44:28.105721
2058,tesla.com,65.416664,adequate,5,5,26.28.42,2026-03-02 14:44:35.07893
2060,misconfigured.com,77.333336,good,5,3,26.28.42,2026-03-02 14:44:37.124949
2063,markphd.me,76.583336,good,5,4,26.28.42,2026-03-02 14:44:46.850706
2064,misconfigured.com,77.333336,good,5,3,26.28.42,2026-03-02 14:44:52.997898
2094,couchmvp.com,77.666664,good,5,2,26.28.42,2026-03-02 15:41:09.883562
2095,isc.org,76.90476,good,5,7,26.28.42,2026-03-02 15:41:28.40104
2098,cisa.gov,71,adequate,5,6,26.28.42,2026-03-02 15:41:44.651005
2105,uptimerobot.com,74.04762,adequate,5,7,26.28.42,2026-03-02 15:42:37.656229
2107,business29.web-hosting.com,71.333336,adequate,5,1,26.28.42,2026-03-02 15:42:45.345876
2115,co.uk,67.666664,adequate,5,2,26.28.42,2026-03-02 15:43:42.976361
2117,patientreminder.com,82.666664,good,5,5,26.28.42,2026-03-02 15:45:12.646421
2120,hegel.org,84.666664,good,5,5,26.28.42,2026-03-02 15:45:19.118391
2121,purpleflock.com,73,adequate,5,6,26.28.42,2026-03-02 15:45:44.357588
2123,vbabestm.ro,74.666664,adequate,5,5,26.28.42,2026-03-02 15:45:51.663895
2124,ibm.com,67.666664,adequate,5,6,26.28.42,2026-03-02 15:45:55.257771
2127,purpleflock.com,71.333336,adequate,5,6,26.28.42,2026-03-02 15:46:00.751428
2129,ehmrealty.com,78.666664,good,5,5,26.28.42,2026-03-02 15:46:15.677606
2230,microsoft.com,77.333336,good,5,7,26.32.59,2026-03-03 06:24:25.045553
2231,microsoft.com,81.61905,good,5,7,26.32.59,2026-03-03 06:24:31.762759
2234,example.com,71.333336,adequate,5,6,26.32.59,2026-03-03 06:24:41.999544
2235,it-help.tech,80.190475,good,5,7,26.32.59,2026-03-03 06:24:42.934561
2239,openai.com,70.333336,adequate,5,6,26.32.59,2026-03-03 06:25:18.116087
2240,amazon.com,69.666664,adequate,5,5,26.32.59,2026-03-03 06:25:19.893655
2243,openai.com,72,adequate,5,6,26.32.59,2026-03-03 06:25:34.95338
2244,2911.us,81.333336,good,5,6,26.32.59,2026-03-03 06:25:37.311681
2245,2911.us,81.333336,good,5,6,26.32.59,2026-03-03 06:25:38.146736
2272,reconfirm.com,73,adequate,5,6,26.32.59,2026-03-03 06:31:45.569624
2274,sportcommunities.group,82.190475,good,5,7,26.32.59,2026-03-03 06:31:47.317959
2285,spital-izvoru.ro,74.666664,adequate,5,5,26.32.59,2026-03-03 06:32:46.377964
2292,spitalsighet.ro,76.666664,good,5,5,26.32.59,2026-03-03 06:33:25.203061
2301,cnn.com,68.666664,adequate,5,6,26.32.59,2026-03-03 06:35:11.270049
2311,tuta.io,75.04762,good,5,7,26.32.59,2026-03-03 06:36:09.044186
2336,innbn-bucuresti.ro,74.666664,adequate,5,5,26.32.59,2026-03-03 06:41:48.542571
2338,insmc.ro,76.666664,good,5,5,26.32.59,2026-03-03 06:41:50.993291
2359,spitalul-municipal-timisoara.ro,66.666664,adequate,5,5,26.32.59,2026-03-03 06:51:17.766847
2360,dispatchgrid.com,82.666664,good,5,5,26.32.59,2026-03-03 06:51:29.376888
2404,me,72.666664,adequate,5,2,26.33.67,2026-03-03 14:21:10.202512
2408,web-hosting.com,74.666664,adequate,5,5,26.33.67,2026-03-03 14:21:31.552715
2411,optonline.net,76.666664,good,5,5,26.33.67,2026-03-03 14:22:07.144413
2440,amazon.com,71.416664,adequate,5,5,26.33.67,2026-03-03 14:27:08.433797
2472,kisa.org.cy,84.666664,good,5,5,26.33.67,2026-03-03 14:33:26.264738
2474,blauw-survey.com,72.833336,adequate,5,4,26.33.67,2026-03-03 14:33:32.643773
2475,purpleflock.com,73,adequate,5,6,26.33.67,2026-03-03 14:33:36.303586
2476,evilhacker.com,70.666664,adequate,5,3,26.33.67,2026-03-03 14:33:42.752013
2502,technikfreak.co,74,adequate,5,3,26.33.67,2026-03-03 14:38:40.136489
2517,spitalmciuc.ro,74.666664,adequate,5,5,26.33.67,2026-03-03 14:39:23.838019
2525,poop.com,74,adequate,5,3,26.33.67,2026-03-03 14:43:17.497654
2543,usa.gov,72.666664,adequate,5,5,26.33.69,2026-03-03 15:20:17.281096
2545,whitehouse.gov,73.666664,adequate,5,5,26.33.69,2026-03-03 15:20:23.97278
2549,nlnetlabs.nl,68,adequate,5,6,26.33.69,2026-03-03 15:41:42.782162
2554,cisa.gov,70.5,adequate,5,6,26.33.69,2026-03-03 15:46:27.223471
2555,github.com,72,adequate,5,6,26.33.69,2026-03-03 15:47:48.438128
2557,dpsg-radolfzell.de,76.47619,good,5,7,26.33.69,2026-03-03 15:49:23.002496
2558,sap.de,74.666664,adequate,5,5,26.33.69,2026-03-03 15:50:38.793837
2560,natashabedingfield.com,69.666664,adequate,5,5,26.33.69,2026-03-03 15:52:53.933299
2567,hegel.net,76.333336,good,5,6,26.33.80,2026-03-03 21:40:14.852701
2571,apple.com,74.04762,adequate,5,7,26.33.81,2026-03-03 22:16:07.136944
1223,screen.it-help.tech,73.333336,adequate,5,8,26.27.09,2026-02-27 14:27:34.122635
1302,microsoft.com,77.333336,good,5,7,26.27.09,2026-02-27 14:46:30.109702
1305,microsoft.com,83.04762,good,5,7,26.27.09,2026-02-27 14:47:00.506802
1306,microsoft.com,77.333336,good,5,7,26.27.09,2026-02-27 14:47:30.954879
1311,zmacnashville.net,80.666664,good,5,5,26.27.09,2026-02-27 14:49:11.167699
1372,github.com,76,good,5,6,26.27.09,2026-02-27 15:58:53.937229
1469,spitalpoianamare.ro,74.666664,adequate,5,5,26.28.18,2026-02-28 14:26:52.625794
1473,spitalpoianamare.ro,74.666664,adequate,5,5,26.28.18,2026-02-28 14:27:18.121232
1474,probe-us-01.dns-observe.com,75.333336,good,5,4,26.28.18,2026-02-28 14:27:19.041738
1536,cia.gov,76.90476,good,5,7,26.28.18,2026-02-28 14:40:44.153318
1538,ibm.com,67,adequate,5,6,26.28.18,2026-02-28 14:40:51.639767
1539,cia.gov,75.47619,good,5,7,26.28.18,2026-02-28 14:41:09.989261
1589,zmacnashville.net,80.666664,good,5,5,26.28.20,2026-02-28 15:22:17.064763
1672,vbabestm.ro,74.666664,adequate,5,5,26.28.35,2026-03-01 14:28:17.749373
1673,sap.de,74.666664,adequate,5,5,26.28.35,2026-03-01 14:28:18.690971
1736,jira.sovanta.com,80.083336,good,5,1,26.28.35,2026-03-01 14:40:27.825583
1737,filantropia.ro,68.666664,adequate,5,5,26.28.35,2026-03-01 14:40:30.534924
1777,surland.de,84.666664,good,5,6,26.28.35,2026-03-01 15:39:54.031647
1782,screen.it-help.tech,73.333336,adequate,5,8,26.28.35,2026-03-01 15:41:52.533011
1784,tuta.io,73.61905,adequate,5,7,26.28.35,2026-03-01 15:42:05.39266
1785,tuta.io,75.04762,good,5,7,26.28.35,2026-03-01 15:42:13.06552
1826,fluss.top,72.833336,adequate,5,4,26.28.35,2026-03-02 01:46:45.726631
1827,oxidesurvival.com,80.666664,good,5,3,26.28.35,2026-03-02 01:47:51.904749
1852,spital-izvoru.ro,74.666664,adequate,5,5,26.28.35,2026-03-02 02:28:56.686683
1856,ohg-nagold.eu,81.333336,good,5,6,26.28.35,2026-03-02 02:33:19.221407
1971,spital-breaza.ro,74.666664,adequate,5,5,26.28.42,2026-03-02 14:26:50.79729
1973,nsa.gov,73.666664,adequate,5,5,26.28.42,2026-03-02 14:29:41.021776
1974,it-help.tech,80.190475,good,5,7,26.28.42,2026-03-02 14:29:44.304801
1975,nsa.gov,73.666664,adequate,5,5,26.28.42,2026-03-02 14:29:47.074198
1993,cloudflare.com,69.7619,adequate,5,7,26.28.42,2026-03-02 14:31:06.079921
2045,telekom.de,73.416664,adequate,5,5,26.28.42,2026-03-02 14:42:09.904915
2047,aither.cc,66.666664,adequate,5,5,26.28.42,2026-03-02 14:42:15.951791
2048,benav.cc,77.666664,good,5,2,26.28.42,2026-03-02 14:42:18.587135
2054,tesla.com,65.666664,adequate,5,5,26.28.42,2026-03-02 14:44:18.102073
2096,isc.org,76.90476,good,5,7,26.28.42,2026-03-02 15:41:38.537885
2097,cisa.gov,67,adequate,5,6,26.28.42,2026-03-02 15:41:39.32403
2100,sap.de,74.666664,adequate,5,5,26.28.42,2026-03-02 15:41:51.889948
2101,spjslatina.ro,68.666664,adequate,5,5,26.28.42,2026-03-02 15:42:03.682168
2102,spjslatina.ro,68.666664,adequate,5,5,26.28.42,2026-03-02 15:42:14.903539
2119,patientreminder.com,82.666664,good,5,5,26.28.42,2026-03-02 15:45:17.333299
2232,cloudflare.com,72.61905,adequate,5,7,26.32.59,2026-03-03 06:24:33.065431
2237,example.com,71.333336,adequate,5,6,26.32.59,2026-03-03 06:24:46.527199
2238,it-help.tech,80.190475,good,5,7,26.32.59,2026-03-03 06:24:49.25475
2247,fbi.gov,68.333336,adequate,5,7,26.32.59,2026-03-03 06:25:43.128006
2250,nsa.gov,73.666664,adequate,5,5,26.32.59,2026-03-03 06:25:53.085576
2273,www.mercadopago.com,58.333332,adequate,5,8,26.32.59,2026-03-03 06:31:45.676505
2276,www.mercadopago.com,59.333332,adequate,5,8,26.32.59,2026-03-03 06:32:02.546983
2284,porp.stream,77.333336,good,5,3,26.32.59,2026-03-03 06:32:41.772187
2287,dpsg-radolfzell.de,76.47619,good,5,7,26.32.59,2026-03-03 06:32:54.194502
2297,pdcnet.org,73,adequate,5,6,26.32.59,2026-03-03 06:35:02.77956
2312,tuta.io,75.04762,good,5,7,26.32.59,2026-03-03 06:36:12.051522
2315,dev.lms.fullmindlearning.com,58.583332,adequate,5,8,26.32.59,2026-03-03 06:36:29.498734
2316,me,72.666664,adequate,5,2,26.32.59,2026-03-03 06:36:38.383164
2317,oxidesurvival.com,80.666664,good,5,3,26.32.59,2026-03-03 06:36:45.793871
2337,misconfigured.com,77.333336,good,5,3,26.32.59,2026-03-03 06:41:49.256508
2405,fullmindlearning.com,69.666664,adequate,5,5,26.33.67,2026-03-03 14:21:12.921352
2407,oxidesurvival.com,80.666664,good,5,3,26.33.67,2026-03-03 14:21:28.961382
2415,proton.me,73.666664,adequate,5,6,26.33.67,2026-03-03 14:22:36.16218
2416,spitalsighet.ro,76.666664,good,5,5,26.33.67,2026-03-03 14:22:36.589711
2417,tuta.io,73.61905,adequate,5,7,26.33.67,2026-03-03 14:22:44.100048
2419,proton.me,76.75,good,5,6,26.33.67,2026-03-03 14:22:47.932029
2424,uke.de,68.416664,adequate,5,6,26.33.67,2026-03-03 14:23:18.252055
2428,pdcnet.org,73,adequate,5,6,26.33.67,2026-03-03 14:23:24.041943
2429,hotmail.com,81.333336,good,5,6,26.33.67,2026-03-03 14:23:24.558933
2430,cnn.com,68.416664,adequate,5,6,26.33.67,2026-03-03 14:23:25.035344
2442,cloudflare.com,69.5119,adequate,5,7,26.33.67,2026-03-03 14:27:10.555047
2444,2911.us,81.333336,good,5,6,26.33.67,2026-03-03 14:27:15.506337
2451,ibm.com,62.5,adequate,5,6,26.33.67,2026-03-03 14:28:01.112197
2486,spitalsinaia.ro,76.666664,good,5,5,26.33.67,2026-03-03 14:34:34.108876
2488,binaryflix.space,77.333336,good,5,3,26.33.67,2026-03-03 14:34:35.684645
2491,ohg-nagold.de,66.666664,adequate,5,5,26.33.67,2026-03-03 14:35:11.126048
2492,ohg-nagold.de,66.666664,adequate,5,5,26.33.67,2026-03-03 14:35:14.780947
2497,mercadopago.com,71,adequate,5,6,26.33.67,2026-03-03 14:35:27.052606
2503,sportcommunities.group,82.190475,good,5,7,26.33.67,2026-03-03 14:38:52.488415
2512,spital-izvoru.ro,74.666664,adequate,5,5,26.33.67,2026-03-03 14:39:17.133399
2513,reconfirm.com,73,adequate,5,6,26.33.67,2026-03-03 14:39:18.454511
2520,burghele.ro,74.666664,adequate,5,5,26.33.67,2026-03-03 14:39:53.500031
2521,sovanta.com,77.416664,good,5,5,26.33.67,2026-03-03 14:41:02.16653
2522,sovanta.com,81.666664,good,5,5,26.33.67,2026-03-03 14:41:15.901388
2523,tesla.com,65.666664,adequate,5,5,26.33.67,2026-03-03 14:43:12.461787
2524,cisa.gov,67,adequate,5,6,26.33.67,2026-03-03 14:43:14.547068
2527,tesla.com,65.416664,adequate,5,5,26.33.67,2026-03-03 14:43:27.743486
2528,cisa.gov,70.5,adequate,5,6,26.33.67,2026-03-03 14:43:29.729858
2529,poop.com,74,adequate,5,3,26.33.67,2026-03-03 14:43:32.979909
2530,switch.com,69.416664,adequate,5,5,26.33.67,2026-03-03 14:43:36.31605
2531,izvoru.ro,78.666664,good,5,5,26.33.67,2026-03-03 14:43:38.491525
2533,github.com,69.166664,adequate,5,6,26.33.67,2026-03-03 14:43:41.694645
2538,cisa.gov,70.5,adequate,5,6,26.33.67,2026-03-03 14:43:53.412232
2541,server.it-help.tech,77.333336,good,5,3,26.33.67,2026-03-03 14:44:11.579233
2544,whitehouse.gov,75.666664,good,5,5,26.33.69,2026-03-03 15:20:18.89345
1225,nsa.gov,73.666664,adequate,5,5,26.27.09,2026-02-27 14:27:47.281026
1312,cia.gov,76.90476,good,5,7,26.27.09,2026-02-27 14:50:26.39479
1313,cia.gov,75.47619,good,5,7,26.27.09,2026-02-27 14:50:47.789298
1317,openai.com,70.333336,adequate,5,6,26.27.09,2026-02-27 14:51:26.83308
1476,jira.sovanta.com,81.333336,good,5,1,26.28.18,2026-02-28 14:32:13.288017
1477,franklinroadacademy.com,74.666664,adequate,5,5,26.28.18,2026-02-28 14:34:35.189614
1481,misconfigured.com,77.333336,good,5,3,26.28.18,2026-02-28 14:34:56.946083
1493,screen.it-help.tech,73.083336,adequate,5,8,26.28.18,2026-02-28 14:36:00.845345
1496,nsa.gov,75.666664,good,5,5,26.28.18,2026-02-28 14:36:15.405125
1498,surland.de,84.666664,good,5,6,26.28.18,2026-02-28 14:36:27.68292
1546,spitalulhorezu.ro,76.666664,good,5,5,26.28.18,2026-02-28 14:44:22.124557
1556,dnsstuff.com,73.666664,adequate,5,6,26.28.18,2026-02-28 14:45:51.042514
1557,spitalul-municipal-timisoara.ro,66.666664,adequate,5,5,26.28.18,2026-02-28 14:47:54.663863
1560,civicpermits.com,70.666664,adequate,5,5,26.28.18,2026-02-28 14:48:34.544309
1593,mx1.blauw-survey.com,71.333336,adequate,5,1,26.28.20,2026-02-28 15:28:00.657996
1596,mx1.blauw-survey.com,71.333336,adequate,5,1,26.28.20,2026-02-28 15:28:30.744761
1599,mx1.blauw-survey.com,71.333336,adequate,5,1,26.28.20,2026-02-28 15:29:01.254932
1601,tesla.com,65.666664,adequate,5,5,26.28.20,2026-02-28 15:29:21.803988
1675,westbyforcongress.com,80.666664,good,5,5,26.28.35,2026-03-01 14:28:33.865232
1677,cloudflare.com,70.940475,adequate,5,7,26.28.35,2026-03-01 14:28:50.190949
1741,pdcnet.org,73,adequate,5,6,26.28.35,2026-03-01 14:43:14.558752
1743,1liner.com,78.666664,good,5,5,26.28.35,2026-03-01 14:44:26.530043
1753,glendun.com.au,80.666664,good,5,5,26.28.35,2026-03-01 14:47:09.269008
1780,misconfigured.com,77.333336,good,5,3,26.28.35,2026-03-01 15:41:36.426613
1783,tesla.com,67.666664,adequate,5,5,26.28.35,2026-03-01 15:41:59.427945
1788,spitalcampina.ro,72.666664,adequate,5,5,26.28.35,2026-03-01 15:42:35.485134
1798,markphd.me,76.833336,good,5,4,26.28.35,2026-03-01 16:56:54.356206
1799,beechtreenews.com,73,adequate,5,6,26.28.35,2026-03-01 19:01:03.982762
1800,apple.com,72.61905,adequate,5,7,26.28.35,2026-03-01 19:15:13.33309
1801,valentin.run,69.666664,adequate,5,5,26.28.35,2026-03-01 20:22:44.194451
1802,valentin.run,71.333336,adequate,5,6,26.28.35,2026-03-01 20:26:38.449299
1804,valentin.run,77,good,5,6,26.28.35,2026-03-01 20:32:23.14137
1806,anva.ch,82.190475,good,5,7,26.28.35,2026-03-01 20:36:21.883951
1807,valentin.run,68,adequate,5,6,26.28.35,2026-03-01 20:42:29.714421
1828,benav.cc,77.666664,good,5,2,26.28.35,2026-03-02 01:56:48.250417
1829,insmc.ro,76.666664,good,5,5,26.28.35,2026-03-02 01:57:46.010885
1853,guarinoadvisors.com,73,adequate,5,6,26.28.35,2026-03-02 02:29:55.496153
1869,squareup.com,71.666664,adequate,5,5,26.28.35,2026-03-02 03:35:41.428259
1870,surland.de,84.666664,good,5,6,26.28.42,2026-03-02 12:25:41.47063
1871,kisa.org.cy,84.666664,good,5,5,26.28.42,2026-03-02 14:10:06.990659
1873,dispatchgrid.com,82.666664,good,5,5,26.28.42,2026-03-02 14:10:42.859726
1874,kisa.org.cy,84.666664,good,5,5,26.28.42,2026-03-02 14:11:31.53188
1875,ohg-nagold.eu,81.333336,good,5,6,26.28.42,2026-03-02 14:19:28.197138
1876,nlnetlabs.nl,68,adequate,5,6,26.28.42,2026-03-02 14:19:42.538718
1878,freebsd.org,83.61905,good,5,7,26.28.42,2026-03-02 14:19:46.519496
1884,freebsd.org,83.61905,good,5,7,26.28.42,2026-03-02 14:19:53.461983
1885,ietf.org,73,adequate,5,6,26.28.42,2026-03-02 14:19:53.857302
1893,migrateproduction.com,72,adequate,5,6,26.28.42,2026-03-02 14:21:02.247114
1895,probe-us-02.dns-observe.com,70.666664,adequate,5,3,26.28.42,2026-03-02 14:21:02.917711
1897,spitalulorasenescbaicoi.ro,73,adequate,5,6,26.28.42,2026-03-02 14:21:10.754315
1972,dnstool.it-help.tech,77.333336,good,5,3,26.28.42,2026-03-02 14:29:40.199615
1976,it-help.tech,80.190475,good,5,7,26.28.42,2026-03-02 14:29:50.910874
2049,maltejk.de,75.04762,good,5,7,26.28.42,2026-03-02 14:42:26.28775
2052,livearchive.net,73,adequate,5,6,26.28.42,2026-03-02 14:42:40.454381
2053,insmc.ro,74.666664,adequate,5,5,26.28.42,2026-03-02 14:42:42.166845
2057,markphd.me,76.583336,good,5,4,26.28.42,2026-03-02 14:44:31.111685
2059,innbn-bucuresti.ro,74.666664,adequate,5,5,26.28.42,2026-03-02 14:44:35.885011
2099,sap.de,74.666664,adequate,5,5,26.28.42,2026-03-02 15:41:45.727616
2103,uptimerobot.com,74.04762,adequate,5,7,26.28.42,2026-03-02 15:42:31.368469
2106,westbyforcongress.com,80.666664,good,5,5,26.28.42,2026-03-02 15:42:43.169218
2112,whitehouse.gov,75.666664,good,5,5,26.28.42,2026-03-02 15:43:20.901342
2113,co.uk,67.666664,adequate,5,2,26.28.42,2026-03-02 15:43:34.92243
2114,blauw-survey.com,72.833336,adequate,5,4,26.28.42,2026-03-02 15:43:37.584673
2118,hegel.org,84.666664,good,5,5,26.28.42,2026-03-02 15:45:12.817765
2130,ehmrealty.com,78.666664,good,5,5,26.28.42,2026-03-02 15:46:21.472766
2131,purpleflock.com,71.333336,adequate,5,6,26.28.42,2026-03-02 15:46:27.039146
2132,evilhacker.com,70.666664,adequate,5,3,26.28.46,2026-03-02 16:45:27.535547
2134,google.com,70.190475,adequate,5,7,26.28.46,2026-03-02 17:05:08.016131
2135,markphd.me,76.833336,good,5,4,26.28.46,2026-03-02 17:05:27.606416
2136,ietf.org,73,adequate,5,6,26.28.46,2026-03-02 17:34:51.784867
2137,kisa.org.cy,84.666664,good,5,5,26.28.46,2026-03-02 19:15:20.395464
2138,ietf.org,73,adequate,5,6,26.28.49,2026-03-02 20:57:46.248016
2139,cia.gov,76.90476,good,5,7,26.28.49,2026-03-02 21:06:55.105839
2140,usa.gov,72.666664,adequate,5,5,26.30.56,2026-03-03 02:35:21.70611
2141,filantropia.ro,68.666664,adequate,5,5,26.30.56,2026-03-03 02:47:33.809261
2142,github.com,69.666664,adequate,5,6,26.30.56,2026-03-03 03:43:26.458226
2143,optonline.net,76.666664,good,5,5,26.30.56,2026-03-03 03:58:31.158607
2144,freebsd.org,86.47619,good,5,7,26.30.56,2026-03-03 04:29:00.970668
2145,nlnetlabs.nl,68,adequate,5,6,26.32.59,2026-03-03 06:13:14.026306
2146,patientreminder.com,82.666664,good,5,5,26.32.59,2026-03-03 06:13:17.485139
2159,ibm.com,68.666664,adequate,5,6,26.32.59,2026-03-03 06:14:24.727063
2160,spitalulhorezu.ro,76.666664,good,5,5,26.32.59,2026-03-03 06:14:26.786842
2167,co.uk,67.666664,adequate,5,2,26.32.59,2026-03-03 06:14:48.167658
2176,markphd.me,76.833336,good,5,4,26.32.59,2026-03-03 06:15:40.52612
2177,markphd.me,74.333336,adequate,5,4,26.32.59,2026-03-03 06:15:45.319328
2233,cloudflare.com,71.190475,adequate,5,7,26.32.59,2026-03-03 06:24:39.159314
2236,dnstool.it-help.tech,77.333336,good,5,3,26.32.59,2026-03-03 06:24:45.181851
2241,apple.com,74.04762,adequate,5,7,26.32.59,2026-03-03 06:25:26.070492
2246,apple.com,74.04762,adequate,5,7,26.32.59,2026-03-03 06:25:41.111831
1226,screen.it-help.tech,73.333336,adequate,5,8,26.27.09,2026-02-27 14:28:04.579333
1314,cloudflare.com,71.190475,adequate,5,7,26.27.09,2026-02-27 14:50:52.53367
1315,openai.com,72,adequate,5,6,26.27.09,2026-02-27 14:50:56.405363
1316,cloudflare.com,71.190475,adequate,5,7,26.27.09,2026-02-27 14:51:07.6372
1319,poop.com,74,adequate,5,3,26.27.09,2026-02-27 14:54:24.623647
1320,spitalulhorezu.ro,76.666664,good,5,5,26.27.09,2026-02-27 14:54:26.607615
1321,poop.com,74,adequate,5,3,26.27.09,2026-02-27 14:54:30.074304
1323,spitalulhorezu.ro,76.666664,good,5,5,26.27.09,2026-02-27 14:54:39.6979
1331,hortongroup.com,78.666664,good,5,5,26.27.09,2026-02-27 14:55:37.240275
1332,mx1.blauwsurvey.com,81.333336,good,5,1,26.27.09,2026-02-27 14:55:45.600202
1478,co.uk,72.666664,adequate,5,2,26.28.18,2026-02-28 14:34:35.59267
1479,misconfigured.com,77.333336,good,5,3,26.28.18,2026-02-28 14:34:39.184665
1480,com,72.666664,adequate,5,2,26.28.18,2026-02-28 14:34:49.342901
1483,franklinroadacademy.com,74.666664,adequate,5,5,26.28.18,2026-02-28 14:35:05.398854
1485,www.franklinroadacademy.com,60.583332,adequate,5,8,26.28.18,2026-02-28 14:35:22.302735
1487,surland.de,84.666664,good,5,6,26.28.18,2026-02-28 14:35:28.799011
1507,2911.us,81.333336,good,5,6,26.28.18,2026-02-28 14:37:20.660347
1509,blauwsurvey.com,82,good,5,6,26.28.18,2026-02-28 14:37:24.769913
1513,2911.us,81.333336,good,5,6,26.28.18,2026-02-28 14:37:51.047917
1515,server.it-help.tech,77.333336,good,5,3,26.28.18,2026-02-28 14:37:53.12196
1521,kadse.dev,70.666664,adequate,5,3,26.28.18,2026-02-28 14:38:04.986258
1548,purpleflock.com,73,adequate,5,6,26.28.18,2026-02-28 14:44:30.9897
1550,evilhacker.com,70.666664,adequate,5,3,26.28.18,2026-02-28 14:44:31.557566
1594,contractvault.com,72.833336,adequate,5,4,26.28.20,2026-02-28 15:28:06.087928
1595,tesla.com,65.666664,adequate,5,5,26.28.20,2026-02-28 15:28:20.844145
1681,cloudflare.com,70.940475,adequate,5,7,26.28.35,2026-03-01 14:29:18.760339
1682,cloudflare.com,71.190475,adequate,5,7,26.28.35,2026-03-01 14:29:24.576783
1747,kadse.dev,70.666664,adequate,5,3,26.28.35,2026-03-01 14:44:57.404785
1749,blauwsurvey.com,81.75,good,5,6,26.28.35,2026-03-01 14:45:17.218918
1750,theojouvin.com,71.75,adequate,5,6,26.28.35,2026-03-01 14:45:29.234479
1752,theojouvin.com,71.75,adequate,5,6,26.28.35,2026-03-01 14:45:51.450514
1786,tesla.com,65.666664,adequate,5,5,26.28.35,2026-03-01 15:42:13.070809
1803,valentin.run,73.666664,adequate,5,6,26.28.35,2026-03-01 20:29:15.674307
1805,valentin.run,67,adequate,5,6,26.28.35,2026-03-01 20:34:53.892212
1808,valentin.run,73.666664,adequate,5,6,26.28.35,2026-03-01 20:49:44.335225
1830,maltejk.de,76.47619,good,5,7,26.28.35,2026-03-02 01:58:13.782119
1854,198119799470.xyz,76.666664,good,5,5,26.28.35,2026-03-02 02:30:42.374909
1855,dpsg-bodensee.de,73,adequate,5,6,26.28.35,2026-03-02 02:31:30.970859
1859,spitalgiurgiu.ro,74.666664,adequate,5,5,26.28.35,2026-03-02 02:35:32.128059
1872,kisa.org.cy,84.666664,good,5,5,26.28.42,2026-03-02 14:10:31.074361
1877,google.com,68.7619,adequate,5,7,26.28.42,2026-03-02 14:19:44.594033
1886,hogwarts.steinr.eu,58.857143,adequate,5,7,26.28.42,2026-03-02 14:20:06.672514
1896,spitalul-municipal-timisoara.ro,66.666664,adequate,5,5,26.28.42,2026-03-02 14:21:08.616014
1901,198119799470.xyz,76.666664,good,5,5,26.28.42,2026-03-02 14:21:23.765088
1904,sanatoriulbusteni.ro,74.666664,adequate,5,5,26.28.42,2026-03-02 14:21:29.230542
1905,spitalulorasenescbaicoi.ro,73,adequate,5,6,26.28.42,2026-03-02 14:21:30.635354
1908,guarinoadvisors.com,73,adequate,5,6,26.28.42,2026-03-02 14:21:47.921347
1910,migrateproduction.com,70.083336,adequate,5,6,26.28.42,2026-03-02 14:21:52.918638
1914,dpsg-bodensee.de,73,adequate,5,6,26.28.42,2026-03-02 14:22:10.763029
1928,porp.stream,77.333336,good,5,3,26.28.42,2026-03-02 14:23:30.308925
1977,example.com,69.666664,adequate,5,6,26.28.42,2026-03-02 14:29:51.669196
1978,example.com,71.333336,adequate,5,6,26.28.42,2026-03-02 14:29:55.653933
1979,openai.com,72,adequate,5,6,26.28.42,2026-03-02 14:30:04.182108
1981,openai.com,72,adequate,5,6,26.28.42,2026-03-02 14:30:08.307847
1983,fbi.gov,74.04762,adequate,5,7,26.28.42,2026-03-02 14:30:34.330397
2050,livearchive.net,73,adequate,5,6,26.28.42,2026-03-02 14:42:26.39223
2051,aither.cc,66.666664,adequate,5,5,26.28.42,2026-03-02 14:42:28.026636
2055,innbn-bucuresti.ro,76.666664,good,5,5,26.28.42,2026-03-02 14:44:22.111533
2065,tesla.com,65.416664,adequate,5,5,26.28.42,2026-03-02 14:45:03.963552
2066,dnsstuff.com,73.416664,adequate,5,6,26.28.42,2026-03-02 14:45:10.177693
2072,hortongroup.com,78.666664,good,5,5,26.28.42,2026-03-02 14:45:56.142356
2073,hortongroup.com,78.666664,good,5,5,26.28.42,2026-03-02 14:46:11.571009
2075,hortongroup.com,78.666664,good,5,5,26.28.42,2026-03-02 14:46:42.061208
2077,red.com,72.166664,adequate,5,6,26.28.42,2026-03-02 14:47:12.960035
2104,westbyforcongress.com,80.666664,good,5,5,26.28.42,2026-03-02 15:42:37.509864
2109,civicpermits.com,70.666664,adequate,5,5,26.28.42,2026-03-02 15:43:05.379729
2133,kisa.org.cy,84.666664,good,5,5,26.28.46,2026-03-02 16:50:23.302495
2147,google.com,68.7619,adequate,5,7,26.32.59,2026-03-03 06:13:24.642984
2154,ietf.org,73,adequate,5,6,26.32.59,2026-03-03 06:13:34.004104
2163,blauw-survey.com,72.833336,adequate,5,4,26.32.59,2026-03-03 06:14:34.529822
2171,purpleflock.com,73,adequate,5,6,26.32.59,2026-03-03 06:15:13.073308
2172,evilhacker.com,70.666664,adequate,5,3,26.32.59,2026-03-03 06:15:13.383042
2174,purpleflock.com,70.333336,adequate,5,6,26.32.59,2026-03-03 06:15:19.425341
2175,cia.gov,76.90476,good,5,7,26.32.59,2026-03-03 06:15:23.419586
2180,whitehouse.gov,73.666664,adequate,5,5,26.32.59,2026-03-03 06:16:17.232797
2198,github.com,76,good,5,6,26.32.59,2026-03-03 06:17:37.844392
2199,westcappowerequipment.com,80.666664,good,5,5,26.32.59,2026-03-03 06:17:39.430031
2204,sap.de,74.666664,adequate,5,5,26.32.59,2026-03-03 06:18:14.10624
2205,red.com,72.166664,adequate,5,6,26.32.59,2026-03-03 06:18:16.031443
2206,cisa.gov,70.5,adequate,5,6,26.32.59,2026-03-03 06:18:16.63585
2242,amazon.com,71.666664,adequate,5,5,26.32.59,2026-03-03 06:25:27.75609
2248,nsa.gov,75.666664,good,5,5,26.32.59,2026-03-03 06:25:47.168327
2249,fbi.gov,71.190475,adequate,5,7,26.32.59,2026-03-03 06:25:49.463384
2275,spitalmciuc.ro,74.666664,adequate,5,5,26.32.59,2026-03-03 06:32:01.386875
2277,dpsg-bodensee.de,73,adequate,5,6,26.32.59,2026-03-03 06:32:04.156265
2286,spital-izvoru.ro,74.666664,adequate,5,5,26.32.59,2026-03-03 06:32:53.634602
2288,spitalsighet.ro,76.666664,good,5,5,26.32.59,2026-03-03 06:32:54.742278
2295,web-hosting.com,74.666664,adequate,5,5,26.32.59,2026-03-03 06:33:40.68394
1227,vbabestm.ro,74.666664,adequate,5,5,26.27.09,2026-02-27 14:28:14.711895
1228,kadse.dev,70.666664,adequate,5,3,26.27.09,2026-02-27 14:30:48.46361
1229,example.com,71.333336,adequate,5,6,26.27.09,2026-02-27 14:30:48.902346
1230,dns-observe.com,80.666664,good,5,5,26.27.09,2026-02-27 14:30:49.915635
1231,www.franklinroadacademy.com,59.333332,adequate,5,8,26.27.09,2026-02-27 14:30:51.609048
1232,franklinroadacademy.com,74.666664,adequate,5,5,26.27.09,2026-02-27 14:30:54.1127
1233,isc.org,76.65476,good,5,7,26.27.09,2026-02-27 14:30:56.118439
1234,kadse.dev,70.666664,adequate,5,3,26.27.09,2026-02-27 14:31:03.672566
1235,dispatchgrid.com,82.666664,good,5,5,26.27.09,2026-02-27 14:31:06.143344
1236,www.franklinroadacademy.com,60.583332,adequate,5,8,26.27.09,2026-02-27 14:31:20.720768
1237,franklinroadacademy.com,74.666664,adequate,5,5,26.27.09,2026-02-27 14:31:25.6957
1238,isc.org,76.65476,good,5,7,26.27.09,2026-02-27 14:31:26.508098
1239,dispatchgrid.com,82.666664,good,5,5,26.27.09,2026-02-27 14:31:36.60352
1240,www.franklinroadacademy.com,60.583332,adequate,5,8,26.27.09,2026-02-27 14:31:51.128976
1318,openai.com,72,adequate,5,6,26.27.09,2026-02-27 14:51:57.348137
1324,mx1.blauwsurvey.com,81.333336,good,5,1,26.27.09,2026-02-27 14:54:44.627674
1325,westbyforcongress.com,80.666664,good,5,5,26.27.09,2026-02-27 14:54:49.066142
1482,co.uk,67.666664,adequate,5,2,26.28.18,2026-02-28 14:35:03.772469
1484,business29.web-hosting.com,71.333336,adequate,5,1,26.28.18,2026-02-28 14:35:18.075185
1497,www.franklinroadacademy.com,60.583332,adequate,5,8,26.28.18,2026-02-28 14:36:23.317167
1549,westbyforcongress.com,80.666664,good,5,5,26.28.18,2026-02-28 14:44:31.167446
1559,spitalul-municipal-timisoara.ro,66.666664,adequate,5,5,26.28.18,2026-02-28 14:48:25.118945
1561,blauw-survey.com,72.833336,adequate,5,4,26.28.18,2026-02-28 14:48:36.821973
1562,spitalcampina.ro,72.666664,adequate,5,5,26.28.18,2026-02-28 14:48:40.709423
1566,civicpermits.com,70.666664,adequate,5,5,26.28.18,2026-02-28 14:49:05.22988
1568,spitalcampina.ro,72.666664,adequate,5,5,26.28.18,2026-02-28 14:49:11.641123
1570,vbabestm.ro,74.666664,adequate,5,5,26.28.18,2026-02-28 14:49:27.322663
1597,contractvault.com,72.833336,adequate,5,4,26.28.20,2026-02-28 15:28:36.535933
1683,dnstool.it-help.tech,77.333336,good,5,3,26.28.35,2026-03-01 14:34:06.254228
1684,example.com,71.333336,adequate,5,6,26.28.35,2026-03-01 14:34:10.59648
1685,example.com,73,adequate,5,6,26.28.35,2026-03-01 14:34:15.218217
1686,fbi.gov,74.04762,adequate,5,7,26.28.35,2026-03-01 14:34:29.648805
1688,2911.us,81.333336,good,5,6,26.28.35,2026-03-01 14:34:44.602419
1689,2911.us,81.333336,good,5,6,26.28.35,2026-03-01 14:34:50.63426
1698,github.com,68,adequate,5,6,26.28.35,2026-03-01 14:37:16.265507
1748,theojouvin.com,72,adequate,5,6,26.28.35,2026-03-01 14:45:06.137908
1754,hortongroup.com,78.666664,good,5,5,26.28.35,2026-03-01 14:47:16.455526
1755,glendun.com.au,70.666664,adequate,5,5,26.28.35,2026-03-01 14:47:24.716811
1757,glendun.com.au,70.666664,adequate,5,5,26.28.35,2026-03-01 14:47:49.505551
1787,spitalcampina.ro,72.666664,adequate,5,5,26.28.35,2026-03-01 15:42:19.468035
1792,dnsstuff.com,72.666664,adequate,5,6,26.28.35,2026-03-01 15:46:09.87131
1794,server.it-help.tech,77.333336,good,5,3,26.28.35,2026-03-01 15:46:17.038976
1809,com,67.666664,adequate,5,2,26.28.35,2026-03-01 20:57:47.08393
1831,tuta.io,75.04762,good,5,7,26.28.35,2026-03-02 01:59:02.203554
1832,aither.cc,66.666664,adequate,5,5,26.28.35,2026-03-02 01:59:04.188173
1834,technikfreak.co,74,adequate,5,3,26.28.35,2026-03-02 02:00:51.439423
1857,transbusbuzau.ro,80.666664,good,5,5,26.28.35,2026-03-02 02:34:11.944277
1879,ietf.org,73,adequate,5,6,26.28.42,2026-03-02 14:19:48.965576
1881,nlnetlabs.nl,68,adequate,5,6,26.28.42,2026-03-02 14:19:50.462367
1889,squareup.com,69.666664,adequate,5,5,26.28.42,2026-03-02 14:20:27.796505
1890,probe-us-02.dns-observe.com,70.666664,adequate,5,3,26.28.42,2026-03-02 14:20:51.69548
1891,psihiatrietulghes.ro,76.666664,good,5,5,26.28.42,2026-03-02 14:20:52.853435
1906,play.198119799470.xyz,61.833332,adequate,5,8,26.28.42,2026-03-02 14:21:42.692534
1907,transbusbuzau.ro,80.666664,good,5,5,26.28.42,2026-03-02 14:21:45.12263
1911,198119799470.xyz,76.666664,good,5,5,26.28.42,2026-03-02 14:21:54.152755
1913,dispatchgrid.com,82.666664,good,5,5,26.28.42,2026-03-02 14:21:57.175899
1915,play.198119799470.xyz,60.583332,adequate,5,8,26.28.42,2026-03-02 14:22:13.139459
1919,198119799470.xyz,76.666664,good,5,5,26.28.42,2026-03-02 14:22:24.639201
1920,spitalulhuedin.ro,74.666664,adequate,5,5,26.28.42,2026-03-02 14:22:26.941872
1932,jonaswiegner.de,70.7619,adequate,5,7,26.28.42,2026-03-02 14:24:22.755958
1980,cia.gov,76.90476,good,5,7,26.28.42,2026-03-02 14:30:04.351927
1982,cia.gov,76.90476,good,5,7,26.28.42,2026-03-02 14:30:12.356804
1984,2911.us,81.333336,good,5,6,26.28.42,2026-03-02 14:30:39.351205
1989,apple.com,76.90476,good,5,7,26.28.42,2026-03-02 14:30:56.532128
1991,2911.us,81.333336,good,5,6,26.28.42,2026-03-02 14:31:00.588101
1992,microsoft.com,77.333336,good,5,7,26.28.42,2026-03-02 14:31:02.844939
1994,cloudflare.com,69.7619,adequate,5,7,26.28.42,2026-03-02 14:31:10.525074
1997,steinr.eu,70.333336,adequate,5,6,26.28.42,2026-03-02 14:33:58.732039
2061,beechtreenews.com,73,adequate,5,6,26.28.42,2026-03-02 14:44:43.975795
2062,screen.it-help.tech,73.083336,adequate,5,8,26.28.42,2026-03-02 14:44:45.231077
2067,beechtreenews.com,73,adequate,5,6,26.28.42,2026-03-02 14:45:14.013404
2068,server.it-help.tech,77.333336,good,5,3,26.28.42,2026-03-02 14:45:21.155811
2069,dnsstuff.com,73.416664,adequate,5,6,26.28.42,2026-03-02 14:45:25.150054
2070,server.it-help.tech,77.333336,good,5,3,26.28.42,2026-03-02 14:45:33.4607
2071,dnsstuff.com,73.416664,adequate,5,6,26.28.42,2026-03-02 14:45:55.649503
2074,red.com,72.166664,adequate,5,6,26.28.42,2026-03-02 14:46:27.117047
2108,co.uk,67.666664,adequate,5,2,26.28.42,2026-03-02 15:43:04.512511
2110,civicpermits.com,70.666664,adequate,5,5,26.28.42,2026-03-02 15:43:10.137356
2111,whitehouse.gov,75.666664,good,5,5,26.28.42,2026-03-02 15:43:16.497062
2116,blauw-survey.com,72.833336,adequate,5,4,26.28.42,2026-03-02 15:43:44.211411
2122,ibm.com,63.666668,adequate,5,6,26.28.42,2026-03-02 15:45:47.729262
2125,spitalulhorezu.ro,76.666664,good,5,5,26.28.42,2026-03-02 15:45:59.677893
2148,freebsd.org,86.47619,good,5,7,26.32.59,2026-03-03 06:13:27.063702
2149,freebsd.org,86.47619,good,5,7,26.32.59,2026-03-03 06:13:27.931201
2151,ietf.org,71.333336,adequate,5,6,26.32.59,2026-03-03 06:13:28.593822
2251,jonaswiegner.de,70.7619,adequate,5,7,26.32.59,2026-03-03 06:30:11.02856
2257,binaryflix.space,77.333336,good,5,3,26.32.59,2026-03-03 06:31:00.470279
2574,openai.com,70.333336,adequate,5,6,26.33.81,2026-03-03 22:37:19.578648
2575,openai.com,70.333336,adequate,5,6,26.33.81,2026-03-03 22:38:06.204097
2576,patientreminder.com,82.666664,good,5,5,26.33.81,2026-03-03 22:49:10.520364
2577,patientreminder.com,82.666664,good,5,5,26.33.81,2026-03-03 22:50:00.922304
2578,amazon.com,69.666664,adequate,5,5,26.33.81,2026-03-04 00:43:38.893863
2579,amazon.com,69.416664,adequate,5,5,26.33.81,2026-03-04 00:44:22.738567
2580,spitalulhorezu.ro,76.666664,good,5,5,26.33.83,2026-03-04 02:28:10.665079
2581,ehmrealty.com,78.666664,good,5,5,26.33.83,2026-03-04 02:34:47.196477
2582,kadse.dev,70.666664,adequate,5,3,26.33.83,2026-03-04 03:13:46.549155
2583,cioviews.com,80.666664,good,5,5,26.33.83,2026-03-04 03:55:00.19052
2584,cioviews.com,76.666664,good,5,5,26.33.83,2026-03-04 03:55:50.091261
2585,purpleflock.com,73,adequate,5,6,26.33.83,2026-03-04 04:21:35.609013
2586,hegel.org,84.666664,good,5,5,26.33.83,2026-03-04 04:39:35.559329
2587,hegel.org,84.666664,good,5,5,26.33.83,2026-03-04 04:40:20.588164
2588,ibm.com,67,adequate,5,6,26.33.83,2026-03-04 05:08:14.230085
2589,ibm.com,67,adequate,5,6,26.33.83,2026-03-04 05:09:04.062727
2590,dev.lms.fullmindlearning.com,59.583332,adequate,5,8,26.33.83,2026-03-04 05:17:05.984002
2591,thehumphries.org,74.666664,adequate,5,5,26.33.83,2026-03-04 05:18:43.953061
2592,openai.com,70.333336,adequate,5,6,26.33.83,2026-03-04 06:09:35.198651
2593,maltejk.de,76.47619,good,5,7,26.33.83,2026-03-04 06:09:50.441468
2594,thehumphries.org,74.666664,adequate,5,5,26.33.85,2026-03-04 06:29:53.560235
2595,thehumphries.org,74.666664,adequate,5,5,26.33.85,2026-03-04 06:30:43.133958
2596,evilhacker.com,70.666664,adequate,5,3,26.33.85,2026-03-04 06:37:56.07864
2597,evilhacker.com,70.666664,adequate,5,3,26.33.85,2026-03-04 06:38:45.023451
2598,fugro.com,77.666664,good,5,5,26.33.85,2026-03-04 06:56:35.648766
2599,pdcnet.org,73,adequate,5,6,26.33.88,2026-03-04 07:59:27.289048
2600,pdcnet.org,73,adequate,5,6,26.33.88,2026-03-04 08:00:09.876646
2601,openai.com,72,adequate,5,6,26.33.88,2026-03-04 08:08:26.316944
2602,switch.com,69.666664,adequate,5,5,26.33.93,2026-03-04 10:25:36.595345
2603,misconfigured.com,77.333336,good,5,3,26.33.93,2026-03-04 11:18:41.17358
2604,jira.sovanta.com,81.333336,good,5,1,26.33.93,2026-03-04 12:30:52.857669
2605,nlnetlabs.nl,68,adequate,5,6,26.33.93,2026-03-04 14:15:26.954074
2606,google.com,70.190475,adequate,5,7,26.33.93,2026-03-04 14:15:37.589746
2607,freebsd.org,85.04762,good,5,7,26.33.93,2026-03-04 14:15:39.633529
2608,ietf.org,73,adequate,5,6,26.33.93,2026-03-04 14:15:41.627172
2609,nlnetlabs.nl,68,adequate,5,6,26.33.93,2026-03-04 14:15:47.58209
2610,google.com,68.2619,adequate,5,7,26.33.93,2026-03-04 14:15:52.845995
2611,freebsd.org,86.47619,good,5,7,26.33.93,2026-03-04 14:15:53.372211
2612,ietf.org,73,adequate,5,6,26.33.93,2026-03-04 14:15:56.827989
2613,cioviews.com,80.666664,good,5,5,26.33.93,2026-03-04 14:15:57.618286
2614,misconfigured.com,77.333336,good,5,3,26.33.93,2026-03-04 14:16:08.723245
2615,dev.lms.fullmindlearning.com,59.333332,adequate,5,8,26.33.93,2026-03-04 14:16:10.236099
2616,google.com,69.690475,adequate,5,7,26.33.93,2026-03-04 14:16:17.22941
2617,ietf.org,73,adequate,5,6,26.33.93,2026-03-04 14:16:18.119151
2618,maltejk.de,76.47619,good,5,7,26.33.93,2026-03-04 14:16:25.552034
2619,cioviews.com,80.666664,good,5,5,26.33.93,2026-03-04 14:16:26.687324
2620,openai.com,70.333336,adequate,5,6,26.33.93,2026-03-04 14:16:33.027168
2621,ibm.com,64.833336,adequate,5,6,26.33.93,2026-03-04 14:16:33.553883
2622,dev.lms.fullmindlearning.com,59.333332,adequate,5,8,26.33.93,2026-03-04 14:16:36.395188
2623,misconfigured.com,77.333336,good,5,3,26.33.93,2026-03-04 14:16:37.140703
2624,maltejk.de,75.04762,good,5,7,26.33.93,2026-03-04 14:16:40.901931
2625,ibm.com,64.833336,adequate,5,6,26.33.93,2026-03-04 14:16:48.948263
2626,thehumphries.org,76.666664,good,5,5,26.33.93,2026-03-04 14:16:51.733097
2627,cioviews.com,76.666664,good,5,5,26.33.93,2026-03-04 14:16:58.062567
2628,openai.com,68.416664,adequate,5,6,26.33.93,2026-03-04 14:16:59.379646
2629,evilhacker.com,70.666664,adequate,5,3,26.33.93,2026-03-04 14:17:01.294711
2630,kadse.dev,70.666664,adequate,5,3,26.33.93,2026-03-04 14:17:02.856058
2631,thehumphries.org,76.666664,good,5,5,26.33.93,2026-03-04 14:17:03.736362
2632,amazon.com,69.416664,adequate,5,5,26.33.93,2026-03-04 14:17:04.766727
2633,dev.lms.fullmindlearning.com,59.333332,adequate,5,8,26.33.93,2026-03-04 14:17:05.675922
2634,maltejk.de,76.47619,good,5,7,26.33.93,2026-03-04 14:17:05.957069
2635,evilhacker.com,70.666664,adequate,5,3,26.33.93,2026-03-04 14:17:07.430545
2636,ibm.com,63.166668,adequate,5,6,26.33.93,2026-03-04 14:17:07.586945
2637,kadse.dev,70.666664,adequate,5,3,26.33.93,2026-03-04 14:17:09.414102
2638,amazon.com,71.416664,adequate,5,5,26.33.93,2026-03-04 14:17:10.582399
2639,pdcnet.org,73,adequate,5,6,26.33.93,2026-03-04 14:17:12.37949
2640,hegel.org,84.666664,good,5,5,26.33.93,2026-03-04 14:17:40.843483
2641,jira.sovanta.com,81.333336,good,5,1,26.33.93,2026-03-04 14:17:43.11194
2642,patientreminder.com,82.666664,good,5,5,26.33.93,2026-03-04 14:20:13.809769
2643,couchmvp.com,77.666664,good,5,2,26.33.93,2026-03-04 14:20:14.523202
2644,patientreminder.com,82.666664,good,5,5,26.33.93,2026-03-04 14:20:19.059871
2645,poop.com,70.666664,adequate,5,3,26.33.93,2026-03-04 14:20:19.906836
2646,dpsg-radolfzell.de,76.47619,good,5,7,26.33.93,2026-03-04 14:20:26.954296
2647,whitehouse.gov,75.666664,good,5,5,26.33.93,2026-03-04 14:20:30.314818
2648,dpsg-radolfzell.de,76.47619,good,5,7,26.33.93,2026-03-04 14:20:34.253236
2649,westcappowerequipment.com,80.666664,good,5,5,26.33.93,2026-03-04 14:20:37.167247
2650,westcappowerequipment.com,80.666664,good,5,5,26.33.93,2026-03-04 14:20:42.585088
2651,hegel.net,79.666664,good,5,6,26.33.93,2026-03-04 14:20:43.146319
2652,github.com,74.333336,adequate,5,6,26.33.93,2026-03-04 14:20:47.128381
2653,hegel.net,76.333336,good,5,6,26.33.93,2026-03-04 14:20:49.691884
2654,github.com,74.333336,adequate,5,6,26.33.93,2026-03-04 14:20:51.431505
2655,apple.com,72.61905,adequate,5,7,26.33.93,2026-03-04 14:21:01.274895
2656,apple.com,74.04762,adequate,5,7,26.33.93,2026-03-04 14:21:07.764598
2657,izvoru.ro,78.666664,good,5,5,26.33.93,2026-03-04 14:21:29.274747
2658,izvoru.ro,78.666664,good,5,5,26.33.93,2026-03-04 14:21:29.938817
2659,guarinoadvisors.com,73,adequate,5,6,26.33.93,2026-03-04 14:21:38.46996
2660,guarinoadvisors.com,73,adequate,5,6,26.33.93,2026-03-04 14:21:55.009881
2661,sportcommunities.group,82.190475,good,5,7,26.33.93,2026-03-04 14:22:05.40612
2669,2911.us,81.333336,good,5,6,26.33.93,2026-03-04 14:23:46.493128
2662,sportcommunities.group,82.190475,good,5,7,26.33.93,2026-03-04 14:22:25.11265
2663,example.com,73,adequate,5,6,26.33.93,2026-03-04 14:22:43.52334
2664,example.com,71.333336,adequate,5,6,26.33.93,2026-03-04 14:22:48.190906
2665,cia.gov,76.90476,good,5,7,26.33.93,2026-03-04 14:23:14.579626
2666,microsoft.com,81.61905,good,5,7,26.33.93,2026-03-04 14:23:18.993421
2667,microsoft.com,75.90476,good,5,7,26.33.93,2026-03-04 14:23:19.524301
2668,cia.gov,76.90476,good,5,7,26.33.93,2026-03-04 14:23:20.951209
2670,2911.us,81.333336,good,5,6,26.33.93,2026-03-04 14:23:46.594381
2673,fullmindlearning.com,69.666664,adequate,5,5,26.33.93,2026-03-04 14:26:14.003334
2674,fullmindlearning.com,69.666664,adequate,5,5,26.33.93,2026-03-04 14:26:23.285286
2675,dnstool.it-help.tech,77.333336,good,5,3,26.33.93,2026-03-04 14:27:21.007829
2677,nsa.gov,75.666664,good,5,5,26.33.93,2026-03-04 14:28:18.152098
2748,optonline.net,76.666664,good,5,5,26.33.93,2026-03-04 14:45:50.501883
2750,spitalsighet.ro,76.666664,good,5,5,26.33.93,2026-03-04 14:46:00.539812
2751,com,67.666664,adequate,5,2,26.33.93,2026-03-04 14:46:03.231651
2754,oxidesurvival.com,80.666664,good,5,3,26.33.93,2026-03-04 14:46:07.097783
2756,valentin.run,83,good,5,6,26.33.93,2026-03-04 14:46:23.412998
2757,valentin.run,83,good,5,6,26.33.93,2026-03-04 14:46:34.538561
2761,usa.gov,70.666664,adequate,5,5,26.33.93,2026-03-04 15:00:31.687872
2763,usa.gov,70.666664,adequate,5,5,26.33.93,2026-03-04 15:01:32.620205
2765,dns-observe.com,80.666664,good,5,5,26.33.96,2026-03-04 15:29:12.688026
2766,migrateproduction.com,72,adequate,5,6,26.33.96,2026-03-04 15:29:34.354326
2768,livearchive.net,73,adequate,5,6,26.33.96,2026-03-04 15:29:42.688439
2771,transbusbuzau.ro,80.666664,good,5,5,26.33.96,2026-03-04 15:30:10.435635
2776,insmc.ro,76.666664,good,5,5,26.33.96,2026-03-04 15:30:31.148719
2778,steinr.eu,72,adequate,5,6,26.33.96,2026-03-04 15:30:41.497446
2779,innbn-bucuresti.ro,74.666664,adequate,5,5,26.33.96,2026-03-04 15:30:50.546012
2780,insmc.ro,78.666664,good,5,5,26.33.96,2026-03-04 15:30:59.603121
2781,insmc.ro,76.666664,good,5,5,26.33.96,2026-03-04 15:31:10.693
2782,innbn-bucuresti.ro,74.666664,adequate,5,5,26.33.96,2026-03-04 15:31:30.523594
2783,innbn-bucuresti.ro,74.666664,adequate,5,5,26.33.96,2026-03-04 15:31:38.68286
2784,anva.ch,82.190475,good,5,7,26.33.96,2026-03-04 15:34:18.220316
2785,anva.ch,82.190475,good,5,7,26.33.96,2026-03-04 15:34:22.558617
2786,me,72.666664,adequate,5,2,26.33.96,2026-03-04 15:34:26.208604
2787,screen.it-help.tech,74.333336,adequate,5,8,26.33.96,2026-03-04 15:34:38.652754
2788,screen.it-help.tech,74.333336,adequate,5,8,26.33.96,2026-03-04 15:34:55.627565
2789,web-hosting.com,70.666664,adequate,5,5,26.33.96,2026-03-04 15:37:07.745076
2790,web-hosting.com,72.666664,adequate,5,5,26.33.96,2026-03-04 15:37:38.198246
2791,web-hosting.com,72.666664,adequate,5,5,26.33.96,2026-03-04 15:37:41.442087
2792,livearchive.net,73,adequate,5,6,26.33.96,2026-03-04 16:24:24.470339
2793,screen.it-help.tech,73.333336,adequate,5,8,26.33.96,2026-03-04 16:38:50.16855
2794,cia.gov,76.90476,good,5,7,26.33.96,2026-03-04 16:50:48.870831
2795,markphd.me,76.833336,good,5,4,26.34.04,2026-03-04 19:20:38.22053
2796,example.com,71.333336,adequate,5,6,26.34.05,2026-03-04 20:17:16.550305
2797,hegel.net,79.666664,good,5,6,26.34.05,2026-03-04 20:36:27.408841
2798,glendun.com.au,70.666664,adequate,5,5,26.34.10,2026-03-04 22:16:42.989327
2799,it-help.tech,80.190475,good,5,7,26.34.10,2026-03-04 22:24:12.850037
2800,it-help.tech,80.190475,good,5,7,26.34.10,2026-03-04 22:24:19.177709
2801,gdcc.com,82.666664,good,5,5,26.34.10,2026-03-04 22:43:51.988065
2802,couchmvp.com,77.666664,good,5,2,26.34.16,2026-03-04 22:51:09.378806
2803,it-help.tech,75.90476,good,5,7,26.34.16,2026-03-04 22:57:02.215739
2804,blauw.com,79.666664,good,5,5,26.34.16,2026-03-04 23:06:27.514924
2805,whitehouse.gov,76.666664,good,5,5,26.34.20,2026-03-05 02:16:14.602481
2806,server.it-help.tech,77.333336,good,5,3,26.34.20,2026-03-05 04:33:00.537311
2807,mobilecommercepress.com,73,adequate,5,6,26.34.20,2026-03-05 04:58:19.630878
2808,sportcommunities.group,82.190475,good,5,7,26.34.20,2026-03-05 05:28:38.848849
2809,purpleflock.com,73,adequate,5,6,26.34.20,2026-03-05 05:30:47.946867
2810,purpleflock.net,77.666664,good,5,2,26.34.20,2026-03-05 05:33:04.761453
2811,red.com,72.666664,adequate,5,6,26.34.20,2026-03-05 06:36:16.637086
2812,mta-sts.sportcommunities.group,78.666664,good,5,5,26.34.20,2026-03-05 06:38:48.231288
2813,purpleflock.net,72.61905,adequate,5,7,26.34.20,2026-03-05 06:39:01.814506
2814,purpleflock.net,72.61905,adequate,5,7,26.34.20,2026-03-05 06:53:41.368278
2815,purpleflock.net,81.190475,good,5,7,26.34.20,2026-03-05 07:02:32.425624
2816,mta-sts.purpleflock.net,77.666664,good,5,5,26.34.20,2026-03-05 07:04:09.280921
2817,knoxminerals.com,74.666664,adequate,5,5,26.34.20,2026-03-05 07:27:30.419531
2818,evilhacker.com,70.666664,adequate,5,3,26.34.20,2026-03-05 07:42:06.247429
2819,dnstool.it-help.tech,77.333336,good,5,3,26.34.20,2026-03-05 08:53:27.695087
2820,item.org,83,good,5,6,26.34.20,2026-03-05 10:11:08.648029
2821,1liner.com,78.666664,good,5,5,26.34.20,2026-03-05 10:35:06.065993
2822,nlnetlabs.nl,68,adequate,5,6,26.34.20,2026-03-05 10:36:37.764372
2823,google.com,70.190475,adequate,5,7,26.34.20,2026-03-05 10:36:41.335298
2824,freebsd.org,86.47619,good,5,7,26.34.20,2026-03-05 10:36:43.483396
2825,ietf.org,73,adequate,5,6,26.34.20,2026-03-05 10:36:45.51753
2826,dnstool.it-help.tech,77.333336,good,5,3,26.34.20,2026-03-05 10:36:46.450605
2827,nlnetlabs.nl,68,adequate,5,6,26.34.20,2026-03-05 10:36:51.250874
2828,mta-sts.sportcommunities.group,78.666664,good,5,5,26.34.20,2026-03-05 10:36:54.050458
2829,google.com,68.2619,adequate,5,7,26.34.20,2026-03-05 10:36:56.71888
2830,freebsd.org,85.04762,good,5,7,26.34.20,2026-03-05 10:36:56.950313
2831,ietf.org,73,adequate,5,6,26.34.20,2026-03-05 10:37:00.712931
2832,it-help.tech,79.690475,good,5,7,26.34.20,2026-03-05 10:37:12.094876
2833,ietf.org,71.333336,adequate,5,6,26.34.20,2026-03-05 10:37:12.938462
2834,purpleflock.net,80.940475,good,5,7,26.34.20,2026-03-05 10:37:16.463506
2835,it-help.tech,80.190475,good,5,7,26.34.20,2026-03-05 10:37:18.395529
2836,google.com,69.690475,adequate,5,7,26.34.20,2026-03-05 10:37:21.382151
2837,purpleflock.net,81.190475,good,5,7,26.34.20,2026-03-05 10:37:23.206408
2838,web-hosting.com,74.666664,adequate,5,5,26.34.20,2026-03-05 10:37:41.460869
2839,web-hosting.com,74.666664,adequate,5,5,26.34.20,2026-03-05 10:37:50.179254
2840,anva.ch,82.190475,good,5,7,26.34.20,2026-03-05 10:37:50.59793
2841,anva.ch,82.190475,good,5,7,26.34.20,2026-03-05 10:37:58.418555
2671,sovanta.com,79.666664,good,5,5,26.33.93,2026-03-04 14:24:01.365533
2672,sovanta.com,81.666664,good,5,5,26.33.93,2026-03-04 14:24:14.998285
2676,it-help.tech,80.190475,good,5,7,26.33.93,2026-03-04 14:28:10.058686
2678,cloudflare.com,69.5119,adequate,5,7,26.33.93,2026-03-04 14:28:24.108754
2679,it-help.tech,79.690475,good,5,7,26.33.93,2026-03-04 14:28:26.041075
2680,nsa.gov,75.416664,good,5,5,26.33.93,2026-03-04 14:28:30.042767
2681,fbi.gov,73.79762,adequate,5,7,26.33.93,2026-03-04 14:28:34.097651
2682,cloudflare.com,70.940475,adequate,5,7,26.33.93,2026-03-04 14:28:39.246374
2683,uke.de,68.416664,adequate,5,6,26.33.93,2026-03-04 14:28:49.005276
2684,fbi.gov,70.940475,adequate,5,7,26.33.93,2026-03-04 14:28:49.882905
2685,it-help.tech,79.690475,good,5,7,26.33.93,2026-03-04 14:28:56.720493
2686,blauwsurvey.com,81.75,good,5,6,26.33.93,2026-03-04 14:28:58.233856
2687,cloudflare.com,69.7619,adequate,5,7,26.33.93,2026-03-04 14:29:02.956371
2688,hotmail.com,81.333336,good,5,6,26.33.93,2026-03-04 14:29:03.374284
2689,uke.de,68.666664,adequate,5,6,26.33.93,2026-03-04 14:29:04.132154
2690,glendun.com.au,80.666664,good,5,5,26.33.93,2026-03-04 14:29:12.674941
2691,fluss.top,72.833336,adequate,5,4,26.33.93,2026-03-04 14:29:14.287102
2692,hotmail.com,86.333336,good,5,6,26.33.93,2026-03-04 14:29:14.878035
2693,blauwsurvey.com,81.75,good,5,6,26.33.93,2026-03-04 14:29:16.290419
2694,fbi.gov,72.36905,adequate,5,7,26.33.93,2026-03-04 14:29:17.010132
2695,cnn.com,70.083336,adequate,5,6,26.33.93,2026-03-04 14:29:20.817924
2696,glendun.com.au,80.666664,good,5,5,26.33.93,2026-03-04 14:29:22.365987
2697,cnn.com,70.333336,adequate,5,6,26.33.93,2026-03-04 14:29:34.87762
2698,proton.me,77,good,5,6,26.33.93,2026-03-04 14:30:18.725055
2699,proton.me,75.333336,good,5,6,26.33.93,2026-03-04 14:30:25.209268
2700,spital-izvoru.ro,74.666664,adequate,5,5,26.33.93,2026-03-04 14:30:38.742133
2701,spital-izvoru.ro,74.666664,adequate,5,5,26.33.93,2026-03-04 14:30:48.905512
2702,porp.stream,77.333336,good,5,3,26.33.93,2026-03-04 14:30:53.749246
2703,burghele.ro,73.666664,adequate,5,5,26.33.93,2026-03-04 14:30:58.783682
2704,porp.stream,77.333336,good,5,3,26.33.93,2026-03-04 14:31:03.014921
2705,burghele.ro,74.666664,adequate,5,5,26.33.93,2026-03-04 14:31:09.718879
2706,spitalmciuc.ro,74.666664,adequate,5,5,26.33.93,2026-03-04 14:31:18.754081
2707,dpsg-bodensee.de,73,adequate,5,6,26.33.93,2026-03-04 14:31:20.49299
2708,ohg-nagold.de,66.666664,adequate,5,5,26.33.93,2026-03-04 14:31:21.067303
2709,spitalmciuc.ro,74.666664,adequate,5,5,26.33.93,2026-03-04 14:31:21.596317
2710,schedule.it-help.tech,74,adequate,5,3,26.33.93,2026-03-04 14:31:22.402949
2711,dpsg-bodensee.de,73,adequate,5,6,26.33.93,2026-03-04 14:31:22.886448
2712,spjslatina.ro,68.666664,adequate,5,5,26.33.93,2026-03-04 14:31:26.995998
2713,ohg-nagold.de,66.666664,adequate,5,5,26.33.93,2026-03-04 14:31:39.680404
2714,reconfirm.com,73,adequate,5,6,26.33.93,2026-03-04 14:31:42.009315
2715,mercadopago.com,72.666664,adequate,5,6,26.33.93,2026-03-04 14:31:44.960615
2716,mercadopago.com,72.666664,adequate,5,6,26.33.93,2026-03-04 14:31:51.798093
2717,filantropia.ro,68.666664,adequate,5,5,26.33.93,2026-03-04 14:32:04.021887
2718,haukeflix.top,79.666664,good,5,6,26.33.93,2026-03-04 14:32:14.163537
2719,technikfreak.co,74,adequate,5,3,26.33.93,2026-03-04 14:32:18.166111
2720,haukeflix.top,78,good,5,6,26.33.93,2026-03-04 14:32:20.54926
2721,technikfreak.co,70.666664,adequate,5,3,26.33.93,2026-03-04 14:32:24.2201
2722,filantropia.ro,68.666664,adequate,5,5,26.33.93,2026-03-04 14:32:26.04998
2723,cisa.gov,67,adequate,5,6,26.33.93,2026-03-04 14:32:39.261508
2724,cisa.gov,70,adequate,5,6,26.33.93,2026-03-04 14:32:45.589818
2725,server.it-help.tech,77.333336,good,5,3,26.33.93,2026-03-04 14:33:08.527487
2726,natashabedingfield.com,67.666664,adequate,5,5,26.33.93,2026-03-04 14:33:09.177361
2727,sap.de,72.666664,adequate,5,5,26.33.93,2026-03-04 14:33:09.400196
2728,natashabedingfield.com,67.666664,adequate,5,5,26.33.93,2026-03-04 14:33:11.437433
2729,red.com,72.666664,adequate,5,6,26.33.93,2026-03-04 14:33:12.195803
2730,red.com,72.666664,adequate,5,6,26.33.93,2026-03-04 14:33:13.414046
2731,sap.de,74.666664,adequate,5,5,26.33.93,2026-03-04 14:33:17.511064
2732,tesla.com,65.666664,adequate,5,5,26.33.93,2026-03-04 14:33:26.990644
2733,jonaswiegner.de,70.7619,adequate,5,7,26.33.93,2026-03-04 14:36:36.608651
2734,beechtreenews.com,73,adequate,5,6,26.33.93,2026-03-04 14:37:00.555454
2735,spitalulhorezu.ro,76.666664,good,5,5,26.33.93,2026-03-04 14:37:03.010066
2736,markphd.me,76.583336,good,5,4,26.33.93,2026-03-04 14:37:07.571985
2737,kisa.org.cy,84.666664,good,5,5,26.33.93,2026-03-04 14:37:08.441016
2738,beechtreenews.com,73,adequate,5,6,26.33.93,2026-03-04 14:37:10.850917
2739,markphd.me,76.833336,good,5,4,26.33.93,2026-03-04 14:37:14.826387
2740,spitalulhorezu.ro,76.666664,good,5,5,26.33.93,2026-03-04 14:37:15.543865
2741,binaryflix.space,77.333336,good,5,3,26.33.93,2026-03-04 14:37:20.882517
2742,kisa.org.cy,84.666664,good,5,5,26.33.93,2026-03-04 14:37:23.107503
2743,ehmrealty.com,78.666664,good,5,5,26.33.93,2026-03-04 14:37:28.607641
2744,purpleflock.com,73,adequate,5,6,26.33.93,2026-03-04 14:37:32.546302
2745,ehmrealty.com,78.666664,good,5,5,26.33.93,2026-03-04 14:37:34.853945
2746,spitalsinaia.ro,74.666664,adequate,5,5,26.33.93,2026-03-04 14:37:44.540155
2747,spitalsinaia.ro,74.666664,adequate,5,5,26.33.93,2026-03-04 14:37:46.317869
2749,oxidesurvival.com,80.666664,good,5,3,26.33.93,2026-03-04 14:45:53.477625
2752,optonline.net,76.666664,good,5,5,26.33.93,2026-03-04 14:46:05.645013
2753,kokee.net,75.333336,good,5,4,26.33.93,2026-03-04 14:46:05.803961
2755,spitalsighet.ro,76.666664,good,5,5,26.33.93,2026-03-04 14:46:13.134679
2758,tuta.io,75.04762,good,5,7,26.33.93,2026-03-04 14:46:39.787474
2759,tuta.io,75.04762,good,5,7,26.33.93,2026-03-04 14:46:57.056847
2760,tuta.io,73.61905,adequate,5,7,26.33.93,2026-03-04 14:47:21.552526
2762,usa.gov,72.666664,adequate,5,5,26.33.93,2026-03-04 15:01:02.38546
2764,steinr.eu,72,adequate,5,6,26.33.93,2026-03-04 15:16:39.15751
2767,livearchive.net,73,adequate,5,6,26.33.96,2026-03-04 15:29:35.599408
2769,migrateproduction.com,72,adequate,5,6,26.33.96,2026-03-04 15:29:51.65665
2770,transbusbuzau.ro,80.666664,good,5,5,26.33.96,2026-03-04 15:29:59.932294
2772,1liner.com,78.666664,good,5,5,26.33.96,2026-03-04 15:30:15.094762
2773,1liner.com,78.666664,good,5,5,26.33.96,2026-03-04 15:30:21.733248
2774,spitalul-municipal-timisoara.ro,66.666664,adequate,5,5,26.33.96,2026-03-04 15:30:25.370326
2775,spitalulhuedin.ro,74.666664,adequate,5,5,26.33.96,2026-03-04 15:30:26.556907
2777,steinr.eu,72,adequate,5,6,26.33.96,2026-03-04 15:30:36.554241
2842,couchmvp.com,77.666664,good,5,2,26.34.20,2026-03-05 10:38:05.727108
2848,sportcommunities.group,82.190475,good,5,7,26.34.20,2026-03-05 10:38:33.614392
2849,mta-sts.purpleflock.net,77.666664,good,5,5,26.34.20,2026-03-05 10:38:34.234867
2850,screen.it-help.tech,73.333336,adequate,5,8,26.34.20,2026-03-05 10:38:40.95611
2854,livearchive.net,73,adequate,5,6,26.34.20,2026-03-05 10:39:24.229877
4626,it-help.tech,80.190475,good,5,7,26.35.32,2026-03-09 14:10:10.404938
4811,kali.org,79.333336,good,5,7,26.35.32,2026-03-09 15:34:39.996106
4813,theojouvin.com,72,adequate,5,6,26.35.32,2026-03-09 15:34:56.072221
4815,abyt.es,75.333336,good,5,4,26.35.32,2026-03-09 15:35:05.255485
4817,theojouvin.com,71.75,adequate,5,6,26.35.32,2026-03-09 15:35:26.572986
4819,kali.org,79.333336,good,5,7,26.35.32,2026-03-09 15:35:40.649622
4870,natashabedingfield.com,70.666664,adequate,5,5,26.35.34,2026-03-10 01:28:10.051649
4925,www.franklinroadacademy.com,60.583332,adequate,5,8,26.35.35,2026-03-10 08:59:29.522559
5094,whitehouse.gov,75.416664,good,5,5,26.35.35,2026-03-10 14:43:59.820403
5197,livearchive.net,73,adequate,5,6,26.35.35,2026-03-10 18:06:00.310342
5199,livearchive.net,73,adequate,5,6,26.35.35,2026-03-10 18:06:25.01799
5202,contractvault.com,72.833336,adequate,5,4,26.35.35,2026-03-10 18:09:34.415735
5207,maltejk.de,77.90476,good,5,7,26.35.35,2026-03-10 18:10:57.236676
5300,spitalcampina.ro,72.666664,adequate,5,5,26.35.35,2026-03-10 21:02:57.618246
5360,theojouvin.com,72,adequate,5,6,26.35.35,2026-03-11 02:51:04.247065
5362,mtadistributors.com,76.666664,good,5,5,26.35.35,2026-03-11 02:51:04.95972
5411,fullmindlearning.com,69.666664,adequate,5,5,26.36.01,2026-03-11 08:48:14.350346
5459,kokee.net,75.333336,good,5,4,26.36.01,2026-03-11 14:11:31.983068
5625,hortongroup.com,78.666664,good,5,5,26.36.01,2026-03-11 15:13:24.588653
5628,usa.gov,70.666664,adequate,5,5,26.36.01,2026-03-11 15:15:17.48844
5677,livearchive.net,73,adequate,5,6,26.36.02,2026-03-12 00:30:37.668781
5678,livearchive.net,73,adequate,5,6,26.36.02,2026-03-12 00:31:27.943819
5727,isc.org,76.90476,good,5,7,26.36.06,2026-03-12 07:28:06.362908
5729,filerequestpro.com,73,adequate,5,6,26.36.06,2026-03-12 07:32:29.355394
5730,pocketflows.com,73,adequate,5,6,26.36.06,2026-03-12 07:32:56.239063
5861,kisa.org.cy,84.666664,good,5,5,26.36.11,2026-03-12 10:14:59.982149
5916,spital-izvoru.ro,74.666664,adequate,5,5,26.36.11,2026-03-12 13:44:02.383878
6068,2911.us,81.333336,good,5,6,26.36.11,2026-03-12 14:53:26.352102
6071,fbi.gov,71.190475,adequate,5,7,26.36.11,2026-03-12 14:53:46.393129
6075,meg.abyt.es,71.666664,adequate,5,2,26.36.11,2026-03-12 14:54:55.356495
6077,jira.sovanta.com,81.333336,good,5,1,26.36.11,2026-03-12 14:56:56.704958
6080,whitehouse.gov,76.666664,good,5,5,26.36.11,2026-03-12 14:57:23.092467
6173,kokee.net,75.333336,good,5,4,26.36.11,2026-03-12 18:46:08.242401
6229,squareup.com,69.666664,adequate,5,5,26.36.11,2026-03-12 21:04:31.295745
6284,switch.com,69.666664,adequate,5,5,26.36.11,2026-03-13 08:34:54.387215
6286,me,72.666664,adequate,5,2,26.36.11,2026-03-13 08:35:54.400858
6287,migrateproduction.com,71.75,adequate,5,6,26.36.11,2026-03-13 08:35:58.877146
6289,fugro.com,77.666664,good,5,5,26.36.11,2026-03-13 08:36:03.790981
6291,isc.org,76.65476,good,5,7,26.36.11,2026-03-13 08:36:11.741781
6295,cisa.gov,71,adequate,5,6,26.36.11,2026-03-13 08:37:22.942724
6297,theojouvin.com,72,adequate,5,6,26.36.11,2026-03-13 08:37:26.09306
6299,hosptm.ro,82.666664,good,5,5,26.36.11,2026-03-13 08:37:29.85627
6301,filantropia.ro,68.666664,adequate,5,5,26.36.11,2026-03-13 08:37:35.268375
6303,kisa.org.cy,84.666664,good,5,5,26.36.11,2026-03-13 08:37:41.427839
6305,natashabedingfield.co.uk,75.333336,good,5,4,26.36.11,2026-03-13 08:38:36.487042
6307,dpsg-radolfzell.de,76.47619,good,5,7,26.36.11,2026-03-13 08:38:43.341454
6308,spitalsighet.ro,76.666664,good,5,5,26.36.11,2026-03-13 08:38:48.051024
6310,spitalsinaia.ro,74.666664,adequate,5,5,26.36.11,2026-03-13 08:39:01.680064
6312,spitalulhorezu.ro,76.666664,good,5,5,26.36.11,2026-03-13 08:39:13.714509
6435,abyt.es,75.333336,good,5,4,26.36.11,2026-03-13 14:45:20.760599
6461,nsa.gov,75.666664,good,5,5,26.36.11,2026-03-13 14:47:53.325347
6480,spitalmoldovanoua.ro,74.666664,adequate,5,5,26.36.11,2026-03-13 14:49:45.788941
6486,mx1.blauw-survey.com,71.333336,adequate,5,1,26.36.11,2026-03-13 14:50:02.82994
6580,leeashley.com,80.333336,good,5,4,26.36.11,2026-03-13 19:07:24.484759
6720,apavil.ro,58.666668,adequate,5,5,26.36.15,2026-03-14 12:30:28.428593
6841,it-help.tech,80.190475,good,5,7,26.37.04,2026-03-15 06:25:24.218563
6956,innbn-bucuresti.ro,74.666664,adequate,5,5,26.37.15,2026-03-15 23:10:06.27158
7012,vallige-api.com,72.666664,adequate,5,2,26.37.20,2026-03-16 09:02:21.799216
7015,rocket-hd.cc,80.666664,good,5,5,26.37.20,2026-03-16 09:02:44.992697
7021,technikfreak.co,74,adequate,5,3,26.37.20,2026-03-16 09:03:43.274762
7023,surland.de,84.666664,good,5,6,26.37.20,2026-03-16 09:03:51.286885
7031,glendun.com.au,79.666664,good,5,5,26.37.20,2026-03-16 09:04:50.227314
7128,monologue.to,73,adequate,5,6,26.37.20,2026-03-16 14:47:41.55127
7131,kisa.org.cy,84.666664,good,5,5,26.37.20,2026-03-16 14:47:55.617524
7133,purpleflock.com,82.190475,good,5,7,26.37.20,2026-03-16 14:47:57.339732
7226,nlnetlabs.nl,68,adequate,5,6,26.37.23,2026-03-17 04:15:58.131723
7230,google.com,68.2619,adequate,5,7,26.37.23,2026-03-17 04:16:06.478048
7310,dnsstuff.com,75.333336,good,5,6,26.37.23,2026-03-17 10:18:53.141906
7419,co.uk,67.666664,adequate,5,2,26.37.23,2026-03-17 14:59:04.62599
7420,kadse.dev,70.666664,adequate,5,3,26.37.23,2026-03-17 14:59:10.607597
7421,spitalmciuc.ro,74.666664,adequate,5,5,26.37.23,2026-03-17 14:59:29.294072
7458,nsa.gov,75.666664,good,5,5,26.37.23,2026-03-18 01:47:12.604142
7461,ietf.org,73,adequate,5,6,26.37.23,2026-03-18 01:48:41.647364
7464,web-hosting.com,74.666664,adequate,5,5,26.37.23,2026-03-18 01:50:49.506263
7524,nlnetlabs.nl,68,adequate,5,6,26.37.23,2026-03-18 03:29:06.907858
7528,nlnetlabs.nl,68,adequate,5,6,26.37.23,2026-03-18 03:30:13.536013
7536,nlnetlabs.nl,68,adequate,5,6,26.37.23,2026-03-18 03:32:21.562305
7540,nlnetlabs.nl,68,adequate,5,6,26.37.23,2026-03-18 03:33:36.235071
7597,spitalsighet.ro,76.666664,good,5,5,26.37.23,2026-03-18 04:56:01.513355
7625,nlnetlabs.nl,68,adequate,5,6,26.37.28,2026-03-18 07:04:45.017122
7628,nlnetlabs.nl,68,adequate,5,6,26.37.28,2026-03-18 07:06:06.83475
7632,nlnetlabs.nl,68,adequate,5,6,26.37.28,2026-03-18 07:07:06.582813
7681,nlnetlabs.nl,68,adequate,5,6,26.37.28,2026-03-18 07:17:00.633303
7683,nlnetlabs.nl,68,adequate,5,6,26.37.28,2026-03-18 07:17:27.76612
2843,purpleflock.com,73,adequate,5,6,26.34.20,2026-03-05 10:38:08.443602
2844,me,72.666664,adequate,5,2,26.34.20,2026-03-05 10:38:11.862506
2845,purpleflock.com,73,adequate,5,6,26.34.20,2026-03-05 10:38:16.475878
2846,server.it-help.tech,77.333336,good,5,3,26.34.20,2026-03-05 10:38:26.679922
2847,sportcommunities.group,82.190475,good,5,7,26.34.20,2026-03-05 10:38:31.889528
2851,hegel.net,76.333336,good,5,6,26.34.20,2026-03-05 10:39:11.673206
2852,hegel.net,76.333336,good,5,6,26.34.20,2026-03-05 10:39:16.961975
2853,livearchive.net,73,adequate,5,6,26.34.20,2026-03-05 10:39:17.60046
2855,insmc.ro,76.666664,good,5,5,26.34.20,2026-03-05 10:40:41.700918
2858,ehmrealty.com,78.666664,good,5,5,26.34.20,2026-03-05 10:40:45.658363
2860,insmc.ro,76.666664,good,5,5,26.34.20,2026-03-05 10:40:52.805456
2863,optonline.net,76.666664,good,5,5,26.34.20,2026-03-05 10:41:03.482952
2864,spitalsighet.ro,76.666664,good,5,5,26.34.20,2026-03-05 10:41:08.580005
2865,steinr.eu,72,adequate,5,6,26.34.20,2026-03-05 10:41:12.57954
2866,spitalul-municipal-timisoara.ro,66.666664,adequate,5,5,26.34.20,2026-03-05 10:41:14.451933
2867,spitalsinaia.ro,74.666664,adequate,5,5,26.34.20,2026-03-05 10:41:15.505927
2868,steinr.eu,71.75,adequate,5,6,26.34.20,2026-03-05 10:41:18.143311
2871,spitalulhuedin.ro,74.666664,adequate,5,5,26.34.20,2026-03-05 10:41:48.556292
2874,tuta.io,75.04762,good,5,7,26.34.20,2026-03-05 10:42:22.239125
2877,tuta.io,75.04762,good,5,7,26.34.20,2026-03-05 10:42:35.370572
2878,valentin.run,83,good,5,6,26.34.20,2026-03-05 10:42:37.148652
2879,transbusbuzau.ro,80.666664,good,5,5,26.34.20,2026-03-05 10:42:40.222638
2880,transbusbuzau.ro,80.666664,good,5,5,26.34.20,2026-03-05 10:42:55.166094
4627,nlnetlabs.nl,68,adequate,5,6,26.35.32,2026-03-09 14:17:49.035124
4630,ietf.org,73,adequate,5,6,26.35.32,2026-03-09 14:17:54.600578
4631,nlnetlabs.nl,68,adequate,5,6,26.35.32,2026-03-09 14:18:10.991386
4632,schedule.it-help.tech,77.333336,good,5,3,26.35.32,2026-03-09 14:18:11.443361
4812,abyt.es,75.333336,good,5,4,26.35.32,2026-03-09 15:34:43.743478
4816,kali.org,77.90476,good,5,7,26.35.32,2026-03-09 15:35:10.040568
4871,natashabedingfield.com,71.666664,adequate,5,5,26.35.34,2026-03-10 01:28:28.78298
4872,example.com,73,adequate,5,6,26.35.34,2026-03-10 01:28:40.070667
4926,pocketflows.com,73,adequate,5,6,26.35.35,2026-03-10 09:16:21.718993
4927,pocketflows.com,71.333336,adequate,5,6,26.35.35,2026-03-10 09:16:38.394895
5095,vallige-api.com,72.666664,adequate,5,2,26.35.35,2026-03-10 14:48:39.372062
5198,westcappowerequipment.com,80.666664,good,5,5,26.35.35,2026-03-10 18:06:14.369203
5201,evilhacker.com,70.666664,adequate,5,3,26.35.35,2026-03-10 18:09:17.264382
5203,vallige-api.com,72.666664,adequate,5,2,26.35.35,2026-03-10 18:09:40.507233
5206,fredduval.com,82.666664,good,5,5,26.35.35,2026-03-10 18:10:37.577605
5301,surland.de,84.666664,good,5,6,26.35.35,2026-03-10 21:02:58.368397
5361,cisa.gov,71,adequate,5,6,26.35.35,2026-03-11 02:51:04.892229
5363,item.org,83,good,5,6,26.35.35,2026-03-11 02:51:06.732633
5412,psihiatrietulghes.ro,74.666664,adequate,5,5,26.36.01,2026-03-11 09:00:45.795964
5415,kali.org,79.333336,good,5,7,26.36.01,2026-03-11 09:05:35.064918
5461,guarinoadvisors.com,73,adequate,5,6,26.36.01,2026-03-11 14:13:22.251622
5626,usa.gov,72.666664,adequate,5,5,26.36.01,2026-03-11 15:14:16.486264
5627,usa.gov,70.666664,adequate,5,5,26.36.01,2026-03-11 15:14:47.02691
5679,spitalulhorezu.ro,76.666664,good,5,5,26.36.02,2026-03-12 00:48:49.281532
5731,lincolnapps.co,74.083336,adequate,5,4,26.36.06,2026-03-12 07:33:57.065484
5862,sjv.ro,74.666664,adequate,5,5,26.36.11,2026-03-12 10:19:25.715159
5917,burghele.ro,74.666664,adequate,5,5,26.36.11,2026-03-12 13:46:26.2084
6072,cia.gov,76.90476,good,5,7,26.36.11,2026-03-12 14:54:04.520694
6073,fbi.gov,74.04762,adequate,5,7,26.36.11,2026-03-12 14:54:14.783996
6078,haukeflix.top,79.666664,good,5,6,26.36.11,2026-03-12 14:57:13.099315
6079,haukeflix.top,79.666664,good,5,6,26.36.11,2026-03-12 14:57:19.165402
6174,proton.me,73.666664,adequate,5,6,26.36.11,2026-03-12 19:00:38.291604
6230,purpleflock.net,81.190475,good,5,7,26.36.11,2026-03-12 21:09:48.035278
6232,mta-sts.purpleflock.net,77.666664,good,5,5,26.36.11,2026-03-12 21:12:45.591284
6293,kadse.dev,70.666664,adequate,5,3,26.36.11,2026-03-13 08:36:21.809906
6436,mtadistributors.com,78.666664,good,5,5,26.36.11,2026-03-13 14:45:21.404074
6453,spitalulhorezu.ro,76.666664,good,5,5,26.36.11,2026-03-13 14:46:16.586062
6455,spitalulhorezu.ro,76.666664,good,5,5,26.36.11,2026-03-13 14:46:41.402036
6466,markphd.me,76.833336,good,5,4,26.36.11,2026-03-13 14:48:27.344644
6474,usa.gov,70.666664,adequate,5,5,26.36.11,2026-03-13 14:49:09.56911
6487,dpsg-radolfzell.de,76.47619,good,5,7,26.36.11,2026-03-13 14:50:05.56976
6581,leeashley.com,79.333336,good,5,4,26.36.11,2026-03-13 19:15:24.625636
6721,porp.stream,77.333336,good,5,3,26.36.15,2026-03-14 12:53:08.661317
6842,purpleflock.com,82.190475,good,5,7,26.37.04,2026-03-15 08:49:42.510705
6957,sportcommunities.group,82.190475,good,5,7,26.37.15,2026-03-16 00:52:39.918899
7013,insmc.ro,76.666664,good,5,5,26.37.20,2026-03-16 09:02:22.229666
7014,pdcnet.org,73,adequate,5,6,26.37.20,2026-03-16 09:02:29.812733
7016,benav.cc,77.666664,good,5,2,26.37.20,2026-03-16 09:02:46.482436
7017,leeashley.com,80.333336,good,5,4,26.37.20,2026-03-16 09:02:54.520422
7019,anva.ch,82.190475,good,5,7,26.37.20,2026-03-16 09:03:01.293407
7022,fbi.gov,74.04762,adequate,5,7,26.37.20,2026-03-16 09:03:43.698484
7024,fluss.top,72.833336,adequate,5,4,26.37.20,2026-03-16 09:03:58.131997
7026,jira.sovanta.com,81.333336,good,5,1,26.37.20,2026-03-16 09:04:08.513556
7027,cia.gov,76.65476,good,5,7,26.37.20,2026-03-16 09:04:27.851421
7029,hegel.net,76.333336,good,5,6,26.37.20,2026-03-16 09:04:37.857393
7034,knoxminerals.com,74.666664,adequate,5,5,26.37.20,2026-03-16 09:05:25.374078
7037,nasa.gov,71.75,adequate,5,6,26.37.20,2026-03-16 09:05:47.351288
7040,hortongroup.com,78.666664,good,5,5,26.37.20,2026-03-16 09:06:07.288317
7132,monologue.to,73,adequate,5,6,26.37.20,2026-03-16 14:47:57.108
7134,valentin.run,83,good,5,6,26.37.20,2026-03-16 14:48:03.468141
7137,mta-sts.purpleflock.net,77.666664,good,5,5,26.37.20,2026-03-16 14:48:21.456194
7227,freebsd.org,85.04762,good,5,7,26.37.23,2026-03-17 04:16:02.518364
7311,leeashley.com,80.333336,good,5,4,26.37.23,2026-03-17 11:04:18.763643
7422,filantropia.ro,68.666664,adequate,5,5,26.37.23,2026-03-17 14:59:30.579193
7424,patientreminder.com,82.666664,good,5,5,26.37.23,2026-03-17 14:59:34.131298
7425,dnsstuff.com,73.666664,adequate,5,6,26.37.23,2026-03-17 14:59:35.331069
7459,cloudflare.com,69.5119,adequate,5,7,26.37.23,2026-03-18 01:47:43.357658
2856,oxidesurvival.com,80.666664,good,5,3,26.34.20,2026-03-05 10:40:42.672265
2857,migrateproduction.com,72,adequate,5,6,26.34.20,2026-03-05 10:40:43.638593
2859,oxidesurvival.com,77.333336,good,5,3,26.34.20,2026-03-05 10:40:48.741668
2861,migrateproduction.com,72,adequate,5,6,26.34.20,2026-03-05 10:40:53.111926
2862,ehmrealty.com,78.666664,good,5,5,26.34.20,2026-03-05 10:40:56.29173
2869,1liner.com,78.666664,good,5,5,26.34.20,2026-03-05 10:41:22.523143
2870,innbn-bucuresti.ro,74.666664,adequate,5,5,26.34.20,2026-03-05 10:41:33.16337
2872,kokee.net,75.333336,good,5,4,26.34.20,2026-03-05 10:41:50.391451
2873,com,72.666664,adequate,5,2,26.34.20,2026-03-05 10:41:51.511324
2875,valentin.run,83,good,5,6,26.34.20,2026-03-05 10:42:26.186678
2876,dns-observe.com,80.666664,good,5,5,26.34.20,2026-03-05 10:42:34.588612
2881,microsoft.com,85.40476,good,5,7,26.34.20,2026-03-05 10:43:46.551591
2882,nsa.gov,73.416664,adequate,5,5,26.34.20,2026-03-05 10:43:50.557102
2883,cia.gov,76.65476,good,5,7,26.34.20,2026-03-05 10:43:52.491916
2884,microsoft.com,84.47619,good,5,7,26.34.20,2026-03-05 10:44:01.76921
2885,nsa.gov,75.416664,good,5,5,26.34.20,2026-03-05 10:44:02.041164
2886,apple.com,74.04762,adequate,5,7,26.34.20,2026-03-05 10:44:04.574062
2887,cia.gov,76.65476,good,5,7,26.34.20,2026-03-05 10:44:07.759559
2888,mta-sts.purpleflock.net,77.416664,good,5,5,26.34.20,2026-03-05 10:44:12.821122
2889,apple.com,76.65476,good,5,7,26.34.20,2026-03-05 10:44:19.463841
2890,fbi.gov,73.79762,adequate,5,7,26.34.20,2026-03-05 10:44:24.617559
2891,microsoft.com,81.11905,good,5,7,26.34.20,2026-03-05 10:44:32.219886
2892,cia.gov,76.65476,good,5,7,26.34.20,2026-03-05 10:44:38.568377
2893,fbi.gov,72.36905,adequate,5,7,26.34.20,2026-03-05 10:44:39.711355
2894,fbi.gov,71.190475,adequate,5,7,26.34.20,2026-03-05 10:45:10.345858
2895,patientreminder.com,82.666664,good,5,5,26.34.20,2026-03-05 10:49:21.026051
2896,misconfigured.com,77.333336,good,5,3,26.34.20,2026-03-05 10:49:22.230646
2897,maltejk.de,76.47619,good,5,7,26.34.20,2026-03-05 10:49:23.185568
2898,ibm.com,58,adequate,5,6,26.34.20,2026-03-05 10:49:25.05668
2899,ibm.com,67,adequate,5,6,26.34.20,2026-03-05 10:49:31.712595
2900,kadse.dev,70.666664,adequate,5,3,26.34.20,2026-03-05 10:49:33.058996
2901,openai.com,70.333336,adequate,5,6,26.34.20,2026-03-05 10:49:33.268957
2902,maltejk.de,77.90476,good,5,7,26.34.20,2026-03-05 10:49:33.681438
2903,openai.com,72,adequate,5,6,26.34.20,2026-03-05 10:49:39.371142
2904,misconfigured.com,77.333336,good,5,3,26.34.20,2026-03-05 10:49:47.236984
2905,amazon.com,67.666664,adequate,5,5,26.34.20,2026-03-05 10:50:07.604112
2906,amazon.com,71.666664,adequate,5,5,26.34.20,2026-03-05 10:50:13.432505
2907,evilhacker.com,70.666664,adequate,5,3,26.34.20,2026-03-05 10:50:30.764976
2908,evilhacker.com,70.666664,adequate,5,3,26.34.20,2026-03-05 10:50:37.043224
2909,poop.com,74,adequate,5,3,26.34.20,2026-03-05 10:50:40.773868
2910,whitehouse.gov,75.666664,good,5,5,26.34.20,2026-03-05 10:50:46.838323
2911,poop.com,74,adequate,5,3,26.34.20,2026-03-05 10:50:47.278746
2912,whitehouse.gov,75.666664,good,5,5,26.34.20,2026-03-05 10:50:52.072565
2913,dev.lms.fullmindlearning.com,59.583332,adequate,5,8,26.34.20,2026-03-05 10:50:57.190761
2914,pdcnet.org,73,adequate,5,6,26.34.20,2026-03-05 10:51:19.929728
2915,thehumphries.org,74.666664,adequate,5,5,26.34.20,2026-03-05 10:51:21.918746
2916,pdcnet.org,73,adequate,5,6,26.34.20,2026-03-05 10:51:26.365827
2917,dev.lms.fullmindlearning.com,58.333332,adequate,5,8,26.34.20,2026-03-05 10:51:27.146691
2918,thehumphries.org,74.666664,adequate,5,5,26.34.20,2026-03-05 10:51:27.33589
2919,jira.sovanta.com,81.333336,good,5,1,26.34.20,2026-03-05 10:51:28.950833
2920,jira.sovanta.com,81.333336,good,5,1,26.34.20,2026-03-05 10:51:35.178
2921,dpsg-radolfzell.de,76.47619,good,5,7,26.34.20,2026-03-05 10:51:45.960826
2922,hegel.org,84.666664,good,5,5,26.34.20,2026-03-05 10:51:47.941961
2923,dpsg-radolfzell.de,76.47619,good,5,7,26.34.20,2026-03-05 10:51:52.858957
2924,dev.lms.fullmindlearning.com,59.583332,adequate,5,8,26.34.20,2026-03-05 10:51:57.708408
2925,hegel.org,84.666664,good,5,5,26.34.20,2026-03-05 10:51:58.228925
2926,spital-izvoru.ro,74.666664,adequate,5,5,26.34.20,2026-03-05 10:52:08.001004
2927,cnn.com,70.333336,adequate,5,6,26.34.20,2026-03-05 10:52:20.846772
2928,burghele.ro,74.666664,adequate,5,5,26.34.20,2026-03-05 10:52:22.142501
2929,porp.stream,77.333336,good,5,3,26.34.20,2026-03-05 10:52:25.939343
2930,blauwsurvey.com,81.75,good,5,6,26.34.20,2026-03-05 10:52:28.888126
2931,spital-izvoru.ro,76.666664,good,5,5,26.34.20,2026-03-05 10:52:29.129387
2932,proton.me,72,adequate,5,6,26.34.20,2026-03-05 10:52:33.159007
2933,blauwsurvey.com,81.75,good,5,6,26.34.20,2026-03-05 10:52:34.043005
2934,porp.stream,77.333336,good,5,3,26.34.20,2026-03-05 10:52:37.485505
2935,proton.me,75.333336,good,5,6,26.34.20,2026-03-05 10:52:39.365421
2936,spital-izvoru.ro,76.666664,good,5,5,26.34.20,2026-03-05 10:52:39.421959
2937,spitalmciuc.ro,74.666664,adequate,5,5,26.34.20,2026-03-05 10:52:42.03673
2938,burghele.ro,74.666664,adequate,5,5,26.34.20,2026-03-05 10:52:43.411794
2939,cnn.com,70.333336,adequate,5,6,26.34.20,2026-03-05 10:52:47.526405
2940,dpsg-bodensee.de,73,adequate,5,6,26.34.20,2026-03-05 10:52:49.381457
2941,cnn.com,68.416664,adequate,5,6,26.34.20,2026-03-05 10:52:52.749971
2942,dpsg-bodensee.de,69.666664,adequate,5,6,26.34.20,2026-03-05 10:52:53.204942
2943,spitalmciuc.ro,74.666664,adequate,5,5,26.34.20,2026-03-05 10:52:55.540806
2944,ohg-nagold.de,66.666664,adequate,5,5,26.34.20,2026-03-05 10:52:57.656119
2945,burghele.ro,74.666664,adequate,5,5,26.34.20,2026-03-05 10:52:58.089572
2946,schedule.it-help.tech,77.333336,good,5,3,26.34.20,2026-03-05 10:53:08.980348
2947,ohg-nagold.de,66.666664,adequate,5,5,26.34.20,2026-03-05 10:53:15.616667
2948,mercadopago.com,72.666664,adequate,5,6,26.34.20,2026-03-05 10:53:16.180114
2949,reconfirm.com,73,adequate,5,6,26.34.20,2026-03-05 10:53:18.063727
2950,mercadopago.com,72.666664,adequate,5,6,26.34.20,2026-03-05 10:53:22.443256
2951,glendun.com.au,80.666664,good,5,5,26.34.20,2026-03-05 10:53:24.294254
2952,spjslatina.ro,68.666664,adequate,5,5,26.34.20,2026-03-05 10:53:28.376996
2953,haukeflix.top,79.666664,good,5,6,26.34.20,2026-03-05 10:53:37.207045
2954,glendun.com.au,80.666664,good,5,5,26.34.20,2026-03-05 10:53:37.853949
2955,spjslatina.ro,68.666664,adequate,5,5,26.34.20,2026-03-05 10:53:38.149372
2956,filantropia.ro,68.666664,adequate,5,5,26.34.20,2026-03-05 10:53:40.068158
2957,technikfreak.co,74,adequate,5,3,26.34.20,2026-03-05 10:54:02.678873
2958,technikfreak.co,74,adequate,5,3,26.34.20,2026-03-05 10:54:09.000775
2959,filantropia.ro,68.666664,adequate,5,5,26.34.20,2026-03-05 10:54:09.571187
4628,google.com,68.7619,adequate,5,7,26.35.32,2026-03-09 14:17:50.673481
4814,insmc.ro,76.666664,good,5,5,26.35.32,2026-03-09 15:34:59.444438
4818,insmc.ro,76.666664,good,5,5,26.35.32,2026-03-09 15:35:29.673711
4873,binaryflix.space,77.333336,good,5,3,26.35.34,2026-03-10 01:34:40.43456
4874,binaryflix.space,77.333336,good,5,3,26.35.34,2026-03-10 01:34:42.386411
4877,dns-observe.com,80.666664,good,5,5,26.35.34,2026-03-10 01:36:33.741578
4928,uptimerobot.com,75.47619,good,5,7,26.35.35,2026-03-10 10:45:24.556461
5096,purpleflock.net,81.190475,good,5,7,26.35.35,2026-03-10 14:54:34.144728
5098,purpleflock.net,79.5119,good,5,7,26.35.35,2026-03-10 14:55:20.644863
5200,netcloud.ch,76.90476,good,5,7,26.35.35,2026-03-10 18:09:16.769076
5204,sovanta.com,79.666664,good,5,5,26.35.35,2026-03-10 18:09:46.996519
5302,com,67.666664,adequate,5,2,26.35.35,2026-03-10 21:09:40.04996
5316,sap.de,74.666664,adequate,5,5,26.35.35,2026-03-10 21:11:03.450368
5364,sap.de,74.666664,adequate,5,5,26.35.35,2026-03-11 03:29:58.047931
5413,www.mercadopago.com,59.583332,adequate,5,8,26.36.01,2026-03-11 09:00:46.867925
5414,spitalsinaia.ro,74.666664,adequate,5,5,26.36.01,2026-03-11 09:00:56.094593
5462,valentin.run,83,good,5,6,26.36.01,2026-03-11 14:21:42.608421
5630,ohg-nagold.de,66.666664,adequate,5,5,26.36.01,2026-03-11 15:18:59.787107
5680,spitalulhorezu.ro,76.666664,good,5,5,26.36.02,2026-03-12 00:49:39.074255
5732,mx1.blauw-survey.com,71.333336,adequate,5,1,26.36.06,2026-03-12 07:34:29.059726
5733,google.com,68.7619,adequate,5,7,26.36.06,2026-03-12 07:35:06.685778
5734,lincolnapps.co,74.083336,adequate,5,4,26.36.06,2026-03-12 07:35:53.59701
5863,co.uk,67.666664,adequate,5,2,26.36.11,2026-03-12 10:23:24.859866
5918,co.uk,67.666664,adequate,5,2,26.36.11,2026-03-12 13:57:30.062448
6076,abyt.es,75.333336,good,5,4,26.36.11,2026-03-12 14:56:52.92706
6081,whitehouse.gov,75.666664,good,5,5,26.36.11,2026-03-12 14:57:29.298777
6175,oxidesurvival.com,80.666664,good,5,3,26.36.11,2026-03-12 19:01:11.351706
6231,mta-sts.sportcommunities.group,78.666664,good,5,5,26.36.11,2026-03-12 21:10:00.478112
6313,probe-us-01.dns-observe.com,75.333336,good,5,4,26.36.11,2026-03-13 08:39:17.61493
6314,mx1.blauw-survey.com,71.333336,adequate,5,1,26.36.11,2026-03-13 08:39:18.804567
6316,ortopedieazuga.ro,74.666664,adequate,5,5,26.36.11,2026-03-13 08:39:43.002964
6318,westbyforcongress.com,80.666664,good,5,5,26.36.11,2026-03-13 08:39:53.050073
6437,reconfirm.com,73,adequate,5,6,26.36.11,2026-03-13 14:45:22.853034
6452,cloudflare.com,70.940475,adequate,5,7,26.36.11,2026-03-13 14:46:11.223243
6458,ibm.com,65.333336,adequate,5,6,26.36.11,2026-03-13 14:46:58.317517
6465,z1mac.com,74,adequate,5,3,26.36.11,2026-03-13 14:48:23.958651
6468,uke.de,68.666664,adequate,5,6,26.36.11,2026-03-13 14:48:37.484577
6475,spitalmoldovanoua.ro,74.666664,adequate,5,5,26.36.11,2026-03-13 14:49:20.290587
6478,mx1.blauw-survey.com,71.333336,adequate,5,1,26.36.11,2026-03-13 14:49:32.145458
6488,sap.de,74.666664,adequate,5,5,26.36.11,2026-03-13 14:50:18.404994
6489,jue.rs,72.833336,adequate,5,4,26.36.11,2026-03-13 14:50:18.880025
6582,leeashley.com,79.083336,good,5,4,26.36.11,2026-03-13 19:16:02.286097
6583,kisa.org.cy,84.666664,good,5,5,26.36.11,2026-03-13 19:16:07.46526
6722,meg.abyt.es,71.666664,adequate,5,2,26.36.15,2026-03-14 12:57:00.605295
6843,spitalulhorezu.ro,76.666664,good,5,5,26.37.04,2026-03-15 08:52:47.834324
6844,server.it-help.tech,77.333336,good,5,3,26.37.04,2026-03-15 08:55:19.81068
6958,whitehouse.gov,75.666664,good,5,5,26.37.19,2026-03-16 05:31:26.667585
7018,poop.com,74,adequate,5,3,26.37.20,2026-03-16 09:03:00.860192
7020,jonaswiegner.de,70.7619,adequate,5,7,26.37.20,2026-03-16 09:03:11.172865
7025,spitalsovata.ro,74.666664,adequate,5,5,26.37.20,2026-03-16 09:03:58.564702
7028,dpsg-bodensee.de,73,adequate,5,6,26.37.20,2026-03-16 09:04:28.505967
7030,usa.gov,72.666664,adequate,5,5,26.37.20,2026-03-16 09:04:49.737629
7032,reconfirm.com,73,adequate,5,6,26.37.20,2026-03-16 09:04:59.263235
7036,hahnover.land,76.666664,good,5,5,26.37.20,2026-03-16 09:05:46.859126
7039,spitalsighet.ro,76.666664,good,5,5,26.37.20,2026-03-16 09:06:06.851687
7041,izvoru.ro,78.666664,good,5,5,26.37.20,2026-03-16 09:06:16.872601
7043,transbusbuzau.ro,80.666664,good,5,5,26.37.20,2026-03-16 09:06:39.758208
7045,spjslatina.ro,68.666664,adequate,5,5,26.37.20,2026-03-16 09:07:09.212965
7047,hogwarts.steinr.eu,57.333332,adequate,5,5,26.37.20,2026-03-16 09:07:19.270802
7049,westcappowerequipment.com,80.666664,good,5,5,26.37.20,2026-03-16 09:07:41.599103
7051,spitalgiurgiu.ro,74.666664,adequate,5,5,26.37.20,2026-03-16 09:07:45.667047
7136,z1mac.com,74,adequate,5,3,26.37.20,2026-03-16 14:48:21.24718
7143,markphd.me,76.833336,good,5,4,26.37.20,2026-03-16 14:49:01.915083
7145,filerequestpro.com,73,adequate,5,6,26.37.20,2026-03-16 14:49:30.041542
7146,squareup.com,73.666664,adequate,5,5,26.37.20,2026-03-16 14:49:39.677372
7228,ietf.org,71.333336,adequate,5,6,26.37.23,2026-03-17 04:16:02.890041
7312,kisa.org.cy,82.666664,good,5,5,26.37.23,2026-03-17 11:05:43.487035
7423,com.au,72.666664,adequate,5,2,26.37.23,2026-03-17 14:59:32.779696
7429,monologue.to,73,adequate,5,6,26.37.23,2026-03-17 15:03:39.236671
7431,purpleflock.com,82.190475,good,5,7,26.37.23,2026-03-17 15:04:02.782977
7460,kokee.net,75.333336,good,5,4,26.37.23,2026-03-18 01:48:07.67662
7465,uke.de,68.666664,adequate,5,6,26.37.23,2026-03-18 01:51:42.44988
7527,nlnetlabs.nl,68,adequate,5,6,26.37.23,2026-03-18 03:29:50.613837
7531,nlnetlabs.nl,68,adequate,5,6,26.37.23,2026-03-18 03:31:01.009087
7532,nlnetlabs.nl,68,adequate,5,6,26.37.23,2026-03-18 03:31:25.708457
7533,nlnetlabs.nl,68,adequate,5,6,26.37.23,2026-03-18 03:31:29.159094
7537,nlnetlabs.nl,68,adequate,5,6,26.37.23,2026-03-18 03:32:44.705587
7598,uke.de,70.333336,adequate,5,6,26.37.23,2026-03-18 04:58:01.862821
7626,nlnetlabs.nl,68,adequate,5,6,26.37.28,2026-03-18 07:05:14.951385
7635,nlnetlabs.nl,68,adequate,5,6,26.37.28,2026-03-18 07:07:43.642682
7639,nlnetlabs.nl,68,adequate,5,6,26.37.28,2026-03-18 07:08:31.048557
7640,nlnetlabs.nl,68,adequate,5,6,26.37.28,2026-03-18 07:08:45.431926
7687,nlnetlabs.nl,68,adequate,5,6,26.37.28,2026-03-18 07:18:17.17313
7688,nlnetlabs.nl,68,adequate,5,6,26.37.28,2026-03-18 07:18:26.282416
7735,nlnetlabs.nl,68,adequate,5,6,26.37.28,2026-03-18 07:28:09.794597
7738,nlnetlabs.nl,68,adequate,5,6,26.37.28,2026-03-18 07:29:20.088422
7739,nlnetlabs.nl,68,adequate,5,6,26.37.28,2026-03-18 07:29:40.892415
7740,nlnetlabs.nl,68,adequate,5,6,26.37.28,2026-03-18 07:29:41.873663
2960,cisa.gov,71,adequate,5,6,26.34.20,2026-03-05 10:54:23.525427
4629,freebsd.org,86.47619,good,5,7,26.35.32,2026-03-09 14:17:52.671943
4633,it-help.tech,79.690475,good,5,7,26.35.32,2026-03-09 14:18:20.48756
4636,ietf.org,71.333336,adequate,5,6,26.35.32,2026-03-09 14:18:24.874087
4820,insmc.ro,76.666664,good,5,5,26.35.32,2026-03-09 15:36:00.542951
4875,amazon.com,71.666664,adequate,5,5,26.35.34,2026-03-10 01:36:00.210074
4929,uptimerobot.com,75.47619,good,5,7,26.35.35,2026-03-10 10:45:43.23646
5097,purpleflock.net,80.940475,good,5,7,26.35.35,2026-03-10 14:55:02.910358
5101,sovanta.com,79.666664,good,5,5,26.35.35,2026-03-10 14:59:42.35424
5205,blauw.com,79.666664,good,5,5,26.35.35,2026-03-10 18:09:54.931548
5303,tesla.com,65.666664,adequate,5,5,26.35.35,2026-03-10 21:10:09.584086
5306,gdcc.com,82.666664,good,5,5,26.35.35,2026-03-10 21:10:12.4208
5310,usa.gov,72.666664,adequate,5,5,26.35.35,2026-03-10 21:10:44.380744
5312,apavil.ro,68.666664,adequate,5,5,26.35.35,2026-03-10 21:10:46.66131
5365,franklinroadacademy.com,74.666664,adequate,5,5,26.35.35,2026-03-11 03:59:05.973691
5416,blauw-survey.com,72.833336,adequate,5,4,26.36.01,2026-03-11 09:40:05.598192
5463,schedule.it-help.tech,77.333336,good,5,3,26.36.01,2026-03-11 14:24:03.234219
5631,valentin.run,83,good,5,6,26.36.01,2026-03-11 15:20:32.783425
5632,hak5.org,72.666664,adequate,5,5,26.36.01,2026-03-11 15:22:22.399023
5633,mta-sts.purpleflock.com,78.666664,good,5,5,26.36.01,2026-03-11 15:22:26.723733
5681,gdcc.com,82.666664,good,5,5,26.36.02,2026-03-12 01:10:08.97346
5682,gdcc.com,82.666664,good,5,5,26.36.02,2026-03-12 01:10:30.010018
5735,blauw-survey.com,72.833336,adequate,5,4,26.36.06,2026-03-12 07:36:56.233828
5864,usa.gov,72.666664,adequate,5,5,26.36.11,2026-03-12 10:24:07.854696
5868,cnn.com,70.333336,adequate,5,6,26.36.11,2026-03-12 10:27:00.160437
5919,co.uk,67.666664,adequate,5,2,26.36.11,2026-03-12 13:57:35.360722
6082,spitalulhorezu.ro,78.666664,good,5,5,26.36.11,2026-03-12 15:14:54.184441
6176,hotmail.com,84.666664,good,5,6,26.36.11,2026-03-12 19:01:49.599509
6233,mta-sts.purpleflock.com,78.666664,good,5,5,26.36.11,2026-03-12 21:14:33.355086
6234,spitalsovata.ro,74.666664,adequate,5,5,26.36.11,2026-03-12 21:18:26.203727
6236,ortopedieazuga.ro,74.666664,adequate,5,5,26.36.11,2026-03-12 21:19:40.27921
6315,innbn-bucuresti.ro,74.666664,adequate,5,5,26.36.11,2026-03-13 08:39:26.947691
6317,mx1.blauwsurvey.com,81.333336,good,5,1,26.36.11,2026-03-13 08:39:43.437302
6322,www.mercadopago.com,59.583332,adequate,5,8,26.36.11,2026-03-13 08:40:46.211032
6324,mta-sts.sportcommunities.group,78.666664,good,5,5,26.36.11,2026-03-13 08:40:50.268445
6332,co.uk,67.666664,adequate,5,2,26.36.11,2026-03-13 08:42:03.024855
6438,fbi.gov,72.36905,adequate,5,7,26.36.11,2026-03-13 14:45:22.909115
6440,westbyforcongress.com,80.666664,good,5,5,26.36.11,2026-03-13 14:45:23.384527
6444,amazon.com,73.416664,adequate,5,5,26.36.11,2026-03-13 14:45:29.63523
6445,sovanta.com,81.416664,good,5,5,26.36.11,2026-03-13 14:45:33.668148
6584,leeashley.com,79.333336,good,5,4,26.36.11,2026-03-13 19:18:44.452185
6723,usa.gov,72.666664,adequate,5,5,26.36.15,2026-03-14 12:59:58.483673
6726,rocket-hd.cc,80.666664,good,5,5,26.36.15,2026-03-14 13:04:35.281514
6845,getmsg.ai,73,adequate,5,6,26.37.04,2026-03-15 08:55:23.202624
6846,kadse.dev,70.666664,adequate,5,3,26.37.04,2026-03-15 08:56:03.020024
6959,whitehouse.gov,76.666664,good,5,5,26.37.19,2026-03-16 06:16:10.264485
7033,blauwsurvey.com,81.75,good,5,6,26.37.20,2026-03-16 09:05:25.322005
7035,purpleflock.net,80.940475,good,5,7,26.37.20,2026-03-16 09:05:35.002954
7038,ifacforl.ro,68.666664,adequate,5,5,26.37.20,2026-03-16 09:05:56.880667
7042,meg.abyt.es,71.666664,adequate,5,2,26.37.20,2026-03-16 09:06:38.275255
7044,nlnetlabs.nl,68,adequate,5,6,26.37.20,2026-03-16 09:06:49.800305
7052,gmg-attendorn.de,82.666664,good,5,5,26.37.20,2026-03-16 09:07:51.618635
7053,ohg-nagold.eu,81.333336,good,5,6,26.37.20,2026-03-16 09:07:57.259922
7055,www.franklinroadacademy.com,60.583332,adequate,5,8,26.37.20,2026-03-16 09:08:13.384607
7058,pocketflows.com,73,adequate,5,6,26.37.20,2026-03-16 09:08:59.431797
7064,aither.cc,66.666664,adequate,5,5,26.37.20,2026-03-16 09:09:38.342894
7138,kisa.org.cy,84.666664,good,5,5,26.37.20,2026-03-16 14:48:24.868357
7140,schedule.it-help.tech,77.333336,good,5,3,26.37.20,2026-03-16 14:48:37.050209
7142,apavil.ro,68.666664,adequate,5,5,26.37.20,2026-03-16 14:48:47.321716
7229,google.com,70.190475,adequate,5,7,26.37.23,2026-03-17 04:16:03.644481
7313,nlnetlabs.nl,68,adequate,5,6,26.37.23,2026-03-17 14:34:05.131589
7316,ietf.org,73,adequate,5,6,26.37.23,2026-03-17 14:34:11.484733
7320,ietf.org,73,adequate,5,6,26.37.23,2026-03-17 14:34:30.532503
7327,hogwarts.steinr.eu,70.85714,adequate,5,7,26.37.23,2026-03-17 14:35:16.830434
7335,me,72.666664,adequate,5,2,26.37.23,2026-03-17 14:35:55.366387
7350,poop.com,74,adequate,5,3,26.37.23,2026-03-17 14:39:04.410082
7426,monologue.to,73,adequate,5,6,26.37.23,2026-03-17 15:03:09.788407
7427,mta-sts.sportcommunities.group,78.666664,good,5,5,26.37.23,2026-03-17 15:03:13.46058
7433,spitalsovata.ro,74.666664,adequate,5,5,26.37.23,2026-03-17 15:04:03.985222
7462,proton.me,75.333336,good,5,6,26.37.23,2026-03-18 01:49:25.948605
7463,squareup.com,69.666664,adequate,5,5,26.37.23,2026-03-18 01:50:06.99725
7530,nlnetlabs.nl,68,adequate,5,6,26.37.23,2026-03-18 03:30:34.548192
7535,nlnetlabs.nl,68,adequate,5,6,26.37.23,2026-03-18 03:32:16.433227
7599,nlnetlabs.nl,68,adequate,5,6,26.37.23,2026-03-18 05:49:06.981729
7627,nlnetlabs.nl,68,adequate,5,6,26.37.28,2026-03-18 07:05:43.891113
7630,nlnetlabs.nl,68,adequate,5,6,26.37.28,2026-03-18 07:06:44.213495
7636,nlnetlabs.nl,68,adequate,5,6,26.37.28,2026-03-18 07:08:00.937537
7689,nlnetlabs.nl,68,adequate,5,6,26.37.28,2026-03-18 07:19:00.343389
7737,nlnetlabs.nl,68,adequate,5,6,26.37.28,2026-03-18 07:29:14.324845
7770,nlnetlabs.nl,68,adequate,5,6,26.37.28,2026-03-18 07:36:49.528356
7781,nlnetlabs.nl,68,adequate,5,6,26.37.28,2026-03-18 07:39:24.36631
7783,nlnetlabs.nl,68,adequate,5,6,26.37.28,2026-03-18 07:39:54.732885
7787,nlnetlabs.nl,68,adequate,5,6,26.37.28,2026-03-18 07:40:44.409628
7802,nlnetlabs.nl,68,adequate,5,6,26.37.28,2026-03-18 07:43:41.496519
7815,nlnetlabs.nl,68,adequate,5,6,26.37.29,2026-03-18 07:47:44.111677
7824,nlnetlabs.nl,68,adequate,5,6,26.37.29,2026-03-18 07:49:22.196537
7828,nlnetlabs.nl,68,adequate,5,6,26.37.29,2026-03-18 07:50:07.379828
7833,nlnetlabs.nl,68,adequate,5,6,26.37.29,2026-03-18 07:51:14.531379
2961,cisa.gov,63,adequate,5,6,26.34.20,2026-03-05 10:54:29.090308
2962,github.com,70.333336,adequate,5,6,26.34.20,2026-03-05 10:54:53.777473
2963,github.com,74.333336,adequate,5,6,26.34.20,2026-03-05 10:54:57.934817
2964,sap.de,74.666664,adequate,5,5,26.34.20,2026-03-05 10:58:24.504438
2965,jonaswiegner.de,70.7619,adequate,5,7,26.34.20,2026-03-05 10:58:30.620665
2966,beechtreenews.com,73,adequate,5,6,26.34.20,2026-03-05 10:58:33.656103
2967,sap.de,74.666664,adequate,5,5,26.34.20,2026-03-05 10:58:34.486291
2968,markphd.me,76.833336,good,5,4,26.34.20,2026-03-05 10:58:45.245996
2969,natashabedingfield.com,66.666664,adequate,5,5,26.34.20,2026-03-05 10:58:50.242776
2970,markphd.me,74.333336,adequate,5,4,26.34.20,2026-03-05 10:58:54.01439
2971,red.com,72.666664,adequate,5,6,26.34.20,2026-03-05 10:58:54.216882
2972,spitalulhorezu.ro,76.666664,good,5,5,26.34.20,2026-03-05 10:58:56.272994
2973,natashabedingfield.com,66.666664,adequate,5,5,26.34.20,2026-03-05 10:58:57.383657
2974,red.com,72.666664,adequate,5,6,26.34.20,2026-03-05 10:59:04.140201
2975,spitalulhorezu.ro,76.666664,good,5,5,26.34.20,2026-03-05 10:59:04.607866
2976,kisa.org.cy,84.666664,good,5,5,26.34.20,2026-03-05 10:59:22.34177
2977,binaryflix.space,77.333336,good,5,3,26.34.20,2026-03-05 10:59:30.1722
2978,kisa.org.cy,84.666664,good,5,5,26.34.20,2026-03-05 10:59:36.581461
2979,tesla.com,65.666664,adequate,5,5,26.34.20,2026-03-05 10:59:38.710174
2980,tesla.com,65.666664,adequate,5,5,26.34.20,2026-03-05 10:59:55.891151
2981,tesla.com,65.666664,adequate,5,5,26.34.20,2026-03-05 11:00:25.026156
2982,cloudflare.com,71.190475,adequate,5,7,26.34.20,2026-03-05 11:02:48.357481
2983,hotmail.com,83,good,5,6,26.34.20,2026-03-05 11:02:52.335502
2984,2911.us,81.333336,good,5,6,26.34.20,2026-03-05 11:03:02.352306
2985,cloudflare.com,70.940475,adequate,5,7,26.34.20,2026-03-05 11:03:04.03534
2986,guarinoadvisors.com,73,adequate,5,6,26.34.20,2026-03-05 11:03:04.384535
2987,hotmail.com,84.666664,good,5,6,26.34.20,2026-03-05 11:03:05.090861
2988,sovanta.com,81.666664,good,5,5,26.34.20,2026-03-05 11:03:08.324033
2989,fullmindlearning.com,69.416664,adequate,5,5,26.34.20,2026-03-05 11:03:10.375632
2990,uke.de,68.416664,adequate,5,6,26.34.20,2026-03-05 11:03:12.350974
2991,2911.us,81.333336,good,5,6,26.34.20,2026-03-05 11:03:18.014913
2992,guarinoadvisors.com,73,adequate,5,6,26.34.20,2026-03-05 11:03:20.021916
2993,sovanta.com,81.416664,good,5,5,26.34.20,2026-03-05 11:03:20.240765
2994,fullmindlearning.com,69.416664,adequate,5,5,26.34.20,2026-03-05 11:03:22.308022
2995,fluss.top,72.833336,adequate,5,4,26.34.20,2026-03-05 11:03:22.767137
2996,example.com,71.333336,adequate,5,6,26.34.20,2026-03-05 11:03:24.699117
2997,uke.de,70.083336,adequate,5,6,26.34.20,2026-03-05 11:03:25.011849
2998,cloudflare.com,70.940475,adequate,5,7,26.34.20,2026-03-05 11:03:33.065629
2999,2911.us,81.333336,good,5,6,26.34.20,2026-03-05 11:03:46.496333
3000,guarinoadvisors.com,71.333336,adequate,5,6,26.34.20,2026-03-05 11:03:47.230883
3001,usa.gov,72.666664,adequate,5,5,26.34.20,2026-03-05 11:36:20.049229
3002,usa.gov,72.666664,adequate,5,5,26.34.20,2026-03-05 11:36:50.15307
3003,usa.gov,74.666664,adequate,5,5,26.34.20,2026-03-05 11:37:20.611013
3004,westcappowerequipment.com,80.666664,good,5,5,26.34.20,2026-03-05 11:49:23.06594
3005,westcappowerequipment.com,80.666664,good,5,5,26.34.20,2026-03-05 11:49:29.415741
3006,izvoru.ro,78.666664,good,5,5,26.34.20,2026-03-05 11:49:34.977056
3007,izvoru.ro,78.666664,good,5,5,26.34.20,2026-03-05 11:49:44.102293
3008,switch.com,69.666664,adequate,5,5,26.34.20,2026-03-05 11:52:43.282716
3009,switch.com,69.666664,adequate,5,5,26.34.20,2026-03-05 11:52:50.173252
3010,innbn-bucuresti.ro,74.666664,adequate,5,5,26.34.20,2026-03-05 12:49:48.939203
3011,nlnetlabs.nl,68,adequate,5,6,26.34.20,2026-03-05 14:16:41.278839
3012,google.com,67.333336,adequate,5,7,26.34.20,2026-03-05 14:16:51.673008
3013,freebsd.org,85.04762,good,5,7,26.34.20,2026-03-05 14:16:54.175061
3014,ietf.org,71.75,adequate,5,6,26.34.20,2026-03-05 14:16:55.655373
3015,fluss.top,72.833336,adequate,5,4,26.34.20,2026-03-05 14:17:00.28858
3016,nlnetlabs.nl,68,adequate,5,6,26.34.20,2026-03-05 14:17:01.5306
3017,freebsd.org,86.47619,good,5,7,26.34.20,2026-03-05 14:17:08.165439
3018,google.com,69.690475,adequate,5,7,26.34.20,2026-03-05 14:17:08.625273
3019,dnsstuff.com,73.416664,adequate,5,6,26.34.20,2026-03-05 14:17:09.525457
3020,ietf.org,73,adequate,5,6,26.34.20,2026-03-05 14:17:10.967567
3021,tesla.com,65.416664,adequate,5,5,26.34.20,2026-03-05 14:17:21.683539
3022,natashabedingfield.com,67.416664,adequate,5,5,26.34.20,2026-03-05 14:17:25.635887
3023,red.com,72.166664,adequate,5,6,26.34.20,2026-03-05 14:17:30.366426
3024,spitalulhorezu.ro,76.666664,good,5,5,26.34.20,2026-03-05 14:17:33.033541
3025,tesla.com,65.416664,adequate,5,5,26.34.20,2026-03-05 14:17:33.211161
3026,google.com,68.2619,adequate,5,7,26.34.20,2026-03-05 14:17:33.442131
3027,ietf.org,73,adequate,5,6,26.34.20,2026-03-05 14:17:34.202436
3028,kisa.org.cy,84.666664,good,5,5,26.34.20,2026-03-05 14:17:36.969804
3029,switch.com,69.416664,adequate,5,5,26.34.20,2026-03-05 14:17:37.357324
3030,natashabedingfield.com,67.416664,adequate,5,5,26.34.20,2026-03-05 14:17:42.162751
3031,hotmail.com,79.666664,good,5,6,26.34.20,2026-03-05 14:17:54.891692
3032,spitalulhorezu.ro,76.666664,good,5,5,26.34.20,2026-03-05 14:17:56.377906
3033,binaryflix.space,77.333336,good,5,3,26.34.20,2026-03-05 14:18:06.740688
3034,kisa.org.cy,84.666664,good,5,5,26.34.20,2026-03-05 14:18:07.152611
3035,natashabedingfield.com,67.416664,adequate,5,5,26.34.20,2026-03-05 14:18:11.546501
3036,example.com,71.333336,adequate,5,6,26.34.20,2026-03-05 14:18:14.740571
3037,binaryflix.space,77.333336,good,5,3,26.34.20,2026-03-05 14:18:20.522901
3038,example.com,71.333336,adequate,5,6,26.34.20,2026-03-05 14:18:22.485308
3039,izvoru.ro,78.666664,good,5,5,26.34.20,2026-03-05 14:18:25.794087
3040,izvoru.ro,78.666664,good,5,5,26.34.20,2026-03-05 14:18:30.163781
3041,kisa.org.cy,84.666664,good,5,5,26.34.20,2026-03-05 14:18:36.667031
3042,sovanta.com,79.416664,good,5,5,26.34.20,2026-03-05 14:18:45.465314
3043,uke.de,68.416664,adequate,5,6,26.34.20,2026-03-05 14:18:49.82307
3044,guarinoadvisors.com,73,adequate,5,6,26.34.20,2026-03-05 14:18:56.460989
3045,uke.de,68.666664,adequate,5,6,26.34.20,2026-03-05 14:18:58.070504
3046,guarinoadvisors.com,73,adequate,5,6,26.34.20,2026-03-05 14:19:06.958421
3047,sovanta.com,81.666664,good,5,5,26.34.20,2026-03-05 14:19:07.523441
3048,2911.us,81.333336,good,5,6,26.34.20,2026-03-05 14:19:07.781281
3049,westcappowerequipment.com,80.666664,good,5,5,26.34.20,2026-03-05 14:19:15.904066
3050,2911.us,81.333336,good,5,6,26.34.20,2026-03-05 14:19:33.297306
3051,fullmindlearning.com,69.666664,adequate,5,5,26.34.20,2026-03-05 14:19:35.872298
3053,fullmindlearning.com,69.666664,adequate,5,5,26.34.20,2026-03-05 14:19:41.173769
3055,cloudflare.com,69.7619,adequate,5,7,26.34.20,2026-03-05 14:19:47.354907
3080,ohg-nagold.de,66.666664,adequate,5,5,26.34.20,2026-03-05 14:22:16.950022
3087,reconfirm.com,73,adequate,5,6,26.34.20,2026-03-05 14:22:29.34208
3088,haukeflix.top,79.666664,good,5,6,26.34.20,2026-03-05 14:22:29.706134
4634,google.com,68.2619,adequate,5,7,26.35.32,2026-03-09 14:18:21.266362
4635,freebsd.org,86.47619,good,5,7,26.35.32,2026-03-09 14:18:21.9169
4637,spital-izvoru.ro,74.666664,adequate,5,5,26.35.32,2026-03-09 14:18:44.485411
4638,ietf.org,73,adequate,5,6,26.35.32,2026-03-09 14:18:48.937261
4639,google.com,68.2619,adequate,5,7,26.35.32,2026-03-09 14:18:51.297985
4641,spital-breaza.ro,78.666664,good,5,5,26.35.32,2026-03-09 14:18:52.581135
4643,spital-izvoru.ro,74.666664,adequate,5,5,26.35.32,2026-03-09 14:19:14.061242
4647,it-help.tech,79.690475,good,5,7,26.35.32,2026-03-09 14:19:20.264325
4649,kadse.dev,70.666664,adequate,5,3,26.35.32,2026-03-09 14:19:29.270395
4652,server.it-help.tech,77.333336,good,5,3,26.35.32,2026-03-09 14:19:39.246165
4653,cia.gov,75.22619,good,5,7,26.35.32,2026-03-09 14:19:42.451593
4655,server.it-help.tech,77.333336,good,5,3,26.35.32,2026-03-09 14:19:59.767357
4656,weather.gov,67.666664,adequate,5,5,26.35.32,2026-03-09 14:21:12.819562
4657,me,72.666664,adequate,5,2,26.35.32,2026-03-09 14:21:16.409797
4658,patientreminder.com,82.666664,good,5,5,26.35.32,2026-03-09 14:21:17.413913
4667,spjslatina.ro,68.666664,adequate,5,5,26.35.32,2026-03-09 14:22:44.949832
4821,web-hosting.com,74.666664,adequate,5,5,26.35.32,2026-03-09 15:40:53.567823
4876,amazon.com,71.666664,adequate,5,5,26.35.34,2026-03-10 01:36:13.970992
4930,hotmail.com,83,good,5,6,26.35.35,2026-03-10 10:52:04.986024
5099,sovanta.com,79.666664,good,5,5,26.35.35,2026-03-10 14:58:45.615409
5208,scfcv.ro,72.666664,adequate,5,5,26.35.35,2026-03-10 18:11:10.55401
5211,purpleflock.net,81.190475,good,5,7,26.35.35,2026-03-10 18:11:53.520073
5213,abyt.es,75.333336,good,5,4,26.35.35,2026-03-10 18:12:19.63769
5214,franklinroadacademy.com,74.666664,adequate,5,5,26.35.35,2026-03-10 18:12:46.202343
5304,cnn.com,70.333336,adequate,5,6,26.35.35,2026-03-10 21:10:11.806915
5314,natashabedingfield.com,68.666664,adequate,5,5,26.35.35,2026-03-10 21:10:48.027334
5315,1liner.com,76.666664,good,5,5,26.35.35,2026-03-10 21:11:03.09336
5366,dpsg-radolfzell.de,76.47619,good,5,7,26.35.35,2026-03-11 04:06:50.205289
5417,kali.org,79.333336,good,5,7,26.36.01,2026-03-11 09:43:30.651891
5464,nlnetlabs.nl,68,adequate,5,6,26.36.01,2026-03-11 14:30:06.059715
5467,ietf.org,73,adequate,5,6,26.36.01,2026-03-11 14:30:10.92662
5476,burghele.ro,78.666664,good,5,5,26.36.01,2026-03-11 14:31:21.312888
5478,surland.de,84.666664,good,5,6,26.36.01,2026-03-11 14:31:25.001183
5485,pizazzmusiccamp.org,68.666664,adequate,5,5,26.36.01,2026-03-11 14:31:54.949126
5634,jira.sovanta.com,81.333336,good,5,1,26.36.01,2026-03-11 15:33:38.054628
5683,monologue.to,73,adequate,5,6,26.36.02,2026-03-12 01:49:31.468526
5684,monologue.to,73,adequate,5,6,26.36.02,2026-03-12 01:49:43.139562
5736,fbi.gov,74.04762,adequate,5,7,26.36.06,2026-03-12 07:43:43.41698
5865,com.au,72.666664,adequate,5,2,26.36.11,2026-03-12 10:24:53.332864
5866,red.com,71,adequate,5,6,26.36.11,2026-03-12 10:25:34.736343
5869,ibm.com,69.333336,adequate,5,6,26.36.11,2026-03-12 10:27:43.329307
5920,schedule.it-help.tech,77.333336,good,5,3,26.36.11,2026-03-12 14:06:01.96094
6083,gdcc.com,72.666664,adequate,5,5,26.36.11,2026-03-12 15:17:01.213815
6177,transbusbuzau.ro,80.666664,good,5,5,26.36.11,2026-03-12 19:07:05.517721
6178,leeashley.com,77.333336,good,5,3,26.36.11,2026-03-12 19:10:17.963337
6235,mateibals.ro,70.666664,adequate,5,5,26.36.11,2026-03-12 21:19:05.927485
6237,ifacforl.ro,68.666664,adequate,5,5,26.36.11,2026-03-12 21:20:12.306885
6319,haukeflix.top,79.666664,good,5,6,26.36.11,2026-03-13 08:40:39.949647
6321,psihiatrietulghes.ro,74.666664,adequate,5,5,26.36.11,2026-03-13 08:40:45.413554
6323,spitalul-municipal-timisoara.ro,66.666664,adequate,5,5,26.36.11,2026-03-13 08:40:48.911805
6325,proton.me,75.083336,good,5,6,26.36.11,2026-03-13 08:41:04.425183
6328,item.org,83,good,5,6,26.36.11,2026-03-13 08:41:16.891737
6330,mobilecommercepress.com,73,adequate,5,6,26.36.11,2026-03-13 08:41:26.902339
6439,westcappowerequipment.com,80.666664,good,5,5,26.36.11,2026-03-13 14:45:23.148652
6446,whitehouse.gov,75.416664,good,5,5,26.36.11,2026-03-13 14:45:42.016557
6450,jira.sovanta.com,81.333336,good,5,1,26.36.11,2026-03-13 14:46:02.236518
6459,dnstool.it-help.tech,77.333336,good,5,3,26.36.11,2026-03-13 14:47:32.539473
6479,1liner.com,78.666664,good,5,5,26.36.11,2026-03-13 14:49:43.447361
6490,franklinroadacademy.com,74.666664,adequate,5,5,26.36.11,2026-03-13 14:50:23.493204
6585,leeashley.com,79.333336,good,5,4,26.36.11,2026-03-13 19:19:03.636669
6724,sap.de,72.666664,adequate,5,5,26.36.15,2026-03-14 13:00:00.535526
6725,it-help.tech,77.333336,good,5,7,26.36.15,2026-03-14 13:00:09.240308
6847,isc.org,76.90476,good,5,7,26.37.04,2026-03-15 08:56:06.720814
6848,dnsstuff.com,73.666664,adequate,5,6,26.37.04,2026-03-15 08:56:17.330777
6856,guarinoadvisors.com,72.666664,adequate,5,5,26.37.04,2026-03-15 08:57:50.567918
6862,ehmrealty.com,78.666664,good,5,5,26.37.04,2026-03-15 08:58:39.32781
6865,blauw-survey.com,72.833336,adequate,5,4,26.37.04,2026-03-15 08:59:41.293177
6960,ibm.com,63,adequate,5,6,26.37.19,2026-03-16 07:34:20.324299
7046,spitalmoldovanoua.ro,74.666664,adequate,5,5,26.37.20,2026-03-16 09:07:10.040156
7048,spitalcampina.ro,72.666664,adequate,5,5,26.37.20,2026-03-16 09:07:41.359419
7050,198119799470.xyz,76.666664,good,5,5,26.37.20,2026-03-16 09:07:45.253257
7054,torrent-syndikat.org,72.75,adequate,5,3,26.37.20,2026-03-16 09:08:12.964088
7056,spitalulhuedin.ro,74.666664,adequate,5,5,26.37.20,2026-03-16 09:08:21.003001
7057,misconfigured.com,77.333336,good,5,3,26.37.20,2026-03-16 09:08:59.006488
7059,spitalpoianamare.ro,74.666664,adequate,5,5,26.37.20,2026-03-16 09:09:05.740694
7061,squareup.com,69.666664,adequate,5,5,26.37.20,2026-03-16 09:09:06.990169
7066,livearchive.net,73,adequate,5,6,26.37.20,2026-03-16 09:10:29.288868
7072,sap.com,71.416664,adequate,5,5,26.37.20,2026-03-16 09:10:40.108297
7073,beechtreenews.com,73,adequate,5,6,26.37.20,2026-03-16 09:10:42.29049
7141,porp.stream,77.333336,good,5,3,26.37.20,2026-03-16 14:48:37.1954
7144,squareup.com,67.666664,adequate,5,5,26.37.20,2026-03-16 14:49:17.951927
7147,filerequestpro.com,71.333336,adequate,5,6,26.37.20,2026-03-16 14:49:48.50244
3052,2911.us,81.333336,good,5,6,26.34.20,2026-03-05 14:19:35.943278
3056,westcappowerequipment.com,80.666664,good,5,5,26.34.20,2026-03-05 14:19:55.636814
3070,jonaswiegner.de,70.7619,adequate,5,7,26.34.20,2026-03-05 14:21:29.847044
3071,dpsg-bodensee.de,73,adequate,5,6,26.34.20,2026-03-05 14:21:31.994753
3073,burghele.ro,74.666664,adequate,5,5,26.34.20,2026-03-05 14:21:41.118378
3089,glendun.com.au,70.666664,adequate,5,5,26.34.20,2026-03-05 14:22:32.096929
4640,it-help.tech,79.690475,good,5,7,26.35.32,2026-03-09 14:18:51.342159
4642,ortopedieazuga.ro,74.666664,adequate,5,5,26.35.32,2026-03-09 14:19:04.648234
4648,kadse.dev,70.666664,adequate,5,3,26.35.32,2026-03-09 14:19:22.64173
4654,oxidesurvival.com,80.666664,good,5,3,26.35.32,2026-03-09 14:19:53.680813
4663,screen.it-help.tech,74.333336,adequate,5,8,26.35.32,2026-03-09 14:22:13.274983
4665,ifacforl.ro,68.666664,adequate,5,5,26.35.32,2026-03-09 14:22:32.870281
4822,web-hosting.com,74.666664,adequate,5,5,26.35.32,2026-03-09 15:41:20.698223
4878,openai.com,73.666664,adequate,5,6,26.35.34,2026-03-10 01:41:03.185597
4931,hotmail.com,86.333336,good,5,6,26.35.35,2026-03-10 10:52:21.98074
5100,sovanta.com,81.666664,good,5,5,26.35.35,2026-03-10 14:59:15.877729
5209,technikfreak.co,74,adequate,5,3,26.35.35,2026-03-10 18:11:38.581047
5210,swutch.com,84.666664,good,5,5,26.35.35,2026-03-10 18:11:50.196268
5212,patientreminder.com,82.666664,good,5,5,26.35.35,2026-03-10 18:12:05.139402
5215,www.franklinroadacademy.com,60.583332,adequate,5,8,26.35.35,2026-03-10 18:13:06.17055
5305,screen.it-help.tech,72.333336,adequate,5,8,26.35.35,2026-03-10 21:10:12.166757
5309,hortongroup.com,78.666664,good,5,5,26.35.35,2026-03-10 21:10:42.942488
5311,glendun.com.au,79.666664,good,5,5,26.35.35,2026-03-10 21:10:45.402158
5313,livearchive.net,71.333336,adequate,5,6,26.35.35,2026-03-10 21:10:47.757704
5367,caolt.ro,76.666664,good,5,5,26.35.35,2026-03-11 04:16:05.173363
5418,clinicbilling.com,72.666664,adequate,5,2,26.36.01,2026-03-11 10:01:44.67784
5419,clinicbilling.com,71,adequate,5,2,26.36.01,2026-03-11 10:02:44.588379
5465,google.com,70.190475,adequate,5,7,26.36.01,2026-03-11 14:30:07.363015
5471,google.com,70.190475,adequate,5,7,26.36.01,2026-03-11 14:30:35.328396
5472,ietf.org,73,adequate,5,6,26.36.01,2026-03-11 14:30:36.089977
5475,anva.ch,80.7619,good,5,7,26.36.01,2026-03-11 14:31:12.328951
5479,fredduval.com,78.666664,good,5,5,26.36.01,2026-03-11 14:31:27.010513
5482,surland.de,84.666664,good,5,6,26.36.01,2026-03-11 14:31:53.915804
5484,2911.us,81.333336,good,5,6,26.36.01,2026-03-11 14:31:54.405631
5486,fredduval.com,78.666664,good,5,5,26.36.01,2026-03-11 14:31:57.51192
5490,dpsg-bodensee.de,69.666664,adequate,5,6,26.36.01,2026-03-11 14:32:25.716879
5635,jira.sovanta.com,81.333336,good,5,1,26.36.01,2026-03-11 15:33:44.516045
5639,innbn-bucuresti.ro,74.666664,adequate,5,5,26.36.01,2026-03-11 15:35:24.005569
5685,apavil.ro,68.666664,adequate,5,5,26.36.02,2026-03-12 01:53:11.036019
5737,nsa.gov,75.666664,good,5,5,26.36.06,2026-03-12 07:44:14.72583
5867,nasa.gov,75.333336,good,5,6,26.36.11,2026-03-12 10:26:17.720776
5921,screen.it-help.tech,72.333336,adequate,5,8,26.36.11,2026-03-12 14:06:29.89663
6084,westbyforcongress.com,78.666664,good,5,5,26.36.11,2026-03-12 15:18:35.599316
6179,surland.de,84.666664,good,5,6,26.36.11,2026-03-12 19:12:37.95987
6180,spitalsighet.ro,76.666664,good,5,5,26.36.11,2026-03-12 19:14:33.787794
6238,probe-us-01.dns-observe.com,75.333336,good,5,4,26.36.11,2026-03-12 21:42:26.431852
6320,probe-us-02.dns-observe.com,70.666664,adequate,5,3,26.36.11,2026-03-13 08:40:43.265209
6326,rg443.click,71.583336,adequate,5,4,26.36.11,2026-03-13 08:41:04.722432
6327,civicpermits.com,70.666664,adequate,5,5,26.36.11,2026-03-13 08:41:14.264731
6329,caolt.ro,76.666664,good,5,5,26.36.11,2026-03-13 08:41:17.31876
6331,monologue.to,73,adequate,5,6,26.36.11,2026-03-13 08:42:00.578565
6441,fullmindlearning.com,69.416664,adequate,5,5,26.36.11,2026-03-13 14:45:24.709219
6443,natashabedingfield.com,67.416664,adequate,5,5,26.36.11,2026-03-13 14:45:26.272313
6449,whitehouse.gov,73.416664,adequate,5,5,26.36.11,2026-03-13 14:45:57.797428
6451,fullmindlearning.com,69.416664,adequate,5,5,26.36.11,2026-03-13 14:46:08.880951
6457,cloudflare.com,71.190475,adequate,5,7,26.36.11,2026-03-13 14:46:51.537644
6467,markphd.me,76.833336,good,5,4,26.36.11,2026-03-13 14:48:36.341491
6469,usa.gov,72.666664,adequate,5,5,26.36.11,2026-03-13 14:48:37.888511
6476,tuta.io,75.04762,good,5,7,26.36.11,2026-03-13 14:49:24.440317
6477,kokee.net,75.333336,good,5,4,26.36.11,2026-03-13 14:49:29.067355
6481,sap.de,74.666664,adequate,5,5,26.36.11,2026-03-13 14:49:47.046404
6484,1liner.com,78.666664,good,5,5,26.36.11,2026-03-13 14:49:58.220375
6485,spjslatina.ro,68.666664,adequate,5,5,26.36.11,2026-03-13 14:50:01.588361
6586,restretail.com,82.666664,good,5,5,26.36.11,2026-03-13 19:59:56.350405
6727,monologue.to,73,adequate,5,6,26.36.15,2026-03-14 13:12:12.972421
6728,monologue.to,73,adequate,5,6,26.36.15,2026-03-14 13:13:02.984163
6849,markphd.me,76.833336,good,5,4,26.37.04,2026-03-15 08:56:21.218412
6851,networksolutions.com,75.666664,good,5,5,26.37.04,2026-03-15 08:56:24.87956
6853,item.org,83,good,5,6,26.37.04,2026-03-15 08:56:31.12858
6855,migrateproduction.com,72,adequate,5,6,26.37.04,2026-03-15 08:57:27.079292
6858,spital-deva.ro,66.666664,adequate,5,5,26.37.04,2026-03-15 08:58:16.115966
6860,den9s.dk,65.333336,adequate,5,4,26.37.04,2026-03-15 08:58:34.91266
6864,atelier13-usa.com,84.666664,good,5,5,26.37.04,2026-03-15 08:59:17.64335
6869,business29.web-hosting.com,71.333336,adequate,5,1,26.37.04,2026-03-15 09:00:34.920743
6871,westbyforcongress.com,80.666664,good,5,5,26.37.04,2026-03-15 09:00:55.000589
6961,red.com,72.666664,adequate,5,6,26.37.20,2026-03-16 07:46:12.078198
7060,ha.198119799470.xyz,61.666668,adequate,5,2,26.37.20,2026-03-16 09:09:06.674125
7062,play.198119799470.xyz,60.833332,adequate,5,8,26.37.20,2026-03-16 09:09:13.787028
7063,hotmail.com,83,good,5,6,26.37.20,2026-03-16 09:09:37.912791
7065,fredduval.com,82.666664,good,5,5,26.37.20,2026-03-16 09:09:47.915742
7067,maltejk.de,76.47619,good,5,7,26.37.20,2026-03-16 09:10:29.722753
7068,apavil.ro,58.666668,adequate,5,5,26.37.20,2026-03-16 09:10:32.699383
7070,globalping.io,82.666664,good,5,5,26.37.20,2026-03-16 09:10:39.309201
7148,natashabedingfield.com,67.666664,adequate,5,5,26.37.20,2026-03-16 14:54:18.329923
7149,example.co.uk,72.833336,adequate,5,4,26.37.20,2026-03-16 14:55:06.061425
7150,spitalsinaia.ro,74.666664,adequate,5,5,26.37.20,2026-03-16 14:55:23.092835
7154,lincolnapps.co,74.333336,adequate,5,4,26.37.20,2026-03-16 14:57:28.703218
7155,nsa.gov,75.666664,good,5,5,26.37.20,2026-03-16 14:57:36.715801
3054,westcappowerequipment.com,80.666664,good,5,5,26.34.20,2026-03-05 14:19:42.045494
3060,github.com,67,adequate,5,6,26.34.20,2026-03-05 14:20:52.222548
3066,dpsg-bodensee.de,73,adequate,5,6,26.34.20,2026-03-05 14:21:24.130595
3069,sap.de,74.666664,adequate,5,5,26.34.20,2026-03-05 14:21:28.857676
3081,haukeflix.top,79.666664,good,5,6,26.34.20,2026-03-05 14:22:19.870758
3082,beechtreenews.com,73,adequate,5,6,26.34.20,2026-03-05 14:22:20.42723
3083,ohg-nagold.de,66.666664,adequate,5,5,26.34.20,2026-03-05 14:22:20.834037
4644,sanatoriulbusteni.ro,74.666664,adequate,5,5,26.35.32,2026-03-09 14:19:16.995868
4645,cia.gov,76.65476,good,5,7,26.35.32,2026-03-09 14:19:18.663455
4646,spital-breaza.ro,76.666664,good,5,5,26.35.32,2026-03-09 14:19:19.263107
4668,mateibals.ro,68.666664,adequate,5,5,26.35.32,2026-03-09 14:22:46.907183
4823,maltejk.de,77.90476,good,5,7,26.35.32,2026-03-09 16:09:58.653824
4879,openai.com,70.333336,adequate,5,6,26.35.34,2026-03-10 01:41:23.205594
4932,scfcv.ro,74.666664,adequate,5,5,26.35.35,2026-03-10 10:57:11.060401
4933,scfcv.ro,74.666664,adequate,5,5,26.35.35,2026-03-10 10:57:44.41513
5102,franklinroadacademy.com,74.666664,adequate,5,5,26.35.35,2026-03-10 15:04:17.120216
5216,natashabedingfield.com,67.666664,adequate,5,5,26.35.35,2026-03-10 18:21:46.660776
5217,natashabedingfield.com,71.666664,adequate,5,5,26.35.35,2026-03-10 18:22:04.670115
5307,westcappowerequipment.com,80.666664,good,5,5,26.35.35,2026-03-10 21:10:41.612124
5368,fugro.com,77.666664,good,5,5,26.35.35,2026-03-11 04:16:05.238205
5370,switch.com,69.416664,adequate,5,5,26.35.35,2026-03-11 04:16:06.208737
5371,markphd.me,76.583336,good,5,4,26.35.35,2026-03-11 04:16:29.336649
5420,clinicbilling.com,72.666664,adequate,5,2,26.36.01,2026-03-11 10:03:46.706789
5466,freebsd.org,83.61905,good,5,7,26.36.01,2026-03-11 14:30:08.9792
5468,schedule.it-help.tech,77.333336,good,5,3,26.36.01,2026-03-11 14:30:30.308561
5473,technikfreak.co,74,adequate,5,3,26.36.01,2026-03-11 14:30:52.026209
5636,business29.web-hosting.com,71.333336,adequate,5,1,26.36.01,2026-03-11 15:35:07.029941
5686,apavil.ro,68.666664,adequate,5,5,26.36.02,2026-03-12 01:53:27.477503
5738,it-help.tech,79.690475,good,5,7,26.36.06,2026-03-12 07:45:00.10083
5870,fugro.com,77.666664,good,5,5,26.36.11,2026-03-12 11:15:07.97994
5922,kali.org,79.333336,good,5,7,26.36.11,2026-03-12 14:09:19.501284
5923,getmsg.ai,73,adequate,5,6,26.36.11,2026-03-12 14:13:48.387492
6085,fullmindlearning.com,69.666664,adequate,5,5,26.36.11,2026-03-12 15:23:11.057116
6086,fullmindlearning.com,69.666664,adequate,5,5,26.36.11,2026-03-12 15:23:30.993684
6089,natashabedingfield.com,67.666664,adequate,5,5,26.36.11,2026-03-12 15:27:31.68448
6181,kokee.net,72.833336,adequate,5,4,26.36.11,2026-03-12 19:20:48.711552
6239,gmg-attendorn.de,82.666664,good,5,5,26.36.11,2026-03-12 21:45:28.172307
6241,fette-beute.com,79.666664,good,5,5,26.36.11,2026-03-12 21:45:30.585262
6333,guarinoadvisors.com,72.666664,adequate,5,5,26.36.11,2026-03-13 08:42:12.628478
6338,weather.gov,67.416664,adequate,5,5,26.36.11,2026-03-13 08:42:49.211167
6340,kokee.net,75.333336,good,5,4,26.36.11,2026-03-13 08:43:26.66683
6442,2911.us,81.333336,good,5,6,26.36.11,2026-03-13 14:45:24.891229
6448,natashabedingfield.com,67.416664,adequate,5,5,26.36.11,2026-03-13 14:45:56.358138
6464,nsa.gov,75.666664,good,5,5,26.36.11,2026-03-13 14:48:13.313255
6471,uke.de,68.666664,adequate,5,6,26.36.11,2026-03-13 14:49:01.469209
6473,spitalsinaia.ro,74.666664,adequate,5,5,26.36.11,2026-03-13 14:49:09.486992
6482,kokee.net,75.333336,good,5,4,26.36.11,2026-03-13 14:49:48.237027
6483,tuta.io,75.04762,good,5,7,26.36.11,2026-03-13 14:49:49.430273
6587,it-help.tech,78.7619,good,5,7,26.36.11,2026-03-13 20:30:13.243892
6729,mta-sts.sportcommunities.group,78.666664,good,5,5,26.36.15,2026-03-14 14:13:14.658441
6738,ietf.org,73,adequate,5,6,26.36.15,2026-03-14 14:13:57.048426
6740,it-help.tech,80.190475,good,5,7,26.36.15,2026-03-14 14:14:02.262643
6741,hogwarts.steinr.eu,59,adequate,5,6,26.36.15,2026-03-14 14:14:03.811939
6742,freebsd.org,86.47619,good,5,7,26.36.15,2026-03-14 14:14:08.187182
6743,porp.stream,77.333336,good,5,3,26.36.15,2026-03-14 14:14:13.054349
6744,monologue.to,73,adequate,5,6,26.36.15,2026-03-14 14:14:14.187172
6745,ietf.org,73,adequate,5,6,26.36.15,2026-03-14 14:14:15.993144
6749,spitalsovata.ro,74.666664,adequate,5,5,26.36.15,2026-03-14 14:14:25.394163
6750,it-help.tech,79.940475,good,5,7,26.36.15,2026-03-14 14:14:29.758726
6751,z1mac.com,70.666664,adequate,5,3,26.36.15,2026-03-14 14:14:30.883193
6850,hak5.org,72.666664,adequate,5,5,26.37.04,2026-03-15 08:56:21.917633
6863,sjv.ro,74.666664,adequate,5,5,26.37.04,2026-03-15 08:58:59.449861
6866,monologue.to,73,adequate,5,6,26.37.04,2026-03-15 08:59:52.751634
6868,natashabedingfield.co.uk,75.333336,good,5,4,26.37.04,2026-03-15 09:00:14.902938
6870,dpsg-radolfzell.de,76.47619,good,5,7,26.37.04,2026-03-15 09:00:36.119613
6873,spitalsighet.ro,76.666664,good,5,5,26.37.04,2026-03-15 09:01:25.103011
6962,red.com,72.666664,adequate,5,6,26.37.20,2026-03-16 08:04:46.594922
7069,swutch.com,84.666664,good,5,5,26.37.20,2026-03-16 09:10:32.709768
7151,example.co.uk,72.833336,adequate,5,4,26.37.20,2026-03-16 14:55:37.25684
7165,swutch.com,84.666664,good,5,5,26.37.20,2026-03-16 14:58:32.415424
7167,pizazzmusiccamp.org,68.666664,adequate,5,5,26.37.20,2026-03-16 14:58:41.510088
7169,wisestamp.com,71.666664,adequate,5,5,26.37.20,2026-03-16 15:00:16.084298
7231,wolfintegrated.com,80.666664,good,5,5,26.37.23,2026-03-17 04:34:43.652562
7314,google.com,70.190475,adequate,5,7,26.37.23,2026-03-17 14:34:06.808689
7321,dnstool.it-help.tech,84,good,5,3,26.37.23,2026-03-17 14:34:31.363591
7322,sra.io,77.416664,good,5,5,26.37.23,2026-03-17 14:34:36.159505
7323,it-help.tech,79.690475,good,5,7,26.37.23,2026-03-17 14:34:40.589207
7324,sra.io,77.416664,good,5,5,26.37.23,2026-03-17 14:35:05.618702
7325,it-help.tech,76.833336,good,5,7,26.37.23,2026-03-17 14:35:06.118942
7326,kisa.org.cy,84.666664,good,5,5,26.37.23,2026-03-17 14:35:15.231701
7328,business29.web-hosting.com,71.333336,adequate,5,1,26.37.23,2026-03-17 14:35:29.725573
7329,z1mac.com,74,adequate,5,3,26.37.23,2026-03-17 14:35:32.195916
7331,kisa.org.cy,84.666664,good,5,5,26.37.23,2026-03-17 14:35:46.039333
7428,spitalgiurgiu.ro,74.666664,adequate,5,5,26.37.23,2026-03-17 15:03:37.133257
7466,lincolnapps.co,74.333336,adequate,5,4,26.37.23,2026-03-18 02:10:13.926757
7538,nlnetlabs.nl,68,adequate,5,6,26.37.23,2026-03-18 03:33:13.228545
7539,nlnetlabs.nl,68,adequate,5,6,26.37.23,2026-03-18 03:33:19.730519
7543,nlnetlabs.nl,68,adequate,5,6,26.37.23,2026-03-18 03:34:31.173451
3057,cloudflare.com,71.190475,adequate,5,7,26.34.20,2026-03-05 14:20:15.834912
3064,cisa.gov,67,adequate,5,6,26.34.20,2026-03-05 14:21:20.619013
3076,reconfirm.com,73,adequate,5,6,26.34.20,2026-03-05 14:21:59.334023
3078,mercadopago.com,72.666664,adequate,5,6,26.34.20,2026-03-05 14:22:13.035454
3079,spjslatina.ro,68.666664,adequate,5,5,26.34.20,2026-03-05 14:22:16.482821
3085,spitalmciuc.ro,74.666664,adequate,5,5,26.34.20,2026-03-05 14:22:23.104575
4650,ortopedieazuga.ro,78.666664,good,5,5,26.35.32,2026-03-09 14:19:30.940114
4651,sanatoriulbusteni.ro,78.666664,good,5,5,26.35.32,2026-03-09 14:19:37.124306
4659,patientreminder.com,82.666664,good,5,5,26.35.32,2026-03-09 14:21:31.101778
4660,weather.gov,67.416664,adequate,5,5,26.35.32,2026-03-09 14:21:32.392219
4661,screen.it-help.tech,73.083336,adequate,5,8,26.35.32,2026-03-09 14:21:44.845646
4662,spitalulhuedin.ro,76.666664,good,5,5,26.35.32,2026-03-09 14:22:10.865859
4664,spitalulorasenescbaicoi.ro,73,adequate,5,6,26.35.32,2026-03-09 14:22:16.823329
4666,spitalulhuedin.ro,76.666664,good,5,5,26.35.32,2026-03-09 14:22:36.130145
4824,apple.com,74.04762,adequate,5,7,26.35.32,2026-03-09 16:26:56.336332
4825,apple.com,75.47619,good,5,7,26.35.32,2026-03-09 16:27:13.029129
4880,nsfnow.com,82.666664,good,5,5,26.35.34,2026-03-10 01:42:49.744045
4934,spital-breaza.ro,74.666664,adequate,5,5,26.35.35,2026-03-10 11:44:16.178361
4935,spital-breaza.ro,74.666664,adequate,5,5,26.35.35,2026-03-10 11:44:31.699469
5103,www.franklinroadacademy.com,60.583332,adequate,5,8,26.35.35,2026-03-10 15:05:37.680437
5218,swutch.com,84.666664,good,5,5,26.35.35,2026-03-10 18:24:19.471341
5308,spjslatina.ro,68.666664,adequate,5,5,26.35.35,2026-03-10 21:10:41.970709
5369,isc.org,76.90476,good,5,7,26.35.35,2026-03-11 04:16:05.386786
5421,leeashley.com,77.333336,good,5,3,26.36.01,2026-03-11 10:04:31.898699
5469,nlnetlabs.nl,68,adequate,5,6,26.36.01,2026-03-11 14:30:30.561514
5470,freebsd.org,85.04762,good,5,7,26.36.01,2026-03-11 14:30:32.644706
5474,burghele.ro,76.666664,good,5,5,26.36.01,2026-03-11 14:30:52.9267
5480,jonaswiegner.de,70.7619,adequate,5,7,26.36.01,2026-03-11 14:31:46.801433
5492,blauwsurvey.com,81.75,good,5,6,26.36.01,2026-03-11 14:32:43.302422
5497,livearchive.net,73,adequate,5,6,26.36.01,2026-03-11 14:33:17.480685
5637,spitalsighet.ro,76.666664,good,5,5,26.36.01,2026-03-11 15:35:09.256422
5687,filerequestpro.com,73,adequate,5,6,26.36.02,2026-03-12 02:11:47.648826
5739,guarinoadvisors.com,73,adequate,5,6,26.36.06,2026-03-12 07:45:36.742896
5740,guarinoadvisors.com,73,adequate,5,6,26.36.06,2026-03-12 07:46:01.554716
5871,fugro.com,79.666664,good,5,5,26.36.11,2026-03-12 11:15:24.175653
5924,civicpermits.com,70.666664,adequate,5,5,26.36.11,2026-03-12 14:14:21.395064
5925,clinicbilling.com,62.666668,adequate,5,2,26.36.11,2026-03-12 14:14:53.396488
6087,mtadistributors.com,76.666664,good,5,5,26.36.11,2026-03-12 15:27:04.721543
6092,natashabedingfield.com,68.666664,adequate,5,5,26.36.11,2026-03-12 15:27:58.891515
6093,westcappowerequipment.com,80.666664,good,5,5,26.36.11,2026-03-12 15:28:05.218713
6094,sovanta.com,81.666664,good,5,5,26.36.11,2026-03-12 15:28:06.065744
6182,me,72.666664,adequate,5,2,26.36.11,2026-03-12 19:21:04.820592
6183,bakr.de,69.666664,adequate,5,6,26.36.11,2026-03-12 19:24:26.899707
6184,benav.cc,77.666664,good,5,2,26.36.11,2026-03-12 19:25:18.07166
6240,globalping.io,82.666664,good,5,5,26.36.11,2026-03-12 21:45:29.873044
6334,mtadistributors.com,76.666664,good,5,5,26.36.11,2026-03-13 08:42:23.889392
6336,ehmrealty.com,78.666664,good,5,5,26.36.11,2026-03-13 08:42:31.917016
6454,ibm.com,68.833336,adequate,5,6,26.36.11,2026-03-13 14:46:36.978703
6456,cloudflare.com,70.940475,adequate,5,7,26.36.11,2026-03-13 14:46:41.749808
6460,it-help.tech,77.333336,good,5,7,26.36.11,2026-03-13 14:47:45.350765
6462,usa.gov,70.666664,adequate,5,5,26.36.11,2026-03-13 14:48:07.443266
6463,it-help.tech,78.7619,good,5,7,26.36.11,2026-03-13 14:48:08.74636
6470,spitalsinaia.ro,74.666664,adequate,5,5,26.36.11,2026-03-13 14:48:48.901569
6472,mx1.blauw-survey.com,71.333336,adequate,5,1,26.36.11,2026-03-13 14:49:01.629354
6588,restretail.com,82.666664,good,5,5,26.36.11,2026-03-13 21:02:15.478115
6589,restretail.com,82.666664,good,5,5,26.36.11,2026-03-13 21:02:51.42989
6730,freebsd.org,86.47619,good,5,7,26.36.15,2026-03-14 14:13:16.961629
6731,mta-sts.sportcommunities.group,78.666664,good,5,5,26.36.15,2026-03-14 14:13:32.863284
6734,nlnetlabs.nl,68,adequate,5,6,26.36.15,2026-03-14 14:13:45.34507
6746,porp.stream,74,adequate,5,3,26.36.15,2026-03-14 14:14:17.139295
6748,google.com,70.190475,adequate,5,7,26.36.15,2026-03-14 14:14:19.356983
6752,kisa.org.cy,84.666664,good,5,5,26.36.15,2026-03-14 14:14:33.375514
6753,apavil.ro,72.666664,adequate,5,5,26.36.15,2026-03-14 14:14:36.130568
6759,it-help.tech,80.190475,good,5,7,26.36.15,2026-03-14 14:15:29.64589
6852,me,72.666664,adequate,5,2,26.37.04,2026-03-15 08:56:25.271209
6854,switch.com,69.666664,adequate,5,5,26.37.04,2026-03-15 08:56:34.747972
6857,cisa.gov,66.75,adequate,5,6,26.37.04,2026-03-15 08:58:09.794766
6859,fugro.com,77.666664,good,5,5,26.37.04,2026-03-15 08:58:24.694583
6861,co.uk,67.666664,adequate,5,2,26.37.04,2026-03-15 08:58:37.268867
6867,mercadopago.com,74.333336,adequate,5,6,26.37.04,2026-03-15 09:00:05.020892
6872,sanatoriulbusteni.ro,74.666664,adequate,5,5,26.37.04,2026-03-15 09:01:15.310424
6963,ohg-nagold.de,66.666664,adequate,5,5,26.37.20,2026-03-16 08:38:16.170826
6964,zmacnashville.net,80.666664,good,5,5,26.37.20,2026-03-16 08:38:49.862324
6965,spitalulorasenescbaicoi.ro,73,adequate,5,6,26.37.20,2026-03-16 08:39:46.994153
7071,web-hosting.com,74.666664,adequate,5,5,26.37.20,2026-03-16 09:10:40.088021
7074,tesla.com,65.416664,adequate,5,5,26.37.20,2026-03-16 09:10:49.721946
7152,example.co.uk,72.833336,adequate,5,4,26.37.20,2026-03-16 14:56:07.701027
7153,omzcloud.vn,71,adequate,5,6,26.37.20,2026-03-16 14:57:24.782522
7158,lincolnapps.co,74.333336,adequate,5,4,26.37.20,2026-03-16 14:57:52.41651
7232,it-help.tech,78.7619,good,5,7,26.37.23,2026-03-17 04:38:08.154025
7315,freebsd.org,85.04762,good,5,7,26.37.23,2026-03-17 14:34:08.810621
7430,spitalgiurgiu.ro,74.666664,adequate,5,5,26.37.23,2026-03-17 15:03:47.660658
7467,hirt.dev,75.47619,good,5,7,26.37.23,2026-03-18 02:42:42.42646
7541,nlnetlabs.nl,68,adequate,5,6,26.37.23,2026-03-18 03:34:02.889078
7545,nlnetlabs.nl,68,adequate,5,6,26.37.23,2026-03-18 03:35:08.503641
7551,nlnetlabs.nl,68,adequate,5,6,26.37.23,2026-03-18 03:36:45.941864
7554,nlnetlabs.nl,68,adequate,5,6,26.37.23,2026-03-18 03:37:28.229212
7556,nlnetlabs.nl,68,adequate,5,6,26.37.23,2026-03-18 03:37:51.42864
3058,cloudflare.com,71.190475,adequate,5,7,26.34.20,2026-03-05 14:20:21.081621
4669,spitalulorasenescbaicoi.ro,73,adequate,5,6,26.35.32,2026-03-09 14:22:47.585669
4670,glendun.com.au,80.666664,good,5,5,26.35.32,2026-03-09 14:22:49.616544
4672,spjslatina.ro,72.666664,adequate,5,5,26.35.32,2026-03-09 14:23:12.170206
4676,ibm.com,65.333336,adequate,5,6,26.35.32,2026-03-09 14:24:41.208464
4681,microsoft.com,82.54762,good,5,7,26.35.32,2026-03-09 14:25:15.514967
4826,hegel.net,76.333336,good,5,6,26.35.32,2026-03-09 16:49:00.367542
4881,spitalulhuedin.ro,76.666664,good,5,5,26.35.34,2026-03-10 01:49:40.044934
4882,spitalulhuedin.ro,74.666664,adequate,5,5,26.35.34,2026-03-10 01:49:50.780078
4936,dpsg-bodensee.de,73,adequate,5,6,26.35.35,2026-03-10 12:15:34.619665
5104,blauw.com,79.416664,good,5,5,26.35.35,2026-03-10 15:07:43.545814
5219,spjslatina.ro,68.666664,adequate,5,5,26.35.35,2026-03-10 18:48:08.663443
5317,jira.sovanta.com,81.333336,good,5,1,26.35.35,2026-03-10 21:25:27.781391
5372,couchmvp.com,77.666664,good,5,2,26.35.35,2026-03-11 04:18:26.445174
5422,filantropia.ro,68.666664,adequate,5,5,26.36.01,2026-03-11 10:05:55.873025
5477,fugro.com,77.416664,good,5,5,26.36.01,2026-03-11 14:31:22.244395
5481,fugro.com,77.416664,good,5,5,26.36.01,2026-03-11 14:31:49.823091
5489,pizazzmusiccamp.org,68.666664,adequate,5,5,26.36.01,2026-03-11 14:32:25.427694
5491,fredduval.com,78.666664,good,5,5,26.36.01,2026-03-11 14:32:27.92796
5493,hegel.org,84.666664,good,5,5,26.36.01,2026-03-11 14:32:49.585413
5638,haukeflix.top,79.666664,good,5,6,26.36.01,2026-03-11 15:35:23.633334
5640,spitalulhorezu.ro,76.666664,good,5,5,26.36.01,2026-03-11 15:35:24.114282
5688,lincolnapps.co,74.333336,adequate,5,4,26.36.02,2026-03-12 02:37:49.425064
5741,pizazzmusiccamp.org,68.666664,adequate,5,5,26.36.06,2026-03-12 07:59:01.096447
5872,cnn.com,68.666664,adequate,5,6,26.36.11,2026-03-12 11:19:28.004791
5926,dispatchgrid.com,82.666664,good,5,5,26.36.11,2026-03-12 14:16:01.770003
6088,reconfirm.com,73,adequate,5,6,26.36.11,2026-03-12 15:27:19.63342
6090,sovanta.com,81.666664,good,5,5,26.36.11,2026-03-12 15:27:41.606243
6095,swutch.com,84.666664,good,5,5,26.36.11,2026-03-12 15:28:10.279361
6097,swutch.com,84.666664,good,5,5,26.36.11,2026-03-12 15:28:14.69879
6185,anva.ch,82.190475,good,5,7,26.36.11,2026-03-12 19:25:56.256103
6187,steinr.eu,71.75,adequate,5,6,26.36.11,2026-03-12 19:29:43.248889
6242,couchmvp.com,77.666664,good,5,2,26.36.11,2026-03-12 22:24:57.444705
6335,purpleflock.com,82.190475,good,5,7,26.36.11,2026-03-13 08:42:24.335205
6337,cioviews.com,78.666664,good,5,5,26.36.11,2026-03-13 08:42:48.797542
6339,www.cnn.com,58.083332,adequate,5,8,26.36.11,2026-03-13 08:42:57.033207
6491,screen.it-help.tech,73.333336,adequate,5,8,26.36.11,2026-03-13 14:50:24.172967
6492,spjslatina.ro,68.666664,adequate,5,5,26.36.11,2026-03-13 14:50:32.103022
6496,franklinroadacademy.com,74.666664,adequate,5,5,26.36.11,2026-03-13 14:50:52.049086
6505,mta-sts.purpleflock.com,78.666664,good,5,5,26.36.11,2026-03-13 14:52:41.53337
6506,fluss.top,72.833336,adequate,5,4,26.36.11,2026-03-13 14:52:43.805857
6507,mta-sts.sportcommunities.group,78.666664,good,5,5,26.36.11,2026-03-13 14:52:50.595624
6590,restretail.com,81.666664,good,5,5,26.36.11,2026-03-13 21:08:37.801598
6732,mta-sts.sportcommunities.group,78.666664,good,5,5,26.36.15,2026-03-14 14:13:33.633327
6733,nlnetlabs.nl,68,adequate,5,6,26.36.15,2026-03-14 14:13:38.829246
6736,monologue.to,73,adequate,5,6,26.36.15,2026-03-14 14:13:51.055451
6737,porp.stream,77.333336,good,5,3,26.36.15,2026-03-14 14:13:56.389869
6755,z1mac.com,74,adequate,5,3,26.36.15,2026-03-14 14:14:57.400298
6756,kisa.org.cy,84.666664,good,5,5,26.36.15,2026-03-14 14:15:02.662258
6758,spitalsovata.ro,74.666664,adequate,5,5,26.36.15,2026-03-14 14:15:29.485176
6766,leeashley.com,80.333336,good,5,4,26.36.15,2026-03-14 14:17:12.18195
6874,sportcommunities.group,82.190475,good,5,7,26.37.04,2026-03-15 09:01:36.54616
6875,mx1.blauwsurvey.com,81.333336,good,5,1,26.37.04,2026-03-15 09:01:52.412438
6878,hosptm.ro,82.666664,good,5,5,26.37.04,2026-03-15 09:02:23.759685
6884,spitalul-municipal-timisoara.ro,66.666664,adequate,5,5,26.37.04,2026-03-15 09:03:41.295624
6886,psihiatrietulghes.ro,74.666664,adequate,5,5,26.37.04,2026-03-15 09:04:05.113844
6966,google.com,70.190475,adequate,5,7,26.37.20,2026-03-16 08:40:38.38102
6967,microsoft.com,83.04762,good,5,7,26.37.20,2026-03-16 08:41:35.581364
6971,dev.lms.fullmindlearning.com,59.583332,adequate,5,8,26.37.20,2026-03-16 08:43:45.526391
6972,contractvault.com,72.833336,adequate,5,4,26.37.20,2026-03-16 08:45:09.475128
7075,freebsd.org,85.04762,good,5,7,26.37.20,2026-03-16 09:17:38.120391
7156,fredduval.com,82.666664,good,5,5,26.37.20,2026-03-16 14:57:42.708768
7157,omzcloud.vn,68.333336,adequate,5,6,26.37.20,2026-03-16 14:57:49.918506
7159,nsa.gov,75.666664,good,5,5,26.37.20,2026-03-16 14:57:56.783839
7161,restretail.com,82.666664,good,5,5,26.37.20,2026-03-16 14:58:05.492133
7166,wisestamp.com,71.666664,adequate,5,5,26.37.20,2026-03-16 14:58:34.313258
7233,me,72.666664,adequate,5,2,26.37.23,2026-03-17 04:57:19.971586
7317,nlnetlabs.nl,68,adequate,5,6,26.37.23,2026-03-17 14:34:20.512344
7351,steinr.eu,72,adequate,5,6,26.37.23,2026-03-17 14:39:14.881018
7352,getmsg.ai,73,adequate,5,6,26.37.23,2026-03-17 14:39:19.035278
7432,valentin.run,81.333336,good,5,6,26.37.23,2026-03-17 15:04:03.655135
7468,swutch.com,84.666664,good,5,5,26.37.23,2026-03-18 02:50:46.119895
7542,nlnetlabs.nl,68,adequate,5,6,26.37.23,2026-03-18 03:34:18.125557
7548,nlnetlabs.nl,68,adequate,5,6,26.37.23,2026-03-18 03:36:01.326505
7549,nlnetlabs.nl,68,adequate,5,6,26.37.23,2026-03-18 03:36:02.182797
7558,nlnetlabs.nl,68,adequate,5,6,26.37.23,2026-03-18 03:38:06.822845
7600,nlnetlabs.nl,68,adequate,5,6,26.37.23,2026-03-18 05:49:13.286064
7631,nlnetlabs.nl,68,adequate,5,6,26.37.28,2026-03-18 07:06:56.679478
7690,nlnetlabs.nl,68,adequate,5,6,26.37.28,2026-03-18 07:19:09.20674
7691,nlnetlabs.nl,68,adequate,5,6,26.37.28,2026-03-18 07:19:19.903529
7697,nlnetlabs.nl,68,adequate,5,6,26.37.28,2026-03-18 07:20:30.770436
7702,nlnetlabs.nl,68,adequate,5,6,26.37.28,2026-03-18 07:21:33.584199
7715,nlnetlabs.nl,68,adequate,5,6,26.37.28,2026-03-18 07:24:02.927069
7741,nlnetlabs.nl,68,adequate,5,6,26.37.28,2026-03-18 07:30:02.952965
7771,nlnetlabs.nl,68,adequate,5,6,26.37.28,2026-03-18 07:37:02.359396
7775,nlnetlabs.nl,68,adequate,5,6,26.37.28,2026-03-18 07:37:58.799743
7780,nlnetlabs.nl,68,adequate,5,6,26.37.28,2026-03-18 07:38:54.658125
7803,nlnetlabs.nl,68,adequate,5,6,26.37.28,2026-03-18 07:43:51.616727
3059,schedule.it-help.tech,77.333336,good,5,3,26.34.20,2026-03-05 14:20:36.374443
3061,github.com,66.333336,adequate,5,6,26.34.20,2026-03-05 14:20:56.519606
3072,jonaswiegner.de,70.7619,adequate,5,7,26.34.20,2026-03-05 14:21:36.005691
3074,filantropia.ro,68.666664,adequate,5,5,26.34.20,2026-03-05 14:21:45.34496
3084,technikfreak.co,74,adequate,5,3,26.34.20,2026-03-05 14:22:22.154809
3086,burghele.ro,74.666664,adequate,5,5,26.34.20,2026-03-05 14:22:24.155015
4671,ifacforl.ro,68.666664,adequate,5,5,26.35.32,2026-03-09 14:23:00.674433
4680,ibm.com,64.833336,adequate,5,6,26.35.32,2026-03-09 14:25:11.715096
4827,hegel.net,79.666664,good,5,6,26.35.32,2026-03-09 16:49:25.447623
4883,thehumphries.org,74.666664,adequate,5,5,26.35.34,2026-03-10 02:09:51.95264
4884,thehumphries.org,74.666664,adequate,5,5,26.35.34,2026-03-10 02:09:58.682342
4887,com.au,72.666664,adequate,5,2,26.35.34,2026-03-10 02:12:05.228154
4937,dpsg-bodensee.de,73,adequate,5,6,26.35.35,2026-03-10 12:15:44.657943
5105,blauw.com,79.416664,good,5,5,26.35.35,2026-03-10 15:08:08.135856
5220,spjslatina.ro,68.666664,adequate,5,5,26.35.35,2026-03-10 18:48:21.967512
5318,couchmvp.com,77.666664,good,5,2,26.35.35,2026-03-10 21:49:31.628966
5373,probe-us-02.dns-observe.com,70.666664,adequate,5,3,26.35.35,2026-03-11 04:18:30.066231
5423,filantropia.ro,68.666664,adequate,5,5,26.36.01,2026-03-11 10:06:18.369473
5483,guarinoadvisors.com,73,adequate,5,6,26.36.01,2026-03-11 14:31:54.056084
5487,blauwsurvey.com,81.75,good,5,6,26.36.01,2026-03-11 14:32:17.398522
5641,probe-us-01.dns-observe.com,72.833336,adequate,5,4,26.36.01,2026-03-11 15:35:24.146232
5689,apavil.ro,68.666664,adequate,5,5,26.36.02,2026-03-12 02:48:37.312927
5742,natashabedingfield.com,66.666664,adequate,5,5,26.36.11,2026-03-12 08:29:09.7576
5746,maltejk.de,76.47619,good,5,7,26.36.11,2026-03-12 08:32:55.211016
5748,red.com,72.666664,adequate,5,6,26.36.11,2026-03-12 08:33:32.075034
5873,nasa.gov,73.666664,adequate,5,6,26.36.11,2026-03-12 11:19:53.267846
5927,web-hosting.com,74.666664,adequate,5,5,26.36.11,2026-03-12 14:17:49.435662
6091,reconfirm.com,73,adequate,5,6,26.36.11,2026-03-12 15:27:45.462674
6114,spitalmoldovanoua.ro,74.666664,adequate,5,5,26.36.11,2026-03-12 15:30:07.530482
6119,ohg-nagold.de,66.666664,adequate,5,5,26.36.11,2026-03-12 15:30:44.541629
6186,198119799470.xyz,76.666664,good,5,5,26.36.11,2026-03-12 19:29:08.932349
6243,nlnetlabs.nl,68,adequate,5,6,26.36.11,2026-03-12 22:57:39.434164
6341,steinr.eu,72,adequate,5,6,26.36.11,2026-03-13 08:49:34.604036
6493,dpsg-radolfzell.de,76.47619,good,5,7,26.36.11,2026-03-13 14:50:34.371415
6591,restretail.com,78.666664,good,5,5,26.36.11,2026-03-13 21:12:40.439032
6735,ietf.org,71.333336,adequate,5,6,26.36.15,2026-03-14 14:13:47.726505
6739,freebsd.org,85.04762,good,5,7,26.36.15,2026-03-14 14:13:57.461685
6761,google.com,68.7619,adequate,5,7,26.36.15,2026-03-14 14:15:34.070172
6763,restretail.com,82.666664,good,5,5,26.36.15,2026-03-14 14:16:35.513746
6765,restretail.com,82.666664,good,5,5,26.36.15,2026-03-14 14:17:05.936482
6767,restretail.com,76.666664,good,5,5,26.36.15,2026-03-14 14:17:36.368121
6876,optonline.net,74.666664,adequate,5,5,26.37.04,2026-03-15 09:02:05.416635
6879,innbn-bucuresti.ro,74.666664,adequate,5,5,26.37.04,2026-03-15 09:02:24.417133
6880,spitalmciuc.ro,74.666664,adequate,5,5,26.37.04,2026-03-15 09:02:39.307966
6882,spitalsinaia.ro,74.666664,adequate,5,5,26.37.04,2026-03-15 09:02:47.604145
6883,valentin.run,83,good,5,6,26.37.04,2026-03-15 09:03:38.197242
6888,civicpermits.com,70.666664,adequate,5,5,26.37.04,2026-03-15 09:04:19.703775
6890,smlugoj.ro,66.666664,adequate,5,5,26.37.04,2026-03-15 09:04:27.340517
6895,mx1.blauw-survey.com,71.333336,adequate,5,1,26.37.04,2026-03-15 09:05:08.745339
6897,clinicbilling.com,72.666664,adequate,5,2,26.37.04,2026-03-15 09:05:15.152295
6902,probe-us-02.dns-observe.com,70.666664,adequate,5,3,26.37.04,2026-03-15 09:06:19.141283
6904,www.mercadopago.com,59.583332,adequate,5,8,26.37.04,2026-03-15 09:06:54.579955
6968,2911.us,81.333336,good,5,6,26.37.20,2026-03-16 08:42:08.61255
7076,com.au,72.666664,adequate,5,2,26.37.20,2026-03-16 09:17:38.974998
7160,fredduval.com,82.666664,good,5,5,26.37.20,2026-03-16 14:58:00.563439
7162,pizazzmusiccamp.org,68.666664,adequate,5,5,26.37.20,2026-03-16 14:58:11.055705
7163,wisestamp.com,71.666664,adequate,5,5,26.37.20,2026-03-16 14:58:15.062681
7164,restretail.com,78.666664,good,5,5,26.37.20,2026-03-16 14:58:20.60902
7234,amazon.com,71.666664,adequate,5,5,26.37.23,2026-03-17 05:16:25.205346
7318,google.com,71.11905,adequate,5,7,26.37.23,2026-03-17 14:34:29.145667
7334,amazon.com,73.416664,adequate,5,5,26.37.23,2026-03-17 14:35:52.843041
7434,raremaps.com,73,adequate,5,6,26.37.23,2026-03-17 15:11:36.34679
7469,nlnetlabs.nl,68,adequate,5,6,26.37.23,2026-03-18 03:04:02.259308
7544,nlnetlabs.nl,68,adequate,5,6,26.37.23,2026-03-18 03:34:57.777896
7546,nlnetlabs.nl,68,adequate,5,6,26.37.23,2026-03-18 03:35:18.468155
7552,nlnetlabs.nl,68,adequate,5,6,26.37.23,2026-03-18 03:36:56.119712
7601,nlnetlabs.nl,68,adequate,5,6,26.37.23,2026-03-18 05:49:15.516191
7633,nlnetlabs.nl,68,adequate,5,6,26.37.28,2026-03-18 07:07:17.360554
7637,nlnetlabs.nl,68,adequate,5,6,26.37.28,2026-03-18 07:08:10.069162
7692,nlnetlabs.nl,68,adequate,5,6,26.37.28,2026-03-18 07:19:34.348172
7694,nlnetlabs.nl,68,adequate,5,6,26.37.28,2026-03-18 07:19:59.416638
7696,nlnetlabs.nl,68,adequate,5,6,26.37.28,2026-03-18 07:20:19.583416
7699,nlnetlabs.nl,68,adequate,5,6,26.37.28,2026-03-18 07:20:56.56139
7704,nlnetlabs.nl,68,adequate,5,6,26.37.28,2026-03-18 07:21:57.833247
7708,nlnetlabs.nl,68,adequate,5,6,26.37.28,2026-03-18 07:22:43.187279
7710,nlnetlabs.nl,68,adequate,5,6,26.37.28,2026-03-18 07:23:08.754815
7742,nlnetlabs.nl,68,adequate,5,6,26.37.28,2026-03-18 07:30:05.538691
7743,nlnetlabs.nl,68,adequate,5,6,26.37.28,2026-03-18 07:30:29.131904
7753,nlnetlabs.nl,68,adequate,5,6,26.37.28,2026-03-18 07:32:24.14979
7773,nlnetlabs.nl,68,adequate,5,6,26.37.28,2026-03-18 07:37:30.669476
7774,nlnetlabs.nl,68,adequate,5,6,26.37.28,2026-03-18 07:37:43.924971
7776,nlnetlabs.nl,68,adequate,5,6,26.37.28,2026-03-18 07:38:07.33023
7805,nlnetlabs.nl,68,adequate,5,6,26.37.29,2026-03-18 07:44:54.535957
7816,nlnetlabs.nl,68,adequate,5,6,26.37.29,2026-03-18 07:47:58.460953
7818,nlnetlabs.nl,68,adequate,5,6,26.37.29,2026-03-18 07:48:18.014674
7829,nlnetlabs.nl,68,adequate,5,6,26.37.29,2026-03-18 07:50:20.211505
7834,nlnetlabs.nl,68,adequate,5,6,26.37.29,2026-03-18 07:51:24.442072
3062,markphd.me,76.833336,good,5,4,26.34.20,2026-03-05 14:21:03.548891
3063,markphd.me,76.833336,good,5,4,26.34.20,2026-03-05 14:21:10.81184
3075,spitalmciuc.ro,74.666664,adequate,5,5,26.34.20,2026-03-05 14:21:58.833995
3077,burghele.ro,74.666664,adequate,5,5,26.34.20,2026-03-05 14:22:08.863702
4673,mateibals.ro,70.666664,adequate,5,5,26.35.32,2026-03-09 14:23:12.792144
4674,spitalulorasenescbaicoi.ro,73,adequate,5,6,26.35.32,2026-03-09 14:23:13.461075
4675,glendun.com.au,80.666664,good,5,5,26.35.32,2026-03-09 14:23:14.336885
4677,microsoft.com,83.04762,good,5,7,26.35.32,2026-03-09 14:24:45.208155
4679,github.com,71.5,adequate,5,6,26.35.32,2026-03-09 14:25:05.20688
4682,apple.com,75.22619,good,5,7,26.35.32,2026-03-09 14:25:27.670646
4683,github.com,71.5,adequate,5,6,26.35.32,2026-03-09 14:25:32.79735
4684,ibm.com,66.5,adequate,5,6,26.35.32,2026-03-09 14:25:40.067501
4685,microsoft.com,81.61905,good,5,7,26.35.32,2026-03-09 14:25:44.71567
4828,knoxminerals.com,74.666664,adequate,5,5,26.35.32,2026-03-09 16:55:53.964457
4829,knoxminerals.com,74.666664,adequate,5,5,26.35.32,2026-03-09 16:56:13.367911
4885,com.au,72.666664,adequate,5,2,26.35.34,2026-03-10 02:10:58.135314
4886,com.au,72.666664,adequate,5,2,26.35.34,2026-03-10 02:11:57.931768
4938,red.com,72.666664,adequate,5,6,26.35.35,2026-03-10 12:44:29.109096
5106,google.com,69.690475,adequate,5,7,26.35.35,2026-03-10 15:10:40.263904
5116,nlnetlabs.nl,68,adequate,5,6,26.35.35,2026-03-10 15:15:25.117705
5221,apavil.ro,68.666664,adequate,5,5,26.35.35,2026-03-10 19:15:25.358619
5319,insmc.ro,80.666664,good,5,5,26.35.35,2026-03-10 22:20:03.813593
5374,mx1.blauw-survey.com,71.333336,adequate,5,1,26.35.35,2026-03-11 04:18:30.147979
5424,com,72.666664,adequate,5,2,26.36.01,2026-03-11 10:33:35.340102
5488,valentin.run,83,good,5,6,26.36.01,2026-03-11 14:32:19.769162
5495,livearchive.net,71.333336,adequate,5,6,26.36.01,2026-03-11 14:32:53.236683
5498,fbi.gov,72.61905,adequate,5,7,26.36.01,2026-03-11 14:36:36.745504
5642,dpsg-radolfzell.de,75.04762,good,5,7,26.36.01,2026-03-11 15:36:33.882409
5690,vbabestm.ro,74.666664,adequate,5,5,26.36.02,2026-03-12 02:54:54.957231
5743,cnn.com,70.333336,adequate,5,6,26.36.11,2026-03-12 08:29:11.86151
5744,fluss.top,72.833336,adequate,5,4,26.36.11,2026-03-12 08:29:36.868658
5874,purpleflock.net,81.190475,good,5,7,26.36.11,2026-03-12 11:30:25.689867
5928,com.au,72.666664,adequate,5,2,26.36.11,2026-03-12 14:23:16.359193
5930,com.au,72.666664,adequate,5,2,26.36.11,2026-03-12 14:24:26.100266
5931,patientreminder.com,82.666664,good,5,5,26.36.11,2026-03-12 14:26:20.690634
5932,contractvault.com,72.833336,adequate,5,4,26.36.11,2026-03-12 14:26:55.249019
6096,optonline.net,74.666664,adequate,5,5,26.36.11,2026-03-12 15:28:12.366776
6098,spjslatina.ro,68.666664,adequate,5,5,26.36.11,2026-03-12 15:28:26.95084
6103,spitalulhuedin.ro,70.666664,adequate,5,5,26.36.11,2026-03-12 15:28:44.321915
6109,spitalulhuedin.ro,74.666664,adequate,5,5,26.36.11,2026-03-12 15:29:12.703227
6188,aither.cc,66.666664,adequate,5,5,26.36.11,2026-03-12 19:30:13.300329
6244,sap.com,69.666664,adequate,5,5,26.36.11,2026-03-12 23:04:23.442256
6342,spital-izvoru.ro,74.666664,adequate,5,5,26.36.11,2026-03-13 08:50:06.050047
6494,sap.de,74.666664,adequate,5,5,26.36.11,2026-03-13 14:50:40.854102
6509,hegel.org,84.666664,good,5,5,26.36.11,2026-03-13 14:55:23.874169
6592,restretail.com,72.666664,adequate,5,5,26.36.11,2026-03-13 21:15:18.673908
6747,google.com,70.190475,adequate,5,7,26.36.15,2026-03-14 14:14:17.171265
6877,ortopedieazuga.ro,74.666664,adequate,5,5,26.37.04,2026-03-15 09:02:16.849472
6881,filantropia.ro,68.666664,adequate,5,5,26.37.04,2026-03-15 09:02:41.92448
6885,mta-sts.sportcommunities.group,78.666664,good,5,5,26.37.04,2026-03-15 09:04:02.556941
6887,spital-izvoru.ro,74.666664,adequate,5,5,26.37.04,2026-03-15 09:04:09.761573
6893,probe-us-01.dns-observe.com,75.333336,good,5,4,26.37.04,2026-03-15 09:05:04.64892
6899,proton.me,73.666664,adequate,5,6,26.37.04,2026-03-15 09:05:44.849075
6969,red.com,69.333336,adequate,5,6,26.37.20,2026-03-16 08:42:09.113499
6970,spital-breaza.ro,74.666664,adequate,5,5,26.37.20,2026-03-16 08:43:43.035305
7077,kali.org,79.333336,good,5,7,26.37.20,2026-03-16 09:21:25.010072
7168,pizazzmusiccamp.org,68.666664,adequate,5,5,26.37.20,2026-03-16 14:59:09.492475
7235,dnstool.it-help.tech,84,good,5,3,26.37.23,2026-03-17 05:18:22.097811
7319,freebsd.org,86.47619,good,5,7,26.37.23,2026-03-17 14:34:29.447935
7339,hogwarts.steinr.eu,59.333332,adequate,5,8,26.37.23,2026-03-17 14:36:17.712924
7340,wolfintegrated.com,80.666664,good,5,5,26.37.23,2026-03-17 14:36:18.191621
7344,jue.rs,72.833336,adequate,5,4,26.37.23,2026-03-17 14:36:56.076914
7346,restretail.com,78.666664,good,5,5,26.37.23,2026-03-17 14:37:02.00364
7435,usa.gov,72.666664,adequate,5,5,26.37.23,2026-03-17 15:37:46.095253
7436,usa.gov,72.666664,adequate,5,5,26.37.23,2026-03-17 15:38:16.771584
7437,usa.gov,72.666664,adequate,5,5,26.37.23,2026-03-17 15:38:47.349375
7470,google.com,68.7619,adequate,5,7,26.37.23,2026-03-18 03:04:22.556648
7472,ietf.org,73,adequate,5,6,26.37.23,2026-03-18 03:06:07.557026
7473,freebsd.org,86.47619,good,5,7,26.37.23,2026-03-18 03:06:19.005489
7547,nlnetlabs.nl,68,adequate,5,6,26.37.23,2026-03-18 03:35:41.296805
7561,nlnetlabs.nl,68,adequate,5,6,26.37.23,2026-03-18 03:38:45.112308
7562,nlnetlabs.nl,68,adequate,5,6,26.37.23,2026-03-18 03:38:45.57675
7602,www.mercadopago.com,59.583332,adequate,5,8,26.37.23,2026-03-18 06:35:42.013755
7638,nlnetlabs.nl,68,adequate,5,6,26.37.28,2026-03-18 07:08:22.025266
7641,nlnetlabs.nl,68,adequate,5,6,26.37.28,2026-03-18 07:08:54.53793
7693,nlnetlabs.nl,68,adequate,5,6,26.37.28,2026-03-18 07:19:44.044727
7700,nlnetlabs.nl,68,adequate,5,6,26.37.28,2026-03-18 07:21:07.397525
7701,nlnetlabs.nl,68,adequate,5,6,26.37.28,2026-03-18 07:21:17.931138
7712,nlnetlabs.nl,68,adequate,5,6,26.37.28,2026-03-18 07:23:27.533773
7744,nlnetlabs.nl,68,adequate,5,6,26.37.28,2026-03-18 07:30:30.749683
7746,nlnetlabs.nl,68,adequate,5,6,26.37.28,2026-03-18 07:30:51.948982
7763,nlnetlabs.nl,68,adequate,5,6,26.37.28,2026-03-18 07:34:52.674634
7777,nlnetlabs.nl,68,adequate,5,6,26.37.28,2026-03-18 07:38:18.121338
7784,nlnetlabs.nl,68,adequate,5,6,26.37.28,2026-03-18 07:40:07.396843
7785,nlnetlabs.nl,68,adequate,5,6,26.37.28,2026-03-18 07:40:19.967348
7806,nlnetlabs.nl,68,adequate,5,6,26.37.29,2026-03-18 07:44:56.267749
7807,nlnetlabs.nl,68,adequate,5,6,26.37.29,2026-03-18 07:45:30.963231
7809,nlnetlabs.nl,68,adequate,5,6,26.37.29,2026-03-18 07:46:13.922932
7817,nlnetlabs.nl,68,adequate,5,6,26.37.29,2026-03-18 07:48:08.383588
3065,filantropia.ro,68.666664,adequate,5,5,26.34.20,2026-03-05 14:21:24.066988
3067,sap.de,74.666664,adequate,5,5,26.34.20,2026-03-05 14:21:24.830981
3068,cisa.gov,71,adequate,5,6,26.34.20,2026-03-05 14:21:25.460334
3090,spitalmciuc.ro,74.666664,adequate,5,5,26.34.20,2026-03-05 14:22:34.650465
3091,reconfirm.com,73,adequate,5,6,26.34.20,2026-03-05 14:22:38.629335
3092,mercadopago.com,72.666664,adequate,5,6,26.34.20,2026-03-05 14:22:41.432712
3093,mercadopago.com,72.666664,adequate,5,6,26.34.20,2026-03-05 14:22:49.867554
3094,dnstool.it-help.tech,77.333336,good,5,3,26.34.20,2026-03-05 14:23:31.460323
3095,microsoft.com,83.04762,good,5,7,26.34.20,2026-03-05 14:24:03.49944
3096,microsoft.com,81.61905,good,5,7,26.34.20,2026-03-05 14:24:11.57038
3097,cia.gov,76.90476,good,5,7,26.34.20,2026-03-05 14:24:19.439206
3098,cia.gov,76.90476,good,5,7,26.34.20,2026-03-05 14:24:25.296882
3099,nsa.gov,75.666664,good,5,5,26.34.20,2026-03-05 14:24:27.70719
3100,nsa.gov,75.666664,good,5,5,26.34.20,2026-03-05 14:24:33.594387
3101,fbi.gov,72.61905,adequate,5,7,26.34.20,2026-03-05 14:24:43.471752
3102,it-help.tech,80.190475,good,5,7,26.34.20,2026-03-05 14:24:47.658332
3103,fbi.gov,72.61905,adequate,5,7,26.34.20,2026-03-05 14:24:58.721957
3104,amazon.com,71.666664,adequate,5,5,26.34.20,2026-03-05 14:25:13.479861
3105,amazon.com,73.666664,adequate,5,5,26.34.20,2026-03-05 14:25:15.042004
3106,fbi.gov,72.61905,adequate,5,7,26.34.20,2026-03-05 14:25:19.633868
3107,mta-sts.sportcommunities.group,78.666664,good,5,5,26.34.20,2026-03-05 14:34:00.5012
3108,purpleflock.net,81.190475,good,5,7,26.34.20,2026-03-05 14:34:39.051683
3109,purpleflock.net,81.190475,good,5,7,26.34.20,2026-03-05 14:34:45.9221
3110,sportcommunities.group,82.190475,good,5,7,26.34.20,2026-03-05 14:35:00.989611
3111,couchmvp.com,77.666664,good,5,2,26.34.20,2026-03-05 14:35:06.588638
3112,sportcommunities.group,82.190475,good,5,7,26.34.20,2026-03-05 14:35:08.764087
3113,purpleflock.com,73,adequate,5,6,26.34.20,2026-03-05 14:35:10.63543
3114,me,72.666664,adequate,5,2,26.34.20,2026-03-05 14:35:19.345974
3115,server.it-help.tech,77.333336,good,5,3,26.34.20,2026-03-05 14:35:26.215249
3116,purpleflock.com,71.333336,adequate,5,6,26.34.20,2026-03-05 14:35:30.447936
3117,anva.ch,82.190475,good,5,7,26.34.20,2026-03-05 14:35:46.380231
3118,web-hosting.com,74.666664,adequate,5,5,26.34.20,2026-03-05 14:35:47.156331
3119,anva.ch,82.190475,good,5,7,26.34.20,2026-03-05 14:35:51.667981
3120,mta-sts.purpleflock.net,78.666664,good,5,5,26.34.20,2026-03-05 14:35:52.322757
3121,web-hosting.com,74.666664,adequate,5,5,26.34.20,2026-03-05 14:36:15.680341
3122,patientreminder.com,82.666664,good,5,5,26.34.20,2026-03-05 14:36:18.283073
3123,web-hosting.com,74.666664,adequate,5,5,26.34.20,2026-03-05 14:36:20.827038
3124,patientreminder.com,82.666664,good,5,5,26.34.20,2026-03-05 14:36:26.160281
3125,pdcnet.org,73,adequate,5,6,26.34.20,2026-03-05 14:36:42.277486
3126,pdcnet.org,73,adequate,5,6,26.34.20,2026-03-05 14:36:48.311572
3127,whitehouse.gov,75.666664,good,5,5,26.34.20,2026-03-05 14:37:06.650551
3128,ibm.com,71,adequate,5,6,26.34.20,2026-03-05 14:37:08.556417
3129,whitehouse.gov,76.666664,good,5,5,26.34.20,2026-03-05 14:37:14.764539
3130,ibm.com,59.666668,adequate,5,6,26.34.20,2026-03-05 14:37:17.846995
3131,misconfigured.com,77.333336,good,5,3,26.34.20,2026-03-05 14:37:19.44575
3132,kadse.dev,70.666664,adequate,5,3,26.34.20,2026-03-05 14:37:23.446993
3133,transbusbuzau.ro,80.666664,good,5,5,26.34.20,2026-03-05 14:37:26.457806
3134,misconfigured.com,77.333336,good,5,3,26.34.20,2026-03-05 14:37:32.428155
3135,kadse.dev,70.666664,adequate,5,3,26.34.20,2026-03-05 14:37:33.091279
3136,transbusbuzau.ro,80.666664,good,5,5,26.34.20,2026-03-05 14:37:37.833101
3137,poop.com,74,adequate,5,3,26.34.20,2026-03-05 14:37:38.432169
3138,evilhacker.com,70.666664,adequate,5,3,26.34.20,2026-03-05 14:37:41.456163
3139,maltejk.de,76.47619,good,5,7,26.34.20,2026-03-05 14:37:44.835519
3140,poop.com,74,adequate,5,3,26.34.20,2026-03-05 14:37:46.610741
3141,evilhacker.com,70.666664,adequate,5,3,26.34.20,2026-03-05 14:37:49.507161
3142,openai.com,70.083336,adequate,5,6,26.34.20,2026-03-05 14:38:02.484586
3143,openai.com,70.333336,adequate,5,6,26.34.20,2026-03-05 14:38:32.975202
3144,openai.com,70.333336,adequate,5,6,26.34.20,2026-03-05 14:38:37.28851
3145,cnn.com,70.333336,adequate,5,6,26.34.20,2026-03-05 14:45:18.543525
3146,porp.stream,74,adequate,5,3,26.34.20,2026-03-05 14:45:25.509699
3147,spital-izvoru.ro,74.666664,adequate,5,5,26.34.20,2026-03-05 14:45:26.669635
3148,porp.stream,74,adequate,5,3,26.34.20,2026-03-05 14:45:34.637825
3149,hegel.org,84.666664,good,5,5,26.34.20,2026-03-05 14:45:38.183851
3150,proton.me,75.333336,good,5,6,26.34.20,2026-03-05 14:45:39.255278
3151,cnn.com,68.666664,adequate,5,6,26.34.20,2026-03-05 14:45:39.879514
3152,hegel.org,84.666664,good,5,5,26.34.20,2026-03-05 14:45:44.285176
3153,blauwsurvey.com,82,good,5,6,26.34.20,2026-03-05 14:45:44.86807
3154,dns-observe.com,80.666664,good,5,5,26.34.20,2026-03-05 14:46:45.449845
3155,kokee.net,75.333336,good,5,4,26.34.20,2026-03-05 14:47:04.199341
3156,1liner.com,78.666664,good,5,5,26.34.20,2026-03-05 14:47:20.19183
3157,innbn-bucuresti.ro,74.666664,adequate,5,5,26.34.20,2026-03-05 14:47:20.463994
3158,com,72.666664,adequate,5,2,26.34.20,2026-03-05 14:47:24.497146
3159,1liner.com,78.666664,good,5,5,26.34.20,2026-03-05 14:47:26.413085
3160,spitalsighet.ro,76.666664,good,5,5,26.34.20,2026-03-05 14:47:28.056637
3161,innbn-bucuresti.ro,74.666664,adequate,5,5,26.34.20,2026-03-05 14:47:31.587574
3162,steinr.eu,72,adequate,5,6,26.34.20,2026-03-05 14:47:34.895142
3163,spitalul-municipal-timisoara.ro,66.666664,adequate,5,5,26.34.20,2026-03-05 14:47:35.001167
3164,spitalul-municipal-timisoara.ro,66.666664,adequate,5,5,26.34.20,2026-03-05 14:47:44.252593
3165,ehmrealty.com,78.666664,good,5,5,26.34.20,2026-03-05 14:47:47.03518
3166,steinr.eu,72,adequate,5,6,26.34.20,2026-03-05 14:47:50.358884
3167,spitalsinaia.ro,74.666664,adequate,5,5,26.34.20,2026-03-05 14:48:20.243948
3168,spitalsinaia.ro,74.666664,adequate,5,5,26.34.20,2026-03-05 14:48:26.897267
3169,optonline.net,73.666664,adequate,5,5,26.34.20,2026-03-05 14:48:38.741849
3170,tuta.io,73.61905,adequate,5,7,26.34.20,2026-03-05 14:48:45.450922
3171,valentin.run,83,good,5,6,26.34.20,2026-03-05 14:48:47.298578
3172,spitalulhuedin.ro,76.666664,good,5,5,26.34.20,2026-03-05 14:48:48.737293
3173,spitalulhuedin.ro,70.666664,adequate,5,5,26.34.20,2026-03-05 14:48:52.712429
3174,valentin.run,83,good,5,6,26.34.20,2026-03-05 14:48:53.357581
3175,optonline.net,76.666664,good,5,5,26.34.20,2026-03-05 14:48:55.801981
3176,tuta.io,73.61905,adequate,5,7,26.34.20,2026-03-05 14:49:08.270437
3177,www.cnn.com,60.833332,adequate,5,8,26.34.20,2026-03-05 15:38:23.479313
3178,cnn.com,68.666664,adequate,5,6,26.34.26,2026-03-05 16:57:37.361818
3179,nasa.gov,72,adequate,5,6,26.34.27,2026-03-05 19:41:44.991397
3180,oxidesurvival.com,80.666664,good,5,3,26.34.27,2026-03-05 19:46:25.735872
3181,nlnetlabs.nl,68,adequate,5,6,26.34.27,2026-03-05 21:01:27.928129
3182,nlnetlabs.nl,68,adequate,5,6,26.34.27,2026-03-05 21:01:28.936005
3183,nlnetlabs.nl,68,adequate,5,6,26.34.27,2026-03-05 21:01:46.139548
3184,poop.com,74,adequate,5,3,26.34.28,2026-03-05 21:37:44.050839
3185,swutch.com,84.666664,good,5,5,26.34.28,2026-03-05 21:43:52.750513
3186,probe-us-01.dns-observe.com,75.333336,good,5,4,26.34.28,2026-03-05 21:57:19.028146
3187,izvoru.ro,78.666664,good,5,5,26.34.28,2026-03-05 22:14:16.33513
3188,couchmvp.com,77.666664,good,5,2,26.34.28,2026-03-05 23:19:14.916584
3189,blauw.com,79.666664,good,5,5,26.34.28,2026-03-05 23:36:30.669841
3190,weather.gov,67.666664,adequate,5,5,26.34.28,2026-03-06 00:09:20.837
3191,mta-sts.purpleflock.net,77.666664,good,5,5,26.34.28,2026-03-06 01:09:27.051468
3192,purpleflock.net,81.190475,good,5,7,26.34.28,2026-03-06 01:09:48.555756
3193,mta-sts.sportcommunities.group,78.666664,good,5,5,26.34.28,2026-03-06 01:11:28.937803
3194,purpleflock.com,82.190475,good,5,7,26.34.28,2026-03-06 01:12:46.714363
3195,mta-sts.purpleflock.com,78.666664,good,5,5,26.34.28,2026-03-06 01:13:04.961425
3196,nsa.gov,74.666664,adequate,5,5,26.34.28,2026-03-06 01:36:35.53856
3197,amazon.com,69.666664,adequate,5,5,26.34.28,2026-03-06 01:40:39.672683
3198,fullmindlearning.com,69.666664,adequate,5,5,26.34.38,2026-03-06 02:58:46.536249
3199,ehmrealty.com,78.666664,good,5,5,26.34.38,2026-03-06 03:49:51.449549
3200,isc.org,76.90476,good,5,7,26.34.39,2026-03-06 04:05:27.21079
3201,hotmail.com,84.666664,good,5,6,26.34.39,2026-03-06 04:58:59.760199
3202,hak5.org,72.666664,adequate,5,5,26.34.39,2026-03-06 05:02:33.727147
3203,poop.com,74,adequate,5,3,26.34.39,2026-03-06 05:09:51.243137
3204,evilhacker.com,70.666664,adequate,5,3,26.34.40,2026-03-06 05:43:52.078306
3205,spital-izvoru.ro,74.666664,adequate,5,5,26.34.40,2026-03-06 06:02:22.476574
3206,screen.it-help.tech,72.333336,adequate,5,8,26.34.40,2026-03-06 06:13:14.426538
3207,it-help.tech,80.190475,good,5,7,26.34.42,2026-03-06 07:22:04.097754
3208,it-help.tech,80.190475,good,5,7,26.34.42,2026-03-06 07:22:33.776721
3209,ifacforl.ro,68.666664,adequate,5,5,26.34.42,2026-03-06 09:11:42.451444
3210,mateibals.ro,68.666664,adequate,5,5,26.34.47,2026-03-06 09:26:59.887054
3211,spitalsighet.ro,76.666664,good,5,5,26.34.47,2026-03-06 09:47:17.824534
3212,spitalsighet.ro,76.666664,good,5,5,26.34.47,2026-03-06 09:51:44.087276
3213,transbusbuzau.ro,80.666664,good,5,5,26.34.47,2026-03-06 09:52:55.615473
3214,ortopedieazuga.ro,74.666664,adequate,5,5,26.34.47,2026-03-06 09:56:03.794934
3215,burghele.ro,74.666664,adequate,5,5,26.34.47,2026-03-06 09:58:38.173525
3216,spitalsovata.ro,74.666664,adequate,5,5,26.34.50,2026-03-06 10:13:10.180138
3217,spitalulhuedin.ro,74.666664,adequate,5,5,26.34.50,2026-03-06 10:24:29.878437
3218,spitalulorasenescbaicoi.ro,73,adequate,5,6,26.34.52,2026-03-06 10:35:28.212676
3219,vbabestm.ro,74.666664,adequate,5,5,26.34.52,2026-03-06 10:36:58.922537
3220,uptimerobot.com,75.47619,good,5,7,26.34.52,2026-03-06 10:39:53.476483
3221,patientreminder.com,82.666664,good,5,5,26.34.52,2026-03-06 10:45:33.453311
3222,spitalgiurgiu.ro,74.666664,adequate,5,5,26.34.52,2026-03-06 10:53:27.585878
3223,kisa.org.cy,83.666664,good,5,5,26.34.52,2026-03-06 10:56:44.3394
3224,spital-izvoru.ro,74.666664,adequate,5,5,26.34.52,2026-03-06 10:57:55.21582
3225,spitalcampina.ro,72.666664,adequate,5,5,26.34.52,2026-03-06 11:01:25.220676
3226,spital-breaza.ro,74.666664,adequate,5,5,26.34.52,2026-03-06 11:09:51.695018
3227,swutch.com,84.666664,good,5,5,26.34.52,2026-03-06 11:43:42.307113
3228,mateibals.ro,72.666664,adequate,5,5,26.34.52,2026-03-06 12:40:29.14737
3229,mateibals.ro,74.666664,adequate,5,5,26.34.52,2026-03-06 12:40:33.828826
3230,spitalsighet.ro,76.666664,good,5,5,26.34.52,2026-03-06 12:59:45.737322
3231,whitehouse.gov,75.666664,good,5,5,26.34.52,2026-03-06 12:59:46.703501
3232,spitalsighet.ro,76.666664,good,5,5,26.34.52,2026-03-06 12:59:50.873482
3233,whitehouse.gov,73.666664,adequate,5,5,26.34.52,2026-03-06 13:00:36.136658
3234,spitalmciuc.ro,74.666664,adequate,5,5,26.34.52,2026-03-06 13:12:58.837005
3235,spitalmciuc.ro,74.666664,adequate,5,5,26.34.52,2026-03-06 13:16:06.57385
3236,insmc.ro,76.666664,good,5,5,26.34.52,2026-03-06 13:26:44.422677
3237,sanatoriulbusteni.ro,74.666664,adequate,5,5,26.34.52,2026-03-06 13:31:53.609031
3238,spitalsinaia.ro,74.666664,adequate,5,5,26.34.52,2026-03-06 13:35:09.656082
3239,filantropia.ro,68.666664,adequate,5,5,26.34.52,2026-03-06 13:41:47.186652
3240,scfcv.ro,74.666664,adequate,5,5,26.34.52,2026-03-06 13:45:49.081604
3241,sjv.ro,74.666664,adequate,5,5,26.34.52,2026-03-06 14:02:13.272853
3242,nlnetlabs.nl,68,adequate,5,6,26.34.52,2026-03-06 14:03:11.975176
3243,swutch.com,84.666664,good,5,5,26.34.52,2026-03-06 14:03:16.514714
3244,google.com,70.190475,adequate,5,7,26.34.52,2026-03-06 14:03:17.86737
3245,nlnetlabs.nl,68,adequate,5,6,26.34.52,2026-03-06 14:03:18.398361
3246,freebsd.org,86.47619,good,5,7,26.34.52,2026-03-06 14:03:19.921322
3247,spitalsinaia.ro,74.666664,adequate,5,5,26.34.52,2026-03-06 14:03:21.480014
3248,ietf.org,73,adequate,5,6,26.34.52,2026-03-06 14:03:21.947186
3249,google.com,68.7619,adequate,5,7,26.34.52,2026-03-06 14:03:24.175484
3250,freebsd.org,82.190475,good,5,7,26.34.52,2026-03-06 14:03:26.384488
3251,ietf.org,73,adequate,5,6,26.34.52,2026-03-06 14:03:26.743083
3252,spitalgiurgiu.ro,76.666664,good,5,5,26.34.52,2026-03-06 14:03:49.37986
3253,spitalgiurgiu.ro,74.666664,adequate,5,5,26.34.52,2026-03-06 14:03:49.884723
3254,spital-izvoru.ro,74.666664,adequate,5,5,26.34.52,2026-03-06 14:03:51.560061
3255,insmc.ro,76.666664,good,5,5,26.34.52,2026-03-06 14:04:04.562191
3256,spital-breaza.ro,74.666664,adequate,5,5,26.34.52,2026-03-06 14:04:27.223801
3257,scfcv.ro,74.666664,adequate,5,5,26.34.52,2026-03-06 14:04:33.310079
3258,spitalcampina.ro,72.666664,adequate,5,5,26.34.52,2026-03-06 14:04:33.634283
3259,spital-breaza.ro,74.666664,adequate,5,5,26.34.52,2026-03-06 14:04:49.096475
3260,sanatoriulbusteni.ro,74.666664,adequate,5,5,26.34.52,2026-03-06 14:04:53.315497
3261,scfcv.ro,74.666664,adequate,5,5,26.34.52,2026-03-06 14:04:54.790344
3262,mateibals.ro,78.666664,good,5,5,26.34.52,2026-03-06 14:04:56.022785
3263,mateibals.ro,70.666664,adequate,5,5,26.34.52,2026-03-06 14:04:59.1086
3264,spitalulorasenescbaicoi.ro,73,adequate,5,6,26.34.52,2026-03-06 14:05:02.391245
3271,whitehouse.gov,75.666664,good,5,5,26.34.52,2026-03-06 14:05:41.137385
3273,sjv.ro,70.666664,adequate,5,5,26.34.52,2026-03-06 14:05:50.811125
3274,spitalmciuc.ro,74.666664,adequate,5,5,26.34.52,2026-03-06 14:05:51.909224
3278,sjv.ro,74.666664,adequate,5,5,26.34.52,2026-03-06 14:06:21.260439
4678,apple.com,75.22619,good,5,7,26.35.32,2026-03-09 14:24:57.616652
4689,ohg-nagold.de,66.666664,adequate,5,5,26.35.32,2026-03-09 14:29:58.060753
4830,spitalgiurgiu.ro,76.666664,good,5,5,26.35.32,2026-03-09 17:13:16.814319
4831,spitalgiurgiu.ro,74.666664,adequate,5,5,26.35.32,2026-03-09 17:13:27.075337
4888,hortongroup.com,78.666664,good,5,5,26.35.34,2026-03-10 03:10:26.668955
4939,red.com,72.666664,adequate,5,6,26.35.35,2026-03-10 12:44:46.745493
5107,ietf.org,73,adequate,5,6,26.35.35,2026-03-10 15:11:10.611377
5222,gdcc.com,82.666664,good,5,5,26.35.35,2026-03-10 19:17:25.188418
5320,mx1.blauw-survey.com,71.333336,adequate,5,1,26.35.35,2026-03-10 22:21:36.666893
5375,spitalmciuc.ro,74.666664,adequate,5,5,26.35.35,2026-03-11 04:18:30.232187
5425,rg443.click,71.833336,adequate,5,4,26.36.01,2026-03-11 10:40:55.405376
5494,pizazzmusiccamp.org,67.416664,adequate,5,5,26.36.01,2026-03-11 14:32:52.312276
5496,hegel.org,84.666664,good,5,5,26.36.01,2026-03-11 14:33:13.285984
5500,openai.com,70.333336,adequate,5,6,26.36.01,2026-03-11 14:36:44.741898
5643,www.cnn.com,60.583332,adequate,5,8,26.36.01,2026-03-11 15:51:32.544668
5691,kadse.dev,70.666664,adequate,5,3,26.36.02,2026-03-12 03:22:13.612697
5745,meg.abyt.es,71.666664,adequate,5,2,26.36.11,2026-03-12 08:31:18.373044
5747,vallige-api.com,72.666664,adequate,5,2,26.36.11,2026-03-12 08:32:55.363495
5750,web-hosting.com,74.666664,adequate,5,5,26.36.11,2026-03-12 08:33:57.142898
5753,fbi.gov,74.04762,adequate,5,7,26.36.11,2026-03-12 08:34:57.632961
5757,transbusbuzau.ro,80.666664,good,5,5,26.36.11,2026-03-12 08:35:33.050466
5759,thehumphries.org,74.666664,adequate,5,5,26.36.11,2026-03-12 08:35:54.422756
5761,nlnetlabs.nl,68,adequate,5,6,26.36.11,2026-03-12 08:36:16.430205
5875,fugro.com,77.666664,good,5,5,26.36.11,2026-03-12 11:31:14.680284
5929,com.au,72.666664,adequate,5,2,26.36.11,2026-03-12 14:24:16.062455
6099,optonline.net,74.666664,adequate,5,5,26.36.11,2026-03-12 15:28:33.854908
6100,tierarztpraxis-ludwigshafen.de,76.333336,good,5,6,26.36.11,2026-03-12 15:28:34.413365
6102,contractvault.com,72.833336,adequate,5,4,26.36.11,2026-03-12 15:28:42.273562
6124,getmsg.ai,73,adequate,5,6,26.36.11,2026-03-12 15:33:14.710608
6189,ohg-nagold.de,66.666664,adequate,5,5,26.36.11,2026-03-12 19:33:52.883199
6191,maltejk.de,76.47619,good,5,7,26.36.11,2026-03-12 19:35:07.343494
6245,ha.198119799470.xyz,61.666668,adequate,5,2,26.36.11,2026-03-12 23:05:52.054091
6343,blauw-survey.com,72.833336,adequate,5,4,26.36.11,2026-03-13 08:50:06.828779
6345,business29.web-hosting.com,71.333336,adequate,5,1,26.36.11,2026-03-13 08:55:02.932471
6495,screen.it-help.tech,73.333336,adequate,5,8,26.36.11,2026-03-13 14:50:50.54897
6497,dpsg-radolfzell.de,73.61905,adequate,5,7,26.36.11,2026-03-13 14:50:55.964234
6498,spjslatina.ro,68.666664,adequate,5,5,26.36.11,2026-03-13 14:50:56.811013
6500,jue.rs,72.833336,adequate,5,4,26.36.11,2026-03-13 14:51:48.063999
6501,jue.rs,72.833336,adequate,5,4,26.36.11,2026-03-13 14:51:49.173209
6504,me,72.666664,adequate,5,2,26.36.11,2026-03-13 14:52:18.073198
6513,caolt.ro,76.666664,good,5,5,26.36.11,2026-03-13 14:55:51.867634
6593,z1mac.com,74,adequate,5,3,26.36.11,2026-03-14 00:34:09.18988
6754,jue.rs,72.833336,adequate,5,4,26.36.15,2026-03-14 14:14:51.444892
6757,nlnetlabs.nl,68,adequate,5,6,26.36.15,2026-03-14 14:15:09.182597
6760,kisa.org.cy,82.666664,good,5,5,26.36.15,2026-03-14 14:15:33.241514
6762,leeashley.com,80.333336,good,5,4,26.36.15,2026-03-14 14:16:33.181783
6769,server.it-help.tech,77.333336,good,5,3,26.36.15,2026-03-14 14:18:59.907131
6770,purpleflock.com,82.190475,good,5,7,26.36.15,2026-03-14 14:19:05.112969
6773,sra.io,77.666664,good,5,5,26.36.15,2026-03-14 14:19:47.494752
6889,caolt.ro,76.666664,good,5,5,26.37.04,2026-03-15 09:04:20.174413
6891,mtadistributors.com,76.666664,good,5,5,26.37.04,2026-03-15 09:04:37.72548
6896,rg443.click,71.833336,adequate,5,4,26.37.04,2026-03-15 09:05:12.770401
6898,weather.gov,67.666664,adequate,5,5,26.37.04,2026-03-15 09:05:23.338424
6901,kisa.org.cy,84.666664,good,5,5,26.37.04,2026-03-15 09:06:16.583566
6903,www.cnn.com,58.333332,adequate,5,8,26.37.04,2026-03-15 09:06:41.637044
6905,porp.stream,77.333336,good,5,3,26.37.04,2026-03-15 09:07:08.862405
6906,theojouvin.com,71.75,adequate,5,6,26.37.04,2026-03-15 09:07:29.939161
6973,scfcv.ro,74.666664,adequate,5,5,26.37.20,2026-03-16 08:46:44.471581
6975,github.com,71,adequate,5,6,26.37.20,2026-03-16 08:48:11.15576
6977,thehumphries.org,74.666664,adequate,5,5,26.37.20,2026-03-16 08:49:41.749011
7078,mta-sts.purpleflock.net,77.666664,good,5,5,26.37.20,2026-03-16 09:39:37.731134
7170,wisestamp.com,71.666664,adequate,5,5,26.37.20,2026-03-16 15:00:16.877517
7236,hogwarts.steinr.eu,60.833332,adequate,5,8,26.37.23,2026-03-17 05:49:06.632522
7330,sra.io,75.416664,good,5,5,26.37.23,2026-03-17 14:35:35.754786
7337,kisa.org.cy,84.666664,good,5,5,26.37.23,2026-03-17 14:36:15.534512
7341,innbn-bucuresti.ro,74.666664,adequate,5,5,26.37.23,2026-03-17 14:36:25.767349
7438,den9s.dk,65.333336,adequate,5,4,26.37.23,2026-03-17 17:40:15.792071
7439,den9s.dk,65.333336,adequate,5,4,26.37.23,2026-03-17 17:41:54.47588
7471,nlnetlabs.nl,68,adequate,5,6,26.37.23,2026-03-18 03:04:51.925282
7550,nlnetlabs.nl,68,adequate,5,6,26.37.23,2026-03-18 03:36:23.060824
7555,nlnetlabs.nl,68,adequate,5,6,26.37.23,2026-03-18 03:37:31.656759
7565,nlnetlabs.nl,68,adequate,5,6,26.37.23,2026-03-18 03:39:15.284736
7566,nlnetlabs.nl,68,adequate,5,6,26.37.23,2026-03-18 03:39:24.996284
7569,nlnetlabs.nl,68,adequate,5,6,26.37.23,2026-03-18 03:39:36.49664
7603,www.mercadopago.com,59.583332,adequate,5,8,26.37.23,2026-03-18 06:36:24.903617
7642,nlnetlabs.nl,68,adequate,5,6,26.37.28,2026-03-18 07:09:03.805265
7695,nlnetlabs.nl,68,adequate,5,6,26.37.28,2026-03-18 07:20:10.217918
7706,nlnetlabs.nl,68,adequate,5,6,26.37.28,2026-03-18 07:22:16.603543
7707,nlnetlabs.nl,68,adequate,5,6,26.37.28,2026-03-18 07:22:32.892755
7745,nlnetlabs.nl,68,adequate,5,6,26.37.28,2026-03-18 07:30:46.287382
7752,nlnetlabs.nl,68,adequate,5,6,26.37.28,2026-03-18 07:32:12.055754
7754,nlnetlabs.nl,68,adequate,5,6,26.37.28,2026-03-18 07:32:35.380721
7760,nlnetlabs.nl,68,adequate,5,6,26.37.28,2026-03-18 07:33:40.269207
3265,spitalcampina.ro,72.666664,adequate,5,5,26.34.52,2026-03-06 14:05:07.554931
3266,sjv.ro,74.666664,adequate,5,5,26.34.52,2026-03-06 14:05:20.135086
3267,spitalulorasenescbaicoi.ro,73,adequate,5,6,26.34.52,2026-03-06 14:05:22.211706
3269,scfcv.ro,74.666664,adequate,5,5,26.34.52,2026-03-06 14:05:28.942276
3277,spitalsighet.ro,78.666664,good,5,5,26.34.52,2026-03-06 14:06:11.936964
4686,apple.com,72.36905,adequate,5,7,26.35.32,2026-03-09 14:25:54.570241
4690,reconfirm.com,73,adequate,5,6,26.35.32,2026-03-09 14:30:04.269521
4694,haukeflix.top,79.666664,good,5,6,26.35.32,2026-03-09 14:30:20.051276
4832,transbusbuzau.ro,80.666664,good,5,5,26.35.32,2026-03-09 17:22:48.869813
4833,transbusbuzau.ro,80.666664,good,5,5,26.35.32,2026-03-09 17:23:11.648269
4889,hortongroup.com,78.666664,good,5,5,26.35.34,2026-03-10 03:10:52.527292
4890,microsoft.com,81.61905,good,5,7,26.35.34,2026-03-10 03:13:47.603141
4891,izvoru.ro,78.666664,good,5,5,26.35.34,2026-03-10 03:13:51.349502
4940,netcloud.ch,76.90476,good,5,7,26.35.35,2026-03-10 13:10:05.478197
5108,freebsd.org,83.61905,good,5,7,26.35.35,2026-03-10 15:11:12.096084
5223,patientreminder.com,82.666664,good,5,5,26.35.35,2026-03-10 19:21:00.235265
5224,patientreminder.com,82.666664,good,5,5,26.35.35,2026-03-10 19:21:03.448466
5321,web-hosting.com,72.666664,adequate,5,5,26.35.35,2026-03-10 22:34:16.508643
5376,mx1.blauwsurvey.com,81.333336,good,5,1,26.35.35,2026-03-11 04:18:30.60299
5426,mercadopago.com,72.666664,adequate,5,6,26.36.01,2026-03-11 10:41:39.259636
5499,ibm.com,67,adequate,5,6,26.36.01,2026-03-11 14:36:41.170482
5506,amazon.com,71.666664,adequate,5,5,26.36.01,2026-03-11 14:37:33.795612
5522,thehumphries.org,76.666664,good,5,5,26.36.01,2026-03-11 14:39:52.21937
5523,sovanta.com,81.666664,good,5,5,26.36.01,2026-03-11 14:39:54.152359
5524,filantropia.ro,68.666664,adequate,5,5,26.36.01,2026-03-11 14:39:58.981916
5525,reconfirm.com,73,adequate,5,6,26.36.01,2026-03-11 14:40:00.164365
5526,blauw-survey.com,72.833336,adequate,5,4,26.36.01,2026-03-11 14:40:03.232674
5644,mx1.blauwsurvey.com,81.333336,good,5,1,26.36.01,2026-03-11 16:16:20.506111
5692,kadse.dev,70.666664,adequate,5,3,26.36.02,2026-03-12 03:23:03.526149
5749,1liner.com,78.666664,good,5,5,26.36.11,2026-03-12 08:33:54.698453
5751,nsa.gov,75.666664,good,5,5,26.36.11,2026-03-12 08:34:45.950115
5754,2911.us,81.333336,good,5,6,26.36.11,2026-03-12 08:34:58.207298
5756,jira.sovanta.com,81.333336,good,5,1,26.36.11,2026-03-12 08:35:02.951211
5762,izvoru.ro,78.666664,good,5,5,26.36.11,2026-03-12 08:36:16.845927
5876,glendun.com.au,69.666664,adequate,5,5,26.36.11,2026-03-12 11:35:41.773144
5879,vallige-api.com,72.666664,adequate,5,2,26.36.11,2026-03-12 11:37:06.843624
5933,nsfnow.com,82.666664,good,5,5,26.36.11,2026-03-12 14:27:40.355635
6101,patientreminder.com,82.666664,good,5,5,26.36.11,2026-03-12 15:28:36.308419
6116,ohg-nagold.de,66.666664,adequate,5,5,26.36.11,2026-03-12 15:30:21.481582
6120,qualysperiscope.com,62.666668,adequate,5,2,26.36.11,2026-03-12 15:32:36.002047
6190,hahnover.land,76.666664,good,5,5,26.36.11,2026-03-12 19:34:34.774788
6246,spitalsovata.ro,74.666664,adequate,5,5,26.36.11,2026-03-13 00:05:37.145412
6344,valentin.run,83,good,5,6,26.36.11,2026-03-13 08:51:47.676071
6499,franklinroadacademy.com,74.666664,adequate,5,5,26.36.11,2026-03-13 14:51:13.250948
6502,couchmvp.com,77.666664,good,5,2,26.36.11,2026-03-13 14:52:00.132243
6511,ohg-nagold.de,66.666664,adequate,5,5,26.36.11,2026-03-13 14:55:46.023284
6594,hogwarts.steinr.eu,58.833332,adequate,5,8,26.36.11,2026-03-14 03:43:31.774327
6764,leeashley.com,80.333336,good,5,4,26.36.15,2026-03-14 14:16:49.532845
6768,mta-sts.purpleflock.net,77.666664,good,5,5,26.36.15,2026-03-14 14:18:51.68825
6771,purpleflock.com,82.190475,good,5,7,26.36.15,2026-03-14 14:19:16.831905
6892,mobilecommercepress.com,73,adequate,5,6,26.37.04,2026-03-15 09:05:04.483701
6894,kokee.net,75.333336,good,5,4,26.37.04,2026-03-15 09:05:08.14506
6900,steinr.eu,72,adequate,5,6,26.37.04,2026-03-15 09:06:07.544805
6907,hegel.org,84.666664,good,5,5,26.37.04,2026-03-15 09:08:10.414986
6974,nsa.gov,75.666664,good,5,5,26.37.20,2026-03-16 08:48:10.731394
6976,patientreminder.com,82.666664,good,5,5,26.37.20,2026-03-16 08:48:14.719628
6978,apple.com,74.04762,adequate,5,7,26.37.20,2026-03-16 08:49:44.24871
7079,vbabestm.ro,74.666664,adequate,5,5,26.37.20,2026-03-16 09:59:15.991587
7171,usa.gov,72.666664,adequate,5,5,26.37.20,2026-03-16 15:07:43.582475
7172,usa.gov,72.666664,adequate,5,5,26.37.20,2026-03-16 15:08:15.284341
7173,hortongroup.com,78.666664,good,5,5,26.37.20,2026-03-16 15:08:19.611426
7237,restretail.com,82.666664,good,5,5,26.37.23,2026-03-17 06:43:58.58855
7332,hogwarts.steinr.eu,67.10714,adequate,5,7,26.37.23,2026-03-17 14:35:47.319326
7333,wolfintegrated.com,80.666664,good,5,5,26.37.23,2026-03-17 14:35:51.494581
7338,amazon.com,69.666664,adequate,5,5,26.37.23,2026-03-17 14:36:15.748505
7343,restretail.com,82.666664,good,5,5,26.37.23,2026-03-17 14:36:38.846858
7440,den9s.dk,59.333332,adequate,5,4,26.37.23,2026-03-17 17:41:55.635154
7474,ietf.org,71.333336,adequate,5,6,26.37.23,2026-03-18 03:09:54.116923
7553,nlnetlabs.nl,68,adequate,5,6,26.37.23,2026-03-18 03:37:07.28824
7563,nlnetlabs.nl,68,adequate,5,6,26.37.23,2026-03-18 03:39:07.162727
7568,nlnetlabs.nl,68,adequate,5,6,26.37.23,2026-03-18 03:39:36.385435
7579,nlnetlabs.nl,68,adequate,5,6,26.37.23,2026-03-18 03:41:46.959748
7604,www.mercadopago.com,59.583332,adequate,5,8,26.37.23,2026-03-18 06:36:26.787817
7643,nlnetlabs.nl,68,adequate,5,6,26.37.28,2026-03-18 07:09:19.647419
7646,nlnetlabs.nl,68,adequate,5,6,26.37.28,2026-03-18 07:09:53.441453
7698,nlnetlabs.nl,68,adequate,5,6,26.37.28,2026-03-18 07:20:44.065579
7703,nlnetlabs.nl,68,adequate,5,6,26.37.28,2026-03-18 07:21:40.169328
7711,nlnetlabs.nl,68,adequate,5,6,26.37.28,2026-03-18 07:23:17.832399
7713,nlnetlabs.nl,68,adequate,5,6,26.37.28,2026-03-18 07:23:40.433446
7717,nlnetlabs.nl,68,adequate,5,6,26.37.28,2026-03-18 07:24:27.70125
7747,nlnetlabs.nl,68,adequate,5,6,26.37.28,2026-03-18 07:31:13.168931
7757,nlnetlabs.nl,68,adequate,5,6,26.37.28,2026-03-18 07:33:17.278489
7779,nlnetlabs.nl,68,adequate,5,6,26.37.28,2026-03-18 07:38:47.136469
7782,nlnetlabs.nl,68,adequate,5,6,26.37.28,2026-03-18 07:39:48.844728
7790,nlnetlabs.nl,68,adequate,5,6,26.37.28,2026-03-18 07:41:21.659063
7791,nlnetlabs.nl,68,adequate,5,6,26.37.28,2026-03-18 07:41:31.614699
7792,nlnetlabs.nl,68,adequate,5,6,26.37.28,2026-03-18 07:41:41.750011
7808,nlnetlabs.nl,68,adequate,5,6,26.37.29,2026-03-18 07:45:52.183698
7821,nlnetlabs.nl,68,adequate,5,6,26.37.29,2026-03-18 07:48:49.997711
3268,filantropia.ro,68.666664,adequate,5,5,26.34.52,2026-03-06 14:05:28.502428
4687,spitalgiurgiu.ro,74.666664,adequate,5,5,26.35.32,2026-03-09 14:28:24.742594
4692,blauwsurvey.com,82,good,5,6,26.35.32,2026-03-09 14:30:10.060173
4693,ohg-nagold.de,66.666664,adequate,5,5,26.35.32,2026-03-09 14:30:14.903148
4696,haukeflix.top,79.666664,good,5,6,26.35.32,2026-03-09 14:30:26.362553
4702,swutch.com,84.666664,good,5,5,26.35.32,2026-03-09 14:30:58.480798
4703,2911.us,81.333336,good,5,6,26.35.32,2026-03-09 14:31:00.330729
4705,izvoru.ro,78.666664,good,5,5,26.35.32,2026-03-09 14:31:24.120322
4711,nasa.gov,73.666664,adequate,5,6,26.35.32,2026-03-09 14:32:31.537567
4720,dpsg-radolfzell.de,76.47619,good,5,7,26.35.32,2026-03-09 14:33:10.339298
4834,clinicbilling.com,67.666664,adequate,5,2,26.35.32,2026-03-09 17:43:55.707332
4892,microsoft.com,81.61905,good,5,7,26.35.34,2026-03-10 03:14:04.248384
4941,netcloud.ch,76.90476,good,5,7,26.35.35,2026-03-10 13:11:01.319083
5109,maltejk.de,76.47619,good,5,7,26.35.35,2026-03-10 15:14:48.023747
5111,probe-us-01.dns-observe.com,75.333336,good,5,4,26.35.35,2026-03-10 15:14:58.489463
5112,business29.web-hosting.com,71.333336,adequate,5,1,26.35.35,2026-03-10 15:15:02.187336
5120,burghele.ro,74.666664,adequate,5,5,26.35.35,2026-03-10 15:15:43.67515
5126,burghele.ro,74.666664,adequate,5,5,26.35.35,2026-03-10 15:16:11.127334
5132,web-hosting.com,72.666664,adequate,5,5,26.35.35,2026-03-10 15:17:37.415456
5139,reconfirm.com,73,adequate,5,6,26.35.35,2026-03-10 15:19:22.62485
5225,cnn.com,70.333336,adequate,5,6,26.35.35,2026-03-10 19:29:32.701801
5227,github.com,66.333336,adequate,5,6,26.35.35,2026-03-10 19:31:44.931851
5229,amazon.com,73.666664,adequate,5,5,26.35.35,2026-03-10 19:32:24.718469
5231,example.com,69.666664,adequate,5,6,26.35.35,2026-03-10 19:32:27.820056
5241,com.au,72.666664,adequate,5,2,26.35.35,2026-03-10 19:33:13.089998
5322,dev.lms.fullmindlearning.com,59.583332,adequate,5,8,26.35.35,2026-03-10 22:36:59.237885
5377,hegel.org,84.666664,good,5,5,26.35.35,2026-03-11 04:18:31.596127
5427,guarinoadvisors.com,73,adequate,5,6,26.36.01,2026-03-11 10:53:52.55171
5501,fbi.gov,72.61905,adequate,5,7,26.36.01,2026-03-11 14:36:58.387499
5521,clinicbilling.com,57.666668,adequate,5,2,26.36.01,2026-03-11 14:39:50.272695
5531,reconfirm.com,73,adequate,5,6,26.36.01,2026-03-11 14:40:26.577526
5532,clinicbilling.com,72.666664,adequate,5,2,26.36.01,2026-03-11 14:40:51.183249
5533,it-help.tech,78.7619,good,5,7,26.36.01,2026-03-11 14:41:51.582541
5645,abyt.es,75.333336,good,5,4,26.36.01,2026-03-11 17:09:51.565259
5693,mx1.blauwsurvey.com,81.333336,good,5,1,26.36.02,2026-03-12 03:50:18.569037
5752,uptimerobot.com,75.47619,good,5,7,26.36.11,2026-03-12 08:34:46.465127
5755,mateibals.ro,68.666664,adequate,5,5,26.36.11,2026-03-12 08:35:02.378576
5877,leeashley.com,77.333336,good,5,3,26.36.11,2026-03-12 11:35:59.239625
5878,monologue.to,73,adequate,5,6,26.36.11,2026-03-12 11:36:30.9196
5880,cioviews.com,80.666664,good,5,5,26.36.11,2026-03-12 11:38:02.336936
5934,nlnetlabs.nl,68,adequate,5,6,26.36.11,2026-03-12 14:29:02.757487
5935,google.com,68.7619,adequate,5,7,26.36.11,2026-03-12 14:29:04.301027
5936,freebsd.org,86.47619,good,5,7,26.36.11,2026-03-12 14:29:07.821526
5943,lincolnapps.co,74.333336,adequate,5,4,26.36.11,2026-03-12 14:29:38.289823
5946,com.au,72.666664,adequate,5,2,26.36.11,2026-03-12 14:29:52.675132
5949,lincolnapps.co,74.333336,adequate,5,4,26.36.11,2026-03-12 14:30:06.729765
5950,z1mac.com,74,adequate,5,3,26.36.11,2026-03-12 14:30:07.89724
5955,screen.it-help.tech,73.333336,adequate,5,8,26.36.11,2026-03-12 14:30:58.899628
5962,usa.gov,72.666664,adequate,5,5,26.36.11,2026-03-12 14:32:19.589906
5963,kisa.org.cy,84.666664,good,5,5,26.36.11,2026-03-12 14:32:52.682569
5974,kokee.net,75.333336,good,5,4,26.36.11,2026-03-12 14:33:52.33939
5975,kisa.org.cy,84.666664,good,5,5,26.36.11,2026-03-12 14:33:54.378369
6104,patientreminder.com,82.666664,good,5,5,26.36.11,2026-03-12 15:29:04.871589
6107,patientreminder.com,82.666664,good,5,5,26.36.11,2026-03-12 15:29:09.396289
6108,markphd.me,76.833336,good,5,4,26.36.11,2026-03-12 15:29:12.08149
6112,caolt.ro,76.666664,good,5,5,26.36.11,2026-03-12 15:29:49.428925
6113,spitalmciuc.ro,74.666664,adequate,5,5,26.36.11,2026-03-12 15:30:03.565675
6115,caolt.ro,76.666664,good,5,5,26.36.11,2026-03-12 15:30:11.618475
6118,spitalmoldovanoua.ro,74.666664,adequate,5,5,26.36.11,2026-03-12 15:30:31.443091
6122,kali.org,79.333336,good,5,7,26.36.11,2026-03-12 15:33:02.668591
6123,com,67.666664,adequate,5,2,26.36.11,2026-03-12 15:33:08.334492
6125,filantropia.ro,68.666664,adequate,5,5,26.36.11,2026-03-12 15:33:20.666654
6192,dpsg-bodensee.de,73,adequate,5,6,26.36.11,2026-03-12 19:35:55.927202
6247,spitalsovata.ro,74.666664,adequate,5,5,26.36.11,2026-03-13 00:05:51.509948
6346,sportcommunities.group,82.190475,good,5,7,26.36.11,2026-03-13 08:57:45.599699
6503,business29.web-hosting.com,71.333336,adequate,5,1,26.36.11,2026-03-13 14:52:13.551641
6508,www.franklinroadacademy.com,60.583332,adequate,5,8,26.36.11,2026-03-13 14:53:01.970575
6510,blauwsurvey.com,82,good,5,6,26.36.11,2026-03-13 14:55:31.83118
6521,dnsstuff.com,73.666664,adequate,5,6,26.36.11,2026-03-13 14:56:30.675462
6595,it-help.tech,80.190475,good,5,7,26.36.15,2026-03-14 05:04:17.994684
6772,schedule.it-help.tech,77.333336,good,5,3,26.36.15,2026-03-14 14:19:19.636747
6774,valentin.run,83,good,5,6,26.36.15,2026-03-14 14:19:50.318342
6782,fredduval.com,82.666664,good,5,5,26.36.15,2026-03-14 14:20:21.679926
6908,cia.gov,76.90476,good,5,7,26.37.04,2026-03-15 09:11:30.472632
6979,dispatchgrid.com,82.666664,good,5,5,26.37.20,2026-03-16 08:51:45.408619
6981,fullmindlearning.com,69.666664,adequate,5,5,26.37.20,2026-03-16 08:51:57.461326
6983,gdcc.com,82.666664,good,5,5,26.37.20,2026-03-16 08:52:09.077278
6985,fette-beute.com,79.666664,good,5,5,26.37.20,2026-03-16 08:53:21.09308
6987,pizazzmusiccamp.org,68.666664,adequate,5,5,26.37.20,2026-03-16 08:54:44.74385
7080,dnstool.it-help.tech,84,good,5,3,26.37.20,2026-03-16 10:39:13.648249
7174,usa.gov,70.666664,adequate,5,5,26.37.20,2026-03-16 15:08:47.188138
7176,hortongroup.com,78.666664,good,5,5,26.37.20,2026-03-16 15:09:22.65714
7238,business29.web-hosting.com,71.333336,adequate,5,1,26.37.23,2026-03-17 06:54:57.421761
7336,innbn-bucuresti.ro,74.666664,adequate,5,5,26.37.23,2026-03-17 14:36:04.863401
7342,jue.rs,72.833336,adequate,5,4,26.37.23,2026-03-17 14:36:28.837672
7345,leeashley.com,80.333336,good,5,4,26.37.23,2026-03-17 14:37:00.927722
7347,leeashley.com,80.333336,good,5,4,26.37.23,2026-03-17 14:37:14.599464
7441,fette-beute.com,79.666664,good,5,5,26.37.23,2026-03-17 17:50:07.640142
3270,spitalcampina.ro,72.666664,adequate,5,5,26.34.52,2026-03-06 14:05:37.818835
3272,whitehouse.gov,75.666664,good,5,5,26.34.52,2026-03-06 14:05:45.985393
3275,spitalsighet.ro,76.666664,good,5,5,26.34.52,2026-03-06 14:05:52.861742
3276,caolt.ro,76.666664,good,5,5,26.34.52,2026-03-06 14:05:55.874602
3279,mta-sts.purpleflock.com,78.666664,good,5,5,26.34.52,2026-03-06 14:10:00.834023
3280,ehmrealty.com,78.666664,good,5,5,26.34.52,2026-03-06 14:10:12.221514
3281,evilhacker.com,70.666664,adequate,5,3,26.34.52,2026-03-06 14:10:21.295052
3282,purpleflock.com,82.190475,good,5,7,26.34.52,2026-03-06 14:10:23.809649
3283,ehmrealty.com,78.666664,good,5,5,26.34.52,2026-03-06 14:10:26.309863
3284,screen.it-help.tech,73.083336,adequate,5,8,26.34.52,2026-03-06 14:10:30.551322
3285,evilhacker.com,70.666664,adequate,5,3,26.34.52,2026-03-06 14:10:35.324201
3286,purpleflock.com,82.190475,good,5,7,26.34.52,2026-03-06 14:10:36.620121
3287,spitalsovata.ro,72.666664,adequate,5,5,26.34.52,2026-03-06 14:10:40.708557
3288,screen.it-help.tech,74.333336,adequate,5,8,26.34.52,2026-03-06 14:10:47.763902
3289,spitalsovata.ro,74.666664,adequate,5,5,26.34.52,2026-03-06 14:11:02.609629
3290,burghele.ro,74.666664,adequate,5,5,26.34.52,2026-03-06 14:11:04.247477
3291,burghele.ro,74.666664,adequate,5,5,26.34.52,2026-03-06 14:11:18.337217
3292,ortopedieazuga.ro,74.666664,adequate,5,5,26.34.52,2026-03-06 14:11:26.2873
3293,spitalulhuedin.ro,66.666664,adequate,5,5,26.34.52,2026-03-06 14:11:28.31158
3294,ortopedieazuga.ro,72.666664,adequate,5,5,26.34.52,2026-03-06 14:11:38.860629
3295,mta-sts.sportcommunities.group,78.666664,good,5,5,26.34.52,2026-03-06 14:11:39.628417
3296,spitalulhuedin.ro,70.666664,adequate,5,5,26.34.52,2026-03-06 14:11:41.271799
3297,hotmail.com,81.333336,good,5,6,26.34.52,2026-03-06 14:11:56.332176
3298,transbusbuzau.ro,80.666664,good,5,5,26.34.52,2026-03-06 14:12:00.30919
3299,ifacforl.ro,68.666664,adequate,5,5,26.34.52,2026-03-06 14:12:00.955506
3300,purpleflock.net,80.940475,good,5,7,26.34.52,2026-03-06 14:12:07.358135
3301,it-help.tech,79.690475,good,5,7,26.34.52,2026-03-06 14:12:09.882278
3302,fullmindlearning.com,69.416664,adequate,5,5,26.34.52,2026-03-06 14:12:10.343352
3303,ifacforl.ro,72.666664,adequate,5,5,26.34.52,2026-03-06 14:12:12.853848
3304,transbusbuzau.ro,80.666664,good,5,5,26.34.52,2026-03-06 14:12:13.440992
3305,fullmindlearning.com,69.416664,adequate,5,5,26.34.52,2026-03-06 14:12:21.969788
3306,purpleflock.net,80.940475,good,5,7,26.34.52,2026-03-06 14:12:25.13259
3307,it-help.tech,79.690475,good,5,7,26.34.52,2026-03-06 14:12:25.74824
3308,hotmail.com,83,good,5,6,26.34.52,2026-03-06 14:12:26.6894
3309,hotmail.com,79.666664,good,5,6,26.34.52,2026-03-06 14:12:36.28788
3310,spjslatina.ro,68.666664,adequate,5,5,26.34.52,2026-03-06 14:15:08.580834
3311,dnstool.it-help.tech,77.333336,good,5,3,26.34.52,2026-03-06 14:20:15.54575
3312,sjv.ro,74.666664,adequate,5,5,26.34.52,2026-03-06 14:20:36.722478
3313,beechtreenews.com,73,adequate,5,6,26.34.52,2026-03-06 14:20:38.613166
3314,beechtreenews.com,73,adequate,5,6,26.34.52,2026-03-06 14:20:53.061672
3315,ohg-nagold.de,66.666664,adequate,5,5,26.34.52,2026-03-06 14:20:56.575077
3316,haukeflix.top,79.666664,good,5,6,26.34.52,2026-03-06 14:20:57.987326
3317,spjslatina.ro,68.666664,adequate,5,5,26.34.52,2026-03-06 14:20:58.687688
3318,reconfirm.com,73,adequate,5,6,26.34.52,2026-03-06 14:21:02.925601
3319,fbi.gov,70.940475,adequate,5,7,26.34.52,2026-03-06 14:21:06.669961
3320,haukeflix.top,78,good,5,6,26.34.52,2026-03-06 14:21:09.928985
3321,ohg-nagold.de,66.666664,adequate,5,5,26.34.52,2026-03-06 14:21:11.847233
3322,technikfreak.co,74,adequate,5,3,26.34.52,2026-03-06 14:21:13.622173
3323,glendun.com.au,80.666664,good,5,5,26.34.52,2026-03-06 14:21:17.601097
3324,amazon.com,71.416664,adequate,5,5,26.34.52,2026-03-06 14:21:18.134258
3325,reconfirm.com,73,adequate,5,6,26.34.52,2026-03-06 14:21:18.198142
3326,cia.gov,76.65476,good,5,7,26.34.52,2026-03-06 14:21:20.61525
3327,fbi.gov,72.36905,adequate,5,7,26.34.52,2026-03-06 14:21:21.94742
3328,beechtreenews.com,73,adequate,5,6,26.34.52,2026-03-06 14:21:24.277899
3329,glendun.com.au,70.666664,adequate,5,5,26.34.52,2026-03-06 14:21:31.05142
3330,technikfreak.co,74,adequate,5,3,26.34.52,2026-03-06 14:21:31.549717
3331,amazon.com,67.416664,adequate,5,5,26.34.52,2026-03-06 14:21:32.776983
3332,mercadopago.com,72.166664,adequate,5,6,26.34.52,2026-03-06 14:21:33.191407
3333,ohg-nagold.de,66.666664,adequate,5,5,26.34.52,2026-03-06 14:21:33.412649
3334,cia.gov,76.65476,good,5,7,26.34.52,2026-03-06 14:21:33.476493
3335,reconfirm.com,73,adequate,5,6,26.34.52,2026-03-06 14:21:37.947406
3336,fbi.gov,70.940475,adequate,5,7,26.34.52,2026-03-06 14:21:38.242498
3337,microsoft.com,82.54762,good,5,7,26.34.52,2026-03-06 14:21:59.384321
3338,mercadopago.com,72.166664,adequate,5,6,26.34.52,2026-03-06 14:22:05.288946
3339,microsoft.com,81.11905,good,5,7,26.34.52,2026-03-06 14:22:14.127471
3340,nsa.gov,75.666664,good,5,5,26.34.52,2026-03-06 14:22:23.093413
3341,nsa.gov,75.416664,good,5,5,26.34.52,2026-03-06 14:22:34.896136
3342,mercadopago.com,68.833336,adequate,5,6,26.34.52,2026-03-06 14:22:35.676661
3343,microsoft.com,79.690475,good,5,7,26.34.52,2026-03-06 14:22:43.457982
3344,dns-observe.com,80.666664,good,5,5,26.34.52,2026-03-06 14:23:28.379394
3345,cnn.com,68.666664,adequate,5,6,26.34.52,2026-03-06 14:23:38.183247
3346,porp.stream,77.333336,good,5,3,26.34.52,2026-03-06 14:23:43.198618
3347,valentin.run,83,good,5,6,26.34.52,2026-03-06 14:24:05.374193
3348,cnn.com,70.083336,adequate,5,6,26.34.52,2026-03-06 14:24:06.631936
3349,blauwsurvey.com,81.75,good,5,6,26.34.52,2026-03-06 14:24:11.593453
3350,com,72.666664,adequate,5,2,26.34.52,2026-03-06 14:24:15.2477
3351,proton.me,75.083336,good,5,6,26.34.52,2026-03-06 14:24:15.500983
3352,valentin.run,83,good,5,6,26.34.52,2026-03-06 14:24:17.29281
3353,spitalul-municipal-timisoara.ro,66.666664,adequate,5,5,26.34.52,2026-03-06 14:24:19.362324
3354,blauwsurvey.com,81.75,good,5,6,26.34.52,2026-03-06 14:24:22.18285
3355,proton.me,71.75,adequate,5,6,26.34.52,2026-03-06 14:24:27.159779
3356,kokee.net,75.333336,good,5,4,26.34.52,2026-03-06 14:24:30.262536
3357,spitalul-municipal-timisoara.ro,66.666664,adequate,5,5,26.34.52,2026-03-06 14:24:31.895999
3358,tuta.io,72.36905,adequate,5,7,26.34.52,2026-03-06 14:24:32.023401
3359,cnn.com,68.416664,adequate,5,6,26.34.52,2026-03-06 14:24:32.257709
3360,optonline.net,72.666664,adequate,5,5,26.34.52,2026-03-06 14:24:33.930099
3361,1liner.com,78.666664,good,5,5,26.34.52,2026-03-06 14:24:39.7972
3362,optonline.net,76.666664,good,5,5,26.34.52,2026-03-06 14:24:45.366898
3363,tuta.io,75.04762,good,5,7,26.34.52,2026-03-06 14:24:48.819823
4688,spitalgiurgiu.ro,74.666664,adequate,5,5,26.35.32,2026-03-09 14:29:14.765918
4691,swutch.com,84.666664,good,5,5,26.35.32,2026-03-09 14:30:08.553375
4695,purpleflock.net,81.190475,good,5,7,26.35.32,2026-03-09 14:30:24.091583
4701,purpleflock.com,82.190475,good,5,7,26.35.32,2026-03-09 14:30:52.063143
4709,pocketflows.com,73,adequate,5,6,26.35.32,2026-03-09 14:32:16.138893
4710,zmacnashville.net,80.666664,good,5,5,26.35.32,2026-03-09 14:32:26.22368
4712,tuta.io,75.04762,good,5,7,26.35.32,2026-03-09 14:32:33.162221
4715,tuta.io,75.04762,good,5,7,26.35.32,2026-03-09 14:32:58.000636
4716,nasa.gov,72,adequate,5,6,26.35.32,2026-03-09 14:32:59.994592
4721,nasa.gov,73.666664,adequate,5,6,26.35.32,2026-03-09 14:33:24.769276
4835,clinicbilling.com,70.166664,adequate,5,2,26.35.32,2026-03-09 17:44:55.35779
4836,clinicbilling.com,72.666664,adequate,5,2,26.35.32,2026-03-09 17:45:57.457403
4893,cloudflare.com,71.190475,adequate,5,7,26.35.34,2026-03-10 03:19:42.790114
4894,cloudflare.com,71.190475,adequate,5,7,26.35.34,2026-03-10 03:19:51.883796
4942,nlnetlabs.nl,68,adequate,5,6,26.35.35,2026-03-10 14:07:03.929664
4945,ietf.org,73,adequate,5,6,26.35.35,2026-03-10 14:07:09.497292
4946,nlnetlabs.nl,68,adequate,5,6,26.35.35,2026-03-10 14:07:32.453977
5110,probe-us-01.dns-observe.com,75.333336,good,5,4,26.35.35,2026-03-10 15:14:52.259724
5113,dev.lms.fullmindlearning.com,59.583332,adequate,5,8,26.35.35,2026-03-10 15:15:06.109188
5114,nasa.gov,72,adequate,5,6,26.35.35,2026-03-10 15:15:13.529263
5115,business29.web-hosting.com,70.333336,adequate,5,1,26.35.35,2026-03-10 15:15:17.281283
5117,jonaswiegner.de,70.7619,adequate,5,7,26.35.35,2026-03-10 15:15:30.110235
5119,nasa.gov,72,adequate,5,6,26.35.35,2026-03-10 15:15:38.80681
5226,cnn.com,70.333336,adequate,5,6,26.35.35,2026-03-10 19:29:52.005659
5234,apple.com,73.79762,adequate,5,7,26.35.35,2026-03-10 19:33:06.744099
5237,binaryflix.space,77.333336,good,5,3,26.35.35,2026-03-10 19:33:09.493483
5239,openai.com,70.083336,adequate,5,6,26.35.35,2026-03-10 19:33:12.7083
5244,leeashley.com,77.333336,good,5,3,26.35.35,2026-03-10 19:33:41.553247
5323,spitalpoianamare.ro,74.666664,adequate,5,5,26.35.35,2026-03-10 22:38:18.777053
5378,optonline.net,74.666664,adequate,5,5,26.35.35,2026-03-11 04:36:56.803684
5379,optonline.net,74.666664,adequate,5,5,26.35.35,2026-03-11 04:37:08.988108
5428,sovanta.com,81.666664,good,5,5,26.36.01,2026-03-11 11:07:11.70121
5429,sovanta.com,81.666664,good,5,5,26.36.01,2026-03-11 11:07:38.466112
5502,ibm.com,67,adequate,5,6,26.36.01,2026-03-11 14:37:03.449954
5504,openai.com,72,adequate,5,6,26.36.01,2026-03-11 14:37:05.721203
5505,amazon.com,71.666664,adequate,5,5,26.36.01,2026-03-11 14:37:07.818461
5507,cloudflare.com,71.190475,adequate,5,7,26.36.01,2026-03-11 14:38:00.961264
5511,cloudflare.com,71.190475,adequate,5,7,26.36.01,2026-03-11 14:38:29.401696
5512,apple.com,76.90476,good,5,7,26.36.01,2026-03-11 14:38:40.552415
5516,filantropia.ro,68.666664,adequate,5,5,26.36.01,2026-03-11 14:39:32.179249
5528,thehumphries.org,74.666664,adequate,5,5,26.36.01,2026-03-11 14:40:12.253775
5646,networksolutions.com,75.666664,good,5,5,26.36.01,2026-03-11 17:11:00.492621
5694,filerequestpro.com,73,adequate,5,6,26.36.03,2026-03-12 04:22:21.634665
5695,filerequestpro.com,73,adequate,5,6,26.36.03,2026-03-12 04:22:41.449199
5758,franklinroadacademy.com,74.666664,adequate,5,5,26.36.11,2026-03-12 08:35:35.614579
5760,zmacnashville.net,80.666664,good,5,5,26.36.11,2026-03-12 08:35:56.915428
5763,spitalpoianamare.ro,74.666664,adequate,5,5,26.36.11,2026-03-12 08:36:35.697614
5765,uke.de,68.666664,adequate,5,6,26.36.11,2026-03-12 08:37:30.907326
5768,pocketflows.com,73,adequate,5,6,26.36.11,2026-03-12 08:39:32.126573
5769,github.com,72.666664,adequate,5,6,26.36.11,2026-03-12 08:40:02.487154
5881,guarinoadvisors.com,73,adequate,5,6,26.36.11,2026-03-12 11:51:29.676925
5937,ietf.org,73,adequate,5,6,26.36.11,2026-03-12 14:29:08.332834
5939,nlnetlabs.nl,68,adequate,5,6,26.36.11,2026-03-12 14:29:28.51326
6105,contractvault.com,72.833336,adequate,5,4,26.36.11,2026-03-12 15:29:05.18931
6106,markphd.me,76.833336,good,5,4,26.36.11,2026-03-12 15:29:07.209924
6111,spitalulhuedin.ro,74.666664,adequate,5,5,26.36.11,2026-03-12 15:29:42.456644
6117,spitalmciuc.ro,74.666664,adequate,5,5,26.36.11,2026-03-12 15:30:31.259344
6193,ohg-nagold.eu,81.333336,good,5,6,26.36.11,2026-03-12 19:45:53.18558
6197,porp.stream,77.333336,good,5,3,26.36.11,2026-03-12 19:49:27.230112
6248,squareup.com,65.666664,adequate,5,5,26.36.11,2026-03-13 00:14:22.137887
6347,oxidesurvival.com,80.666664,good,5,3,26.36.11,2026-03-13 08:58:06.282941
6512,hegel.org,84.666664,good,5,5,26.36.11,2026-03-13 14:55:46.650378
6514,blauwsurvey.com,82,good,5,6,26.36.11,2026-03-13 14:55:54.000851
6515,spitalmciuc.ro,74.666664,adequate,5,5,26.36.11,2026-03-13 14:55:58.087067
6532,filantropia.ro,68.666664,adequate,5,5,26.36.11,2026-03-13 14:57:33.036503
6596,apple.com,75.47619,good,5,7,26.36.15,2026-03-14 05:21:21.563842
6775,pizazzmusiccamp.org,66.666664,adequate,5,5,26.36.15,2026-03-14 14:19:57.286716
6780,purpleflock.net,81.190475,good,5,7,26.36.15,2026-03-14 14:20:15.842708
6781,isc.org,76.90476,good,5,7,26.36.15,2026-03-14 14:20:16.552193
6909,oxidesurvival.com,80.666664,good,5,3,26.37.04,2026-03-15 09:16:30.371523
6980,amazon.com,71.666664,adequate,5,5,26.37.20,2026-03-16 08:51:46.77018
6982,screen.it-help.tech,74.333336,adequate,5,8,26.37.20,2026-03-16 08:52:08.496934
6984,sap.de,74.666664,adequate,5,5,26.37.20,2026-03-16 08:53:14.004174
6986,business29.web-hosting.com,71.333336,adequate,5,1,26.37.20,2026-03-16 08:53:50.259823
6990,cnn.com,70.333336,adequate,5,6,26.37.20,2026-03-16 08:56:19.300347
6991,mateibals.ro,68.666664,adequate,5,5,26.37.20,2026-03-16 08:56:41.578499
7081,blauw.com,79.666664,good,5,5,26.37.20,2026-03-16 12:57:05.907843
7175,hortongroup.com,78.666664,good,5,5,26.37.20,2026-03-16 15:08:50.652688
7239,leeashley.com,80.333336,good,5,4,26.37.23,2026-03-17 07:13:00.912693
7348,raremaps.com,73,adequate,5,6,26.37.23,2026-03-17 14:38:41.059018
7349,raremaps.com,73,adequate,5,6,26.37.23,2026-03-17 14:39:03.239036
7442,fette-beute.com,79.666664,good,5,5,26.37.23,2026-03-17 17:51:18.68312
7475,ietf.org,73,adequate,5,6,26.37.23,2026-03-18 03:10:05.284359
7478,freebsd.org,86.47619,good,5,7,26.37.23,2026-03-18 03:10:35.00467
7479,nlnetlabs.nl,68,adequate,5,6,26.37.23,2026-03-18 03:10:35.757438
7557,nlnetlabs.nl,68,adequate,5,6,26.37.23,2026-03-18 03:37:54.135955
7559,nlnetlabs.nl,68,adequate,5,6,26.37.23,2026-03-18 03:38:07.123068
3364,innbn-bucuresti.ro,74.666664,adequate,5,5,26.34.52,2026-03-06 14:25:16.576393
3368,hegel.org,84.666664,good,5,5,26.34.52,2026-03-06 14:25:47.043078
4697,purpleflock.net,81.190475,good,5,7,26.35.32,2026-03-09 14:30:29.02944
4704,purpleflock.com,82.190475,good,5,7,26.35.32,2026-03-09 14:31:03.703776
4708,zmacnashville.net,80.666664,good,5,5,26.35.32,2026-03-09 14:32:06.14361
4713,pocketflows.com,73,adequate,5,6,26.35.32,2026-03-09 14:32:37.940521
4714,dev.lms.fullmindlearning.com,59.583332,adequate,5,8,26.35.32,2026-03-09 14:32:56.245376
4717,transbusbuzau.ro,80.666664,good,5,5,26.35.32,2026-03-09 14:33:00.253136
4724,business29.web-hosting.com,71.333336,adequate,5,1,26.35.32,2026-03-09 14:33:29.016554
4732,spitalcampina.ro,72.666664,adequate,5,5,26.35.32,2026-03-09 14:34:09.17557
4837,hortongroup.com,78.666664,good,5,5,26.35.32,2026-03-09 18:00:27.409576
4895,red.com,72.666664,adequate,5,6,26.35.34,2026-03-10 03:21:11.653403
4943,google.com,68.7619,adequate,5,7,26.35.35,2026-03-10 14:07:05.58119
4944,freebsd.org,85.04762,good,5,7,26.35.35,2026-03-10 14:07:07.494891
5118,dev.lms.fullmindlearning.com,58.333332,adequate,5,8,26.35.35,2026-03-10 15:15:36.981479
5121,misconfigured.com,77.333336,good,5,3,26.35.35,2026-03-10 15:15:47.425894
5122,misconfigured.com,77.333336,good,5,3,26.35.35,2026-03-10 15:15:57.487471
5125,dev.lms.fullmindlearning.com,59.333332,adequate,5,8,26.35.35,2026-03-10 15:16:07.095567
5133,hotmail.com,83,good,5,6,26.35.35,2026-03-10 15:17:44.337751
5136,fullmindlearning.com,69.666664,adequate,5,5,26.35.35,2026-03-10 15:17:56.489268
5143,tuta.io,75.04762,good,5,7,26.35.35,2026-03-10 15:19:53.355688
5152,ohg-nagold.de,66.666664,adequate,5,5,26.35.35,2026-03-10 15:20:24.914126
5153,zmacnashville.net,80.666664,good,5,5,26.35.35,2026-03-10 15:20:33.385906
5228,dispatchgrid.com,82.666664,good,5,5,26.35.35,2026-03-10 19:32:24.149881
5232,cloudflare.com,70.940475,adequate,5,7,26.35.35,2026-03-10 19:33:06.53255
5324,switch.com,69.666664,adequate,5,5,26.35.35,2026-03-10 23:07:43.756594
5380,markphd.me,76.833336,good,5,4,26.35.35,2026-03-11 04:51:58.976615
5430,thehumphries.org,74.666664,adequate,5,5,26.36.01,2026-03-11 11:21:22.876348
5431,thehumphries.org,74.666664,adequate,5,5,26.36.01,2026-03-11 11:21:33.414162
5503,example.com,69.666664,adequate,5,6,26.36.01,2026-03-11 14:37:05.388241
5513,cloudflare.com,71.190475,adequate,5,7,26.36.01,2026-03-11 14:38:51.095292
5520,kali.org,79.333336,good,5,7,26.36.01,2026-03-11 14:39:46.220171
5529,sovanta.com,81.666664,good,5,5,26.36.01,2026-03-11 14:40:19.025579
5647,whitehouse.gov,76.666664,good,5,5,26.36.01,2026-03-11 17:30:36.261042
5648,whitehouse.gov,71.666664,adequate,5,5,26.36.01,2026-03-11 17:30:38.976713
5696,it-help.tech,80.190475,good,5,7,26.36.03,2026-03-12 04:30:34.665992
5764,westcappowerequipment.com,80.666664,good,5,5,26.36.11,2026-03-12 08:36:36.660225
5766,google.com,68.7619,adequate,5,7,26.36.11,2026-03-12 08:37:31.012804
5767,contractvault.com,72.833336,adequate,5,4,26.36.11,2026-03-12 08:39:31.680992
5882,kisa.org.cy,84.666664,good,5,5,26.36.11,2026-03-12 12:00:11.004258
5938,schedule.it-help.tech,77.333336,good,5,3,26.36.11,2026-03-12 14:29:22.101151
5942,co.uk,67.666664,adequate,5,2,26.36.11,2026-03-12 14:29:36.106307
5944,freebsd.org,85.04762,good,5,7,26.36.11,2026-03-12 14:29:38.761553
5945,web-hosting.com,74.666664,adequate,5,5,26.36.11,2026-03-12 14:29:41.126013
5947,freebsd.org,85.04762,good,5,7,26.36.11,2026-03-12 14:29:58.191754
5951,z1mac.com,70.666664,adequate,5,3,26.36.11,2026-03-12 14:30:14.600552
5952,lincolnapps.co,75.333336,good,5,4,26.36.11,2026-03-12 14:30:31.625524
5953,sportcommunities.group,82.190475,good,5,7,26.36.11,2026-03-12 14:30:40.340507
5961,usa.gov,70.666664,adequate,5,5,26.36.11,2026-03-12 14:31:49.140202
5966,nasa.gov,68.416664,adequate,5,6,26.36.11,2026-03-12 14:33:12.701613
5968,cioviews.com,76.666664,good,5,5,26.36.11,2026-03-12 14:33:25.169605
5969,fugro.com,79.416664,good,5,5,26.36.11,2026-03-12 14:33:28.761024
5970,red.com,72.166664,adequate,5,6,26.36.11,2026-03-12 14:33:30.707736
5972,nasa.gov,70.083336,adequate,5,6,26.36.11,2026-03-12 14:33:43.162832
6110,mta-sts.sportcommunities.group,78.666664,good,5,5,26.36.11,2026-03-12 15:29:42.308723
6121,hegel.org,84.666664,good,5,5,26.36.11,2026-03-12 15:32:59.630682
6194,jonaswiegner.de,70.7619,adequate,5,7,26.36.11,2026-03-12 19:46:25.215596
6196,haukeflix.top,79.666664,good,5,6,26.36.11,2026-03-12 19:48:57.203639
6249,squareup.com,71.666664,adequate,5,5,26.36.11,2026-03-13 00:14:38.821462
6348,cioviews.com,78.666664,good,5,5,26.36.11,2026-03-13 09:23:48.549609
6516,thehumphries.org,74.666664,adequate,5,5,26.36.11,2026-03-13 14:56:08.286619
6518,caolt.ro,76.666664,good,5,5,26.36.11,2026-03-13 14:56:14.400031
6520,thehumphries.org,74.666664,adequate,5,5,26.36.11,2026-03-13 14:56:29.989115
6522,getmsg.ai,73,adequate,5,6,26.36.11,2026-03-13 14:56:34.410075
6524,getmsg.ai,73,adequate,5,6,26.36.11,2026-03-13 14:56:54.682779
6526,dnsstuff.com,75.333336,good,5,6,26.36.11,2026-03-13 14:56:56.886733
6597,jue.rs,72.833336,adequate,5,4,26.36.15,2026-03-14 06:26:12.50991
6776,sra.io,77.666664,good,5,5,26.36.15,2026-03-14 14:20:05.487006
6783,red.com,72.666664,adequate,5,6,26.36.15,2026-03-14 14:20:31.003597
6784,sportcommunities.group,82.190475,good,5,7,26.36.15,2026-03-14 14:20:32.822988
6789,pizazzmusiccamp.org,70.666664,adequate,5,5,26.36.15,2026-03-14 14:21:33.045092
6791,red.com,72.666664,adequate,5,6,26.36.15,2026-03-14 14:21:55.570179
6792,blauw-survey.com,72.833336,adequate,5,4,26.36.15,2026-03-14 14:22:10.379938
6910,2911.us,81.333336,good,5,6,26.37.04,2026-03-15 09:41:39.068863
6988,burghele.ro,74.666664,adequate,5,5,26.37.20,2026-03-16 08:55:20.346671
7082,abyt.es,75.333336,good,5,4,26.37.20,2026-03-16 13:00:24.490095
7177,probe-us-02.dns-observe.com,70.666664,adequate,5,3,26.37.20,2026-03-16 15:55:43.679356
7240,innbn-bucuresti.ro,74.666664,adequate,5,5,26.37.23,2026-03-17 07:35:15.355136
7353,red.com,72.666664,adequate,5,6,26.37.23,2026-03-17 14:39:21.395891
7354,steinr.eu,72,adequate,5,6,26.37.23,2026-03-17 14:39:22.188953
7357,spitalul-municipal-timisoara.ro,66.666664,adequate,5,5,26.37.23,2026-03-17 14:39:32.833822
7359,caolt.ro,76.666664,good,5,5,26.37.23,2026-03-17 14:39:37.653318
7360,com,67.666664,adequate,5,2,26.37.23,2026-03-17 14:39:40.288082
7361,kali.org,79.333336,good,5,7,26.37.23,2026-03-17 14:39:47.089087
7367,spitalulhuedin.ro,76.666664,good,5,5,26.37.23,2026-03-17 14:40:09.743203
7374,microsoft.com,78.7619,good,5,7,26.37.23,2026-03-17 14:41:45.370211
7376,example.com,71.333336,adequate,5,6,26.37.23,2026-03-17 14:41:52.567214
7381,raremaps.com,71.333336,adequate,5,6,26.37.23,2026-03-17 14:42:20.876859
3365,innbn-bucuresti.ro,74.666664,adequate,5,5,26.34.52,2026-03-06 14:25:25.158921
3369,steinr.eu,71.75,adequate,5,6,26.34.52,2026-03-06 14:25:51.887272
3371,nasa.gov,71.75,adequate,5,6,26.34.52,2026-03-06 14:26:17.285237
3374,www.cnn.com,60.583332,adequate,5,8,26.34.52,2026-03-06 14:26:28.220052
3375,nasa.gov,73.416664,adequate,5,6,26.34.52,2026-03-06 14:26:30.326119
4698,reconfirm.com,73,adequate,5,6,26.35.32,2026-03-09 14:30:30.781395
4699,blauwsurvey.com,82,good,5,6,26.35.32,2026-03-09 14:30:31.745004
4706,dns-observe.com,80.666664,good,5,5,26.35.32,2026-03-09 14:31:46.853853
4718,innbn-bucuresti.ro,74.666664,adequate,5,5,26.35.32,2026-03-09 14:33:04.305486
4731,maltejk.de,76.47619,good,5,7,26.35.32,2026-03-09 14:34:06.479255
4838,hortongroup.com,78.666664,good,5,5,26.35.32,2026-03-09 18:00:56.393052
4896,spitalcampina.ro,72.666664,adequate,5,5,26.35.34,2026-03-10 03:29:02.019598
4947,google.com,69.690475,adequate,5,7,26.35.35,2026-03-10 14:07:36.192793
4949,ietf.org,73,adequate,5,6,26.35.35,2026-03-10 14:07:39.762066
4951,ietf.org,73,adequate,5,6,26.35.35,2026-03-10 14:08:00.113801
4955,spital-breaza.ro,76.666664,good,5,5,26.35.35,2026-03-10 14:08:07.73254
4958,red.com,72.166664,adequate,5,6,26.35.35,2026-03-10 14:08:30.7691
5123,innbn-bucuresti.ro,74.666664,adequate,5,5,26.35.35,2026-03-10 15:16:03.459517
5124,dpsg-radolfzell.de,73.61905,adequate,5,7,26.35.35,2026-03-10 15:16:05.329996
5141,blauwsurvey.com,81.75,good,5,6,26.35.35,2026-03-10 15:19:38.634264
5150,tuta.io,75.04762,good,5,7,26.35.35,2026-03-10 15:20:22.330332
5151,reconfirm.com,73,adequate,5,6,26.35.35,2026-03-10 15:20:24.43175
5230,microsoft.com,85.90476,good,5,7,26.35.35,2026-03-10 19:32:25.053604
5243,nsfnow.com,82.666664,good,5,5,26.35.35,2026-03-10 19:33:41.539076
5325,1liner.com,74.666664,adequate,5,5,26.35.35,2026-03-10 23:45:21.419644
5381,mtadistributors.com,76.666664,good,5,5,26.35.35,2026-03-11 05:01:22.403584
5382,mtadistributors.com,78.666664,good,5,5,26.35.35,2026-03-11 05:01:40.873071
5432,getmsg.ai,73,adequate,5,6,26.36.01,2026-03-11 11:24:04.911565
5433,getmsg.ai,73,adequate,5,6,26.36.01,2026-03-11 11:24:23.507145
5508,cia.gov,76.90476,good,5,7,26.36.01,2026-03-11 14:38:01.014988
5510,cia.gov,76.90476,good,5,7,26.36.01,2026-03-11 14:38:22.74699
5514,leeashley.com,77.333336,good,5,3,26.36.01,2026-03-11 14:39:17.110024
5515,getmsg.ai,73,adequate,5,6,26.36.01,2026-03-11 14:39:20.172156
5517,getmsg.ai,73,adequate,5,6,26.36.01,2026-03-11 14:39:40.020679
5518,com,72.666664,adequate,5,2,26.36.01,2026-03-11 14:39:40.510808
5519,blauw-survey.com,72.833336,adequate,5,4,26.36.01,2026-03-11 14:39:42.215598
5649,westbyforcongress.com,80.666664,good,5,5,26.36.01,2026-03-11 17:31:48.332562
5697,benav.cc,77.666664,good,5,2,26.36.03,2026-03-12 04:36:25.647095
5770,example.com,71.333336,adequate,5,6,26.36.11,2026-03-12 08:41:44.27399
5772,amazon.com,67.666664,adequate,5,5,26.36.11,2026-03-12 08:42:08.461821
5773,dispatchgrid.com,82.666664,good,5,5,26.36.11,2026-03-12 08:42:16.504112
5883,z1mac.com,74,adequate,5,3,26.36.11,2026-03-12 12:03:17.482923
5940,ietf.org,73,adequate,5,6,26.36.11,2026-03-12 14:29:33.934296
5941,google.com,68.7619,adequate,5,7,26.36.11,2026-03-12 14:29:34.504781
5956,sportcommunities.group,82.190475,good,5,7,26.36.11,2026-03-12 14:31:08.782811
5959,usa.gov,72.666664,adequate,5,5,26.36.11,2026-03-12 14:31:18.690613
6126,hegel.org,84.666664,good,5,5,26.36.11,2026-03-12 15:33:21.159503
6128,blauwsurvey.com,81,good,5,6,26.36.11,2026-03-12 15:33:30.682413
6129,getmsg.ai,73,adequate,5,6,26.36.11,2026-03-12 15:33:35.656014
6137,1liner.com,78.666664,good,5,5,26.36.11,2026-03-12 15:36:59.865444
6195,dpsg-radolfzell.de,73.61905,adequate,5,7,26.36.11,2026-03-12 19:47:02.485287
6250,smlugoj.ro,66.666664,adequate,5,5,26.36.11,2026-03-13 00:27:41.88918
6349,jue.rs,72.833336,adequate,5,4,26.36.11,2026-03-13 09:30:22.287699
6517,ohg-nagold.de,66.666664,adequate,5,5,26.36.11,2026-03-13 14:56:08.745006
6525,spitalulhuedin.ro,70.666664,adequate,5,5,26.36.11,2026-03-13 14:56:55.077924
6598,spitalsovata.ro,74.666664,adequate,5,5,26.36.15,2026-03-14 06:27:10.537662
6777,sra.io,77.666664,good,5,5,26.36.15,2026-03-14 14:20:05.962863
6787,fredduval.com,82.666664,good,5,5,26.36.15,2026-03-14 14:20:53.094023
6790,blauw-survey.com,72.833336,adequate,5,4,26.36.15,2026-03-14 14:21:43.553554
6793,nsa.gov,73.666664,adequate,5,5,26.36.15,2026-03-14 14:22:15.17747
6798,microsoft.com,81.61905,good,5,7,26.36.15,2026-03-14 14:22:35.009143
6799,cia.gov,75.47619,good,5,7,26.36.15,2026-03-14 14:22:37.94497
6803,fbi.gov,72.61905,adequate,5,7,26.36.15,2026-03-14 14:23:01.656874
6806,swutch.com,84.666664,good,5,5,26.36.15,2026-03-14 14:23:09.836397
6809,dnstool.it-help.tech,77.333336,good,5,3,26.36.15,2026-03-14 14:23:15.041715
6812,apple.com,75.47619,good,5,7,26.36.15,2026-03-14 14:23:31.008737
6911,cioviews.com,78.666664,good,5,5,26.37.04,2026-03-15 10:12:38.849411
6989,tuta.io,75.04762,good,5,7,26.37.20,2026-03-16 08:56:00.218794
6992,franklinroadacademy.com,74.666664,adequate,5,5,26.37.20,2026-03-16 08:57:52.782262
6994,bakr.de,69.666664,adequate,5,6,26.37.20,2026-03-16 08:58:03.538693
6995,natashabedingfield.com,67.666664,adequate,5,5,26.37.20,2026-03-16 08:59:09.133399
6996,telekom.de,77.416664,good,5,5,26.37.20,2026-03-16 08:59:35.837462
7003,sovanta.com,81.416664,good,5,5,26.37.20,2026-03-16 09:00:47.596764
7005,it-help.tech,79.690475,good,5,7,26.37.20,2026-03-16 09:00:57.570818
7083,dnstool.it-help.tech,84,good,5,3,26.37.20,2026-03-16 13:53:57.606115
7178,web-hosting.com,74.666664,adequate,5,5,26.37.20,2026-03-16 15:56:29.521744
7241,z1mac.com,74,adequate,5,3,26.37.23,2026-03-17 07:41:36.128754
7355,caolt.ro,76.666664,good,5,5,26.37.23,2026-03-17 14:39:22.884785
7356,getmsg.ai,71.333336,adequate,5,6,26.37.23,2026-03-17 14:39:24.936961
7363,spitalul-municipal-timisoara.ro,66.666664,adequate,5,5,26.37.23,2026-03-17 14:39:53.608063
7366,ohg-nagold.de,66.666664,adequate,5,5,26.37.23,2026-03-17 14:40:09.080215
7368,kali.org,77.90476,good,5,7,26.37.23,2026-03-17 14:40:14.989627
7372,microsoft.com,84.47619,good,5,7,26.37.23,2026-03-17 14:41:29.281751
7375,ibm.com,71,adequate,5,6,26.37.23,2026-03-17 14:41:47.269443
7378,cia.gov,76.90476,good,5,7,26.37.23,2026-03-17 14:42:05.230862
7380,ibm.com,71,adequate,5,6,26.37.23,2026-03-17 14:42:10.438188
7382,raremaps.com,71.333336,adequate,5,6,26.37.23,2026-03-17 14:42:21.630767
7443,fette-beute.com,79.666664,good,5,5,26.37.23,2026-03-17 17:52:51.221541
7476,freebsd.org,86.47619,good,5,7,26.37.23,2026-03-18 03:10:07.768554
3366,hegel.org,84.666664,good,5,5,26.34.52,2026-03-06 14:25:31.788628
3372,hegel.org,84.666664,good,5,5,26.34.52,2026-03-06 14:26:17.4952
3373,weather.gov,67.416664,adequate,5,5,26.34.52,2026-03-06 14:26:25.265141
4700,2911.us,81.333336,good,5,6,26.35.32,2026-03-09 14:30:50.340743
4707,izvoru.ro,78.666664,good,5,5,26.35.32,2026-03-09 14:31:47.222408
4719,spitalcampina.ro,72.666664,adequate,5,5,26.35.32,2026-03-09 14:33:08.307583
4727,maltejk.de,76.47619,good,5,7,26.35.32,2026-03-09 14:33:37.001236
4728,business29.web-hosting.com,71.333336,adequate,5,1,26.35.32,2026-03-09 14:33:37.456392
4729,spitalcampina.ro,72.666664,adequate,5,5,26.35.32,2026-03-09 14:33:38.710576
4839,dispatchgrid.com,82.666664,good,5,5,26.35.32,2026-03-09 18:06:35.618226
4840,dispatchgrid.com,82.666664,good,5,5,26.35.32,2026-03-09 18:06:53.547901
4897,spitalcampina.ro,72.666664,adequate,5,5,26.35.34,2026-03-10 03:29:28.498284
4948,freebsd.org,83.61905,good,5,7,26.35.35,2026-03-10 14:07:38.747566
4950,red.com,72.166664,adequate,5,6,26.35.35,2026-03-10 14:07:59.765146
4960,netcloud.ch,76.65476,good,5,7,26.35.35,2026-03-10 14:08:35.870255
4976,dpsg-bodensee.de,73,adequate,5,6,26.35.35,2026-03-10 14:09:33.555509
4977,netcloud.ch,76.65476,good,5,7,26.35.35,2026-03-10 14:09:34.19714
4982,apple.com,74.04762,adequate,5,7,26.35.35,2026-03-10 14:10:44.548433
4984,dnstool.it-help.tech,77.333336,good,5,3,26.35.35,2026-03-10 14:11:03.653289
4985,apple.com,71.190475,adequate,5,7,26.35.35,2026-03-10 14:11:06.164122
4989,example.com,71.333336,adequate,5,6,26.35.35,2026-03-10 14:11:26.832714
4994,microsoft.com,78.7619,good,5,7,26.35.35,2026-03-10 14:11:58.677213
4995,nsa.gov,73.666664,adequate,5,5,26.35.35,2026-03-10 14:12:04.622144
4996,cloudflare.com,71.190475,adequate,5,7,26.35.35,2026-03-10 14:12:10.638348
4997,cia.gov,76.90476,good,5,7,26.35.35,2026-03-10 14:12:16.640897
5127,dpsg-radolfzell.de,76.47619,good,5,7,26.35.35,2026-03-10 15:16:27.594389
5128,innbn-bucuresti.ro,74.666664,adequate,5,5,26.35.35,2026-03-10 15:16:29.110961
5129,insmc.ro,76.666664,good,5,5,26.35.35,2026-03-10 15:17:21.348518
5134,kali.org,79.333336,good,5,7,26.35.35,2026-03-10 15:17:46.64609
5135,insmc.ro,76.666664,good,5,5,26.35.35,2026-03-10 15:17:48.275468
5138,fullmindlearning.com,69.666664,adequate,5,5,26.35.35,2026-03-10 15:18:17.799793
5142,reconfirm.com,73,adequate,5,6,26.35.35,2026-03-10 15:19:52.889995
5144,ohg-nagold.de,66.666664,adequate,5,5,26.35.35,2026-03-10 15:19:54.63848
5233,it-help.tech,78.2619,good,5,7,26.35.35,2026-03-10 19:33:06.655527
5246,spitalulorasenescbaicoi.ro,73,adequate,5,6,26.35.35,2026-03-10 19:34:06.553806
5251,transbusbuzau.ro,78.666664,good,5,5,26.35.35,2026-03-10 19:34:08.794104
5253,vallige-api.com,72.666664,adequate,5,2,26.35.35,2026-03-10 19:34:09.480153
5326,spitalmciuc.ro,74.666664,adequate,5,5,26.35.35,2026-03-10 23:56:49.543748
5383,tesla.com,65.666664,adequate,5,5,26.35.35,2026-03-11 05:05:06.285249
5434,reconfirm.com,73,adequate,5,6,26.36.01,2026-03-11 11:40:57.486823
5509,apple.com,76.90476,good,5,7,26.36.01,2026-03-11 14:38:17.040759
5527,kali.org,76.47619,good,5,7,26.36.01,2026-03-11 14:40:08.276501
5530,clinicbilling.com,72.666664,adequate,5,2,26.36.01,2026-03-11 14:40:20.734918
5650,westbyforcongress.com,80.666664,good,5,5,26.36.01,2026-03-11 17:32:03.270578
5698,rocket-hd.cc,80.666664,good,5,5,26.36.03,2026-03-12 04:36:26.627558
5771,binaryflix.space,77.333336,good,5,3,26.36.11,2026-03-12 08:42:06.400515
5778,sovanta.com,81.416664,good,5,5,26.36.11,2026-03-12 08:42:35.653618
5783,ibm.com,68.166664,adequate,5,6,26.36.11,2026-03-12 08:43:33.36165
5790,scfcv.ro,74.666664,adequate,5,5,26.36.11,2026-03-12 08:43:58.732006
5798,tuta.io,73.61905,adequate,5,7,26.36.11,2026-03-12 08:45:05.732506
5801,sap.de,74.666664,adequate,5,5,26.36.11,2026-03-12 08:45:15.913456
5805,knoxminerals.com,74.666664,adequate,5,5,26.36.11,2026-03-12 08:45:46.199843
5808,spitalsighet.ro,76.666664,good,5,5,26.36.11,2026-03-12 08:46:17.431204
5809,hortongroup.com,78.666664,good,5,5,26.36.11,2026-03-12 08:46:27.057241
5812,dpsg-bodensee.de,73,adequate,5,6,26.36.11,2026-03-12 08:46:30.669236
5814,spjslatina.ro,68.666664,adequate,5,5,26.36.11,2026-03-12 08:46:38.813694
5818,fugro.com,79.666664,good,5,5,26.36.11,2026-03-12 08:47:00.558761
5884,lincolnapps.co,74.333336,adequate,5,4,26.36.11,2026-03-12 12:12:31.768931
5948,google.com,68.5119,adequate,5,7,26.36.11,2026-03-12 14:30:01.232416
5954,pizazzmusiccamp.org,70.666664,adequate,5,5,26.36.11,2026-03-12 14:30:42.599421
5957,leeashley.com,77.333336,good,5,3,26.36.11,2026-03-12 14:31:09.777039
5960,sportcommunities.group,80.7619,good,5,7,26.36.11,2026-03-12 14:31:39.052243
5964,cioviews.com,80.666664,good,5,5,26.36.11,2026-03-12 14:32:54.700373
5971,ibm.com,70.5,adequate,5,6,26.36.11,2026-03-12 14:33:33.150656
5973,guarinoadvisors.com,73,adequate,5,6,26.36.11,2026-03-12 14:33:51.155827
5977,fugro.com,77.416664,good,5,5,26.36.11,2026-03-12 14:33:57.42787
6127,kali.org,79.333336,good,5,7,26.36.11,2026-03-12 15:33:23.887366
6131,blauwsurvey.com,82,good,5,6,26.36.11,2026-03-12 15:33:52.510448
6134,dnsstuff.com,73.666664,adequate,5,6,26.36.11,2026-03-12 15:36:25.714203
6136,dnsstuff.com,73.666664,adequate,5,6,26.36.11,2026-03-12 15:36:47.749706
6198,hogwarts.steinr.eu,69.85714,adequate,5,7,26.36.11,2026-03-12 19:50:42.721957
6251,den9s.dk,65.333336,adequate,5,4,26.36.11,2026-03-13 00:27:42.680765
6252,hogwarts.steinr.eu,60.833332,adequate,5,8,26.36.11,2026-03-13 00:31:29.683833
6350,server.it-help.tech,77.333336,good,5,3,26.36.11,2026-03-13 09:57:58.095218
6519,spitalmciuc.ro,74.666664,adequate,5,5,26.36.11,2026-03-13 14:56:25.434343
6523,kali.org,79.333336,good,5,7,26.36.11,2026-03-13 14:56:40.429529
6528,filantropia.ro,68.666664,adequate,5,5,26.36.11,2026-03-13 14:57:03.230779
6529,kali.org,79.333336,good,5,7,26.36.11,2026-03-13 14:57:07.72141
6599,example.com,73,adequate,5,6,26.36.15,2026-03-14 08:43:40.291799
6778,red.com,72.666664,adequate,5,6,26.36.15,2026-03-14 14:20:08.82823
6779,fredduval.com,82.666664,good,5,5,26.36.15,2026-03-14 14:20:14.25108
6786,blauw-survey.com,72.833336,adequate,5,4,26.36.15,2026-03-14 14:20:35.125106
6788,sportcommunities.group,82.190475,good,5,7,26.36.15,2026-03-14 14:20:58.561695
6802,apple.com,75.47619,good,5,7,26.36.15,2026-03-14 14:23:00.492333
6805,amazon.com,71.666664,adequate,5,5,26.36.15,2026-03-14 14:23:09.821015
6807,microsoft.com,78.7619,good,5,7,26.36.15,2026-03-14 14:23:11.250409
6810,amazon.com,69.666664,adequate,5,5,26.36.15,2026-03-14 14:23:18.357606
6811,openai.com,70.333336,adequate,5,6,26.36.15,2026-03-14 14:23:25.672909
6813,gdcc.com,82.666664,good,5,5,26.36.15,2026-03-14 14:24:14.223093
3367,couchmvp.com,77.666664,good,5,2,26.34.52,2026-03-06 14:25:45.777676
3370,steinr.eu,70.083336,adequate,5,6,26.34.52,2026-03-06 14:26:06.825872
3376,steinr.eu,71.75,adequate,5,6,26.34.52,2026-03-06 14:26:35.876782
3377,probe-us-01.dns-observe.com,75.333336,good,5,4,26.34.52,2026-03-06 14:26:41.23783
3378,poop.com,74,adequate,5,3,26.34.52,2026-03-06 14:26:43.574402
3379,www.cnn.com,60.583332,adequate,5,8,26.34.52,2026-03-06 14:26:45.210899
3380,weather.gov,67.416664,adequate,5,5,26.34.52,2026-03-06 14:26:45.607879
3381,mta-sts.purpleflock.net,77.416664,good,5,5,26.34.52,2026-03-06 14:26:51.219576
3382,poop.com,74,adequate,5,3,26.34.52,2026-03-06 14:26:58.898471
3383,blauw.com,79.416664,good,5,5,26.34.52,2026-03-06 14:27:00.268848
3384,oxidesurvival.com,80.666664,good,5,3,26.34.52,2026-03-06 14:27:01.133117
3385,mta-sts.purpleflock.net,77.416664,good,5,5,26.34.52,2026-03-06 14:27:08.603563
3386,probe-us-01.dns-observe.com,75.333336,good,5,4,26.34.52,2026-03-06 14:27:11.698455
3387,blauw.com,79.416664,good,5,5,26.34.52,2026-03-06 14:27:12.366162
3388,oxidesurvival.com,80.666664,good,5,3,26.34.52,2026-03-06 14:27:12.511081
3389,www.cnn.com,59.333332,adequate,5,8,26.34.52,2026-03-06 14:27:15.580873
3390,fullmindlearning.com,69.416664,adequate,5,5,26.34.52,2026-03-06 14:27:20.959364
3391,probe-us-01.dns-observe.com,75.333336,good,5,4,26.34.52,2026-03-06 14:27:42.089102
3392,spitalmoldovanoua.ro,74.666664,adequate,5,5,26.34.52,2026-03-06 14:29:28.567437
3393,openai.com,70.083336,adequate,5,6,26.34.52,2026-03-06 14:31:25.062507
3394,2911.us,81.333336,good,5,6,26.34.52,2026-03-06 14:31:25.640922
3395,cloudflare.com,70.940475,adequate,5,7,26.34.52,2026-03-06 14:31:27.035192
3396,example.com,71.333336,adequate,5,6,26.34.52,2026-03-06 14:31:44.470666
3397,2911.us,81.333336,good,5,6,26.34.52,2026-03-06 14:31:44.708282
3398,ibm.com,70.5,adequate,5,6,26.34.52,2026-03-06 14:31:49.130371
3399,apple.com,76.65476,good,5,7,26.34.52,2026-03-06 14:31:55.108467
3400,openai.com,70.083336,adequate,5,6,26.34.52,2026-03-06 14:31:55.553808
3401,cloudflare.com,70.940475,adequate,5,7,26.34.52,2026-03-06 14:31:57.490305
3402,example.com,71.333336,adequate,5,6,26.34.52,2026-03-06 14:31:59.891688
3403,ibm.com,64.833336,adequate,5,6,26.34.52,2026-03-06 14:32:04.72192
3404,openai.com,71.75,adequate,5,6,26.34.52,2026-03-06 14:32:07.223106
3405,cloudflare.com,70.940475,adequate,5,7,26.34.52,2026-03-06 14:32:10.80546
3406,2911.us,81.333336,good,5,6,26.34.52,2026-03-06 14:32:14.887965
3407,apple.com,75.22619,good,5,7,26.34.52,2026-03-06 14:32:23.613828
3408,ibm.com,68.833336,adequate,5,6,26.34.52,2026-03-06 14:32:35.187233
3409,apple.com,73.79762,adequate,5,7,26.34.52,2026-03-06 14:32:37.666214
3410,me,72.666664,adequate,5,2,26.34.52,2026-03-06 14:33:27.322933
3411,kadse.dev,70.666664,adequate,5,3,26.34.52,2026-03-06 14:33:32.350345
3412,pdcnet.org,73,adequate,5,6,26.34.52,2026-03-06 14:33:33.306782
3413,kadse.dev,70.666664,adequate,5,3,26.34.52,2026-03-06 14:33:39.631572
3414,pdcnet.org,73,adequate,5,6,26.34.52,2026-03-06 14:33:39.805598
3415,misconfigured.com,77.333336,good,5,3,26.34.52,2026-03-06 14:33:56.381029
3416,misconfigured.com,77.333336,good,5,3,26.34.52,2026-03-06 14:34:08.925894
3417,anva.ch,82.190475,good,5,7,26.34.52,2026-03-06 14:34:21.382359
3418,web-hosting.com,70.666664,adequate,5,5,26.34.52,2026-03-06 14:34:21.482732
3419,patientreminder.com,82.666664,good,5,5,26.34.52,2026-03-06 14:34:29.007334
3420,anva.ch,82.190475,good,5,7,26.34.52,2026-03-06 14:34:30.033427
3421,patientreminder.com,82.666664,good,5,5,26.34.52,2026-03-06 14:34:40.60713
3422,maltejk.de,76.47619,good,5,7,26.34.52,2026-03-06 14:34:46.006861
3423,web-hosting.com,72.666664,adequate,5,5,26.34.52,2026-03-06 14:34:51.850227
3424,server.it-help.tech,77.333336,good,5,3,26.34.52,2026-03-06 14:34:54.006185
3425,maltejk.de,76.47619,good,5,7,26.34.52,2026-03-06 14:34:54.064711
3426,web-hosting.com,74.666664,adequate,5,5,26.34.52,2026-03-06 14:34:57.794918
3427,github.com,72,adequate,5,6,26.34.52,2026-03-06 14:35:06.004474
3428,github.com,76,good,5,6,26.34.52,2026-03-06 14:35:10.003867
3429,server.it-help.tech,77.333336,good,5,3,26.34.52,2026-03-06 14:35:24.488878
3430,server.it-help.tech,77.333336,good,5,3,26.34.52,2026-03-06 14:35:27.299762
3431,ifacforl.ro,68.666664,adequate,5,5,26.34.52,2026-03-06 14:44:05.151129
3432,spitalsovata.ro,74.666664,adequate,5,5,26.34.52,2026-03-06 14:44:18.665641
3433,jonaswiegner.de,72.190475,adequate,5,7,26.34.52,2026-03-06 14:45:25.293384
3434,dpsg-bodensee.de,69.666664,adequate,5,6,26.34.52,2026-03-06 14:45:52.883492
3435,sap.de,74.666664,adequate,5,5,26.34.52,2026-03-06 14:45:54.312644
3436,sap.de,74.666664,adequate,5,5,26.34.52,2026-03-06 14:45:57.733263
3437,dpsg-bodensee.de,69.666664,adequate,5,6,26.34.52,2026-03-06 14:45:58.0186
3438,markphd.me,76.833336,good,5,4,26.34.52,2026-03-06 14:46:01.419626
3439,schedule.it-help.tech,77.333336,good,5,3,26.34.52,2026-03-06 14:46:04.044968
3440,markphd.me,74.333336,adequate,5,4,26.34.52,2026-03-06 14:46:07.907317
3441,cisa.gov,71,adequate,5,6,26.34.52,2026-03-06 14:46:32.46458
3442,cisa.gov,61.333332,adequate,5,6,26.34.52,2026-03-06 14:46:37.351107
3443,westcappowerequipment.com,80.666664,good,5,5,26.34.52,2026-03-06 14:46:46.454184
3444,westcappowerequipment.com,80.666664,good,5,5,26.34.52,2026-03-06 14:46:53.524797
3445,sportcommunities.group,82.190475,good,5,7,26.34.53,2026-03-06 14:56:43.993115
3446,ortopedieazuga.ro,72.666664,adequate,5,5,26.34.53,2026-03-06 14:56:48.468245
3447,sportcommunities.group,82.190475,good,5,7,26.34.53,2026-03-06 14:56:55.807178
3448,ortopedieazuga.ro,74.666664,adequate,5,5,26.34.53,2026-03-06 14:57:00.082031
3449,caolt.ro,74.666664,adequate,5,5,26.34.53,2026-03-06 14:57:37.840108
3450,caolt.ro,74.666664,adequate,5,5,26.34.53,2026-03-06 14:57:45.64284
3451,dpsg-bodensee.de,73,adequate,5,6,26.34.53,2026-03-06 15:00:12.586549
3452,dpsg-bodensee.de,71.333336,adequate,5,6,26.34.53,2026-03-06 15:00:15.604023
3453,fluss.top,72.833336,adequate,5,4,26.34.53,2026-03-06 15:13:41.60805
3454,spitalulhorezu.ro,76.666664,good,5,5,26.34.53,2026-03-06 15:14:01.06251
3455,spitalulhorezu.ro,76.666664,good,5,5,26.34.53,2026-03-06 15:14:12.910171
3456,natashabedingfield.com,67.416664,adequate,5,5,26.34.53,2026-03-06 15:14:13.428398
3457,sovanta.com,77.416664,good,5,5,26.34.53,2026-03-06 15:14:27.595634
3458,natashabedingfield.com,65.75,adequate,5,5,26.34.53,2026-03-06 15:14:29.456934
3459,guarinoadvisors.com,73,adequate,5,6,26.34.53,2026-03-06 15:14:31.60231
3460,sovanta.com,81.416664,good,5,5,26.34.53,2026-03-06 15:14:37.844506
3461,binaryflix.space,77.333336,good,5,3,26.34.53,2026-03-06 15:14:38.509429
3462,guarinoadvisors.com,73,adequate,5,6,26.34.53,2026-03-06 15:14:42.341102
3463,tesla.com,65.416664,adequate,5,5,26.34.53,2026-03-06 15:14:52.483376
3464,uke.de,71.75,adequate,5,6,26.34.53,2026-03-06 15:14:57.445125
4722,dev.lms.fullmindlearning.com,58.333332,adequate,5,8,26.35.32,2026-03-09 14:33:28.177861
4726,dpsg-radolfzell.de,76.47619,good,5,7,26.35.32,2026-03-09 14:33:34.03998
4735,beechtreenews.com,73,adequate,5,6,26.35.32,2026-03-09 14:37:09.633
4736,beechtreenews.com,73,adequate,5,6,26.35.32,2026-03-09 14:37:30.034752
4741,binaryflix.space,74,adequate,5,3,26.35.32,2026-03-09 14:37:49.483042
4841,dispatchgrid.com,82.666664,good,5,5,26.35.32,2026-03-09 18:36:50.188163
4898,ifacforl.ro,68.666664,adequate,5,5,26.35.34,2026-03-10 03:43:17.064677
4901,amazon.com,69.416664,adequate,5,5,26.35.34,2026-03-10 03:47:29.452894
4952,pocketflows.com,73,adequate,5,6,26.35.35,2026-03-10 14:08:03.942532
4953,scfcv.ro,74.666664,adequate,5,5,26.35.35,2026-03-10 14:08:05.738692
4954,google.com,68.7619,adequate,5,7,26.35.35,2026-03-10 14:08:06.717758
4957,hotmail.com,84.666664,good,5,6,26.35.35,2026-03-10 14:08:21.891904
5130,kali.org,79.333336,good,5,7,26.35.35,2026-03-10 15:17:25.468102
5131,hotmail.com,83,good,5,6,26.35.35,2026-03-10 15:17:26.388411
5137,web-hosting.com,72.666664,adequate,5,5,26.35.35,2026-03-10 15:17:57.781015
5140,purpleflock.com,82.190475,good,5,7,26.35.35,2026-03-10 15:19:34.675746
5235,red.com,70.5,adequate,5,6,26.35.35,2026-03-10 19:33:06.969784
5236,uke.de,68.416664,adequate,5,6,26.35.35,2026-03-10 19:33:08.59067
5238,hotmail.com,83,good,5,6,26.35.35,2026-03-10 19:33:11.763855
5327,filantropia.ro,68.666664,adequate,5,5,26.35.35,2026-03-11 00:00:05.855328
5329,sjv.ro,74.666664,adequate,5,5,26.35.35,2026-03-11 00:00:07.636139
5384,blauw.com,79.666664,good,5,5,26.35.35,2026-03-11 05:31:23.883902
5435,reconfirm.com,73,adequate,5,6,26.36.01,2026-03-11 11:41:21.546765
5534,it-help.tech,78.7619,good,5,7,26.36.01,2026-03-11 14:42:19.852908
5651,purpleflock.com,82.190475,good,5,7,26.36.01,2026-03-11 17:50:50.696596
5699,torrent-syndikat.org,73,adequate,5,3,26.36.03,2026-03-12 04:37:42.956389
5702,aither.cc,66.666664,adequate,5,5,26.36.03,2026-03-12 04:39:54.238864
5774,microsoft.com,81.61905,good,5,7,26.36.11,2026-03-12 08:42:18.380236
5775,tesla.com,65.666664,adequate,5,5,26.36.11,2026-03-12 08:42:25.147851
5781,leeashley.com,77.333336,good,5,3,26.36.11,2026-03-12 08:43:26.396341
5784,dnstool.it-help.tech,77.333336,good,5,3,26.36.11,2026-03-12 08:43:33.852825
5786,nsfnow.com,82.666664,good,5,5,26.36.11,2026-03-12 08:43:39.046301
5788,jonaswiegner.de,70.7619,adequate,5,7,26.36.11,2026-03-12 08:43:50.218219
5793,anva.ch,82.190475,good,5,7,26.36.11,2026-03-12 08:44:53.82148
5795,swutch.com,84.666664,good,5,5,26.36.11,2026-03-12 08:44:57.139888
5806,purpleflock.net,80.940475,good,5,7,26.36.11,2026-03-12 08:45:46.605536
5807,business29.web-hosting.com,71.333336,adequate,5,1,26.36.11,2026-03-12 08:46:17.059426
5810,nasa.gov,75.333336,good,5,6,26.36.11,2026-03-12 08:46:29.500542
5813,spitalcampina.ro,72.666664,adequate,5,5,26.36.11,2026-03-12 08:46:38.398354
5815,hegel.net,76.333336,good,5,6,26.36.11,2026-03-12 08:46:40.216001
5885,lincolnapps.co,74.333336,adequate,5,4,26.36.11,2026-03-12 12:12:52.545019
5958,pizazzmusiccamp.org,70.666664,adequate,5,5,26.36.11,2026-03-12 14:31:12.383555
5965,ibm.com,66.5,adequate,5,6,26.36.11,2026-03-12 14:33:02.721207
5967,kisa.org.cy,84.666664,good,5,5,26.36.11,2026-03-12 14:33:23.530408
5978,red.com,72.166664,adequate,5,6,26.36.11,2026-03-12 14:33:57.653212
5981,nasa.gov,71.75,adequate,5,6,26.36.11,2026-03-12 14:34:10.461535
5982,cnn.com,70.083336,adequate,5,6,26.36.11,2026-03-12 14:34:12.899682
5984,purpleflock.net,81.190475,good,5,7,26.36.11,2026-03-12 14:34:50.492031
6130,filantropia.ro,68.666664,adequate,5,5,26.36.11,2026-03-12 15:33:50.083915
6132,thehumphries.org,74.666664,adequate,5,5,26.36.11,2026-03-12 15:34:11.21301
6139,franklinroadacademy.com,74.666664,adequate,5,5,26.36.11,2026-03-12 15:37:09.849724
6140,porp.stream,77.333336,good,5,3,26.36.11,2026-03-12 15:37:16.937063
6141,1liner.com,78.666664,good,5,5,26.36.11,2026-03-12 15:37:19.420458
6142,spitalsinaia.ro,74.666664,adequate,5,5,26.36.11,2026-03-12 15:37:27.222673
6143,tuta.io,73.61905,adequate,5,7,26.36.11,2026-03-12 15:37:27.799602
6199,rocket-hd.cc,80.666664,good,5,5,26.36.11,2026-03-12 19:51:41.82703
6253,squareup.com,71.666664,adequate,5,5,26.36.11,2026-03-13 00:35:19.035391
6254,spital-deva.ro,66.666664,adequate,5,5,26.36.11,2026-03-13 00:36:06.872696
6351,dpsg-bodensee.de,73,adequate,5,6,26.36.11,2026-03-13 10:35:58.861379
6527,patientreminder.com,82.666664,good,5,5,26.36.11,2026-03-13 14:56:57.440125
6530,patientreminder.com,82.666664,good,5,5,26.36.11,2026-03-13 14:57:07.822901
6531,spitalulhuedin.ro,68.666664,adequate,5,5,26.36.11,2026-03-13 14:57:21.336025
6600,github.com,74.333336,adequate,5,6,26.36.15,2026-03-14 08:44:30.993957
6601,dev.lms.fullmindlearning.com,59.333332,adequate,5,8,26.36.15,2026-03-14 08:44:55.807625
6602,evilhacker.com,70.666664,adequate,5,3,26.36.15,2026-03-14 08:45:07.674118
6604,microsoft.com,80.190475,good,5,7,26.36.15,2026-03-14 08:45:24.0116
6607,hirt.dev,75.47619,good,5,7,26.36.15,2026-03-14 08:45:56.440004
6609,sap.com,69.666664,adequate,5,5,26.36.15,2026-03-14 08:46:05.930552
6612,aither.cc,65.416664,adequate,5,5,26.36.15,2026-03-14 08:46:12.739579
6615,natashabedingfield.com,67.416664,adequate,5,5,26.36.15,2026-03-14 08:46:20.540158
6617,uptimerobot.com,75.22619,good,5,7,26.36.15,2026-03-14 08:46:40.842829
6619,insmc.ro,76.666664,good,5,5,26.36.15,2026-03-14 08:46:57.530699
6621,web-hosting.com,74.666664,adequate,5,5,26.36.15,2026-03-14 08:47:01.369793
6623,tesla.com,65.666664,adequate,5,5,26.36.15,2026-03-14 08:47:09.077204
6625,ibm.com,66.5,adequate,5,6,26.36.15,2026-03-14 08:47:12.389372
6629,jonaswiegner.de,70.7619,adequate,5,7,26.36.15,2026-03-14 08:48:01.083088
6631,rocket-hd.cc,80.666664,good,5,5,26.36.15,2026-03-14 08:48:09.241419
6634,globalping.io,82.666664,good,5,5,26.36.15,2026-03-14 08:48:17.496031
6635,ietf.org,73,adequate,5,6,26.36.15,2026-03-14 08:48:19.117958
6637,surland.de,84.666664,good,5,6,26.36.15,2026-03-14 08:49:06.671552
6639,benav.cc,77.666664,good,5,2,26.36.15,2026-03-14 08:49:12.70982
6642,telekom.de,77.416664,good,5,5,26.36.15,2026-03-14 08:49:17.689267
6644,livearchive.net,73,adequate,5,6,26.36.15,2026-03-14 08:49:25.304004
6785,pizazzmusiccamp.org,68.666664,adequate,5,5,26.36.15,2026-03-14 14:20:33.58709
6794,apple.com,74.04762,adequate,5,7,26.36.15,2026-03-14 14:22:15.425843
6795,dnstool.it-help.tech,77.333336,good,5,3,26.36.15,2026-03-14 14:22:19.60571
3465,natashabedingfield.com,67.666664,adequate,5,5,26.34.53,2026-03-06 15:14:59.905615
3469,uke.de,71.75,adequate,5,6,26.34.53,2026-03-06 15:15:22.018332
4723,transbusbuzau.ro,76.666664,good,5,5,26.35.32,2026-03-09 14:33:28.538732
4730,dev.lms.fullmindlearning.com,58.333332,adequate,5,8,26.35.32,2026-03-09 14:33:58.440062
4733,maltejk.de,75.04762,good,5,7,26.35.32,2026-03-09 14:34:26.215672
4734,jonaswiegner.de,70.7619,adequate,5,7,26.35.32,2026-03-09 14:36:55.541206
4738,binaryflix.space,77.333336,good,5,3,26.35.32,2026-03-09 14:37:42.76779
4739,contractvault.com,72.833336,adequate,5,4,26.35.32,2026-03-09 14:37:44.803849
4742,misconfigured.com,77.333336,good,5,3,26.35.32,2026-03-09 14:37:59.466355
4744,contractvault.com,72.833336,adequate,5,4,26.35.32,2026-03-09 14:38:04.92194
4842,example.com,71.333336,adequate,5,6,26.35.32,2026-03-09 18:50:10.153963
4899,ifacforl.ro,68.666664,adequate,5,5,26.35.34,2026-03-10 03:43:39.900923
4956,surland.de,84.666664,good,5,6,26.35.35,2026-03-10 14:08:18.62126
4959,pocketflows.com,73,adequate,5,6,26.35.35,2026-03-10 14:08:34.165749
4962,spital-breaza.ro,76.666664,good,5,5,26.35.35,2026-03-10 14:08:40.154852
4964,hotmail.com,83,good,5,6,26.35.35,2026-03-10 14:08:48.179198
4967,dpsg-bodensee.de,73,adequate,5,6,26.35.35,2026-03-10 14:09:03.659889
4973,surland.de,84.666664,good,5,6,26.35.35,2026-03-10 14:09:20.006353
4978,uptimerobot.com,75.22619,good,5,7,26.35.35,2026-03-10 14:09:51.390892
4980,uptimerobot.com,73.79762,adequate,5,7,26.35.35,2026-03-10 14:10:15.221015
4981,www.franklinroadacademy.com,60.583332,adequate,5,8,26.35.35,2026-03-10 14:10:21.066954
5145,haukeflix.top,79.666664,good,5,6,26.35.35,2026-03-10 15:20:05.118461
5148,zmacnashville.net,80.666664,good,5,5,26.35.35,2026-03-10 15:20:06.713317
5240,ibm.com,68.833336,adequate,5,6,26.35.35,2026-03-10 19:33:13.069148
5245,uptimerobot.com,73.79762,adequate,5,7,26.35.35,2026-03-10 19:33:41.742938
5328,natashabedingfield.co.uk,75.333336,good,5,4,26.35.35,2026-03-11 00:00:06.439321
5330,purpleflock.com,82.190475,good,5,7,26.35.35,2026-03-11 00:00:08.094764
5385,blauw.com,79.666664,good,5,5,26.35.35,2026-03-11 05:31:41.765899
5436,apple.com,76.90476,good,5,7,26.36.01,2026-03-11 11:54:39.364535
5535,contractvault.com,72.833336,adequate,5,4,26.36.01,2026-03-11 14:44:10.871391
5652,isc.org,76.90476,good,5,7,26.36.01,2026-03-11 18:11:50.980384
5653,purpleflock.net,81.190475,good,5,7,26.36.01,2026-03-11 18:13:24.156882
5700,hahnover.land,76.666664,good,5,5,26.36.03,2026-03-12 04:37:44.948368
5701,telekom.de,77.666664,good,5,5,26.36.03,2026-03-12 04:38:17.420148
5776,misconfigured.com,77.333336,good,5,3,26.36.11,2026-03-12 08:42:25.72473
5777,screen.it-help.tech,73.083336,adequate,5,8,26.36.11,2026-03-12 08:42:35.404661
5779,com.au,72.666664,adequate,5,2,26.36.11,2026-03-12 08:43:23.292395
5782,insmc.ro,76.666664,good,5,5,26.36.11,2026-03-12 08:43:27.018686
5785,pdcnet.org,73,adequate,5,6,26.36.11,2026-03-12 08:43:38.66472
5787,kali.org,79.333336,good,5,7,26.36.11,2026-03-12 08:43:48.290608
5789,livearchive.net,73,adequate,5,6,26.36.11,2026-03-12 08:43:58.264844
5791,beechtreenews.com,73,adequate,5,6,26.36.11,2026-03-12 08:44:43.818475
5792,poop.com,74,adequate,5,3,26.36.11,2026-03-12 08:44:44.254192
5794,ietf.org,73,adequate,5,6,26.36.11,2026-03-12 08:44:56.478781
5800,freebsd.org,85.04762,good,5,7,26.36.11,2026-03-12 08:45:07.182762
5886,caolt.ro,76.666664,good,5,5,26.36.11,2026-03-12 12:21:49.602325
5976,cioviews.com,80.666664,good,5,5,26.36.11,2026-03-12 14:33:55.631154
5980,guarinoadvisors.com,73,adequate,5,6,26.36.11,2026-03-12 14:34:08.504683
5985,purpleflock.net,81.190475,good,5,7,26.36.11,2026-03-12 14:34:57.109025
5988,cisa.gov,63,adequate,5,6,26.36.11,2026-03-12 14:36:43.770742
6133,thehumphries.org,74.666664,adequate,5,5,26.36.11,2026-03-12 15:34:29.103653
6135,dnstool.it-help.tech,77.333336,good,5,3,26.36.11,2026-03-12 15:36:41.852379
6138,kokee.net,75.333336,good,5,4,26.36.11,2026-03-12 15:37:03.922163
6200,play.198119799470.xyz,60.833332,adequate,5,8,26.36.11,2026-03-12 20:03:19.189583
6201,technikfreak.co,74,adequate,5,3,26.36.11,2026-03-12 20:03:55.00228
6255,hogwarts.steinr.eu,67.85714,adequate,5,7,26.36.11,2026-03-13 00:44:00.034825
6352,migrateproduction.com,72,adequate,5,6,26.36.11,2026-03-13 12:35:13.782073
6533,kadse.dev,70.666664,adequate,5,3,26.36.11,2026-03-13 15:01:43.109129
6603,binaryflix.space,77.333336,good,5,3,26.36.15,2026-03-14 08:45:09.093136
6605,dispatchgrid.com,82.666664,good,5,5,26.36.15,2026-03-14 08:45:31.170193
6606,amazon.com,69.666664,adequate,5,5,26.36.15,2026-03-14 08:45:54.559846
6610,fredduval.com,82.666664,good,5,5,26.36.15,2026-03-14 08:46:10.551381
6611,1liner.com,78.666664,good,5,5,26.36.15,2026-03-14 08:46:11.8949
6613,netcloud.ch,76.65476,good,5,7,26.36.15,2026-03-14 08:46:15.342685
6618,com.au,72.666664,adequate,5,2,26.36.15,2026-03-14 08:46:52.714054
6620,blauw.com,79.416664,good,5,5,26.36.15,2026-03-14 08:46:58.478586
6622,sap.de,74.666664,adequate,5,5,26.36.15,2026-03-14 08:47:08.591231
6624,nsfnow.com,82.666664,good,5,5,26.36.15,2026-03-14 08:47:10.708974
6626,contractvault.com,72.833336,adequate,5,4,26.36.15,2026-03-14 08:47:17.326258
6632,openai.com,70.083336,adequate,5,6,26.36.15,2026-03-14 08:48:09.424172
6633,scfcv.ro,74.666664,adequate,5,5,26.36.15,2026-03-14 08:48:11.548998
6636,2911.us,81.333336,good,5,6,26.36.15,2026-03-14 08:49:04.58597
6641,apavil.ro,68.666664,adequate,5,5,26.36.15,2026-03-14 08:49:15.205063
6796,cia.gov,76.90476,good,5,7,26.36.15,2026-03-14 14:22:21.929762
6801,fbi.gov,72.61905,adequate,5,7,26.36.15,2026-03-14 14:23:00.129003
6804,fbi.gov,74.04762,adequate,5,7,26.36.15,2026-03-14 14:23:09.591093
6912,spitalsinaia.ro,74.666664,adequate,5,5,26.37.04,2026-03-15 11:37:51.453547
6993,ietf.org,73,adequate,5,6,26.37.20,2026-03-16 08:57:58.273111
6998,hirt.dev,75.22619,good,5,7,26.37.20,2026-03-16 08:59:52.041526
7001,evilhacker.com,70.666664,adequate,5,3,26.37.20,2026-03-16 09:00:17.355252
7004,cloudflare.com,70.940475,adequate,5,7,26.37.20,2026-03-16 09:00:50.071391
7009,nsfnow.com,82.666664,good,5,5,26.37.20,2026-03-16 09:01:47.168768
7011,1liner.com,78.666664,good,5,5,26.37.20,2026-03-16 09:01:57.252454
7084,nlnetlabs.nl,68,adequate,5,6,26.37.20,2026-03-16 14:30:58.765815
7179,spitalmciuc.ro,74.666664,adequate,5,5,26.37.20,2026-03-16 15:56:33.429447
7183,leeashley.com,80.333336,good,5,4,26.37.20,2026-03-16 15:56:51.41158
7196,getmsg.ai,73,adequate,5,6,26.37.20,2026-03-16 15:57:46.830144
7213,ohg-nagold.de,66.666664,adequate,5,5,26.37.20,2026-03-16 15:59:10.369075
7242,purpleflock.com,82.190475,good,5,7,26.37.23,2026-03-17 08:46:44.950004
3466,red.com,72.666664,adequate,5,6,26.34.53,2026-03-06 15:15:00.343136
3467,tesla.com,65.666664,adequate,5,5,26.34.53,2026-03-06 15:15:09.626441
3468,kisa.org.cy,84.666664,good,5,5,26.34.53,2026-03-06 15:15:13.580022
3470,kisa.org.cy,84.666664,good,5,5,26.34.53,2026-03-06 15:15:30.530714
3471,red.com,72.166664,adequate,5,6,26.34.53,2026-03-06 15:15:31.233964
3472,red.com,72.166664,adequate,5,6,26.34.53,2026-03-06 15:15:54.063235
3473,kisa.org.cy,84.666664,good,5,5,26.34.53,2026-03-06 15:15:58.910503
3474,dnsstuff.com,73.666664,adequate,5,6,26.34.53,2026-03-06 15:24:55.063947
3475,dnsstuff.com,73.666664,adequate,5,6,26.34.53,2026-03-06 15:25:00.618537
3476,izvoru.ro,78.666664,good,5,5,26.34.53,2026-03-06 15:25:12.584109
3477,switch.com,69.666664,adequate,5,5,26.34.53,2026-03-06 15:25:20.735991
3478,izvoru.ro,78.666664,good,5,5,26.34.53,2026-03-06 15:25:21.133135
3479,switch.com,69.666664,adequate,5,5,26.34.53,2026-03-06 15:25:26.075707
3480,poop.com,74,adequate,5,3,26.34.53,2026-03-06 15:44:15.473376
3481,dpsg-radolfzell.de,76.47619,good,5,7,26.34.53,2026-03-06 15:47:14.535044
3482,dpsg-radolfzell.de,76.47619,good,5,7,26.34.53,2026-03-06 15:48:05.137367
3483,insmc.ro,74.666664,adequate,5,5,26.34.53,2026-03-06 16:28:48.79617
3484,insmc.ro,74.666664,adequate,5,5,26.34.53,2026-03-06 16:28:57.137212
3485,probe-us-01.dns-observe.com,75.333336,good,5,4,26.34.53,2026-03-06 16:32:12.438759
3486,couchmvp.com,77.666664,good,5,2,26.34.53,2026-03-06 16:38:21.498429
3487,pdcnet.org,73,adequate,5,6,26.34.53,2026-03-06 16:52:02.976246
3488,pdcnet.org,73,adequate,5,6,26.34.53,2026-03-06 16:52:06.289013
3489,westcappowerequipment.com,80.666664,good,5,5,26.34.53,2026-03-06 17:02:21.270499
3490,westcappowerequipment.com,80.666664,good,5,5,26.34.53,2026-03-06 17:02:33.081677
3491,github.com,76,good,5,6,26.34.53,2026-03-06 17:20:20.353867
3492,github.com,66.333336,adequate,5,6,26.34.53,2026-03-06 17:21:09.241883
3493,server.it-help.tech,77.333336,good,5,3,26.34.53,2026-03-06 17:48:49.832159
3494,couchmvp.com,77.666664,good,5,2,26.34.53,2026-03-06 17:58:29.447802
3495,hegel.org,84.666664,good,5,5,26.34.53,2026-03-06 18:52:35.635383
3496,tesla.com,65.666664,adequate,5,5,26.35.02,2026-03-06 20:00:07.910024
3497,westbyforcongress.com,80.666664,good,5,5,26.35.02,2026-03-06 20:00:23.073945
3498,tesla.com,65.666664,adequate,5,5,26.35.02,2026-03-06 20:00:57.124945
3499,sap.de,74.666664,adequate,5,5,26.35.02,2026-03-06 20:50:45.249366
3500,sap.de,74.666664,adequate,5,5,26.35.02,2026-03-06 20:51:29.348426
3501,filantropia.ro,68.666664,adequate,5,5,26.35.02,2026-03-06 20:55:48.781594
3502,purpleflock.com,82.190475,good,5,7,26.35.04,2026-03-07 00:36:23.338064
3503,ietf.org,73,adequate,5,6,26.35.04,2026-03-07 02:31:55.611276
3504,nlnetlabs.nl,68,adequate,5,6,26.35.04,2026-03-07 02:32:03.803369
3505,ietf.org,73,adequate,5,6,26.35.04,2026-03-07 02:32:08.497521
3506,nlnetlabs.nl,68,adequate,5,6,26.35.04,2026-03-07 02:32:11.052779
3507,freebsd.org,86.47619,good,5,7,26.35.04,2026-03-07 02:32:56.757792
3508,google.com,68.7619,adequate,5,7,26.35.04,2026-03-07 02:32:58.805262
3509,freebsd.org,86.47619,good,5,7,26.35.04,2026-03-07 02:33:11.847187
3510,google.com,68.2619,adequate,5,7,26.35.04,2026-03-07 02:33:27.799049
3511,google.com,68.2619,adequate,5,7,26.35.04,2026-03-07 02:33:36.863302
3512,purpleflock.com,82.190475,good,5,7,26.35.04,2026-03-07 02:33:57.610912
3513,purpleflock.com,82.190475,good,5,7,26.35.04,2026-03-07 02:34:05.401841
3514,filantropia.ro,66.666664,adequate,5,5,26.35.04,2026-03-07 02:34:53.074699
3515,sap.de,74.666664,adequate,5,5,26.35.04,2026-03-07 02:34:53.894974
3516,filantropia.ro,68.666664,adequate,5,5,26.35.04,2026-03-07 02:35:15.306434
3517,sap.de,74.666664,adequate,5,5,26.35.04,2026-03-07 02:35:15.463168
3518,sap.de,74.666664,adequate,5,5,26.35.04,2026-03-07 02:35:18.887075
3519,filantropia.ro,66.666664,adequate,5,5,26.35.04,2026-03-07 02:35:25.86115
3520,tesla.com,65.666664,adequate,5,5,26.35.04,2026-03-07 02:36:12.067421
3521,westbyforcongress.com,80.666664,good,5,5,26.35.04,2026-03-07 02:36:14.239149
3522,westbyforcongress.com,80.666664,good,5,5,26.35.04,2026-03-07 02:36:26.236823
3523,tesla.com,65.416664,adequate,5,5,26.35.04,2026-03-07 02:36:28.145705
3524,tesla.com,67.416664,adequate,5,5,26.35.04,2026-03-07 02:36:56.618374
3525,couchmvp.com,77.666664,good,5,2,26.35.04,2026-03-07 02:37:05.630048
3526,server.it-help.tech,77.333336,good,5,3,26.35.04,2026-03-07 02:37:41.938304
3527,github.com,70.333336,adequate,5,6,26.35.04,2026-03-07 02:37:52.432647
3528,server.it-help.tech,77.333336,good,5,3,26.35.04,2026-03-07 02:37:57.199143
3529,github.com,74.333336,adequate,5,6,26.35.04,2026-03-07 02:37:57.724037
3530,westcappowerequipment.com,80.666664,good,5,5,26.35.04,2026-03-07 02:38:43.926319
3531,pdcnet.org,73,adequate,5,6,26.35.04,2026-03-07 02:38:45.7062
3532,westcappowerequipment.com,80.666664,good,5,5,26.35.04,2026-03-07 02:38:50.060143
3533,pdcnet.org,73,adequate,5,6,26.35.04,2026-03-07 02:38:52.314325
3534,probe-us-01.dns-observe.com,75.333336,good,5,4,26.35.04,2026-03-07 02:39:23.691261
3535,probe-us-01.dns-observe.com,75.333336,good,5,4,26.35.04,2026-03-07 02:39:54.764762
3536,probe-us-01.dns-observe.com,75.333336,good,5,4,26.35.04,2026-03-07 02:40:12.258426
3537,insmc.ro,76.666664,good,5,5,26.35.04,2026-03-07 02:40:57.895574
3538,dpsg-radolfzell.de,75.47619,good,5,7,26.35.04,2026-03-07 02:40:59.317469
3539,dpsg-radolfzell.de,73.61905,adequate,5,7,26.35.04,2026-03-07 02:41:06.752566
3540,insmc.ro,76.666664,good,5,5,26.35.04,2026-03-07 02:41:10.857396
3541,spjslatina.ro,68.666664,adequate,5,5,26.35.04,2026-03-07 03:38:21.682894
3542,fluss.top,72.833336,adequate,5,4,26.35.04,2026-03-07 04:21:27.879551
3543,ortopedieazuga.ro,74.666664,adequate,5,5,26.35.04,2026-03-07 04:23:04.779075
3544,ortopedieazuga.ro,74.666664,adequate,5,5,26.35.04,2026-03-07 04:23:11.91624
3545,server.it-help.tech,77.333336,good,5,3,26.35.04,2026-03-07 04:34:53.413484
3546,civicpermits.com,70.666664,adequate,5,5,26.35.04,2026-03-07 04:39:22.019373
3547,whitehouse.gov,75.666664,good,5,5,26.35.04,2026-03-07 04:51:03.260345
3548,whitehouse.gov,76.666664,good,5,5,26.35.04,2026-03-07 04:51:05.01289
3549,fullmindlearning.com,69.666664,adequate,5,5,26.35.08,2026-03-07 05:09:25.277477
3550,fullmindlearning.com,69.666664,adequate,5,5,26.35.08,2026-03-07 05:09:32.704175
3551,it-help.tech,80.190475,good,5,7,26.35.08,2026-03-07 05:15:59.451321
3552,it-help.tech,80.190475,good,5,7,26.35.08,2026-03-07 05:16:05.335411
3553,com.au,72.666664,adequate,5,2,26.35.08,2026-03-07 06:26:17.219426
3554,anva.ch,82.190475,good,5,7,26.35.08,2026-03-07 06:58:37.648113
3555,anva.ch,82.190475,good,5,7,26.35.08,2026-03-07 06:58:48.606822
3556,freebsd.org,85.04762,good,5,7,26.35.08,2026-03-07 07:22:11.176207
3557,spitalmciuc.ro,76.666664,good,5,5,26.35.08,2026-03-07 07:23:28.429438
3558,spitalmciuc.ro,74.666664,adequate,5,5,26.35.08,2026-03-07 07:23:34.156417
3559,business29.web-hosting.com,71.333336,adequate,5,1,26.35.08,2026-03-07 08:49:06.434239
3560,blauw-survey.com,72.833336,adequate,5,4,26.35.08,2026-03-07 11:04:24.073561
3561,blauwsurvey.com,82,good,5,6,26.35.08,2026-03-07 12:15:57.861187
3562,blauwsurvey.com,81.75,good,5,6,26.35.08,2026-03-07 12:16:13.096629
3563,westcappowerequipment.com,80.666664,good,5,5,26.35.08,2026-03-07 13:03:30.33014
3564,westcappowerequipment.com,80.666664,good,5,5,26.35.08,2026-03-07 13:03:47.596752
3565,nlnetlabs.nl,68,adequate,5,6,26.35.08,2026-03-07 14:13:17.637384
3566,google.com,68.7619,adequate,5,7,26.35.08,2026-03-07 14:13:19.258075
3567,freebsd.org,86.47619,good,5,7,26.35.08,2026-03-07 14:13:21.267385
3568,ietf.org,73,adequate,5,6,26.35.08,2026-03-07 14:13:23.56503
3569,nlnetlabs.nl,68,adequate,5,6,26.35.08,2026-03-07 14:13:47.800669
3570,google.com,69.690475,adequate,5,7,26.35.08,2026-03-07 14:13:49.880706
3571,freebsd.org,86.47619,good,5,7,26.35.08,2026-03-07 14:13:50.469042
3572,fluss.top,72.833336,adequate,5,4,26.35.08,2026-03-07 14:13:52.601473
3573,ietf.org,71.333336,adequate,5,6,26.35.08,2026-03-07 14:13:53.396051
3574,it-help.tech,79.690475,good,5,7,26.35.08,2026-03-07 14:13:53.662616
3575,business29.web-hosting.com,71.333336,adequate,5,1,26.35.08,2026-03-07 14:14:03.96351
3576,nlnetlabs.nl,68,adequate,5,6,26.35.08,2026-03-07 14:14:10.759584
3577,google.com,68.7619,adequate,5,7,26.35.08,2026-03-07 14:14:11.492399
3578,anva.ch,82.190475,good,5,7,26.35.08,2026-03-07 14:14:11.665881
3579,it-help.tech,80.190475,good,5,7,26.35.08,2026-03-07 14:14:23.059137
3580,ietf.org,71.333336,adequate,5,6,26.35.08,2026-03-07 14:14:23.317231
3581,ortopedieazuga.ro,74.666664,adequate,5,5,26.35.08,2026-03-07 14:14:31.319851
3582,com.au,72.666664,adequate,5,2,26.35.08,2026-03-07 14:14:39.389276
3583,anva.ch,82.190475,good,5,7,26.35.08,2026-03-07 14:14:40.106904
3584,ortopedieazuga.ro,74.666664,adequate,5,5,26.35.08,2026-03-07 14:14:58.742114
3585,com.au,72.666664,adequate,5,2,26.35.08,2026-03-07 14:14:59.030847
3586,westcappowerequipment.com,80.666664,good,5,5,26.35.08,2026-03-07 14:15:13.603185
3587,server.it-help.tech,77.333336,good,5,3,26.35.08,2026-03-07 14:15:15.681636
3588,blauwsurvey.com,81.75,good,5,6,26.35.08,2026-03-07 14:15:27.615207
3589,whitehouse.gov,75.416664,good,5,5,26.35.08,2026-03-07 14:15:29.622509
3590,westcappowerequipment.com,80.666664,good,5,5,26.35.08,2026-03-07 14:15:37.890318
3591,fullmindlearning.com,69.666664,adequate,5,5,26.35.08,2026-03-07 14:15:43.618894
3592,whitehouse.gov,76.666664,good,5,5,26.35.08,2026-03-07 14:15:45.125747
3593,spitalmciuc.ro,74.666664,adequate,5,5,26.35.08,2026-03-07 14:15:50.465433
3594,blauwsurvey.com,81.75,good,5,6,26.35.08,2026-03-07 14:15:54.267312
3595,fullmindlearning.com,69.416664,adequate,5,5,26.35.08,2026-03-07 14:16:09.982211
3596,spitalmciuc.ro,74.666664,adequate,5,5,26.35.08,2026-03-07 14:16:18.762205
3597,insmc.ro,72.666664,adequate,5,5,26.35.08,2026-03-07 14:19:17.125621
3598,dpsg-radolfzell.de,76.47619,good,5,7,26.35.08,2026-03-07 14:19:26.487799
3599,couchmvp.com,77.666664,good,5,2,26.35.08,2026-03-07 14:19:32.077608
3600,purpleflock.com,82.190475,good,5,7,26.35.08,2026-03-07 14:19:33.499901
3601,github.com,79.333336,good,5,6,26.35.08,2026-03-07 14:19:39.519985
3602,insmc.ro,74.666664,adequate,5,5,26.35.08,2026-03-07 14:19:46.278849
3603,dpsg-radolfzell.de,73.61905,adequate,5,7,26.35.08,2026-03-07 14:19:49.071442
3604,purpleflock.com,82.190475,good,5,7,26.35.08,2026-03-07 14:19:54.14024
3605,github.com,77.666664,good,5,6,26.35.08,2026-03-07 14:19:58.649175
3606,sap.de,74.666664,adequate,5,5,26.35.08,2026-03-07 14:20:07.48707
3607,filantropia.ro,68.666664,adequate,5,5,26.35.08,2026-03-07 14:20:11.499085
3608,tesla.com,65.666664,adequate,5,5,26.35.08,2026-03-07 14:20:27.568208
3609,sap.de,74.666664,adequate,5,5,26.35.08,2026-03-07 14:20:28.811784
3610,filantropia.ro,68.666664,adequate,5,5,26.35.08,2026-03-07 14:20:39.53895
3611,tesla.com,65.666664,adequate,5,5,26.35.08,2026-03-07 14:20:51.001383
3612,westbyforcongress.com,80.666664,good,5,5,26.35.08,2026-03-07 14:21:01.62928
3613,probe-us-01.dns-observe.com,75.333336,good,5,4,26.35.08,2026-03-07 14:21:05.716756
3614,spjslatina.ro,68.666664,adequate,5,5,26.35.08,2026-03-07 14:21:07.640613
3615,pdcnet.org,73,adequate,5,6,26.35.08,2026-03-07 14:21:11.62814
3616,westbyforcongress.com,80.666664,good,5,5,26.35.08,2026-03-07 14:21:22.244006
3617,spjslatina.ro,68.666664,adequate,5,5,26.35.08,2026-03-07 14:21:24.672743
3618,pdcnet.org,73,adequate,5,6,26.35.08,2026-03-07 14:21:32.82189
3619,probe-us-01.dns-observe.com,75.333336,good,5,4,26.35.08,2026-03-07 14:21:36.075868
3620,probe-us-01.dns-observe.com,75.333336,good,5,4,26.35.08,2026-03-07 14:21:40.941422
3621,cloudflare.com,71.190475,adequate,5,7,26.35.08,2026-03-07 14:22:37.873689
3622,example.com,71.333336,adequate,5,6,26.35.08,2026-03-07 14:22:43.909361
3623,example.com,72,adequate,5,6,26.35.08,2026-03-07 14:22:48.337509
3624,cloudflare.com,71.190475,adequate,5,7,26.35.08,2026-03-07 14:22:49.335878
3625,apple.com,74.04762,adequate,5,7,26.35.08,2026-03-07 14:22:50.924553
3626,microsoft.com,83.04762,good,5,7,26.35.08,2026-03-07 14:23:04.262077
3627,openai.com,68.666664,adequate,5,6,26.35.08,2026-03-07 14:23:04.954706
3628,nsa.gov,75.666664,good,5,5,26.35.08,2026-03-07 14:23:06.998756
3629,2911.us,81.333336,good,5,6,26.35.08,2026-03-07 14:23:13.447532
3630,apple.com,74.04762,adequate,5,7,26.35.08,2026-03-07 14:23:16.934196
3631,openai.com,68.666664,adequate,5,6,26.35.08,2026-03-07 14:23:27.900347
3632,nsa.gov,75.666664,good,5,5,26.35.08,2026-03-07 14:23:28.614868
3633,microsoft.com,81.61905,good,5,7,26.35.08,2026-03-07 14:23:34.777956
3634,2911.us,81.333336,good,5,6,26.35.08,2026-03-07 14:23:39.080845
3635,cia.gov,78.333336,good,5,7,26.35.08,2026-03-07 14:23:40.962834
3636,dnstool.it-help.tech,77.333336,good,5,3,26.35.08,2026-03-07 14:23:48.149757
3637,microsoft.com,81.61905,good,5,7,26.35.08,2026-03-07 14:23:54.744617
3638,amazon.com,69.666664,adequate,5,5,26.35.08,2026-03-07 14:24:10.16457
3639,fbi.gov,74.04762,adequate,5,7,26.35.08,2026-03-07 14:24:22.162803
3640,amazon.com,69.666664,adequate,5,5,26.35.08,2026-03-07 14:24:31.199859
3641,fbi.gov,72.61905,adequate,5,7,26.35.08,2026-03-07 14:24:48.305926
3642,web-hosting.com,72.666664,adequate,5,5,26.35.08,2026-03-07 14:26:36.794498
3643,web-hosting.com,74.666664,adequate,5,5,26.35.08,2026-03-07 14:26:56.752553
3644,ibm.com,68.666664,adequate,5,6,26.35.08,2026-03-07 14:27:14.820074
3645,misconfigured.com,77.333336,good,5,3,26.35.08,2026-03-07 14:27:35.70287
3652,poop.com,74,adequate,5,3,26.35.08,2026-03-07 14:28:26.713976
4725,innbn-bucuresti.ro,74.666664,adequate,5,5,26.35.32,2026-03-09 14:33:29.073075
4737,burghele.ro,74.666664,adequate,5,5,26.35.32,2026-03-09 14:37:36.747307
4743,burghele.ro,74.666664,adequate,5,5,26.35.32,2026-03-09 14:38:02.172294
4843,beechtreenews.com,73,adequate,5,6,26.35.32,2026-03-09 19:14:30.730961
4844,beechtreenews.com,73,adequate,5,6,26.35.32,2026-03-09 19:14:50.229088
4900,amazon.com,69.666664,adequate,5,5,26.35.34,2026-03-10 03:47:16.681284
4961,scfcv.ro,74.666664,adequate,5,5,26.35.35,2026-03-10 14:08:38.143852
4963,uke.de,68.416664,adequate,5,6,26.35.35,2026-03-10 14:08:44.22614
4965,surland.de,84.666664,good,5,6,26.35.35,2026-03-10 14:08:49.663219
4966,red.com,72.166664,adequate,5,6,26.35.35,2026-03-10 14:08:51.442795
4968,netcloud.ch,76.65476,good,5,7,26.35.35,2026-03-10 14:09:03.736179
4970,scfcv.ro,74.666664,adequate,5,5,26.35.35,2026-03-10 14:09:06.701512
4971,uke.de,70.083336,adequate,5,6,26.35.35,2026-03-10 14:09:07.491251
4974,uptimerobot.com,75.22619,good,5,7,26.35.35,2026-03-10 14:09:20.244356
5146,purpleflock.com,80.7619,good,5,7,26.35.35,2026-03-10 15:20:05.276616
5242,dnstool.it-help.tech,77.333336,good,5,3,26.35.35,2026-03-10 19:33:13.095499
5331,clinicbilling.com,67.666664,adequate,5,2,26.35.35,2026-03-11 00:00:08.34027
5386,blauw-survey.com,72.833336,adequate,5,4,26.35.35,2026-03-11 05:31:44.468689
5437,apple.com,76.90476,good,5,7,26.36.01,2026-03-11 11:54:56.711553
5536,gdcc.com,82.666664,good,5,5,26.36.01,2026-03-11 14:47:15.954307
5538,probe-us-01.dns-observe.com,75.333336,good,5,4,26.36.01,2026-03-11 14:47:29.375102
5544,dns-observe.com,80.666664,good,5,5,26.36.01,2026-03-11 14:47:56.414582
5548,westcappowerequipment.com,80.666664,good,5,5,26.36.01,2026-03-11 14:48:05.565605
5553,probe-us-01.dns-observe.com,75.333336,good,5,4,26.36.01,2026-03-11 14:48:30.511385
5556,apavil.ro,60.666668,adequate,5,5,26.36.01,2026-03-11 14:48:47.665919
5557,whitehouse.gov,75.416664,good,5,5,26.36.01,2026-03-11 14:48:51.365871
5654,dev.lms.fullmindlearning.com,59.583332,adequate,5,8,26.36.01,2026-03-11 18:15:55.463988
5703,isc.org,75.47619,good,5,7,26.36.03,2026-03-12 04:42:31.5689
5780,openai.com,68.416664,adequate,5,6,26.36.11,2026-03-12 08:43:23.854841
5887,scfcv.ro,72.666664,adequate,5,5,26.36.11,2026-03-12 12:22:19.66439
5979,ibm.com,61.5,adequate,5,6,26.36.11,2026-03-12 14:33:58.694084
6144,dpsg-radolfzell.de,76.47619,good,5,7,26.36.11,2026-03-12 15:37:27.867375
6147,sap.de,74.666664,adequate,5,5,26.36.11,2026-03-12 15:38:11.773946
6148,screen.it-help.tech,70.333336,adequate,5,8,26.36.11,2026-03-12 15:41:57.680256
6202,sap.com,71.666664,adequate,5,5,26.36.11,2026-03-12 20:08:16.580997
6203,sovanta.com,81.666664,good,5,5,26.36.11,2026-03-12 20:08:53.118958
6256,guarinoadvisors.com,73,adequate,5,6,26.36.11,2026-03-13 01:41:17.061027
6353,spitalul-municipal-timisoara.ro,66.666664,adequate,5,5,26.36.11,2026-03-13 14:19:50.689574
6534,kadse.dev,70.666664,adequate,5,3,26.36.11,2026-03-13 15:01:59.307301
6608,misconfigured.com,77.333336,good,5,3,26.36.15,2026-03-14 08:45:57.064743
6614,vallige-api.com,72.666664,adequate,5,2,26.36.15,2026-03-14 08:46:19.933458
6616,uke.de,68.416664,adequate,5,6,26.36.15,2026-03-14 08:46:25.480247
6627,leeashley.com,79.083336,good,5,4,26.36.15,2026-03-14 08:47:25.768258
6628,anva.ch,82.190475,good,5,7,26.36.15,2026-03-14 08:47:51.268187
6630,vbabestm.ro,74.666664,adequate,5,5,26.36.15,2026-03-14 08:48:02.897257
6638,maltejk.de,76.47619,good,5,7,26.36.15,2026-03-14 08:49:07.049874
6640,freebsd.org,85.47619,good,5,7,26.36.15,2026-03-14 08:49:14.452797
6643,reconfirm.com,73,adequate,5,6,26.36.15,2026-03-14 08:49:18.791112
6646,kali.org,79.333336,good,5,7,26.36.15,2026-03-14 08:49:50.308938
6653,mateibals.ro,70.666664,adequate,5,5,26.36.15,2026-03-14 08:50:51.925589
6797,nsa.gov,75.666664,good,5,5,26.36.15,2026-03-14 14:22:26.326175
6800,microsoft.com,80.190475,good,5,7,26.36.15,2026-03-14 14:22:40.848814
6913,whitehouse.gov,75.666664,good,5,5,26.37.14,2026-03-15 17:19:12.531459
6914,google.com,68.7619,adequate,5,7,26.37.14,2026-03-15 17:19:20.286824
6915,whitehouse.gov,75.666664,good,5,5,26.37.14,2026-03-15 17:19:42.375673
6918,example.co.uk,72.833336,adequate,5,4,26.37.14,2026-03-15 17:20:40.152498
6997,binaryflix.space,77.333336,good,5,3,26.37.20,2026-03-16 08:59:51.981625
6999,example.com,73,adequate,5,6,26.37.20,2026-03-16 09:00:01.613069
7000,netcloud.ch,76.90476,good,5,7,26.37.20,2026-03-16 09:00:17.013703
7002,uke.de,68.666664,adequate,5,6,26.37.20,2026-03-16 09:00:26.87662
7006,openai.com,71.75,adequate,5,6,26.37.20,2026-03-16 09:01:20.542737
7008,dnstool.it-help.tech,84,good,5,3,26.37.20,2026-03-16 09:01:26.602719
7085,google.com,68.7619,adequate,5,7,26.37.20,2026-03-16 14:31:00.263944
7180,co.uk,67.666664,adequate,5,2,26.37.20,2026-03-16 15:56:38.975245
7184,web-hosting.com,74.666664,adequate,5,5,26.37.20,2026-03-16 15:56:55.829987
7185,spitalmciuc.ro,74.666664,adequate,5,5,26.37.20,2026-03-16 15:56:56.666235
7187,dnsstuff.com,73.416664,adequate,5,6,26.37.20,2026-03-16 15:57:19.051776
7190,patientreminder.com,82.666664,good,5,5,26.37.20,2026-03-16 15:57:38.396481
7192,com.au,72.666664,adequate,5,2,26.37.20,2026-03-16 15:57:44.833452
7201,steinr.eu,71.75,adequate,5,6,26.37.20,2026-03-16 15:58:10.790555
7243,hosptm.ro,82.666664,good,5,5,26.37.23,2026-03-17 08:58:55.140192
7244,mobilecommercepress.com,73,adequate,5,6,26.37.23,2026-03-17 08:59:39.611412
7358,red.com,72.666664,adequate,5,6,26.37.23,2026-03-17 14:39:32.864458
7370,2911.us,81.333336,good,5,6,26.37.23,2026-03-17 14:41:01.289998
7383,cia.gov,76.90476,good,5,7,26.37.23,2026-03-17 14:42:26.949418
7384,openai.com,68.666664,adequate,5,6,26.37.23,2026-03-17 14:42:29.529838
7444,fette-beute.com,79.666664,good,5,5,26.37.23,2026-03-17 17:52:53.108525
7477,nlnetlabs.nl,68,adequate,5,6,26.37.23,2026-03-18 03:10:07.892417
7560,nlnetlabs.nl,68,adequate,5,6,26.37.23,2026-03-18 03:38:18.861118
7605,mercadopago.com,74.333336,adequate,5,6,26.37.23,2026-03-18 06:36:40.618814
7644,nlnetlabs.nl,68,adequate,5,6,26.37.28,2026-03-18 07:09:29.294991
7645,nlnetlabs.nl,68,adequate,5,6,26.37.28,2026-03-18 07:09:38.557993
7705,nlnetlabs.nl,68,adequate,5,6,26.37.28,2026-03-18 07:22:07.652526
7709,nlnetlabs.nl,68,adequate,5,6,26.37.28,2026-03-18 07:22:52.583594
7748,nlnetlabs.nl,68,adequate,5,6,26.37.28,2026-03-18 07:31:17.067511
7786,nlnetlabs.nl,68,adequate,5,6,26.37.28,2026-03-18 07:40:32.858726
3646,ibm.com,67,adequate,5,6,26.35.08,2026-03-07 14:27:36.065772
3647,misconfigured.com,77.333336,good,5,3,26.35.08,2026-03-07 14:27:40.933426
3648,kadse.dev,70.666664,adequate,5,3,26.35.08,2026-03-07 14:27:53.65966
3651,oxidesurvival.com,77.333336,good,5,3,26.35.08,2026-03-07 14:28:09.885983
3664,natashabedingfield.com,67.666664,adequate,5,5,26.35.08,2026-03-07 14:29:23.182322
3666,blauw.com,79.666664,good,5,5,26.35.08,2026-03-07 14:29:26.263063
3670,switch.com,69.666664,adequate,5,5,26.35.08,2026-03-07 14:29:43.006014
3671,uke.de,70.333336,adequate,5,6,26.35.08,2026-03-07 14:29:45.665317
3673,natashabedingfield.com,67.666664,adequate,5,5,26.35.08,2026-03-07 14:29:47.067117
4740,misconfigured.com,77.333336,good,5,3,26.35.32,2026-03-09 14:37:49.278065
4746,cloudflare.com,71.190475,adequate,5,7,26.35.32,2026-03-09 14:38:40.905059
4756,fbi.gov,71.190475,adequate,5,7,26.35.32,2026-03-09 14:39:33.165712
4757,probe-us-01.dns-observe.com,75.333336,good,5,4,26.35.32,2026-03-09 14:39:39.614369
4763,spitalsighet.ro,76.666664,good,5,5,26.35.32,2026-03-09 14:40:24.997209
4845,spitalpoianamare.ro,74.666664,adequate,5,5,26.35.32,2026-03-09 19:47:03.241055
4902,spitalmoldovanoua.ro,74.666664,adequate,5,5,26.35.34,2026-03-10 04:10:41.840269
4969,pocketflows.com,73,adequate,5,6,26.35.35,2026-03-10 14:09:05.195793
5147,blauwsurvey.com,81.75,good,5,6,26.35.35,2026-03-10 15:20:06.642965
5149,haukeflix.top,79.666664,good,5,6,26.35.35,2026-03-10 15:20:17.194935
5154,purpleflock.com,82.190475,good,5,7,26.35.35,2026-03-10 15:20:35.36711
5157,spitalulhorezu.ro,76.666664,good,5,5,26.35.35,2026-03-10 15:22:11.58368
5159,poop.com,74,adequate,5,3,26.35.35,2026-03-10 15:22:15.608547
5184,sap.de,74.666664,adequate,5,5,26.35.35,2026-03-10 15:24:02.504297
5247,spital-breaza.ro,78.666664,good,5,5,26.35.35,2026-03-10 19:34:07.243379
5250,mta-sts.purpleflock.net,77.416664,good,5,5,26.35.35,2026-03-10 19:34:07.873796
5256,2911.us,81.333336,good,5,6,26.35.35,2026-03-10 19:34:19.103435
5259,beechtreenews.com,73,adequate,5,6,26.35.35,2026-03-10 19:34:20.670473
5270,getmsg.ai,73,adequate,5,6,26.35.35,2026-03-10 19:36:30.241228
5332,getmsg.ai,73,adequate,5,6,26.35.35,2026-03-11 00:06:41.192037
5333,caolt.ro,76.666664,good,5,5,26.35.35,2026-03-11 00:08:13.452193
5387,hosptm.ro,82.666664,good,5,5,26.35.35,2026-03-11 05:50:42.812163
5391,co.uk,67.666664,adequate,5,2,26.35.35,2026-03-11 05:51:46.058081
5438,surland.de,84.666664,good,5,6,26.36.01,2026-03-11 12:09:08.647532
5537,swutch.com,84.666664,good,5,5,26.36.01,2026-03-11 14:47:25.928636
5542,gdcc.com,82.666664,good,5,5,26.36.01,2026-03-11 14:47:45.788668
5543,cnn.com,70.083336,adequate,5,6,26.36.01,2026-03-11 14:47:53.610345
5545,probe-us-01.dns-observe.com,75.333336,good,5,4,26.36.01,2026-03-11 14:48:00.125173
5547,natashabedingfield.com,67.416664,adequate,5,5,26.36.01,2026-03-11 14:48:04.028162
5549,spjslatina.ro,68.666664,adequate,5,5,26.36.01,2026-03-11 14:48:09.499572
5551,cnn.com,70.083336,adequate,5,6,26.36.01,2026-03-11 14:48:23.967542
5555,whitehouse.gov,75.666664,good,5,5,26.36.01,2026-03-11 14:48:35.665583
5559,mx1.blauwsurvey.com,81.333336,good,5,1,26.36.01,2026-03-11 14:48:59.864501
5655,couchmvp.com,77.666664,good,5,2,26.36.01,2026-03-11 18:36:26.570449
5704,isc.org,75.47619,good,5,7,26.36.03,2026-03-12 04:42:50.150949
5796,apavil.ro,68.666664,adequate,5,5,26.36.11,2026-03-12 08:44:58.105692
5797,blauw.com,79.416664,good,5,5,26.36.11,2026-03-12 08:45:05.522509
5799,hotmail.com,83,good,5,6,26.36.11,2026-03-12 08:45:05.987805
5802,fredduval.com,82.666664,good,5,5,26.36.11,2026-03-12 08:45:16.050973
5803,ifacforl.ro,68.666664,adequate,5,5,26.36.11,2026-03-12 08:45:38.147852
5811,cia.gov,76.90476,good,5,7,26.36.11,2026-03-12 08:46:30.190235
5816,spitalmoldovanoua.ro,74.666664,adequate,5,5,26.36.11,2026-03-12 08:46:48.421391
5817,fugro.com,79.666664,good,5,5,26.36.11,2026-03-12 08:46:51.212285
5819,mta-sts.purpleflock.net,77.666664,good,5,5,26.36.11,2026-03-12 08:47:19.557302
5820,spitalulhuedin.ro,74.666664,adequate,5,5,26.36.11,2026-03-12 08:47:22.000466
5822,abyt.es,75.333336,good,5,4,26.36.11,2026-03-12 08:47:36.901709
5825,surland.de,84.666664,good,5,6,26.36.11,2026-03-12 08:47:45.369718
5826,spitalulorasenescbaicoi.ro,73,adequate,5,6,26.36.11,2026-03-12 08:48:08.235574
5829,ohg-nagold.de,66.666664,adequate,5,5,26.36.11,2026-03-12 08:48:41.861829
5831,vallige-api.com,72.666664,adequate,5,2,26.36.11,2026-03-12 08:48:46.776445
5833,glendun.com.au,69.666664,adequate,5,5,26.36.11,2026-03-12 08:48:52.970902
5838,dev.lms.fullmindlearning.com,59.583332,adequate,5,8,26.36.11,2026-03-12 08:49:24.850477
5841,gdcc.com,82.666664,good,5,5,26.36.11,2026-03-12 08:49:35.424386
5888,blauw.com,79.666664,good,5,5,26.36.11,2026-03-12 12:30:09.166014
5889,natashabedingfield.com,67.666664,adequate,5,5,26.36.11,2026-03-12 12:30:25.764249
5983,kokee.net,75.333336,good,5,4,26.36.11,2026-03-12 14:34:13.788554
5987,it-help.tech,80.190475,good,5,7,26.36.11,2026-03-12 14:36:42.359162
6145,franklinroadacademy.com,74.666664,adequate,5,5,26.36.11,2026-03-12 15:37:29.452022
6146,sap.de,74.666664,adequate,5,5,26.36.11,2026-03-12 15:37:49.99842
6204,torrent-syndikat.org,73,adequate,5,3,26.36.11,2026-03-12 20:11:28.298826
6205,hirt.dev,75.22619,good,5,7,26.36.11,2026-03-12 20:12:04.075849
6257,filerequestpro.com,73,adequate,5,6,26.36.11,2026-03-13 03:42:44.772714
6354,spitalul-municipal-timisoara.ro,66.666664,adequate,5,5,26.36.11,2026-03-13 14:23:04.891687
6535,apavil.ro,68.666664,adequate,5,5,26.36.11,2026-03-13 15:02:07.920325
6536,apavil.ro,70.666664,adequate,5,5,26.36.11,2026-03-13 15:02:31.354956
6645,nsa.gov,75.416664,good,5,5,26.36.15,2026-03-14 08:49:30.534673
6649,usa.gov,72.666664,adequate,5,5,26.36.15,2026-03-14 08:50:15.377274
6651,patientreminder.com,82.666664,good,5,5,26.36.15,2026-03-14 08:50:24.557619
6657,ohg-nagold.de,66.666664,adequate,5,5,26.36.15,2026-03-14 08:51:10.324274
6658,fette-beute.com,79.666664,good,5,5,26.36.15,2026-03-14 08:51:16.92149
6664,spital-breaza.ro,74.666664,adequate,5,5,26.36.15,2026-03-14 08:52:08.525894
6670,spitalulhuedin.ro,76.666664,good,5,5,26.36.15,2026-03-14 08:52:31.77103
6674,ifacforl.ro,68.666664,adequate,5,5,26.36.15,2026-03-14 08:53:07.762011
6808,amazon.com,73.666664,adequate,5,5,26.36.15,2026-03-14 14:23:11.364175
6916,google.com,68.7619,adequate,5,7,26.37.14,2026-03-15 17:19:50.644134
6917,example.co.uk,70.333336,adequate,5,4,26.37.14,2026-03-15 17:19:51.432237
6919,example.co.uk,70.333336,adequate,5,4,26.37.14,2026-03-15 17:22:16.665609
7007,ibm.com,66.5,adequate,5,6,26.37.20,2026-03-16 09:01:21.091585
7010,uptimerobot.com,75.47619,good,5,7,26.37.20,2026-03-16 09:01:47.657158
7086,freebsd.org,86.47619,good,5,7,26.37.20,2026-03-16 14:31:02.743611
3649,kadse.dev,70.666664,adequate,5,3,26.35.08,2026-03-07 14:27:58.05611
3650,oxidesurvival.com,80.666664,good,5,3,26.35.08,2026-03-07 14:28:05.703404
3653,spitalmoldovanoua.ro,74.666664,adequate,5,5,26.35.08,2026-03-07 14:28:31.155798
3654,poop.com,74,adequate,5,3,26.35.08,2026-03-07 14:28:32.184885
3655,weather.gov,67.666664,adequate,5,5,26.35.08,2026-03-07 14:28:40.767051
3656,steinr.eu,72,adequate,5,6,26.35.08,2026-03-07 14:28:42.84546
3657,mta-sts.purpleflock.net,77.666664,good,5,5,26.35.08,2026-03-07 14:28:43.466946
3658,spitalmoldovanoua.ro,74.666664,adequate,5,5,26.35.08,2026-03-07 14:28:44.327156
3659,me,72.666664,adequate,5,2,26.35.08,2026-03-07 14:28:46.95973
3660,weather.gov,69.666664,adequate,5,5,26.35.08,2026-03-07 14:28:47.328265
3661,me,72.666664,adequate,5,2,26.35.08,2026-03-07 14:28:51.871022
3662,steinr.eu,70.333336,adequate,5,6,26.35.08,2026-03-07 14:28:56.489195
3663,blauw.com,79.666664,good,5,5,26.35.08,2026-03-07 14:29:02.801171
3665,spitalulhorezu.ro,76.666664,good,5,5,26.35.08,2026-03-07 14:29:25.010936
3667,guarinoadvisors.com,73,adequate,5,6,26.35.08,2026-03-07 14:29:29.003407
3668,binaryflix.space,77.333336,good,5,3,26.35.08,2026-03-07 14:29:33.62132
3669,spitalulhorezu.ro,76.666664,good,5,5,26.35.08,2026-03-07 14:29:40.142289
3672,dnsstuff.com,73.666664,adequate,5,6,26.35.08,2026-03-07 14:29:47.006117
3674,sovanta.com,81.666664,good,5,5,26.35.08,2026-03-07 14:29:55.06838
3675,guarinoadvisors.com,73,adequate,5,6,26.35.08,2026-03-07 14:29:58.021739
3676,izvoru.ro,78.666664,good,5,5,26.35.08,2026-03-07 14:30:03.077849
3677,switch.com,69.666664,adequate,5,5,26.35.08,2026-03-07 14:30:09.740433
3678,uke.de,68.416664,adequate,5,6,26.35.08,2026-03-07 14:30:10.960381
3679,dnsstuff.com,73.416664,adequate,5,6,26.35.08,2026-03-07 14:30:12.579913
3680,sovanta.com,81.666664,good,5,5,26.35.08,2026-03-07 14:30:21.732804
3681,red.com,72.666664,adequate,5,6,26.35.08,2026-03-07 14:30:27.123345
3682,izvoru.ro,78.666664,good,5,5,26.35.08,2026-03-07 14:30:33.546861
3683,kisa.org.cy,84.666664,good,5,5,26.35.08,2026-03-07 14:30:45.354979
3684,red.com,72.666664,adequate,5,6,26.35.08,2026-03-07 14:30:47.352426
3685,izvoru.ro,78.666664,good,5,5,26.35.08,2026-03-07 14:30:54.465736
3686,kisa.org.cy,84.666664,good,5,5,26.35.08,2026-03-07 14:31:13.837949
3687,kisa.org.cy,84.666664,good,5,5,26.35.08,2026-03-07 14:31:43.425963
3688,cisa.gov,67,adequate,5,6,26.35.08,2026-03-07 14:39:09.187254
3689,jonaswiegner.de,70.7619,adequate,5,7,26.35.08,2026-03-07 14:39:13.1246
3690,schedule.it-help.tech,77.333336,good,5,3,26.35.08,2026-03-07 14:39:13.971775
3691,caolt.ro,76.666664,good,5,5,26.35.08,2026-03-07 14:39:25.174708
3692,ifacforl.ro,68.666664,adequate,5,5,26.35.08,2026-03-07 14:39:29.122218
3693,cisa.gov,67.75,adequate,5,6,26.35.08,2026-03-07 14:39:31.310235
3694,markphd.me,76.833336,good,5,4,26.35.08,2026-03-07 14:39:35.205431
3695,markphd.me,74.333336,adequate,5,4,26.35.08,2026-03-07 14:39:40.546188
3696,caolt.ro,76.666664,good,5,5,26.35.08,2026-03-07 14:39:47.178289
3697,ifacforl.ro,68.666664,adequate,5,5,26.35.08,2026-03-07 14:39:51.480851
3698,dpsg-bodensee.de,73,adequate,5,6,26.35.08,2026-03-07 14:39:53.38346
3699,sportcommunities.group,82.190475,good,5,7,26.35.08,2026-03-07 14:40:03.317316
3700,spitalsovata.ro,74.666664,adequate,5,5,26.35.08,2026-03-07 14:40:13.171562
3701,dpsg-bodensee.de,73,adequate,5,6,26.35.08,2026-03-07 14:40:15.035279
3702,purpleflock.com,80.7619,good,5,7,26.35.08,2026-03-07 14:40:38.65584
3703,spitalsovata.ro,74.666664,adequate,5,5,26.35.08,2026-03-07 14:40:39.675317
3704,dns-observe.com,80.666664,good,5,5,26.35.08,2026-03-07 14:45:29.769479
3705,optonline.net,78.666664,good,5,5,26.35.08,2026-03-07 14:49:05.594986
3706,1liner.com,78.666664,good,5,5,26.35.08,2026-03-07 14:49:11.24156
3707,1liner.com,78.666664,good,5,5,26.35.08,2026-03-07 14:49:16.936803
3708,optonline.net,76.666664,good,5,5,26.35.08,2026-03-07 14:49:19.412058
3709,nasa.gov,72,adequate,5,6,26.35.08,2026-03-07 14:49:21.198098
3710,innbn-bucuresti.ro,74.666664,adequate,5,5,26.35.08,2026-03-07 14:49:39.233533
3711,nasa.gov,75.333336,good,5,6,26.35.08,2026-03-07 14:49:43.819765
3712,cnn.com,70.333336,adequate,5,6,26.35.08,2026-03-07 14:49:50.67263
3713,tuta.io,75.04762,good,5,7,26.35.08,2026-03-07 14:49:52.897843
3714,hegel.org,84.666664,good,5,5,26.35.08,2026-03-07 14:49:53.23004
3715,innbn-bucuresti.ro,74.666664,adequate,5,5,26.35.08,2026-03-07 14:50:04.470707
3716,hegel.org,84.666664,good,5,5,26.35.08,2026-03-07 14:50:15.075673
3717,hotmail.com,86.333336,good,5,6,26.35.08,2026-03-07 15:37:59.958678
3718,haukeflix.top,79.666664,good,5,6,26.35.08,2026-03-07 15:38:06.6831
3719,reconfirm.com,73,adequate,5,6,26.35.08,2026-03-07 15:38:19.006869
3720,haukeflix.top,79.666664,good,5,6,26.35.08,2026-03-07 15:38:19.870673
3721,purpleflock.net,82.190475,good,5,7,26.35.08,2026-03-07 15:38:22.710829
3722,hotmail.com,83,good,5,6,26.35.08,2026-03-07 15:38:26.188669
3723,mta-sts.sportcommunities.group,78.666664,good,5,5,26.35.08,2026-03-07 15:38:35.257525
3724,purpleflock.net,80.940475,good,5,7,26.35.08,2026-03-07 15:38:35.773767
3725,transbusbuzau.ro,80.666664,good,5,5,26.35.08,2026-03-07 15:38:38.658598
3726,reconfirm.com,73,adequate,5,6,26.35.08,2026-03-07 15:38:44.998811
3727,beechtreenews.com,73,adequate,5,6,26.35.08,2026-03-07 15:38:46.675476
3728,transbusbuzau.ro,80.666664,good,5,5,26.35.08,2026-03-07 15:39:08.924935
3729,spitalulhuedin.ro,74.666664,adequate,5,5,26.35.08,2026-03-07 15:39:10.685259
3730,glendun.com.au,76.666664,good,5,5,26.35.08,2026-03-07 15:39:14.670934
3731,beechtreenews.com,73,adequate,5,6,26.35.08,2026-03-07 15:39:17.358909
3732,technikfreak.co,74,adequate,5,3,26.35.08,2026-03-07 15:39:29.888679
3733,ohg-nagold.de,66.666664,adequate,5,5,26.35.08,2026-03-07 15:39:30.827297
3734,sjv.ro,74.666664,adequate,5,5,26.35.08,2026-03-07 15:39:32.912395
3735,transbusbuzau.ro,80.666664,good,5,5,26.35.08,2026-03-07 15:39:38.617832
3736,spitalulhuedin.ro,74.666664,adequate,5,5,26.35.08,2026-03-07 15:39:38.734679
3737,glendun.com.au,80.666664,good,5,5,26.35.08,2026-03-07 15:39:43.223878
3738,beechtreenews.com,71.333336,adequate,5,6,26.35.08,2026-03-07 15:39:47.424342
3739,technikfreak.co,74,adequate,5,3,26.35.08,2026-03-07 15:39:49.136276
3740,ohg-nagold.de,66.666664,adequate,5,5,26.35.08,2026-03-07 15:39:56.363328
3741,sjv.ro,74.666664,adequate,5,5,26.35.08,2026-03-07 15:40:05.838331
3742,sjv.ro,74.666664,adequate,5,5,26.35.08,2026-03-07 15:40:36.373027
3743,ibm.com,72.666664,adequate,5,6,26.35.08,2026-03-07 16:54:29.752
3744,swutch.com,84.666664,good,5,5,26.35.08,2026-03-07 16:54:40.694533
3745,www.cnn.com,60.833332,adequate,5,8,26.35.08,2026-03-07 17:48:24.139374
3746,zmacnashville.net,80.666664,good,5,5,26.35.08,2026-03-07 17:52:48.818474
3747,probe-us-01.dns-observe.com,75.333336,good,5,4,26.35.08,2026-03-07 17:54:49.828805
3748,cisa.gov,67,adequate,5,6,26.35.08,2026-03-07 18:09:18.805842
3749,jonaswiegner.de,73.61905,adequate,5,7,26.35.08,2026-03-07 18:16:58.55561
3750,pocketflows.com,73,adequate,5,6,26.35.08,2026-03-07 18:27:38.303679
3751,probe-us-01.dns-observe.com,75.333336,good,5,4,26.35.08,2026-03-07 18:29:49.365304
3752,mta-sts.sportcommunities.group,78.666664,good,5,5,26.35.08,2026-03-07 18:51:00.037313
3753,anva.ch,82.190475,good,5,7,26.35.08,2026-03-07 18:55:20.341071
3754,anva.ch,82.190475,good,5,7,26.35.08,2026-03-07 18:55:33.401071
3755,nasa.gov,73.666664,adequate,5,6,26.35.08,2026-03-07 19:19:59.169429
3756,nasa.gov,75.083336,good,5,6,26.35.08,2026-03-07 19:20:19.249712
3757,dnsstuff.com,73.666664,adequate,5,6,26.35.08,2026-03-07 19:40:28.180054
3758,dnsstuff.com,73.666664,adequate,5,6,26.35.08,2026-03-07 19:40:48.316027
3759,ietf.org,71.333336,adequate,5,6,26.35.08,2026-03-07 19:48:48.433911
3760,ietf.org,71.333336,adequate,5,6,26.35.08,2026-03-07 19:48:58.115439
3761,dpsg-radolfzell.de,76.47619,good,5,7,26.35.08,2026-03-07 19:58:04.17035
3762,dpsg-radolfzell.de,75.04762,good,5,7,26.35.08,2026-03-07 19:58:22.619384
3763,fbi.gov,72.61905,adequate,5,7,26.35.08,2026-03-07 20:26:47.172454
3764,fbi.gov,70.940475,adequate,5,7,26.35.08,2026-03-07 20:27:09.178372
3765,fluss.top,72.833336,adequate,5,4,26.35.11,2026-03-07 21:13:42.424315
3766,purpleflock.net,81.190475,good,5,7,26.35.11,2026-03-07 21:50:14.380806
3767,sjv.ro,74.666664,adequate,5,5,26.35.11,2026-03-07 22:50:08.122486
3768,nlnetlabs.nl,68,adequate,5,6,26.35.15,2026-03-07 23:14:50.200156
3769,google.com,70.190475,adequate,5,7,26.35.15,2026-03-07 23:14:52.838546
3770,freebsd.org,86.47619,good,5,7,26.35.15,2026-03-07 23:14:53.964018
3771,ietf.org,71.333336,adequate,5,6,26.35.15,2026-03-07 23:14:55.78348
3772,nasa.gov,71.75,adequate,5,6,26.35.15,2026-03-07 23:15:18.162666
3773,nlnetlabs.nl,68,adequate,5,6,26.35.15,2026-03-07 23:15:18.625383
3774,google.com,69.690475,adequate,5,7,26.35.15,2026-03-07 23:15:23.050179
3775,freebsd.org,82.190475,good,5,7,26.35.15,2026-03-07 23:15:23.541345
3776,fluss.top,72.833336,adequate,5,4,26.35.15,2026-03-07 23:15:25.559106
3777,ietf.org,71.333336,adequate,5,6,26.35.15,2026-03-07 23:15:26.910001
3778,fbi.gov,72.36905,adequate,5,7,26.35.15,2026-03-07 23:15:27.72085
3779,mta-sts.sportcommunities.group,78.666664,good,5,5,26.35.15,2026-03-07 23:15:28.615294
3780,dnsstuff.com,73.416664,adequate,5,6,26.35.15,2026-03-07 23:15:35.787475
3781,mta-sts.sportcommunities.group,78.666664,good,5,5,26.35.15,2026-03-07 23:15:44.564159
3782,nasa.gov,75.083336,good,5,6,26.35.15,2026-03-07 23:15:47.777261
3783,fluss.top,70.333336,adequate,5,4,26.35.15,2026-03-07 23:15:50.738647
3784,google.com,69.690475,adequate,5,7,26.35.15,2026-03-07 23:15:53.498266
3785,purpleflock.net,79.690475,good,5,7,26.35.15,2026-03-07 23:15:53.774354
3786,ietf.org,71.75,adequate,5,6,26.35.15,2026-03-07 23:15:56.590686
3787,fbi.gov,72.36905,adequate,5,7,26.35.15,2026-03-07 23:15:57.989808
3788,probe-us-01.dns-observe.com,75.333336,good,5,4,26.35.15,2026-03-07 23:16:06.134631
3789,dnsstuff.com,73.416664,adequate,5,6,26.35.15,2026-03-07 23:16:06.374195
3790,purpleflock.net,80.940475,good,5,7,26.35.15,2026-03-07 23:16:11.885017
3791,anva.ch,82.190475,good,5,7,26.35.15,2026-03-07 23:16:12.051363
3792,pocketflows.com,73,adequate,5,6,26.35.15,2026-03-07 23:16:18.043391
3793,fbi.gov,70.940475,adequate,5,7,26.35.15,2026-03-07 23:16:28.552873
3794,probe-us-01.dns-observe.com,75.333336,good,5,4,26.35.15,2026-03-07 23:16:36.536339
3795,dnsstuff.com,75.083336,good,5,6,26.35.15,2026-03-07 23:16:37.328055
3796,anva.ch,82.190475,good,5,7,26.35.15,2026-03-07 23:16:37.63359
3797,pocketflows.com,73,adequate,5,6,26.35.15,2026-03-07 23:16:46.495778
3798,sjv.ro,74.666664,adequate,5,5,26.35.15,2026-03-07 23:16:46.888632
3799,jonaswiegner.de,73.61905,adequate,5,7,26.35.15,2026-03-07 23:16:47.277067
3800,probe-us-01.dns-observe.com,75.333336,good,5,4,26.35.15,2026-03-07 23:17:07.001399
3801,dpsg-radolfzell.de,76.47619,good,5,7,26.35.15,2026-03-07 23:17:08.773647
3802,pocketflows.com,71.333336,adequate,5,6,26.35.15,2026-03-07 23:17:16.773566
3803,sjv.ro,74.666664,adequate,5,5,26.35.15,2026-03-07 23:17:17.441981
3804,dpsg-radolfzell.de,75.04762,good,5,7,26.35.15,2026-03-07 23:17:37.230781
3805,sjv.ro,74.666664,adequate,5,5,26.35.15,2026-03-07 23:17:47.802333
3806,dpsg-radolfzell.de,72.190475,adequate,5,7,26.35.15,2026-03-07 23:18:04.771296
3807,transbusbuzau.ro,80.666664,good,5,5,26.35.15,2026-03-07 23:19:13.870598
3808,transbusbuzau.ro,80.666664,good,5,5,26.35.15,2026-03-07 23:19:41.0879
3809,spitalmciuc.ro,74.666664,adequate,5,5,26.35.15,2026-03-07 23:20:24.723166
3810,ibm.com,72.666664,adequate,5,6,26.35.15,2026-03-07 23:23:24.448022
3811,ibm.com,67,adequate,5,6,26.35.15,2026-03-07 23:23:47.507202
3812,zmacnashville.net,80.666664,good,5,5,26.35.15,2026-03-07 23:24:04.024305
3813,innbn-bucuresti.ro,74.666664,adequate,5,5,26.35.15,2026-03-07 23:24:18.529112
3814,zmacnashville.net,80.666664,good,5,5,26.35.15,2026-03-07 23:24:24.2123
3815,spitalulhuedin.ro,74.666664,adequate,5,5,26.35.15,2026-03-07 23:24:26.76754
3816,reconfirm.com,73,adequate,5,6,26.35.15,2026-03-07 23:24:30.648437
3817,swutch.com,84.666664,good,5,5,26.35.15,2026-03-07 23:24:34.472025
3818,innbn-bucuresti.ro,74.666664,adequate,5,5,26.35.15,2026-03-07 23:24:39.883397
3819,swutch.com,84.666664,good,5,5,26.35.15,2026-03-07 23:24:40.722757
3820,tuta.io,75.04762,good,5,7,26.35.15,2026-03-07 23:24:42.701793
3821,spitalulhuedin.ro,78.666664,good,5,5,26.35.15,2026-03-07 23:24:44.924692
3822,ohg-nagold.de,66.666664,adequate,5,5,26.35.15,2026-03-07 23:24:46.667293
3823,hotmail.com,83,good,5,6,26.35.15,2026-03-07 23:24:54.665632
3824,hegel.org,84.666664,good,5,5,26.35.15,2026-03-07 23:24:56.648725
3825,reconfirm.com,73,adequate,5,6,26.35.15,2026-03-07 23:24:56.817414
3826,cnn.com,70.333336,adequate,5,6,26.35.15,2026-03-07 23:24:58.76089
3827,transbusbuzau.ro,80.666664,good,5,5,26.35.15,2026-03-07 23:24:58.90748
3828,haukeflix.top,79.666664,good,5,6,26.35.15,2026-03-07 23:25:02.675241
3829,tuta.io,75.04762,good,5,7,26.35.15,2026-03-07 23:25:11.237334
3830,haukeflix.top,79.666664,good,5,6,26.35.15,2026-03-07 23:25:14.671552
3831,glendun.com.au,70.666664,adequate,5,5,26.35.15,2026-03-07 23:25:16.976682
3832,ohg-nagold.de,66.666664,adequate,5,5,26.35.15,2026-03-07 23:25:17.375204
3833,hotmail.com,83,good,5,6,26.35.15,2026-03-07 23:25:21.155567
3834,hegel.org,84.666664,good,5,5,26.35.15,2026-03-07 23:25:21.988472
3835,cnn.com,68.666664,adequate,5,6,26.35.15,2026-03-07 23:25:22.647436
3848,microsoft.com,83.97619,good,5,7,26.35.15,2026-03-07 23:29:11.542572
3852,microsoft.com,84.47619,good,5,7,26.35.15,2026-03-07 23:29:32.75004
3854,com.au,72.666664,adequate,5,2,26.35.15,2026-03-07 23:29:47.230003
4745,openai.com,72,adequate,5,6,26.35.32,2026-03-09 14:38:16.838148
4753,openai.com,72,adequate,5,6,26.35.32,2026-03-09 14:39:08.495105
4759,fbi.gov,72.61905,adequate,5,7,26.35.32,2026-03-09 14:39:55.497934
4761,livearchive.net,73,adequate,5,6,26.35.32,2026-03-09 14:40:10.946195
4762,hegel.net,76.333336,good,5,6,26.35.32,2026-03-09 14:40:20.952825
4768,spitalsovata.ro,74.666664,adequate,5,5,26.35.32,2026-03-09 14:40:51.119871
4846,it-help.tech,77.333336,good,5,7,26.35.32,2026-03-09 19:50:25.600196
4847,it-help.tech,80.190475,good,5,7,26.35.32,2026-03-09 19:50:37.347188
4903,spitalmoldovanoua.ro,74.666664,adequate,5,5,26.35.34,2026-03-10 04:10:52.172372
4972,spital-breaza.ro,74.666664,adequate,5,5,26.35.35,2026-03-10 14:09:07.975301
4986,amazon.com,71.666664,adequate,5,5,26.35.35,2026-03-10 14:11:12.653904
4987,it-help.tech,80.190475,good,5,7,26.35.35,2026-03-10 14:11:13.240671
4992,2911.us,81.333336,good,5,6,26.35.35,2026-03-10 14:11:48.932584
4993,fbi.gov,72.61905,adequate,5,7,26.35.35,2026-03-10 14:11:54.629104
5000,nsa.gov,71.666664,adequate,5,5,26.35.35,2026-03-10 14:12:29.31442
5005,spitalcampina.ro,72.666664,adequate,5,5,26.35.35,2026-03-10 14:12:46.713488
5155,ohg-nagold.de,66.666664,adequate,5,5,26.35.35,2026-03-10 15:20:55.81756
5156,pdcnet.org,73,adequate,5,6,26.35.35,2026-03-10 15:21:51.457116
5158,spitalsighet.ro,76.666664,good,5,5,26.35.35,2026-03-10 15:22:13.594149
5165,livearchive.net,73,adequate,5,6,26.35.35,2026-03-10 15:22:33.622381
5166,tesla.com,65.416664,adequate,5,5,26.35.35,2026-03-10 15:22:37.620787
5167,spitalulhorezu.ro,76.666664,good,5,5,26.35.35,2026-03-10 15:22:40.053082
5169,fluss.top,72.833336,adequate,5,4,26.35.35,2026-03-10 15:22:49.715065
5178,fluss.top,72.833336,adequate,5,4,26.35.35,2026-03-10 15:23:10.00866
5179,sap.de,74.666664,adequate,5,5,26.35.35,2026-03-10 15:23:11.76008
5183,sap.de,74.666664,adequate,5,5,26.35.35,2026-03-10 15:23:40.161981
5248,spitalulhuedin.ro,72.666664,adequate,5,5,26.35.35,2026-03-10 19:34:07.270886
5255,fbi.gov,73.79762,adequate,5,7,26.35.35,2026-03-10 19:34:18.997645
5262,meg.abyt.es,71.666664,adequate,5,2,26.35.35,2026-03-10 19:35:01.945409
5263,thehumphries.org,74.666664,adequate,5,5,26.35.35,2026-03-10 19:35:02.628698
5265,cia.gov,76.90476,good,5,7,26.35.35,2026-03-10 19:35:03.625181
5334,caolt.ro,76.666664,good,5,5,26.35.35,2026-03-11 00:08:29.025336
5388,kisa.org.cy,84.666664,good,5,5,26.35.35,2026-03-11 05:50:42.87826
5439,surland.de,84.666664,good,5,6,26.36.01,2026-03-11 12:09:24.774033
5539,swutch.com,84.666664,good,5,5,26.36.01,2026-03-11 14:47:39.984729
5656,dev.lms.fullmindlearning.com,59.583332,adequate,5,8,26.36.01,2026-03-11 19:00:57.787427
5657,mta-sts.purpleflock.com,78.666664,good,5,5,26.36.01,2026-03-11 19:02:20.770019
5705,probe-us-02.dns-observe.com,70.666664,adequate,5,3,26.36.06,2026-03-12 05:05:20.54345
5804,blauwsurvey.com,81.75,good,5,6,26.36.11,2026-03-12 08:45:38.647307
5821,spitalgiurgiu.ro,74.666664,adequate,5,5,26.36.11,2026-03-12 08:47:31.490364
5823,spitalsovata.ro,74.666664,adequate,5,5,26.36.11,2026-03-12 08:47:37.322358
5824,technikfreak.co,74,adequate,5,3,26.36.11,2026-03-12 08:47:44.949592
5828,www.franklinroadacademy.com,60.583332,adequate,5,8,26.36.11,2026-03-12 08:48:16.34516
5834,usa.gov,72.666664,adequate,5,5,26.36.11,2026-03-12 08:49:02.006306
5836,netcloud.ch,76.90476,good,5,7,26.36.11,2026-03-12 08:49:13.427918
5837,evilhacker.com,70.666664,adequate,5,3,26.36.11,2026-03-12 08:49:15.294782
5839,fullmindlearning.com,69.666664,adequate,5,5,26.36.11,2026-03-12 08:49:25.299182
5840,cloudflare.com,71.190475,adequate,5,7,26.36.11,2026-03-12 08:49:34.260678
5842,it-help.tech,80.190475,good,5,7,26.36.11,2026-03-12 08:49:46.221186
5890,spitalulhorezu.ro,76.666664,good,5,5,26.36.11,2026-03-12 12:30:39.549456
5986,it-help.tech,80.190475,good,5,7,26.36.11,2026-03-12 14:36:21.006293
5989,hak5.org,72.666664,adequate,5,5,26.36.11,2026-03-12 14:37:13.427457
5990,probe-us-01.dns-observe.com,75.333336,good,5,4,26.36.11,2026-03-12 14:38:00.143845
6149,uke.de,68.666664,adequate,5,6,26.36.11,2026-03-12 15:43:41.524067
6206,com,67.666664,adequate,5,2,26.36.11,2026-03-12 20:15:59.428877
6258,filerequestpro.com,73,adequate,5,6,26.36.11,2026-03-13 04:14:10.273725
6355,spitalul-municipal-timisoara.ro,66.666664,adequate,5,5,26.36.11,2026-03-13 14:23:05.061587
6537,steinr.eu,72,adequate,5,6,26.36.11,2026-03-13 15:09:43.458976
6647,beechtreenews.com,73,adequate,5,6,26.36.15,2026-03-14 08:49:55.212101
6648,poop.com,74,adequate,5,3,26.36.15,2026-03-14 08:50:07.732321
6650,fluss.top,72.833336,adequate,5,4,26.36.15,2026-03-14 08:50:22.421177
6655,franklinroadacademy.com,74.666664,adequate,5,5,26.36.15,2026-03-14 08:51:00.68186
6656,westcappowerequipment.com,80.666664,good,5,5,26.36.15,2026-03-14 08:51:07.824468
6661,www.franklinroadacademy.com,60.583332,adequate,5,8,26.36.15,2026-03-14 08:51:42.740947
6663,ohg-nagold.eu,81.333336,good,5,6,26.36.15,2026-03-14 08:52:04.348206
6665,spitalgiurgiu.ro,76.666664,good,5,5,26.36.15,2026-03-14 08:52:13.204824
6668,transbusbuzau.ro,80.666664,good,5,5,26.36.15,2026-03-14 08:52:26.480464
6671,play.198119799470.xyz,61.833332,adequate,5,8,26.36.15,2026-03-14 08:52:36.275814
6676,pizazzmusiccamp.org,68.666664,adequate,5,5,26.36.15,2026-03-14 08:53:14.745244
6678,meg.abyt.es,71.666664,adequate,5,2,26.36.15,2026-03-14 08:53:15.531698
6680,ha.198119799470.xyz,61.666668,adequate,5,2,26.36.15,2026-03-14 08:53:28.616578
6685,knoxminerals.com,74.666664,adequate,5,5,26.36.15,2026-03-14 08:54:08.999594
6687,sovanta.com,81.666664,good,5,5,26.36.15,2026-03-14 08:54:21.008385
6692,squareup.com,67.666664,adequate,5,5,26.36.15,2026-03-14 08:54:37.083954
6693,nasa.gov,73.416664,adequate,5,6,26.36.15,2026-03-14 08:54:59.216057
6814,lincolnapps.co,74.333336,adequate,5,4,26.37.04,2026-03-14 17:18:08.389434
6920,example.co.uk,70.333336,adequate,5,4,26.37.14,2026-03-15 17:23:15.693121
6921,example.co.uk,70.333336,adequate,5,4,26.37.14,2026-03-15 17:24:17.649109
7087,ietf.org,73,adequate,5,6,26.37.20,2026-03-16 14:31:06.152829
7181,dnsstuff.com,73.416664,adequate,5,6,26.37.20,2026-03-16 15:56:49.786261
7182,co.uk,67.666664,adequate,5,2,26.37.20,2026-03-16 15:56:51.095239
7186,leeashley.com,80.333336,good,5,4,26.37.20,2026-03-16 15:57:16.33912
7245,natashabedingfield.co.uk,75.333336,good,5,4,26.37.23,2026-03-17 09:00:46.777344
3836,beechtreenews.com,73,adequate,5,6,26.35.15,2026-03-07 23:25:22.681778
3845,microsoft.com,82.54762,good,5,7,26.35.15,2026-03-07 23:28:42.662018
3847,github.com,73.833336,adequate,5,6,26.35.15,2026-03-07 23:28:57.099259
3849,github.com,67.5,adequate,5,6,26.35.15,2026-03-07 23:29:18.634211
4747,amazon.com,73.666664,adequate,5,5,26.35.32,2026-03-09 14:38:41.304699
4749,openai.com,71,adequate,5,6,26.35.32,2026-03-09 14:38:45.245082
4750,example.com,71.333336,adequate,5,6,26.35.32,2026-03-09 14:38:47.601794
4751,cloudflare.com,71.190475,adequate,5,7,26.35.32,2026-03-09 14:39:01.837236
4765,livearchive.net,73,adequate,5,6,26.35.32,2026-03-09 14:40:32.734194
4769,spitalsovata.ro,74.666664,adequate,5,5,26.35.32,2026-03-09 14:41:11.915782
4848,evilhacker.com,70.666664,adequate,5,3,26.35.32,2026-03-09 19:55:38.405265
4849,evilhacker.com,70.666664,adequate,5,3,26.35.32,2026-03-09 19:55:39.096338
4904,thehumphries.org,74.666664,adequate,5,5,26.35.34,2026-03-10 04:30:19.358545
4905,thehumphries.org,74.666664,adequate,5,5,26.35.34,2026-03-10 04:30:34.937878
4975,www.franklinroadacademy.com,60.583332,adequate,5,8,26.35.35,2026-03-10 14:09:24.207221
4979,www.franklinroadacademy.com,60.583332,adequate,5,8,26.35.35,2026-03-10 14:09:54.450506
4983,it-help.tech,80.190475,good,5,7,26.35.35,2026-03-10 14:10:50.492559
4988,example.com,69.666664,adequate,5,6,26.35.35,2026-03-10 14:11:22.504296
4990,2911.us,81.333336,good,5,6,26.35.35,2026-03-10 14:11:28.528665
4991,amazon.com,71.666664,adequate,5,5,26.35.35,2026-03-10 14:11:34.146569
4998,microsoft.com,83.04762,good,5,7,26.35.35,2026-03-10 14:12:20.307643
4999,fbi.gov,72.61905,adequate,5,7,26.35.35,2026-03-10 14:12:21.946731
5001,jira.sovanta.com,81.333336,good,5,1,26.35.35,2026-03-10 14:12:32.428778
5002,cloudflare.com,71.190475,adequate,5,7,26.35.35,2026-03-10 14:12:33.416847
5007,spitalcampina.ro,72.666664,adequate,5,5,26.35.35,2026-03-10 14:13:17.148039
5009,spitalmoldovanoua.ro,74.666664,adequate,5,5,26.35.35,2026-03-10 14:13:33.828925
5011,spitalcampina.ro,72.666664,adequate,5,5,26.35.35,2026-03-10 14:13:47.658856
5160,glendun.com.au,80.666664,good,5,5,26.35.35,2026-03-10 15:22:19.72677
5249,spitalgiurgiu.ro,74.666664,adequate,5,5,26.35.35,2026-03-10 19:34:07.362495
5257,jira.sovanta.com,81.333336,good,5,1,26.35.35,2026-03-10 19:34:19.144376
5266,ifacforl.ro,68.666664,adequate,5,5,26.35.35,2026-03-10 19:35:03.752798
5335,technikfreak.co,74,adequate,5,3,26.35.35,2026-03-11 00:28:56.958498
5389,steinr.eu,72,adequate,5,6,26.35.35,2026-03-11 05:50:43.57347
5440,fredduval.com,82.666664,good,5,5,26.36.01,2026-03-11 12:09:29.703988
5441,fredduval.com,82.666664,good,5,5,26.36.01,2026-03-11 12:09:51.99932
5540,patientreminder.com,82.666664,good,5,5,26.36.01,2026-03-11 14:47:40.149312
5541,spjslatina.ro,68.666664,adequate,5,5,26.36.01,2026-03-11 14:47:43.528252
5546,patientreminder.com,82.666664,good,5,5,26.36.01,2026-03-11 14:48:03.818684
5552,westcappowerequipment.com,80.666664,good,5,5,26.36.01,2026-03-11 14:48:27.191435
5554,natashabedingfield.com,67.666664,adequate,5,5,26.36.01,2026-03-11 14:48:34.602188
5560,natashabedingfield.com,67.416664,adequate,5,5,26.36.01,2026-03-11 14:49:04.338118
5567,optonline.net,74.666664,adequate,5,5,26.36.01,2026-03-11 14:52:10.698424
5569,markphd.me,74.083336,adequate,5,4,26.36.01,2026-03-11 14:52:13.083909
5572,mercadopago.com,72.166664,adequate,5,6,26.36.01,2026-03-11 14:52:26.616497
5658,beechtreenews.com,73,adequate,5,6,26.36.01,2026-03-11 19:07:08.389075
5659,business29.web-hosting.com,71.333336,adequate,5,1,26.36.01,2026-03-11 19:08:23.190517
5706,valentin.run,83,good,5,6,26.36.06,2026-03-12 05:35:19.969511
5827,spital-breaza.ro,74.666664,adequate,5,5,26.36.11,2026-03-12 08:48:08.723501
5830,burghele.ro,74.666664,adequate,5,5,26.36.11,2026-03-12 08:48:42.316608
5832,patientreminder.com,82.666664,good,5,5,26.36.11,2026-03-12 08:48:52.448418
5835,reconfirm.com,72,adequate,5,6,26.36.11,2026-03-12 08:49:02.410235
5843,apple.com,75.47619,good,5,7,26.36.11,2026-03-12 08:49:46.715761
5891,sportcommunities.group,82.190475,good,5,7,26.36.11,2026-03-12 12:31:09.386275
5991,cioviews.com,76.666664,good,5,5,26.36.11,2026-03-12 14:39:04.206578
5995,monologue.to,73,adequate,5,6,26.36.11,2026-03-12 14:41:29.522664
5996,mta-sts.purpleflock.com,78.666664,good,5,5,26.36.11,2026-03-12 14:41:31.518734
5997,isc.org,75.22619,good,5,7,26.36.11,2026-03-12 14:41:35.677548
6000,blauw-survey.com,72.833336,adequate,5,4,26.36.11,2026-03-12 14:41:43.525848
6001,purpleflock.com,82.190475,good,5,7,26.36.11,2026-03-12 14:41:45.468792
6004,schedule.it-help.tech,77.333336,good,5,3,26.36.11,2026-03-12 14:41:49.590935
6006,surland.de,84.666664,good,5,6,26.36.11,2026-03-12 14:41:55.528669
6008,westbyforcongress.com,80.666664,good,5,5,26.36.11,2026-03-12 14:42:08.001736
6019,fredduval.com,82.666664,good,5,5,26.36.11,2026-03-12 14:43:08.222144
6150,den9s.dk,65.333336,adequate,5,4,26.36.11,2026-03-12 15:47:58.500198
6207,uke.de,70.333336,adequate,5,6,26.36.11,2026-03-12 20:19:32.106526
6259,com,72.666664,adequate,5,2,26.36.11,2026-03-13 04:27:52.682168
6356,nlnetlabs.nl,68,adequate,5,6,26.36.11,2026-03-13 14:28:48.961477
6360,cioviews.com,80.666664,good,5,5,26.36.11,2026-03-13 14:29:14.491826
6361,nlnetlabs.nl,68,adequate,5,6,26.36.11,2026-03-13 14:29:17.12415
6364,ietf.org,73,adequate,5,6,26.36.11,2026-03-13 14:29:23.125182
6369,nlnetlabs.nl,68,adequate,5,6,26.36.11,2026-03-13 14:29:46.129361
6371,google.com,68.2619,adequate,5,7,26.36.11,2026-03-13 14:29:50.8428
6372,ietf.org,71.333336,adequate,5,6,26.36.11,2026-03-13 14:29:53.478971
6373,switch.com,69.666664,adequate,5,5,26.36.11,2026-03-13 14:30:00.685054
6374,apple.com,72.36905,adequate,5,7,26.36.11,2026-03-13 14:30:03.793838
6377,switch.com,69.416664,adequate,5,5,26.36.11,2026-03-13 14:30:29.481011
6378,omzcloud.vn,71.75,adequate,5,6,26.36.11,2026-03-13 14:30:31.216025
6383,haukeflix.top,79.666664,good,5,6,26.36.11,2026-03-13 14:31:13.372245
6391,dns-observe.com,80.666664,good,5,5,26.36.11,2026-03-13 14:32:55.565785
6538,steinr.eu,72,adequate,5,6,26.36.11,2026-03-13 15:09:55.069001
6652,glendun.com.au,79.666664,good,5,5,26.36.15,2026-03-14 08:50:47.397629
6654,hogwarts.steinr.eu,58.333332,adequate,5,5,26.36.15,2026-03-14 08:50:57.181453
6659,spitalmoldovanoua.ro,74.666664,adequate,5,5,26.36.15,2026-03-14 08:51:19.160212
6660,abyt.es,75.333336,good,5,4,26.36.15,2026-03-14 08:51:40.490961
6662,torrent-syndikat.org,73,adequate,5,3,26.36.15,2026-03-14 08:51:58.937977
6666,198119799470.xyz,76.666664,good,5,5,26.36.15,2026-03-14 08:52:13.641085
6667,spitalpoianamare.ro,74.666664,adequate,5,5,26.36.15,2026-03-14 08:52:15.865251
3837,technikfreak.co,74,adequate,5,3,26.35.15,2026-03-07 23:25:27.312473
3841,sportcommunities.group,82.190475,good,5,7,26.35.15,2026-03-07 23:26:30.939567
4748,example.com,71.333336,adequate,5,6,26.35.32,2026-03-09 14:38:42.962642
4754,amazon.com,71.666664,adequate,5,5,26.35.32,2026-03-09 14:39:09.315459
4755,amazon.com,69.666664,adequate,5,5,26.35.32,2026-03-09 14:39:31.330463
4850,technikfreak.co,74,adequate,5,3,26.35.32,2026-03-09 20:13:01.817164
4906,jira.sovanta.com,81.333336,good,5,1,26.35.34,2026-03-10 04:31:11.781173
4907,jira.sovanta.com,81.333336,good,5,1,26.35.34,2026-03-10 04:31:14.730488
5003,cia.gov,76.90476,good,5,7,26.35.35,2026-03-10 14:12:40.274629
5004,mta-sts.purpleflock.net,77.666664,good,5,5,26.35.35,2026-03-10 14:12:41.410109
5006,spitalmoldovanoua.ro,74.666664,adequate,5,5,26.35.35,2026-03-10 14:13:09.86674
5012,thehumphries.org,74.666664,adequate,5,5,26.35.35,2026-03-10 14:13:47.892533
5013,knoxminerals.com,74.666664,adequate,5,5,26.35.35,2026-03-10 14:13:51.863809
5161,spitalsovata.ro,74.666664,adequate,5,5,26.35.35,2026-03-10 15:22:21.990754
5163,poop.com,74,adequate,5,3,26.35.35,2026-03-10 15:22:29.396766
5164,anva.ch,82.190475,good,5,7,26.35.35,2026-03-10 15:22:33.60864
5168,spitalsighet.ro,76.666664,good,5,5,26.35.35,2026-03-10 15:22:44.061484
5170,glendun.com.au,70.666664,adequate,5,5,26.35.35,2026-03-10 15:22:49.995945
5172,pdcnet.org,73,adequate,5,6,26.35.35,2026-03-10 15:22:50.629343
5252,spitalmoldovanoua.ro,74.666664,adequate,5,5,26.35.35,2026-03-10 19:34:08.875821
5336,technikfreak.co,74,adequate,5,3,26.35.35,2026-03-11 00:29:05.108218
5390,ehmrealty.com,78.666664,good,5,5,26.35.35,2026-03-11 05:51:43.676704
5442,burghele.ro,74.666664,adequate,5,5,26.36.01,2026-03-11 12:20:24.173247
5443,burghele.ro,74.666664,adequate,5,5,26.36.01,2026-03-11 12:20:47.924333
5550,gdcc.com,82.666664,good,5,5,26.36.01,2026-03-11 14:48:10.386741
5561,apavil.ro,60.666668,adequate,5,5,26.36.01,2026-03-11 14:49:12.084546
5563,mx1.blauwsurvey.com,81.333336,good,5,1,26.36.01,2026-03-11 14:50:00.763966
5566,spitalulhuedin.ro,74.666664,adequate,5,5,26.36.01,2026-03-11 14:52:00.570026
5571,sap.de,74.666664,adequate,5,5,26.36.01,2026-03-11 14:52:24.938861
5660,blauw-survey.com,72.833336,adequate,5,4,26.36.01,2026-03-11 19:18:52.637662
5661,blauw-survey.com,72.833336,adequate,5,4,26.36.01,2026-03-11 19:19:06.458895
5707,filerequestpro.com,73,adequate,5,6,26.36.06,2026-03-12 05:46:25.2007
5708,filerequestpro.com,73,adequate,5,6,26.36.06,2026-03-12 05:46:43.380381
5844,it-help.tech,80.190475,good,5,7,26.36.11,2026-03-12 08:54:42.824945
5892,kadse.dev,70.666664,adequate,5,3,26.36.11,2026-03-12 12:43:01.881866
5992,probe-us-01.dns-observe.com,75.333336,good,5,4,26.36.11,2026-03-12 14:40:29.740193
5994,isc.org,75.22619,good,5,7,26.36.11,2026-03-12 14:41:12.008532
5998,westbyforcongress.com,80.666664,good,5,5,26.36.11,2026-03-12 14:41:39.580136
6002,couchmvp.com,77.666664,good,5,2,26.36.11,2026-03-12 14:41:45.917033
6011,dev.lms.fullmindlearning.com,59.333332,adequate,5,8,26.36.11,2026-03-12 14:42:17.636215
6013,surland.de,84.666664,good,5,6,26.36.11,2026-03-12 14:42:24.016378
6018,surland.de,84.666664,good,5,6,26.36.11,2026-03-12 14:42:56.333537
6151,tesla.com,65.666664,adequate,5,5,26.36.11,2026-03-12 15:49:51.014258
6208,livearchive.net,73,adequate,5,6,26.36.11,2026-03-12 20:20:11.506669
6212,ha.198119799470.xyz,61.416668,adequate,5,2,26.36.11,2026-03-12 20:25:05.851953
6260,porp.stream,77.333336,good,5,3,26.36.11,2026-03-13 05:22:08.573111
6357,google.com,68.7619,adequate,5,7,26.36.11,2026-03-13 14:28:50.560432
6359,ietf.org,73,adequate,5,6,26.36.11,2026-03-13 14:28:54.530769
6362,google.com,68.2619,adequate,5,7,26.36.11,2026-03-13 14:29:19.566267
6363,freebsd.org,83.61905,good,5,7,26.36.11,2026-03-13 14:29:21.066957
6365,probe-us-01.dns-observe.com,75.333336,good,5,4,26.36.11,2026-03-13 14:29:28.054925
6366,item.org,83,good,5,6,26.36.11,2026-03-13 14:29:30.90189
6368,cioviews.com,78.666664,good,5,5,26.36.11,2026-03-13 14:29:45.346856
6375,cioviews.com,74.666664,adequate,5,5,26.36.11,2026-03-13 14:30:15.841997
6376,spitalul-municipal-timisoara.ro,66.666664,adequate,5,5,26.36.11,2026-03-13 14:30:20.545509
6380,jue.rs,72.833336,adequate,5,4,26.36.11,2026-03-13 14:30:51.136459
6381,omzcloud.vn,70.083336,adequate,5,6,26.36.11,2026-03-13 14:30:56.145054
6388,www.cnn.com,60.583332,adequate,5,8,26.36.11,2026-03-13 14:31:51.528489
6389,haukeflix.top,79.666664,good,5,6,26.36.11,2026-03-13 14:31:55.345595
6394,porp.stream,76.083336,good,5,3,26.36.11,2026-03-13 14:33:21.966587
6539,leeashley.com,77.333336,good,5,3,26.36.11,2026-03-13 15:37:54.432834
6548,lincolnapps.co,74.083336,adequate,5,4,26.36.11,2026-03-13 15:38:55.672185
6669,spitalcampina.ro,72.666664,adequate,5,5,26.36.15,2026-03-14 08:52:31.706234
6672,spjslatina.ro,68.666664,adequate,5,5,26.36.15,2026-03-14 08:52:41.173708
6673,spitalulorasenescbaicoi.ro,73,adequate,5,6,26.36.15,2026-03-14 08:53:07.100363
6675,zmacnashville.net,80.666664,good,5,5,26.36.15,2026-03-14 08:53:11.579899
6679,purpleflock.net,81.190475,good,5,7,26.36.15,2026-03-14 08:53:24.850022
6681,screen.it-help.tech,73.333336,adequate,5,8,26.36.15,2026-03-14 08:53:31.925871
6683,dpsg-bodensee.de,73,adequate,5,6,26.36.15,2026-03-14 08:54:02.101677
6684,hegel.net,76.333336,good,5,6,26.36.15,2026-03-14 08:54:04.938241
6686,gdcc.com,71.666664,adequate,5,5,26.36.15,2026-03-14 08:54:12.998462
6688,it-help.tech,80.190475,good,5,7,26.36.15,2026-03-14 08:54:22.059708
6690,cia.gov,76.90476,good,5,7,26.36.15,2026-03-14 08:54:24.138913
6815,lincolnapps.co,74.333336,adequate,5,4,26.37.04,2026-03-14 17:18:58.358746
6922,example.co.uk,72.833336,adequate,5,4,26.37.14,2026-03-15 17:25:34.780069
7088,dnstool.it-help.tech,80.666664,good,5,3,26.37.20,2026-03-16 14:31:08.027402
7089,google.com,70.190475,adequate,5,7,26.37.20,2026-03-16 14:31:08.60167
7090,ietf.org,71.333336,adequate,5,6,26.37.20,2026-03-16 14:31:13.823947
7091,freebsd.org,86.47619,good,5,7,26.37.20,2026-03-16 14:31:15.419926
7099,sportcommunities.group,82.190475,good,5,7,26.37.20,2026-03-16 14:32:54.025523
7188,com.au,72.666664,adequate,5,2,26.37.20,2026-03-16 15:57:19.634137
7194,dnsstuff.com,73.416664,adequate,5,6,26.37.20,2026-03-16 15:57:45.800354
7195,filantropia.ro,68.666664,adequate,5,5,26.37.20,2026-03-16 15:57:46.667522
7198,kali.org,79.333336,good,5,7,26.37.20,2026-03-16 15:57:55.052247
7246,mx1.blauw-survey.com,71.333336,adequate,5,1,26.37.23,2026-03-17 09:01:40.026176
7248,dpsg-radolfzell.de,75.47619,good,5,7,26.37.23,2026-03-17 09:04:59.740915
7249,getmsg.ai,73,adequate,5,6,26.37.23,2026-03-17 09:05:42.03247
3838,dns-observe.com,80.666664,good,5,5,26.35.15,2026-03-07 23:25:31.810335
4752,fbi.gov,72.61905,adequate,5,7,26.35.32,2026-03-09 14:39:02.957957
4764,spitalulhorezu.ro,76.666664,good,5,5,26.35.32,2026-03-09 14:40:27.117105
4851,technikfreak.co,74,adequate,5,3,26.35.32,2026-03-09 20:13:09.212906
4908,google.com,68.7619,adequate,5,7,26.35.34,2026-03-10 04:34:57.769689
5008,thehumphries.org,74.666664,adequate,5,5,26.35.35,2026-03-10 14:13:27.903454
5162,pdcnet.org,73,adequate,5,6,26.35.35,2026-03-10 15:22:22.093042
5175,livearchive.net,73,adequate,5,6,26.35.35,2026-03-10 15:23:04.099347
5176,spitalsighet.ro,76.666664,good,5,5,26.35.35,2026-03-10 15:23:07.448985
5254,mateibals.ro,70.666664,adequate,5,5,26.35.35,2026-03-10 19:34:18.946934
5258,nsa.gov,75.416664,good,5,5,26.35.35,2026-03-10 19:34:20.641386
5260,dns-observe.com,80.666664,good,5,5,26.35.35,2026-03-10 19:35:00.114196
5261,whitehouse.gov,75.666664,good,5,5,26.35.35,2026-03-10 19:35:00.642809
5264,izvoru.ro,76.666664,good,5,5,26.35.35,2026-03-10 19:35:02.867777
5337,web-hosting.com,74.666664,adequate,5,5,26.35.35,2026-03-11 00:33:11.28102
5338,web-hosting.com,76.666664,good,5,5,26.35.35,2026-03-11 00:33:27.947297
5392,spitalulhuedin.ro,74.666664,adequate,5,5,26.35.35,2026-03-11 05:57:26.075695
5444,hegel.org,84.666664,good,5,5,26.36.01,2026-03-11 12:30:59.158115
5558,cnn.com,70.083336,adequate,5,6,26.36.01,2026-03-11 14:48:54.367824
5562,mx1.blauwsurvey.com,81.333336,good,5,1,26.36.01,2026-03-11 14:49:30.331965
5565,markphd.me,76.583336,good,5,4,26.36.01,2026-03-11 14:51:54.528633
5568,mtadistributors.com,76.666664,good,5,5,26.36.01,2026-03-11 14:52:12.586067
5570,spitalulhuedin.ro,70.666664,adequate,5,5,26.36.01,2026-03-11 14:52:23.944978
5576,sap.de,74.666664,adequate,5,5,26.36.01,2026-03-11 14:52:56.126154
5577,mercadopago.com,72.166664,adequate,5,6,26.36.01,2026-03-11 14:52:57.866418
5662,surland.de,84.666664,good,5,6,26.36.01,2026-03-11 19:41:40.721048
5709,mx1.blauw-survey.com,71.333336,adequate,5,1,26.36.06,2026-03-12 06:09:30.024683
5845,nsa.gov,73.666664,adequate,5,5,26.36.11,2026-03-12 09:09:06.965629
5893,networksolutions.com,73.666664,adequate,5,5,26.36.11,2026-03-12 12:47:04.600964
5894,purpleflock.com,80.7619,good,5,7,26.36.11,2026-03-12 12:47:52.335171
5993,isc.org,75.47619,good,5,7,26.36.11,2026-03-12 14:40:43.582747
6005,monologue.to,73,adequate,5,6,26.36.11,2026-03-12 14:41:52.006163
6010,purpleflock.com,80.7619,good,5,7,26.36.11,2026-03-12 14:42:13.91465
6014,westbyforcongress.com,80.666664,good,5,5,26.36.11,2026-03-12 14:42:34.655716
6016,purpleflock.com,82.190475,good,5,7,26.36.11,2026-03-12 14:42:44.196257
6152,globalping.io,82.666664,good,5,5,26.36.11,2026-03-12 15:50:29.868965
6209,fluss.top,72.833336,adequate,5,4,26.36.11,2026-03-12 20:20:41.584559
6261,jonaswiegner.de,70.7619,adequate,5,7,26.36.11,2026-03-13 05:52:12.663113
6358,freebsd.org,85.04762,good,5,7,26.36.11,2026-03-13 14:28:52.655572
6540,pizazzmusiccamp.org,68.666664,adequate,5,5,26.36.11,2026-03-13 15:37:55.037882
6541,web-hosting.com,74.666664,adequate,5,5,26.36.11,2026-03-13 15:38:04.673759
6545,com.au,72.666664,adequate,5,2,26.36.11,2026-03-13 15:38:43.006922
6550,red.com,72.166664,adequate,5,6,26.36.11,2026-03-13 15:39:03.793091
6551,com.au,72.666664,adequate,5,2,26.36.11,2026-03-13 15:39:05.785111
6559,sportcommunities.group,82.190475,good,5,7,26.36.11,2026-03-13 15:39:43.702028
6677,burghele.ro,74.666664,adequate,5,5,26.36.15,2026-03-14 08:53:15.425167
6682,blauwsurvey.com,82,good,5,6,26.36.15,2026-03-14 08:53:46.280732
6689,red.com,72.666664,adequate,5,6,26.36.15,2026-03-14 08:54:22.641506
6691,spitalsighet.ro,76.666664,good,5,5,26.36.15,2026-03-14 08:54:36.298673
6696,izvoru.ro,78.666664,good,5,5,26.36.15,2026-03-14 08:55:13.448176
6700,jira.sovanta.com,81.333336,good,5,1,26.36.15,2026-03-14 08:55:59.565964
6702,spitalsovata.ro,76.666664,good,5,5,26.36.15,2026-03-14 08:56:28.607977
6705,gmg-attendorn.de,82.666664,good,5,5,26.36.15,2026-03-14 08:57:08.884942
6816,omzcloud.vn,71,adequate,5,6,26.37.04,2026-03-14 17:39:07.822596
6923,example.co.uk,72.833336,adequate,5,4,26.37.14,2026-03-15 17:25:35.537814
6926,example.co.uk,70.333336,adequate,5,4,26.37.14,2026-03-15 17:27:35.495643
6927,example.co.uk,70.333336,adequate,5,4,26.37.14,2026-03-15 17:27:36.75488
7092,nlnetlabs.nl,68,adequate,5,6,26.37.20,2026-03-16 14:31:20.214278
7094,red.com,72.666664,adequate,5,6,26.37.20,2026-03-16 14:32:02.50405
7098,whitehouse.gov,75.666664,good,5,5,26.37.20,2026-03-16 14:32:52.788021
7189,filantropia.ro,68.666664,adequate,5,5,26.37.20,2026-03-16 15:57:20.812226
7191,steinr.eu,71.75,adequate,5,6,26.37.20,2026-03-16 15:57:44.656313
7200,kadse.dev,70.666664,adequate,5,3,26.37.20,2026-03-16 15:58:08.341431
7202,caolt.ro,76.666664,good,5,5,26.37.20,2026-03-16 15:58:12.435206
7204,thehumphries.org,74.666664,adequate,5,5,26.37.20,2026-03-16 15:58:18.780737
7247,dnsstuff.com,73.416664,adequate,5,6,26.37.23,2026-03-17 09:01:51.268423
7252,me,72.666664,adequate,5,2,26.37.23,2026-03-17 09:06:05.737053
7254,isc.org,76.65476,good,5,7,26.37.23,2026-03-17 09:06:15.751185
7255,caolt.ro,76.666664,good,5,5,26.37.23,2026-03-17 09:06:41.645516
7256,valentin.run,83,good,5,6,26.37.23,2026-03-17 09:06:44.045347
7362,thehumphries.org,74.666664,adequate,5,5,26.37.23,2026-03-17 14:39:49.127072
7365,thehumphries.org,74.666664,adequate,5,5,26.37.23,2026-03-17 14:40:03.531956
7373,apple.com,74.04762,adequate,5,7,26.37.23,2026-03-17 14:41:43.279142
7445,scfcv.ro,64.666664,adequate,5,5,26.37.23,2026-03-17 18:26:39.030515
7480,nlnetlabs.nl,68,adequate,5,6,26.37.23,2026-03-18 03:17:27.143847
7481,nlnetlabs.nl,68,adequate,5,6,26.37.23,2026-03-18 03:17:54.126324
7482,nlnetlabs.nl,68,adequate,5,6,26.37.23,2026-03-18 03:17:55.588315
7564,nlnetlabs.nl,68,adequate,5,6,26.37.23,2026-03-18 03:39:13.683146
7580,nlnetlabs.nl,68,adequate,5,6,26.37.23,2026-03-18 03:41:57.256392
7606,mercadopago.com,72.666664,adequate,5,6,26.37.23,2026-03-18 06:37:02.33894
7647,nlnetlabs.nl,68,adequate,5,6,26.37.28,2026-03-18 07:10:04.229557
7648,nlnetlabs.nl,68,adequate,5,6,26.37.28,2026-03-18 07:10:17.491394
7714,nlnetlabs.nl,68,adequate,5,6,26.37.28,2026-03-18 07:23:52.238918
7716,nlnetlabs.nl,68,adequate,5,6,26.37.28,2026-03-18 07:24:12.91735
7719,nlnetlabs.nl,68,adequate,5,6,26.37.28,2026-03-18 07:24:48.020782
7720,nlnetlabs.nl,68,adequate,5,6,26.37.28,2026-03-18 07:25:03.841601
7722,nlnetlabs.nl,68,adequate,5,6,26.37.28,2026-03-18 07:25:29.162739
7749,nlnetlabs.nl,68,adequate,5,6,26.37.28,2026-03-18 07:31:34.435347
7750,nlnetlabs.nl,68,adequate,5,6,26.37.28,2026-03-18 07:31:36.105293
3839,glendun.com.au,70.666664,adequate,5,5,26.35.15,2026-03-07 23:25:39.294164
3840,beechtreenews.com,73,adequate,5,6,26.35.15,2026-03-07 23:25:49.751439
4758,dnstool.it-help.tech,77.333336,good,5,3,26.35.32,2026-03-09 14:39:41.191095
4760,spitalulhorezu.ro,76.666664,good,5,5,26.35.32,2026-03-09 14:40:06.952701
4766,hegel.net,76.333336,good,5,6,26.35.32,2026-03-09 14:40:41.540738
4767,spitalsighet.ro,76.666664,good,5,5,26.35.32,2026-03-09 14:40:48.085894
4852,contractvault.com,72.833336,adequate,5,4,26.35.32,2026-03-09 21:24:21.000108
4909,google.com,68.7619,adequate,5,7,26.35.34,2026-03-10 04:35:15.226763
5010,spitalulorasenescbaicoi.ro,73,adequate,5,6,26.35.35,2026-03-10 14:13:34.299061
5014,spitalulorasenescbaicoi.ro,73,adequate,5,6,26.35.35,2026-03-10 14:13:56.866668
5015,knoxminerals.com,74.666664,adequate,5,5,26.35.35,2026-03-10 14:14:14.950581
5016,franklinroadacademy.com,74.666664,adequate,5,5,26.35.35,2026-03-10 14:18:31.471404
5171,spitalsovata.ro,74.666664,adequate,5,5,26.35.35,2026-03-10 15:22:50.315873
5173,anva.ch,82.190475,good,5,7,26.35.35,2026-03-10 15:22:55.074533
5267,knoxminerals.com,74.666664,adequate,5,5,26.35.35,2026-03-10 19:35:04.007795
5269,hegel.net,74.666664,adequate,5,6,26.35.35,2026-03-10 19:35:04.617805
5339,tuta.io,75.04762,good,5,7,26.35.35,2026-03-11 01:23:03.200701
5393,ibm.com,71,adequate,5,6,26.35.35,2026-03-11 06:10:17.368145
5394,ibm.com,66.75,adequate,5,6,26.35.35,2026-03-11 06:10:35.278863
5445,blauwsurvey.com,82,good,5,6,26.36.01,2026-03-11 12:36:33.866631
5564,couchmvp.com,77.666664,good,5,2,26.36.01,2026-03-11 14:51:27.638795
5573,optonline.net,76.666664,good,5,5,26.36.01,2026-03-11 14:52:34.548095
5663,surland.de,84.666664,good,5,6,26.36.01,2026-03-11 19:41:55.906217
5710,z1mac.com,74,adequate,5,3,26.36.06,2026-03-12 06:17:22.019579
5711,hirt.dev,75.47619,good,5,7,26.36.06,2026-03-12 06:17:26.403148
5716,bakr.de,69.666664,adequate,5,6,26.36.06,2026-03-12 06:19:56.016621
5717,hogwarts.steinr.eu,61.833332,adequate,5,8,26.36.06,2026-03-12 06:20:06.12014
5846,cnn.com,70.333336,adequate,5,6,26.36.11,2026-03-12 09:11:00.659294
5895,insmc.ro,76.666664,good,5,5,26.36.11,2026-03-12 12:57:38.782641
5999,business29.web-hosting.com,71.333336,adequate,5,1,26.36.11,2026-03-12 14:41:40.999488
6007,blauw-survey.com,72.833336,adequate,5,4,26.36.11,2026-03-12 14:42:04.573225
6015,fredduval.com,82.666664,good,5,5,26.36.11,2026-03-12 14:42:39.634787
6021,dns-observe.com,80.666664,good,5,5,26.36.11,2026-03-12 14:44:22.872991
6023,probe-us-02.dns-observe.com,70.666664,adequate,5,3,26.36.11,2026-03-12 14:44:35.723097
6025,mx1.blauw-survey.com,71.333336,adequate,5,1,26.36.11,2026-03-12 14:44:59.841657
6153,smlugoj.ro,66.666664,adequate,5,5,26.36.11,2026-03-12 15:56:00.488483
6210,binaryflix.space,77.333336,good,5,3,26.36.11,2026-03-12 20:21:14.566377
6211,telekom.de,77.666664,good,5,5,26.36.11,2026-03-12 20:24:25.57495
6262,omzcloud.vn,72,adequate,5,6,26.36.11,2026-03-13 07:11:51.409477
6367,apple.com,73.79762,adequate,5,7,26.36.11,2026-03-13 14:29:34.583715
6370,freebsd.org,83.61905,good,5,7,26.36.11,2026-03-13 14:29:49.885735
6542,co.uk,67.666664,adequate,5,2,26.36.11,2026-03-13 15:38:14.72876
6544,web-hosting.com,74.666664,adequate,5,5,26.36.11,2026-03-13 15:38:29.843272
6547,fugro.com,75.416664,good,5,5,26.36.11,2026-03-13 15:38:49.772947
6549,co.uk,67.666664,adequate,5,2,26.36.11,2026-03-13 15:39:03.197914
6694,nlnetlabs.nl,68,adequate,5,6,26.36.15,2026-03-14 08:55:02.979825
6697,fbi.gov,74.04762,adequate,5,7,26.36.15,2026-03-14 08:55:16.588872
6699,pocketflows.com,73,adequate,5,6,26.36.15,2026-03-14 08:55:21.018566
6701,cloudflare.com,69.7619,adequate,5,7,26.36.15,2026-03-14 08:56:02.339855
6703,technikfreak.co,74,adequate,5,3,26.36.15,2026-03-14 08:56:38.038004
6706,pdcnet.org,73,adequate,5,6,26.36.15,2026-03-14 08:57:38.717101
6707,hotmail.com,83,good,5,6,26.36.15,2026-03-14 08:57:48.178459
6817,restretail.com,82.666664,good,5,5,26.37.04,2026-03-14 20:05:43.446026
6924,example.co.uk,70.333336,adequate,5,4,26.37.14,2026-03-15 17:26:33.356432
7093,it-help.tech,80.190475,good,5,7,26.37.20,2026-03-16 14:31:21.330486
7095,red.com,72.666664,adequate,5,6,26.37.20,2026-03-16 14:32:23.727085
7193,patientreminder.com,81.416664,good,5,5,26.37.20,2026-03-16 15:57:45.366444
7211,kali.org,77.90476,good,5,7,26.37.20,2026-03-16 15:58:53.48962
7250,kadse.dev,70.666664,adequate,5,3,26.37.23,2026-03-17 09:05:42.820005
7253,fugro.com,77.416664,good,5,5,26.37.23,2026-03-17 09:06:06.419506
7257,networksolutions.com,75.666664,good,5,5,26.37.23,2026-03-17 09:06:51.883688
7259,kokee.net,75.333336,good,5,4,26.37.23,2026-03-17 09:07:19.279107
7260,ehmrealty.com,78.666664,good,5,5,26.37.23,2026-03-17 09:07:26.7952
7262,sjv.ro,74.666664,adequate,5,5,26.37.23,2026-03-17 09:08:08.062639
7264,cisa.gov,71,adequate,5,6,26.37.23,2026-03-17 09:08:30.991321
7266,smlugoj.ro,66.666664,adequate,5,5,26.37.23,2026-03-17 09:09:14.464361
7271,hegel.org,84.666664,good,5,5,26.37.23,2026-03-17 09:10:23.809223
7364,spitalulhuedin.ro,76.666664,good,5,5,26.37.23,2026-03-17 14:39:54.829438
7369,ohg-nagold.de,66.666664,adequate,5,5,26.37.23,2026-03-17 14:40:29.818243
7371,2911.us,81.333336,good,5,6,26.37.23,2026-03-17 14:41:18.306976
7446,filerequestpro.com,73,adequate,5,6,26.37.23,2026-03-17 19:38:43.761336
7483,nlnetlabs.nl,68,adequate,5,6,26.37.23,2026-03-18 03:18:17.270623
7497,nlnetlabs.nl,68,adequate,5,6,26.37.23,2026-03-18 03:21:49.808967
7567,nlnetlabs.nl,68,adequate,5,6,26.37.23,2026-03-18 03:39:25.256196
7570,nlnetlabs.nl,68,adequate,5,6,26.37.23,2026-03-18 03:39:58.226734
7571,nlnetlabs.nl,68,adequate,5,6,26.37.23,2026-03-18 03:40:25.853306
7572,nlnetlabs.nl,68,adequate,5,6,26.37.23,2026-03-18 03:40:26.949482
7607,google.com,68.7619,adequate,5,7,26.37.23,2026-03-18 06:56:04.217921
7612,google.com,70.190475,adequate,5,7,26.37.23,2026-03-18 06:56:27.598989
7649,nlnetlabs.nl,68,adequate,5,6,26.37.28,2026-03-18 07:10:28.183548
7650,nlnetlabs.nl,68,adequate,5,6,26.37.28,2026-03-18 07:10:41.924677
7652,nlnetlabs.nl,68,adequate,5,6,26.37.28,2026-03-18 07:11:04.704201
7658,nlnetlabs.nl,68,adequate,5,6,26.37.28,2026-03-18 07:12:12.857342
7718,nlnetlabs.nl,68,adequate,5,6,26.37.28,2026-03-18 07:24:40.981558
7751,nlnetlabs.nl,68,adequate,5,6,26.37.28,2026-03-18 07:31:57.193862
7788,nlnetlabs.nl,68,adequate,5,6,26.37.28,2026-03-18 07:40:58.215746
7789,nlnetlabs.nl,68,adequate,5,6,26.37.28,2026-03-18 07:41:06.908856
7793,nlnetlabs.nl,68,adequate,5,6,26.37.28,2026-03-18 07:41:53.634916
7796,nlnetlabs.nl,68,adequate,5,6,26.37.28,2026-03-18 07:42:28.215566
3842,sportcommunities.group,82.190475,good,5,7,26.35.15,2026-03-07 23:27:02.159297
3843,sportcommunities.group,82.190475,good,5,7,26.35.15,2026-03-07 23:27:32.300294
3844,apple.com,72.36905,adequate,5,7,26.35.15,2026-03-07 23:28:27.119445
3846,apple.com,72.36905,adequate,5,7,26.35.15,2026-03-07 23:28:55.516931
3850,apple.com,75.22619,good,5,7,26.35.15,2026-03-07 23:29:19.034327
3851,ortopedieazuga.ro,74.666664,adequate,5,5,26.35.15,2026-03-07 23:29:31.189336
3853,insmc.ro,80.666664,good,5,5,26.35.15,2026-03-07 23:29:43.23905
3855,filantropia.ro,68.666664,adequate,5,5,26.35.15,2026-03-07 23:29:47.627723
3856,sap.de,74.666664,adequate,5,5,26.35.15,2026-03-07 23:29:51.241678
3857,ortopedieazuga.ro,74.666664,adequate,5,5,26.35.15,2026-03-07 23:29:53.948077
3858,blauwsurvey.com,82,good,5,6,26.35.15,2026-03-07 23:30:01.251146
3859,insmc.ro,73.666664,adequate,5,5,26.35.15,2026-03-07 23:30:10.530942
3860,sap.de,74.666664,adequate,5,5,26.35.15,2026-03-07 23:30:12.566908
3861,filantropia.ro,68.666664,adequate,5,5,26.35.15,2026-03-07 23:30:14.941113
3862,com.au,72.666664,adequate,5,2,26.35.15,2026-03-07 23:30:17.690813
3863,com.au,72.666664,adequate,5,2,26.35.15,2026-03-07 23:30:22.424239
3864,blauwsurvey.com,82,good,5,6,26.35.15,2026-03-07 23:30:22.838905
3865,westcappowerequipment.com,80.666664,good,5,5,26.35.15,2026-03-07 23:30:34.211989
3866,purpleflock.com,82.190475,good,5,7,26.35.15,2026-03-07 23:30:37.91909
3867,spitalmciuc.ro,73.666664,adequate,5,5,26.35.15,2026-03-07 23:30:44.018126
3868,fullmindlearning.com,69.666664,adequate,5,5,26.35.15,2026-03-07 23:30:51.278641
3869,couchmvp.com,77.666664,good,5,2,26.35.15,2026-03-07 23:30:53.098783
3870,westcappowerequipment.com,80.666664,good,5,5,26.35.15,2026-03-07 23:30:54.853886
3871,purpleflock.com,82.190475,good,5,7,26.35.15,2026-03-07 23:30:57.497134
3872,it-help.tech,80.190475,good,5,7,26.35.15,2026-03-07 23:30:59.285043
3873,couchmvp.com,77.666664,good,5,2,26.35.15,2026-03-07 23:31:01.076162
3874,whitehouse.gov,76.666664,good,5,5,26.35.15,2026-03-07 23:31:03.307731
3875,whitehouse.gov,73.666664,adequate,5,5,26.35.15,2026-03-07 23:31:07.930168
3876,server.it-help.tech,77.333336,good,5,3,26.35.15,2026-03-07 23:31:11.292418
3877,fullmindlearning.com,69.666664,adequate,5,5,26.35.15,2026-03-07 23:31:11.713535
3878,it-help.tech,78.7619,good,5,7,26.35.15,2026-03-07 23:31:21.225086
3879,server.it-help.tech,77.333336,good,5,3,26.35.15,2026-03-07 23:31:39.740743
3880,weather.gov,67.666664,adequate,5,5,26.35.15,2026-03-07 23:31:47.353287
3881,weather.gov,67.666664,adequate,5,5,26.35.15,2026-03-07 23:31:55.303924
3882,natashabedingfield.com,69.666664,adequate,5,5,26.35.15,2026-03-07 23:31:59.344966
3883,server.it-help.tech,77.333336,good,5,3,26.35.15,2026-03-07 23:31:59.852039
3884,spitalulhorezu.ro,76.666664,good,5,5,26.35.15,2026-03-07 23:32:03.652043
3885,guarinoadvisors.com,73,adequate,5,6,26.35.15,2026-03-07 23:32:11.363021
3886,natashabedingfield.com,67.666664,adequate,5,5,26.35.15,2026-03-07 23:32:22.525444
3887,spitalulhorezu.ro,76.666664,good,5,5,26.35.15,2026-03-07 23:32:26.445827
3888,binaryflix.space,77.333336,good,5,3,26.35.15,2026-03-07 23:32:27.343753
3889,uke.de,72,adequate,5,6,26.35.15,2026-03-07 23:32:31.360617
3890,switch.com,69.666664,adequate,5,5,26.35.15,2026-03-07 23:32:31.960055
3891,mta-sts.purpleflock.net,77.666664,good,5,5,26.35.15,2026-03-07 23:32:35.363177
3892,binaryflix.space,77.333336,good,5,3,26.35.15,2026-03-07 23:32:35.65931
3893,guarinoadvisors.com,73,adequate,5,6,26.35.15,2026-03-07 23:32:39.784301
3894,mta-sts.purpleflock.net,77.416664,good,5,5,26.35.15,2026-03-07 23:32:40.283853
3895,dnstool.it-help.tech,77.333336,good,5,3,26.35.15,2026-03-07 23:32:44.693788
3896,izvoru.ro,78.666664,good,5,5,26.35.15,2026-03-07 23:32:45.785874
3897,sovanta.com,79.666664,good,5,5,26.35.15,2026-03-07 23:32:47.384358
3898,switch.com,69.416664,adequate,5,5,26.35.15,2026-03-07 23:32:56.626364
3899,spitalmoldovanoua.ro,74.666664,adequate,5,5,26.35.15,2026-03-07 23:32:58.368868
3900,uke.de,72,adequate,5,6,26.35.15,2026-03-07 23:32:58.810798
3901,guarinoadvisors.com,71.333336,adequate,5,6,26.35.15,2026-03-07 23:33:11.021323
3902,sovanta.com,81.416664,good,5,5,26.35.15,2026-03-07 23:33:17.822324
3903,me,72.666664,adequate,5,2,26.35.15,2026-03-07 23:33:25.866458
3904,oxidesurvival.com,80.666664,good,5,3,26.35.15,2026-03-07 23:33:31.41863
3905,red.com,70.5,adequate,5,6,26.35.15,2026-03-07 23:33:39.42551
3906,poop.com,74,adequate,5,3,26.35.15,2026-03-07 23:33:41.421115
3907,oxidesurvival.com,80.666664,good,5,3,26.35.15,2026-03-07 23:33:42.72496
3908,sovanta.com,81.416664,good,5,5,26.35.15,2026-03-07 23:33:44.456936
3909,blauw.com,79.416664,good,5,5,26.35.15,2026-03-07 23:33:47.413245
3910,kisa.org.cy,84.666664,good,5,5,26.35.15,2026-03-07 23:33:53.479394
3911,steinr.eu,71.75,adequate,5,6,26.35.15,2026-03-07 23:34:05.523115
3912,red.com,72.166664,adequate,5,6,26.35.15,2026-03-07 23:34:07.853787
3913,poop.com,74,adequate,5,3,26.35.15,2026-03-07 23:34:09.859919
3914,blauw.com,79.416664,good,5,5,26.35.15,2026-03-07 23:34:15.938011
3915,kisa.org.cy,84.666664,good,5,5,26.35.15,2026-03-07 23:34:23.903454
3916,poop.com,74,adequate,5,3,26.35.15,2026-03-07 23:34:25.226105
3917,steinr.eu,71.75,adequate,5,6,26.35.15,2026-03-07 23:34:37.58404
3918,red.com,72.166664,adequate,5,6,26.35.15,2026-03-07 23:34:38.119959
3919,blauw.com,79.416664,good,5,5,26.35.15,2026-03-07 23:34:42.960236
3920,kisa.org.cy,84.666664,good,5,5,26.35.15,2026-03-07 23:34:55.608473
3921,steinr.eu,71.75,adequate,5,6,26.35.15,2026-03-07 23:35:08.821452
3922,spitalsovata.ro,74.666664,adequate,5,5,26.35.15,2026-03-07 23:36:07.94151
3923,1liner.com,78.666664,good,5,5,26.35.15,2026-03-07 23:36:09.937739
3924,markphd.me,76.583336,good,5,4,26.35.15,2026-03-07 23:36:19.933501
3925,optonline.net,74.666664,adequate,5,5,26.35.15,2026-03-07 23:36:24.314209
3926,cisa.gov,70.5,adequate,5,6,26.35.15,2026-03-07 23:36:25.955078
3927,dpsg-bodensee.de,73,adequate,5,6,26.35.15,2026-03-07 23:36:31.957878
3928,1liner.com,78.666664,good,5,5,26.35.15,2026-03-07 23:36:36.721818
3929,markphd.me,76.583336,good,5,4,26.35.15,2026-03-07 23:36:37.827569
3930,spitalsovata.ro,74.666664,adequate,5,5,26.35.15,2026-03-07 23:36:38.151085
3931,ifacforl.ro,68.666664,adequate,5,5,26.35.15,2026-03-07 23:36:48.574196
3932,optonline.net,76.666664,good,5,5,26.35.15,2026-03-07 23:36:50.614835
3933,caolt.ro,76.666664,good,5,5,26.35.15,2026-03-07 23:36:55.893905
3934,cisa.gov,70.5,adequate,5,6,26.35.15,2026-03-07 23:36:56.283039
3935,dpsg-bodensee.de,69.666664,adequate,5,6,26.35.15,2026-03-07 23:36:58.172006
3936,spitalsovata.ro,74.666664,adequate,5,5,26.35.15,2026-03-07 23:37:00.43531
3937,cisa.gov,71,adequate,5,6,26.35.15,2026-03-07 23:37:17.751024
4770,pdcnet.org,73,adequate,5,6,26.35.32,2026-03-09 14:48:29.27574
4853,contractvault.com,72.833336,adequate,5,4,26.35.32,2026-03-09 21:24:38.787354
4910,red.com,72.666664,adequate,5,6,26.35.35,2026-03-10 04:42:27.229223
5017,franklinroadacademy.com,74.666664,adequate,5,5,26.35.35,2026-03-10 14:19:00.296777
5019,hortongroup.com,78.666664,good,5,5,26.35.35,2026-03-10 14:20:01.794058
5020,dispatchgrid.com,81.416664,good,5,5,26.35.35,2026-03-10 14:20:05.830792
5022,hortongroup.com,78.666664,good,5,5,26.35.35,2026-03-10 14:20:33.084503
5023,dispatchgrid.com,82.666664,good,5,5,26.35.35,2026-03-10 14:20:36.254006
5028,beechtreenews.com,71.333336,adequate,5,6,26.35.35,2026-03-10 14:21:07.284914
5029,spitalgiurgiu.ro,74.666664,adequate,5,5,26.35.35,2026-03-10 14:21:10.064868
5030,transbusbuzau.ro,80.666664,good,5,5,26.35.35,2026-03-10 14:21:19.226742
5031,hegel.net,76.333336,good,5,6,26.35.35,2026-03-10 14:21:22.150664
5038,transbusbuzau.ro,80.666664,good,5,5,26.35.35,2026-03-10 14:21:49.490279
5042,binaryflix.space,77.333336,good,5,3,26.35.35,2026-03-10 14:22:03.390735
5043,spitalgiurgiu.ro,73.416664,adequate,5,5,26.35.35,2026-03-10 14:22:06.416948
5045,mateibals.ro,70.666664,adequate,5,5,26.35.35,2026-03-10 14:22:07.318276
5048,nsfnow.com,82.666664,good,5,5,26.35.35,2026-03-10 14:22:27.04094
5174,spitalulhorezu.ro,76.666664,good,5,5,26.35.35,2026-03-10 15:23:01.947765
5177,tesla.com,65.666664,adequate,5,5,26.35.35,2026-03-10 15:23:09.766221
5180,glendun.com.au,69.416664,adequate,5,5,26.35.35,2026-03-10 15:23:15.105456
5181,livearchive.net,71.333336,adequate,5,6,26.35.35,2026-03-10 15:23:29.752525
5182,tesla.com,65.416664,adequate,5,5,26.35.35,2026-03-10 15:23:39.82914
5268,dpsg-bodensee.de,69.666664,adequate,5,6,26.35.35,2026-03-10 19:35:04.025744
5340,spitalmoldovanoua.ro,74.666664,adequate,5,5,26.35.35,2026-03-11 01:26:35.469046
5395,burghele.ro,74.666664,adequate,5,5,26.35.35,2026-03-11 06:21:12.400707
5396,burghele.ro,74.666664,adequate,5,5,26.35.35,2026-03-11 06:21:34.26894
5446,fugro.com,79.666664,good,5,5,26.36.01,2026-03-11 13:31:45.598085
5574,mtadistributors.com,76.666664,good,5,5,26.36.01,2026-03-11 14:52:43.281763
5575,dpsg-radolfzell.de,76.47619,good,5,7,26.36.01,2026-03-11 14:52:51.008708
5583,mercadopago.com,72.166664,adequate,5,6,26.36.01,2026-03-11 14:53:27.301975
5594,vallige-api.com,72.666664,adequate,5,2,26.36.01,2026-03-11 14:55:29.449292
5598,kokee.net,75.333336,good,5,4,26.36.01,2026-03-11 14:55:39.38826
5664,fredduval.com,82.666664,good,5,5,26.36.01,2026-03-11 19:53:36.213762
5712,squareup.com,67.666664,adequate,5,5,26.36.06,2026-03-12 06:17:35.617825
5847,fugro.com,73.666664,adequate,5,5,26.36.11,2026-03-12 09:20:11.429265
5848,z1mac.com,74,adequate,5,3,26.36.11,2026-03-12 09:22:54.904925
5896,rg443.click,71.833336,adequate,5,4,26.36.11,2026-03-12 12:58:13.190291
6003,mta-sts.purpleflock.com,78.666664,good,5,5,26.36.11,2026-03-12 14:41:46.960467
6009,me,72.666664,adequate,5,2,26.36.11,2026-03-12 14:42:13.088059
6017,dev.lms.fullmindlearning.com,59.333332,adequate,5,8,26.36.11,2026-03-12 14:42:49.565933
6020,dev.lms.fullmindlearning.com,59.333332,adequate,5,8,26.36.11,2026-03-12 14:43:19.903024
6022,valentin.run,83,good,5,6,26.36.11,2026-03-12 14:44:34.35558
6024,pocketflows.com,73,adequate,5,6,26.36.11,2026-03-12 14:44:57.628395
6027,pocketflows.com,73,adequate,5,6,26.36.11,2026-03-12 14:45:27.944819
6028,mx1.blauw-survey.com,71.333336,adequate,5,1,26.36.11,2026-03-12 14:45:30.28951
6029,filerequestpro.com,71.333336,adequate,5,6,26.36.11,2026-03-12 14:45:49.921932
6154,gmg-attendorn.de,82.666664,good,5,5,26.36.11,2026-03-12 16:00:25.528777
6213,franklinroadacademy.com,74.666664,adequate,5,5,26.36.11,2026-03-12 20:31:32.348445
6214,beechtreenews.com,73,adequate,5,6,26.36.11,2026-03-12 20:32:05.447488
6216,business29.web-hosting.com,71.333336,adequate,5,1,26.36.11,2026-03-12 20:34:36.482392
6263,microsoft.com,81.61905,good,5,7,26.36.11,2026-03-13 07:23:23.271449
6264,cia.gov,76.90476,good,5,7,26.36.11,2026-03-13 07:24:03.880676
6265,example.com,71.333336,adequate,5,6,26.36.11,2026-03-13 07:24:46.78217
6379,www.cnn.com,59.333332,adequate,5,8,26.36.11,2026-03-13 14:30:47.235968
6385,www.cnn.com,59.583332,adequate,5,8,26.36.11,2026-03-13 14:31:20.782307
6386,dpsg-bodensee.de,69.666664,adequate,5,6,26.36.11,2026-03-13 14:31:28.610652
6390,cnn.com,70.333336,adequate,5,6,26.36.11,2026-03-13 14:32:41.923715
6397,porp.stream,77.333336,good,5,3,26.36.11,2026-03-13 14:33:37.401651
6403,microsoft.com,83.04762,good,5,7,26.36.11,2026-03-13 14:34:12.08589
6405,guarinoadvisors.com,72.666664,adequate,5,5,26.36.11,2026-03-13 14:34:24.575668
6409,hogwarts.steinr.eu,61.833332,adequate,5,8,26.36.11,2026-03-13 14:34:47.119013
6543,pizazzmusiccamp.org,68.666664,adequate,5,5,26.36.11,2026-03-13 15:38:24.316992
6546,co.uk,67.666664,adequate,5,2,26.36.11,2026-03-13 15:38:43.375138
6556,lincolnapps.co,74.083336,adequate,5,4,26.36.11,2026-03-13 15:39:25.197757
6557,red.com,72.166664,adequate,5,6,26.36.11,2026-03-13 15:39:27.370621
6558,valentin.run,83,good,5,6,26.36.11,2026-03-13 15:39:30.156533
6560,schedule.it-help.tech,77.333336,good,5,3,26.36.11,2026-03-13 15:40:27.538183
6695,hortongroup.com,78.666664,good,5,5,26.36.15,2026-03-14 08:55:04.694773
6698,cnn.com,70.333336,adequate,5,6,26.36.15,2026-03-14 08:55:16.860169
6704,thehumphries.org,74.666664,adequate,5,5,26.36.15,2026-03-14 08:56:48.850075
6818,wisestamp.com,71.666664,adequate,5,5,26.37.04,2026-03-14 21:08:56.227985
6925,example.co.uk,70.333336,adequate,5,4,26.37.14,2026-03-15 17:26:34.129922
7096,innbn-bucuresti.ro,74.666664,adequate,5,5,26.37.20,2026-03-16 14:32:31.45618
7097,sportcommunities.group,82.190475,good,5,7,26.37.20,2026-03-16 14:32:42.670513
7101,cisa.gov,69.333336,adequate,5,6,26.37.20,2026-03-16 14:33:31.890306
7197,spitalulhuedin.ro,74.666664,adequate,5,5,26.37.20,2026-03-16 15:57:51.317258
7251,server.it-help.tech,77.333336,good,5,3,26.37.23,2026-03-17 09:05:52.142319
7377,apple.com,72.61905,adequate,5,7,26.37.23,2026-03-17 14:42:04.298587
7379,openai.com,68.666664,adequate,5,6,26.37.23,2026-03-17 14:42:09.305219
7447,caolt.ro,80.666664,good,5,5,26.37.23,2026-03-17 19:39:46.710254
7484,nlnetlabs.nl,68,adequate,5,6,26.37.23,2026-03-18 03:18:39.189512
7494,nlnetlabs.nl,68,adequate,5,6,26.37.23,2026-03-18 03:21:07.215918
7573,nlnetlabs.nl,68,adequate,5,6,26.37.23,2026-03-18 03:40:47.028078
7576,nlnetlabs.nl,68,adequate,5,6,26.37.23,2026-03-18 03:41:11.319038
7577,nlnetlabs.nl,68,adequate,5,6,26.37.23,2026-03-18 03:41:17.885861
7586,nlnetlabs.nl,68,adequate,5,6,26.37.23,2026-03-18 03:42:58.081579
3938,pocketflows.com,73,adequate,5,6,26.35.15,2026-03-07 23:38:50.866699
3939,dnstool.it-help.tech,77.333336,good,5,3,26.35.15,2026-03-07 23:39:27.278618
3940,cia.gov,76.90476,good,5,7,26.35.15,2026-03-07 23:39:56.87455
3941,cloudflare.com,69.7619,adequate,5,7,26.35.15,2026-03-07 23:40:02.980492
3942,nsa.gov,75.666664,good,5,5,26.35.15,2026-03-07 23:40:10.919156
3943,cloudflare.com,69.7619,adequate,5,7,26.35.15,2026-03-07 23:40:17.258194
3944,cia.gov,76.90476,good,5,7,26.35.15,2026-03-07 23:40:17.591169
3945,2911.us,81.333336,good,5,6,26.35.15,2026-03-07 23:40:23.506068
3946,kadse.dev,70.666664,adequate,5,3,26.35.15,2026-03-07 23:40:29.509821
3947,nsa.gov,75.666664,good,5,5,26.35.15,2026-03-07 23:40:30.606698
3948,kadse.dev,70.666664,adequate,5,3,26.35.15,2026-03-07 23:40:33.863986
3949,amazon.com,69.666664,adequate,5,5,26.35.15,2026-03-07 23:40:37.533522
3950,2911.us,81.333336,good,5,6,26.35.15,2026-03-07 23:40:45.973702
3951,misconfigured.com,77.333336,good,5,3,26.35.15,2026-03-07 23:40:49.998972
3952,misconfigured.com,77.333336,good,5,3,26.35.15,2026-03-07 23:40:55.282027
3953,amazon.com,71.666664,adequate,5,5,26.35.15,2026-03-07 23:40:59.321029
3954,web-hosting.com,74.666664,adequate,5,5,26.35.15,2026-03-07 23:41:03.021626
3955,openai.com,70.333336,adequate,5,6,26.35.15,2026-03-07 23:41:12.004955
3956,example.com,73,adequate,5,6,26.35.15,2026-03-07 23:41:18.009336
3957,example.com,71.333336,adequate,5,6,26.35.15,2026-03-07 23:41:22.739564
3958,web-hosting.com,74.666664,adequate,5,5,26.35.15,2026-03-07 23:41:23.305383
3959,openai.com,72,adequate,5,6,26.35.15,2026-03-07 23:41:32.598243
3960,sjv.ro,74.666664,adequate,5,5,26.35.15,2026-03-07 23:41:37.564411
3961,business29.web-hosting.com,71.333336,adequate,5,1,26.35.15,2026-03-07 23:56:57.644531
3962,kali.org,79.333336,good,5,7,26.35.15,2026-03-08 00:13:53.130137
3963,usa.gov,72.666664,adequate,5,5,26.35.15,2026-03-08 00:16:58.978491
3964,usa.gov,72.666664,adequate,5,5,26.35.15,2026-03-08 00:17:31.135653
3965,usa.gov,72.666664,adequate,5,5,26.35.15,2026-03-08 00:18:01.716658
3966,thehumphries.org,74.666664,adequate,5,5,26.35.15,2026-03-08 00:25:47.298842
3967,tesla.com,65.666664,adequate,5,5,26.35.15,2026-03-08 00:33:38.936776
3968,westbyforcongress.com,80.666664,good,5,5,26.35.15,2026-03-08 00:33:50.633267
3969,tesla.com,65.666664,adequate,5,5,26.35.15,2026-03-08 00:34:02.126843
3970,westbyforcongress.com,80.666664,good,5,5,26.35.15,2026-03-08 00:34:08.931448
3971,pdcnet.org,73,adequate,5,6,26.35.16,2026-03-08 00:36:17.748658
3972,pdcnet.org,73,adequate,5,6,26.35.16,2026-03-08 00:36:39.967498
3973,spjslatina.ro,68.666664,adequate,5,5,26.35.16,2026-03-08 00:38:17.398027
3974,spjslatina.ro,68.666664,adequate,5,5,26.35.16,2026-03-08 00:38:45.929831
3975,spjslatina.ro,68.666664,adequate,5,5,26.35.16,2026-03-08 00:39:16.555332
3976,nlnetlabs.nl,68,adequate,5,6,26.35.17,2026-03-08 01:03:54.118765
3977,google.com,69.190475,adequate,5,7,26.35.17,2026-03-08 01:03:55.774698
3978,freebsd.org,86.47619,good,5,7,26.35.17,2026-03-08 01:03:57.707289
3979,ietf.org,73,adequate,5,6,26.35.17,2026-03-08 01:03:59.939328
3980,dnstool.it-help.tech,77.333336,good,5,3,26.35.17,2026-03-08 01:04:04.384337
3981,nlnetlabs.nl,68,adequate,5,6,26.35.17,2026-03-08 01:04:15.450558
3982,google.com,70.190475,adequate,5,7,26.35.17,2026-03-08 01:04:17.287309
3983,ietf.org,73,adequate,5,6,26.35.17,2026-03-08 01:04:19.533691
3984,tesla.com,65.666664,adequate,5,5,26.35.17,2026-03-08 01:04:19.678092
3985,freebsd.org,86.47619,good,5,7,26.35.17,2026-03-08 01:04:20.251852
3986,misconfigured.com,77.333336,good,5,3,26.35.17,2026-03-08 01:04:47.79056
3987,tesla.com,65.666664,adequate,5,5,26.35.17,2026-03-08 01:04:49.584765
3988,misconfigured.com,77.333336,good,5,3,26.35.17,2026-03-08 01:04:53.051484
3989,web-hosting.com,72.666664,adequate,5,5,26.35.17,2026-03-08 01:05:05.73766
3990,kali.org,79.333336,good,5,7,26.35.17,2026-03-08 01:05:15.749598
3991,pocketflows.com,73,adequate,5,6,26.35.17,2026-03-08 01:05:17.827396
3992,business29.web-hosting.com,71.333336,adequate,5,1,26.35.17,2026-03-08 01:05:25.664371
3993,openai.com,70.333336,adequate,5,6,26.35.17,2026-03-08 01:05:29.798899
3994,web-hosting.com,74.666664,adequate,5,5,26.35.17,2026-03-08 01:05:35.36435
3995,thehumphries.org,74.666664,adequate,5,5,26.35.17,2026-03-08 01:05:39.750484
3996,kali.org,77.90476,good,5,7,26.35.17,2026-03-08 01:05:46.037472
3997,pocketflows.com,73,adequate,5,6,26.35.17,2026-03-08 01:05:46.814269
3998,amazon.com,71.666664,adequate,5,5,26.35.17,2026-03-08 01:05:51.796236
3999,cia.gov,76.90476,good,5,7,26.35.17,2026-03-08 01:05:54.296221
4000,example.com,73,adequate,5,6,26.35.17,2026-03-08 01:05:57.754618
4001,openai.com,68.833336,adequate,5,6,26.35.17,2026-03-08 01:05:59.452462
4002,web-hosting.com,74.666664,adequate,5,5,26.35.17,2026-03-08 01:06:00.812783
4003,kadse.dev,70.666664,adequate,5,3,26.35.17,2026-03-08 01:06:01.70155
4004,thehumphries.org,74.666664,adequate,5,5,26.35.17,2026-03-08 01:06:06.612712
4005,sjv.ro,74.666664,adequate,5,5,26.35.17,2026-03-08 01:06:07.720051
4006,kali.org,76.47619,good,5,7,26.35.17,2026-03-08 01:06:16.507855
4007,pdcnet.org,73,adequate,5,6,26.35.17,2026-03-08 01:06:17.825604
4008,2911.us,81.333336,good,5,6,26.35.17,2026-03-08 01:06:21.829442
4009,cia.gov,75.22619,good,5,7,26.35.17,2026-03-08 01:06:22.682455
4010,amazon.com,69.416664,adequate,5,5,26.35.17,2026-03-08 01:06:24.392888
4011,example.com,73,adequate,5,6,26.35.17,2026-03-08 01:06:26.181878
4012,kadse.dev,70.666664,adequate,5,3,26.35.17,2026-03-08 01:06:30.201093
4013,nsa.gov,75.416664,good,5,5,26.35.17,2026-03-08 01:06:34.241141
4014,example.com,71.333336,adequate,5,6,26.35.17,2026-03-08 01:06:36.142433
4015,kadse.dev,70.666664,adequate,5,3,26.35.17,2026-03-08 01:06:36.149838
4016,sjv.ro,74.666664,adequate,5,5,26.35.17,2026-03-08 01:06:36.415018
4017,pdcnet.org,73,adequate,5,6,26.35.17,2026-03-08 01:06:38.945009
4018,2911.us,81.333336,good,5,6,26.35.17,2026-03-08 01:06:43.095182
4019,amazon.com,69.416664,adequate,5,5,26.35.17,2026-03-08 01:06:52.655687
4020,cia.gov,75.22619,good,5,7,26.35.17,2026-03-08 01:06:53.031225
4021,nsa.gov,75.666664,good,5,5,26.35.17,2026-03-08 01:06:58.846579
4022,cloudflare.com,70.940475,adequate,5,7,26.35.17,2026-03-08 01:06:59.585677
4023,cisa.gov,71,adequate,5,6,26.35.17,2026-03-08 01:07:04.286037
4024,westbyforcongress.com,78.666664,good,5,5,26.35.17,2026-03-08 01:07:08.335285
4025,sjv.ro,74.666664,adequate,5,5,26.35.17,2026-03-08 01:07:08.957396
4026,cloudflare.com,70.940475,adequate,5,7,26.35.17,2026-03-08 01:07:30.489038
4027,cloudflare.com,70.940475,adequate,5,7,26.35.17,2026-03-08 01:07:53.045439
4028,it-help.tech,80.190475,good,5,7,26.35.17,2026-03-08 01:10:25.420912
4030,me,72.666664,adequate,5,2,26.35.17,2026-03-08 01:15:02.036237
4771,pdcnet.org,73,adequate,5,6,26.35.32,2026-03-09 14:48:53.241693
4854,fredduval.com,82.666664,good,5,5,26.35.32,2026-03-09 21:42:06.002014
4911,google.com,70.190475,adequate,5,7,26.35.35,2026-03-10 05:00:29.059822
5018,franklinroadacademy.com,74.666664,adequate,5,5,26.35.35,2026-03-10 14:19:26.911296
5021,beechtreenews.com,73,adequate,5,6,26.35.35,2026-03-10 14:20:06.816012
5026,clinicbilling.com,72.666664,adequate,5,2,26.35.35,2026-03-10 14:20:56.669275
5032,clinicbilling.com,72.666664,adequate,5,2,26.35.35,2026-03-10 14:21:27.153268
5037,binaryflix.space,77.333336,good,5,3,26.35.35,2026-03-10 14:21:47.389997
5039,hegel.net,76.333336,good,5,6,26.35.35,2026-03-10 14:21:50.010387
5040,clinicbilling.com,72.666664,adequate,5,2,26.35.35,2026-03-10 14:21:58.567128
5047,transbusbuzau.ro,80.666664,good,5,5,26.35.35,2026-03-10 14:22:19.55345
5050,natashabedingfield.com,67.416664,adequate,5,5,26.35.35,2026-03-10 14:22:37.84545
5053,openai.com,68.416664,adequate,5,6,26.35.35,2026-03-10 14:23:18.733077
5054,meg.abyt.es,71.416664,adequate,5,2,26.35.35,2026-03-10 14:23:23.329775
5185,screen.it-help.tech,72.333336,adequate,5,8,26.35.35,2026-03-10 15:59:30.854275
5271,fullmindlearning.com,69.416664,adequate,5,5,26.35.35,2026-03-10 19:50:33.786296
5276,anva.ch,82.190475,good,5,7,26.35.35,2026-03-10 19:52:21.474204
5278,jonaswiegner.de,76.47619,good,5,7,26.35.35,2026-03-10 19:52:22.951344
5286,blauwsurvey.com,81.75,good,5,6,26.35.35,2026-03-10 19:53:45.882593
5341,spitalmoldovanoua.ro,74.666664,adequate,5,5,26.35.35,2026-03-11 01:26:47.397051
5345,mobilecommercepress.com,73,adequate,5,6,26.35.35,2026-03-11 01:27:38.513331
5348,ortopedieazuga.ro,74.666664,adequate,5,5,26.35.35,2026-03-11 01:28:52.042466
5397,gdcc.com,82.666664,good,5,5,26.36.01,2026-03-11 06:32:23.117215
5447,technikfreak.co,74,adequate,5,3,26.36.01,2026-03-11 13:34:08.087601
5578,tesla.com,65.416664,adequate,5,5,26.36.01,2026-03-11 14:53:11.411627
5579,mtadistributors.com,76.666664,good,5,5,26.36.01,2026-03-11 14:53:12.217361
5581,dpsg-radolfzell.de,73.61905,adequate,5,7,26.36.01,2026-03-11 14:53:18.357559
5592,microsoft.com,79.690475,good,5,7,26.36.01,2026-03-11 14:54:25.684235
5603,fullmindlearning.com,69.666664,adequate,5,5,26.36.01,2026-03-11 14:56:11.622441
5605,dnsstuff.com,73.666664,adequate,5,6,26.36.01,2026-03-11 14:56:24.231855
5665,fredduval.com,82.666664,good,5,5,26.36.01,2026-03-11 19:53:55.780649
5713,play.198119799470.xyz,60.833332,adequate,5,8,26.36.06,2026-03-12 06:19:13.384548
5849,valentin.run,81.333336,good,5,6,26.36.11,2026-03-12 09:28:22.083706
5897,spitalgiurgiu.ro,74.666664,adequate,5,5,26.36.11,2026-03-12 13:04:47.47687
6012,mta-sts.purpleflock.net,77.416664,good,5,5,26.36.11,2026-03-12 14:42:18.687359
6155,fette-beute.com,79.666664,good,5,5,26.36.11,2026-03-12 16:02:43.817105
6215,www.franklinroadacademy.com,60.583332,adequate,5,8,26.36.11,2026-03-12 20:32:49.213663
6266,www.cnn.com,60.833332,adequate,5,8,26.36.11,2026-03-13 07:25:31.571273
6270,www.cnn.com,59.333332,adequate,5,8,26.36.11,2026-03-13 07:28:13.794891
6271,www.cnn.com,60.583332,adequate,5,8,26.36.11,2026-03-13 07:28:14.775621
6272,switch.com,69.666664,adequate,5,5,26.36.11,2026-03-13 07:28:22.577892
6382,dpsg-bodensee.de,73,adequate,5,6,26.36.11,2026-03-13 14:30:59.384848
6387,haukeflix.top,79.666664,good,5,6,26.36.11,2026-03-13 14:31:41.944902
6392,cnn.com,68.666664,adequate,5,6,26.36.11,2026-03-13 14:33:13.308022
6395,example.com,69.666664,adequate,5,6,26.36.11,2026-03-13 14:33:29.829633
6399,microsoft.com,82.54762,good,5,7,26.36.11,2026-03-13 14:33:50.481816
6402,jonaswiegner.de,70.7619,adequate,5,7,26.36.11,2026-03-13 14:34:04.817359
6412,cia.gov,76.65476,good,5,7,26.36.11,2026-03-13 14:34:57.760608
6413,filerequestpro.com,71.333336,adequate,5,6,26.36.11,2026-03-13 14:34:58.769403
6552,probe-us-02.dns-observe.com,70.666664,adequate,5,3,26.36.11,2026-03-13 15:39:18.26778
6554,fugro.com,81.416664,good,5,5,26.36.11,2026-03-13 15:39:19.086586
6708,business29.web-hosting.com,71.333336,adequate,5,1,26.36.15,2026-03-14 09:03:17.453093
6819,wisestamp.com,69.666664,adequate,5,5,26.37.04,2026-03-14 21:09:32.163552
6928,natashabedingfield.co.uk,75.333336,good,5,4,26.37.14,2026-03-15 19:14:08.672246
7100,cisa.gov,71,adequate,5,6,26.37.20,2026-03-16 14:33:11.568663
7199,thehumphries.org,74.666664,adequate,5,5,26.37.20,2026-03-16 15:57:59.811949
7207,kali.org,77.90476,good,5,7,26.37.20,2026-03-16 15:58:25.125624
7208,caolt.ro,76.666664,good,5,5,26.37.20,2026-03-16 15:58:37.093893
7214,screen.it-help.tech,73.333336,adequate,5,8,26.37.20,2026-03-16 16:01:53.143695
7258,mtadistributors.com,76.666664,good,5,5,26.37.23,2026-03-17 09:07:16.906686
7261,jue.rs,72.833336,adequate,5,4,26.37.23,2026-03-17 09:07:36.109158
7263,den9s.dk,65.333336,adequate,5,4,26.37.23,2026-03-17 09:08:08.382957
7268,steinr.eu,72,adequate,5,6,26.37.23,2026-03-17 09:09:47.448191
7273,theojouvin.com,72,adequate,5,6,26.37.23,2026-03-17 09:10:28.363575
7274,weather.gov,67.666664,adequate,5,5,26.37.23,2026-03-17 09:10:52.747214
7385,fbi.gov,72.61905,adequate,5,7,26.37.23,2026-03-17 14:48:01.957108
7389,nsa.gov,73.666664,adequate,5,5,26.37.23,2026-03-17 14:48:29.919812
7390,nsa.gov,73.666664,adequate,5,5,26.37.23,2026-03-17 14:48:53.062911
7391,github.com,74.333336,adequate,5,6,26.37.23,2026-03-17 14:49:42.003971
7448,freebsd.org,86.47619,good,5,7,26.37.23,2026-03-17 19:52:21.130552
7485,nlnetlabs.nl,68,adequate,5,6,26.37.23,2026-03-18 03:18:49.668784
7488,nlnetlabs.nl,68,adequate,5,6,26.37.23,2026-03-18 03:19:40.053242
7489,nlnetlabs.nl,68,adequate,5,6,26.37.23,2026-03-18 03:19:42.033727
7574,nlnetlabs.nl,68,adequate,5,6,26.37.23,2026-03-18 03:40:56.363806
7575,nlnetlabs.nl,68,adequate,5,6,26.37.23,2026-03-18 03:41:02.687722
7584,nlnetlabs.nl,68,adequate,5,6,26.37.23,2026-03-18 03:42:36.169106
7608,freebsd.org,83.61905,good,5,7,26.37.23,2026-03-18 06:56:08.00552
7611,ietf.org,73,adequate,5,6,26.37.23,2026-03-18 06:56:27.426634
7613,nlnetlabs.nl,68,adequate,5,6,26.37.23,2026-03-18 06:56:29.441791
7651,nlnetlabs.nl,68,adequate,5,6,26.37.28,2026-03-18 07:10:53.827873
7660,nlnetlabs.nl,68,adequate,5,6,26.37.28,2026-03-18 07:12:38.595302
7663,nlnetlabs.nl,68,adequate,5,6,26.37.28,2026-03-18 07:13:11.857725
7721,nlnetlabs.nl,68,adequate,5,6,26.37.28,2026-03-18 07:25:16.892646
7724,nlnetlabs.nl,68,adequate,5,6,26.37.28,2026-03-18 07:25:53.612268
7727,nlnetlabs.nl,68,adequate,5,6,26.37.28,2026-03-18 07:26:29.155929
4029,it-help.tech,80.190475,good,5,7,26.35.17,2026-03-08 01:10:46.068219
4031,nlnetlabs.nl,68,adequate,5,6,26.35.17,2026-03-08 01:15:12.943142
4032,oxidesurvival.com,80.666664,good,5,3,26.35.17,2026-03-08 01:15:25.345427
4033,sap.de,74.666664,adequate,5,5,26.35.17,2026-03-08 01:15:32.039698
4034,oxidesurvival.com,80.666664,good,5,3,26.35.17,2026-03-08 01:15:39.173433
4035,poop.com,74,adequate,5,3,26.35.17,2026-03-08 01:15:39.610641
4036,optonline.net,74.666664,adequate,5,5,26.35.17,2026-03-08 01:15:45.906718
4037,nlnetlabs.nl,68,adequate,5,6,26.35.17,2026-03-08 01:15:46.851832
4038,markphd.me,76.583336,good,5,4,26.35.17,2026-03-08 01:15:47.270067
4039,sap.de,74.666664,adequate,5,5,26.35.17,2026-03-08 01:15:48.473975
4040,spitalmoldovanoua.ro,74.666664,adequate,5,5,26.35.17,2026-03-08 01:15:51.078148
4041,poop.com,70.666664,adequate,5,3,26.35.17,2026-03-08 01:15:54.734165
4042,caolt.ro,76.666664,good,5,5,26.35.17,2026-03-08 01:15:57.947678
4043,spitalsovata.ro,74.666664,adequate,5,5,26.35.17,2026-03-08 01:16:01.715376
4044,dpsg-bodensee.de,73,adequate,5,6,26.35.17,2026-03-08 01:16:07.942398
4045,optonline.net,74.666664,adequate,5,5,26.35.17,2026-03-08 01:16:11.89912
4046,spitalmoldovanoua.ro,74.666664,adequate,5,5,26.35.17,2026-03-08 01:16:18.342151
4047,1liner.com,80.666664,good,5,5,26.35.17,2026-03-08 01:16:23.296151
4048,caolt.ro,75.416664,good,5,5,26.35.17,2026-03-08 01:16:25.70344
4049,switch.com,69.416664,adequate,5,5,26.35.17,2026-03-08 01:16:27.287844
4050,izvoru.ro,78.666664,good,5,5,26.35.17,2026-03-08 01:16:31.282521
4051,sovanta.com,81.416664,good,5,5,26.35.17,2026-03-08 01:16:33.282663
4052,dpsg-bodensee.de,71.333336,adequate,5,6,26.35.17,2026-03-08 01:16:36.693467
4053,porp.stream,77.333336,good,5,3,26.35.17,2026-03-08 01:16:43.399362
4054,uke.de,68.416664,adequate,5,6,26.35.17,2026-03-08 01:16:49.300119
4055,1liner.com,78.666664,good,5,5,26.35.17,2026-03-08 01:16:50.084845
4056,switch.com,69.416664,adequate,5,5,26.35.17,2026-03-08 01:16:55.75212
4057,sovanta.com,81.416664,good,5,5,26.35.17,2026-03-08 01:16:58.892634
4058,izvoru.ro,78.666664,good,5,5,26.35.17,2026-03-08 01:17:00.795668
4059,blauw.com,79.416664,good,5,5,26.35.17,2026-03-08 01:17:05.334425
4060,ifacforl.ro,68.666664,adequate,5,5,26.35.17,2026-03-08 01:17:07.333002
4061,uke.de,70.083336,adequate,5,6,26.35.17,2026-03-08 01:17:12.884446
4062,switch.com,69.666664,adequate,5,5,26.35.17,2026-03-08 01:17:15.891085
4063,izvoru.ro,78.666664,good,5,5,26.35.17,2026-03-08 01:17:22.284386
4064,dnstool.it-help.tech,77.333336,good,5,3,26.35.17,2026-03-08 01:17:28.477706
4065,blauw.com,79.666664,good,5,5,26.35.17,2026-03-08 01:17:35.805966
4066,ifacforl.ro,68.666664,adequate,5,5,26.35.17,2026-03-08 01:17:37.830872
4067,blauw.com,79.666664,good,5,5,26.35.17,2026-03-08 01:17:57.30618
4068,ifacforl.ro,68.666664,adequate,5,5,26.35.17,2026-03-08 01:17:58.772258
4069,poop.com,74,adequate,5,3,26.35.17,2026-03-08 01:21:30.879166
4070,steinr.eu,71.75,adequate,5,6,26.35.17,2026-03-08 01:22:50.139839
4071,weather.gov,67.416664,adequate,5,5,26.35.17,2026-03-08 01:23:32.855804
4072,probe-us-01.dns-observe.com,75.333336,good,5,4,26.35.17,2026-03-08 01:25:42.530907
4073,mta-sts.sportcommunities.group,78.666664,good,5,5,26.35.17,2026-03-08 01:25:56.534403
4074,nasa.gov,73.416664,adequate,5,6,26.35.17,2026-03-08 01:26:05.031854
4075,fbi.gov,72.36905,adequate,5,7,26.35.17,2026-03-08 01:26:15.007709
4076,purpleflock.net,80.940475,good,5,7,26.35.17,2026-03-08 01:26:26.956394
4077,nasa.gov,73.416664,adequate,5,6,26.35.17,2026-03-08 01:26:34.301855
4078,fluss.top,72.833336,adequate,5,4,26.35.17,2026-03-08 01:26:42.367545
4079,fbi.gov,72.36905,adequate,5,7,26.35.17,2026-03-08 01:26:45.620545
4080,purpleflock.net,80.940475,good,5,7,26.35.17,2026-03-08 01:26:45.691969
4081,screen.it-help.tech,74.333336,adequate,5,8,26.35.17,2026-03-08 01:27:00.019629
4082,fbi.gov,72.36905,adequate,5,7,26.35.17,2026-03-08 01:27:16.607782
4083,anva.ch,83.61905,good,5,7,26.35.17,2026-03-08 01:27:21.263027
4084,dpsg-radolfzell.de,76.47619,good,5,7,26.35.17,2026-03-08 01:27:31.343061
4085,dnsstuff.com,75.083336,good,5,6,26.35.17,2026-03-08 01:27:39.275766
4086,anva.ch,82.190475,good,5,7,26.35.17,2026-03-08 01:27:47.959972
4087,beechtreenews.com,73,adequate,5,6,26.35.17,2026-03-08 01:27:51.605994
4088,dns-observe.com,80.666664,good,5,5,26.35.17,2026-03-08 01:27:56.814612
4089,dpsg-radolfzell.de,76.47619,good,5,7,26.35.17,2026-03-08 01:27:58.217035
4090,com.au,72.666664,adequate,5,2,26.35.17,2026-03-08 01:27:59.555308
4091,cnn.com,70.083336,adequate,5,6,26.35.17,2026-03-08 01:28:01.549483
4092,dnsstuff.com,73.416664,adequate,5,6,26.35.17,2026-03-08 01:28:09.525873
4093,hotmail.com,84.666664,good,5,6,26.35.17,2026-03-08 01:28:13.53759
4094,blauwsurvey.com,81.75,good,5,6,26.35.17,2026-03-08 01:28:19.560111
4095,com.au,72.666664,adequate,5,2,26.35.17,2026-03-08 01:28:20.828742
4096,beechtreenews.com,73,adequate,5,6,26.35.17,2026-03-08 01:28:21.800588
4097,insmc.ro,74.666664,adequate,5,5,26.35.17,2026-03-08 01:28:25.547042
4098,github.com,69.833336,adequate,5,6,26.35.17,2026-03-08 01:28:31.562942
4099,cnn.com,70.083336,adequate,5,6,26.35.17,2026-03-08 01:28:31.942677
4100,dnsstuff.com,73.416664,adequate,5,6,26.35.17,2026-03-08 01:28:40.352985
4101,hotmail.com,84.666664,good,5,6,26.35.17,2026-03-08 01:28:40.38039
4102,blauwsurvey.com,81.75,good,5,6,26.35.17,2026-03-08 01:28:47.758338
4103,tuta.io,75.04762,good,5,7,26.35.17,2026-03-08 01:28:47.807662
4104,beechtreenews.com,73,adequate,5,6,26.35.17,2026-03-08 01:28:52.374803
4105,insmc.ro,66.666664,adequate,5,5,26.35.17,2026-03-08 01:28:55.931917
4106,ohg-nagold.de,66.666664,adequate,5,5,26.35.17,2026-03-08 01:28:55.939408
4107,cnn.com,70.083336,adequate,5,6,26.35.17,2026-03-08 01:28:57.932946
4108,github.com,75.5,good,5,6,26.35.17,2026-03-08 01:28:58.049399
4109,sap.de,74.666664,adequate,5,5,26.35.17,2026-03-08 01:29:01.631728
4110,ortopedieazuga.ro,74.666664,adequate,5,5,26.35.17,2026-03-08 01:29:05.561483
4111,glendun.com.au,80.666664,good,5,5,26.35.17,2026-03-08 01:29:13.760499
4112,ortopedieazuga.ro,76.666664,good,5,5,26.35.17,2026-03-08 01:29:18.780132
4113,ohg-nagold.de,66.666664,adequate,5,5,26.35.17,2026-03-08 01:29:20.880753
4114,transbusbuzau.ro,80.666664,good,5,5,26.35.17,2026-03-08 01:29:22.537866
4115,hegel.org,84.666664,good,5,5,26.35.17,2026-03-08 01:29:33.627028
4116,glendun.com.au,70.666664,adequate,5,5,26.35.17,2026-03-08 01:29:34.687411
4117,filantropia.ro,68.666664,adequate,5,5,26.35.17,2026-03-08 01:29:37.611508
4118,apple.com,72.61905,adequate,5,7,26.35.17,2026-03-08 01:29:51.620585
4119,transbusbuzau.ro,80.666664,good,5,5,26.35.17,2026-03-08 01:29:54.00015
4120,hegel.org,84.666664,good,5,5,26.35.17,2026-03-08 01:30:02.058121
4123,technikfreak.co,74,adequate,5,3,26.35.17,2026-03-08 01:30:09.612331
4132,apple.com,76.90476,good,5,7,26.35.17,2026-03-08 01:30:41.551031
4772,poop.com,74,adequate,5,3,26.35.32,2026-03-09 15:08:07.99332
4855,uke.de,68.666664,adequate,5,6,26.35.32,2026-03-09 21:49:55.047032
4857,patientreminder.com,82.666664,good,5,5,26.35.32,2026-03-09 21:51:29.698813
4912,google.com,68.2619,adequate,5,7,26.35.35,2026-03-10 05:00:49.458476
5024,beechtreenews.com,73,adequate,5,6,26.35.35,2026-03-10 14:20:37.412846
5025,hegel.net,76.333336,good,5,6,26.35.35,2026-03-10 14:20:51.710084
5027,hortongroup.com,78.666664,good,5,5,26.35.35,2026-03-10 14:21:04.424748
5186,transbusbuzau.ro,80.666664,good,5,5,26.35.35,2026-03-10 16:12:49.624666
5272,web-hosting.com,74.666664,adequate,5,5,26.35.35,2026-03-10 19:51:07.074813
5274,insmc.ro,76.666664,good,5,5,26.35.35,2026-03-10 19:52:16.070076
5342,kadse.dev,70.666664,adequate,5,3,26.35.35,2026-03-11 01:27:00.624525
5347,spital-izvoru.ro,74.666664,adequate,5,5,26.35.35,2026-03-11 01:28:51.716743
5350,westbyforcongress.com,80.666664,good,5,5,26.35.35,2026-03-11 01:28:52.298433
5398,gdcc.com,80.666664,good,5,5,26.36.01,2026-03-11 06:32:47.280808
5448,jonaswiegner.de,70.7619,adequate,5,7,26.36.01,2026-03-11 13:34:26.912557
5580,franklinroadacademy.com,74.666664,adequate,5,5,26.36.01,2026-03-11 14:53:13.217021
5582,sap.de,74.666664,adequate,5,5,26.36.01,2026-03-11 14:53:22.585194
5584,dnstool.it-help.tech,77.333336,good,5,3,26.36.01,2026-03-11 14:53:35.282424
5587,nsa.gov,71.416664,adequate,5,5,26.36.01,2026-03-11 14:53:45.243011
5589,microsoft.com,79.690475,good,5,7,26.36.01,2026-03-11 14:53:57.271493
5595,haukeflix.top,79.666664,good,5,6,26.36.01,2026-03-11 14:55:31.369736
5602,dnsstuff.com,73.666664,adequate,5,6,26.36.01,2026-03-11 14:56:03.426693
5604,spitalsinaia.ro,74.666664,adequate,5,5,26.36.01,2026-03-11 14:56:19.593088
5606,fullmindlearning.com,69.666664,adequate,5,5,26.36.01,2026-03-11 14:56:32.665779
5666,mta-sts.purpleflock.net,77.666664,good,5,5,26.36.01,2026-03-11 20:01:18.073569
5714,198119799470.xyz,76.666664,good,5,5,26.36.06,2026-03-12 06:19:13.737819
5850,whitehouse.gov,75.666664,good,5,5,26.36.11,2026-03-12 09:31:08.809324
5898,spitalulorasenescbaicoi.ro,73,adequate,5,6,26.36.11,2026-03-12 13:05:19.401399
5899,spitalulhuedin.ro,68.666664,adequate,5,5,26.36.11,2026-03-12 13:05:57.1068
6026,filerequestpro.com,73,adequate,5,6,26.36.11,2026-03-12 14:45:19.719126
6156,spital-deva.ro,66.666664,adequate,5,5,26.36.11,2026-03-12 16:03:20.434933
6217,misconfigured.com,77.333336,good,5,3,26.36.11,2026-03-12 20:35:10.20076
6267,item.org,83,good,5,6,26.36.11,2026-03-13 07:26:13.33578
6268,github.com,73.833336,adequate,5,6,26.36.11,2026-03-13 07:26:56.711045
6384,jue.rs,72.833336,adequate,5,4,26.36.11,2026-03-13 14:31:14.790699
6393,microsoft.com,82.54762,good,5,7,26.36.11,2026-03-13 14:33:21.87124
6398,cnn.com,68.416664,adequate,5,6,26.36.11,2026-03-13 14:33:44.022775
6401,com,72.666664,adequate,5,2,26.36.11,2026-03-13 14:34:03.308572
6404,hogwarts.steinr.eu,60.833332,adequate,5,8,26.36.11,2026-03-13 14:34:22.460349
6406,spitalsovata.ro,74.666664,adequate,5,5,26.36.11,2026-03-13 14:34:28.426806
6407,filerequestpro.com,73,adequate,5,6,26.36.11,2026-03-13 14:34:32.805508
6408,squareup.com,69.666664,adequate,5,5,26.36.11,2026-03-13 14:34:38.735641
6410,guarinoadvisors.com,72.666664,adequate,5,5,26.36.11,2026-03-13 14:34:51.091739
6411,spitalsovata.ro,74.666664,adequate,5,5,26.36.11,2026-03-13 14:34:53.893291
6414,squareup.com,71.416664,adequate,5,5,26.36.11,2026-03-13 14:35:03.747119
6553,vallige-api.com,72.666664,adequate,5,2,26.36.11,2026-03-13 15:39:18.846398
6555,sportcommunities.group,82.190475,good,5,7,26.36.11,2026-03-13 15:39:19.698188
6709,bakr.de,69.666664,adequate,5,6,26.36.15,2026-03-14 09:03:59.920957
6712,swutch.com,84.666664,good,5,5,26.36.15,2026-03-14 09:06:15.801313
6820,wisestamp.com,71.666664,adequate,5,5,26.37.04,2026-03-14 21:09:51.847111
6929,spitalgiurgiu.ro,74.666664,adequate,5,5,26.37.14,2026-03-15 20:32:52.026147
7102,microsoft.com,77.333336,good,5,7,26.37.20,2026-03-16 14:37:06.608311
7103,github.com,72.666664,adequate,5,6,26.37.20,2026-03-16 14:37:10.546812
7105,microsoft.com,80.190475,good,5,7,26.37.20,2026-03-16 14:37:27.412325
7108,apple.com,72.61905,adequate,5,7,26.37.20,2026-03-16 14:37:46.614947
7115,fbi.gov,72.61905,adequate,5,7,26.37.20,2026-03-16 14:40:27.280211
7203,spitalulhuedin.ro,74.666664,adequate,5,5,26.37.20,2026-03-16 15:58:12.634705
7205,getmsg.ai,73,adequate,5,6,26.37.20,2026-03-16 15:58:19.127426
7206,ohg-nagold.de,66.666664,adequate,5,5,26.37.20,2026-03-16 15:58:20.908453
7209,getmsg.ai,71.333336,adequate,5,6,26.37.20,2026-03-16 15:58:47.672575
7210,ohg-nagold.de,66.666664,adequate,5,5,26.37.20,2026-03-16 15:58:51.146801
7265,civicpermits.com,70.666664,adequate,5,5,26.37.23,2026-03-17 09:08:54.059077
7269,proton.me,77,good,5,6,26.37.23,2026-03-17 09:09:47.877622
7272,porp.stream,77.333336,good,5,3,26.37.23,2026-03-17 09:10:27.924641
7276,filantropia.ro,68.666664,adequate,5,5,26.37.23,2026-03-17 09:12:06.74997
7386,cloudflare.com,71.190475,adequate,5,7,26.37.23,2026-03-17 14:48:07.484057
7387,cloudflare.com,71.190475,adequate,5,7,26.37.23,2026-03-17 14:48:18.584497
7449,westcappowerequipment.com,80.666664,good,5,5,26.37.23,2026-03-17 21:10:38.956886
7486,nlnetlabs.nl,68,adequate,5,6,26.37.23,2026-03-18 03:19:00.242598
7491,nlnetlabs.nl,68,adequate,5,6,26.37.23,2026-03-18 03:20:24.504712
7500,nlnetlabs.nl,68,adequate,5,6,26.37.23,2026-03-18 03:22:35.9576
7501,nlnetlabs.nl,68,adequate,5,6,26.37.23,2026-03-18 03:22:57.679828
7578,nlnetlabs.nl,68,adequate,5,6,26.37.23,2026-03-18 03:41:19.107805
7581,nlnetlabs.nl,68,adequate,5,6,26.37.23,2026-03-18 03:42:11.482564
7609,ietf.org,73,adequate,5,6,26.37.23,2026-03-18 06:56:08.400507
7653,nlnetlabs.nl,68,adequate,5,6,26.37.28,2026-03-18 07:11:15.713839
7657,nlnetlabs.nl,68,adequate,5,6,26.37.28,2026-03-18 07:12:00.848299
7662,nlnetlabs.nl,68,adequate,5,6,26.37.28,2026-03-18 07:12:57.87189
7723,nlnetlabs.nl,68,adequate,5,6,26.37.28,2026-03-18 07:25:36.758349
7755,nlnetlabs.nl,68,adequate,5,6,26.37.28,2026-03-18 07:32:54.262712
7759,nlnetlabs.nl,68,adequate,5,6,26.37.28,2026-03-18 07:33:37.292133
7766,nlnetlabs.nl,68,adequate,5,6,26.37.28,2026-03-18 07:35:58.943152
7768,nlnetlabs.nl,68,adequate,5,6,26.37.28,2026-03-18 07:36:25.57568
7772,nlnetlabs.nl,68,adequate,5,6,26.37.28,2026-03-18 07:37:19.648287
7794,nlnetlabs.nl,68,adequate,5,6,26.37.28,2026-03-18 07:42:04.558673
4121,haukeflix.top,79.666664,good,5,6,26.35.17,2026-03-08 01:30:03.633987
4773,poop.com,70.666664,adequate,5,3,26.35.32,2026-03-09 15:08:13.605403
4856,uke.de,70.333336,adequate,5,6,26.35.32,2026-03-09 21:50:19.055179
4913,knoxminerals.com,74.666664,adequate,5,5,26.35.35,2026-03-10 06:13:13.320632
4914,knoxminerals.com,74.666664,adequate,5,5,26.35.35,2026-03-10 06:13:33.437276
5033,dns-observe.com,80.666664,good,5,5,26.35.35,2026-03-10 14:21:28.576419
5035,spitalgiurgiu.ro,74.666664,adequate,5,5,26.35.35,2026-03-10 14:21:38.518631
5036,spitalulhuedin.ro,74.666664,adequate,5,5,26.35.35,2026-03-10 14:21:45.366105
5041,nsfnow.com,82.666664,good,5,5,26.35.35,2026-03-10 14:22:00.365924
5046,spitalulhuedin.ro,74.666664,adequate,5,5,26.35.35,2026-03-10 14:22:13.102066
5049,mateibals.ro,70.666664,adequate,5,5,26.35.35,2026-03-10 14:22:34.897401
5051,openai.com,70.083336,adequate,5,6,26.35.35,2026-03-10 14:22:49.770236
5056,meg.abyt.es,71.416664,adequate,5,2,26.35.35,2026-03-10 14:23:50.431093
5057,github.com,73.833336,adequate,5,6,26.35.35,2026-03-10 14:24:02.061765
5060,ibm.com,64.833336,adequate,5,6,26.35.35,2026-03-10 14:24:35.105923
5068,ifacforl.ro,68.666664,adequate,5,5,26.35.35,2026-03-10 14:25:57.940828
5187,red.com,72.666664,adequate,5,6,26.35.35,2026-03-10 16:30:46.125546
5273,misconfigured.com,77.333336,good,5,3,26.35.35,2026-03-10 19:51:07.341819
5343,server.it-help.tech,77.333336,good,5,3,26.35.35,2026-03-11 01:27:00.82173
5346,schedule.it-help.tech,77.333336,good,5,3,26.35.35,2026-03-11 01:28:28.267072
5352,weather.gov,69.666664,adequate,5,5,26.35.35,2026-03-11 01:28:53.885486
5399,dnsstuff.com,73.666664,adequate,5,6,26.36.01,2026-03-11 06:38:30.139204
5449,pizazzmusiccamp.org,68.666664,adequate,5,5,26.36.01,2026-03-11 13:41:44.86474
5585,tesla.com,65.416664,adequate,5,5,26.36.01,2026-03-11 14:53:40.278518
5586,franklinroadacademy.com,74.666664,adequate,5,5,26.36.01,2026-03-11 14:53:41.521756
5588,dnstool.it-help.tech,77.333336,good,5,3,26.36.01,2026-03-11 14:53:48.974409
5590,tesla.com,65.416664,adequate,5,5,26.36.01,2026-03-11 14:54:11.601109
5591,nsa.gov,75.416664,good,5,5,26.36.01,2026-03-11 14:54:14.203295
5593,microsoft.com,78.7619,good,5,7,26.36.01,2026-03-11 14:54:49.98401
5599,haukeflix.top,79.666664,good,5,6,26.36.01,2026-03-11 14:55:39.512047
5600,porp.stream,77.333336,good,5,3,26.36.01,2026-03-11 14:55:43.402986
5601,porp.stream,77.333336,good,5,3,26.36.01,2026-03-11 14:55:52.640429
5667,monologue.to,73,adequate,5,6,26.36.01,2026-03-11 20:20:23.34725
5715,ohg-nagold.eu,81.333336,good,5,6,26.36.06,2026-03-12 06:19:13.931297
5851,probe-us-02.dns-observe.com,70.666664,adequate,5,3,26.36.11,2026-03-12 09:32:58.450075
5900,www.mercadopago.com,59.583332,adequate,5,8,26.36.11,2026-03-12 13:11:48.645967
5901,sanatoriulbusteni.ro,74.666664,adequate,5,5,26.36.11,2026-03-12 13:12:23.00298
6030,pocketflows.com,73,adequate,5,6,26.36.11,2026-03-12 14:45:58.440798
6033,vallige-api.com,72.666664,adequate,5,2,26.36.11,2026-03-12 14:46:45.735434
6037,nsa.gov,75.666664,good,5,5,26.36.11,2026-03-12 14:47:36.428849
6039,example.com,71.333336,adequate,5,6,26.36.11,2026-03-12 14:48:17.126049
6042,github.com,72.666664,adequate,5,6,26.36.11,2026-03-12 14:48:47.302085
6043,apple.com,75.47619,good,5,7,26.36.11,2026-03-12 14:48:48.613596
6044,microsoft.com,85.90476,good,5,7,26.36.11,2026-03-12 14:49:01.035925
6046,microsoft.com,85.90476,good,5,7,26.36.11,2026-03-12 14:49:21.95673
6157,vbabestm.ro,74.666664,adequate,5,5,26.36.11,2026-03-12 16:04:16.200323
6158,pizazzmusiccamp.org,70.666664,adequate,5,5,26.36.11,2026-03-12 16:06:43.704121
6218,web-hosting.com,74.666664,adequate,5,5,26.36.11,2026-03-12 20:36:50.00186
6220,jira.sovanta.com,81.333336,good,5,1,26.36.11,2026-03-12 20:39:07.071045
6269,apple.com,75.47619,good,5,7,26.36.11,2026-03-13 07:27:39.585108
6275,item.org,83,good,5,6,26.36.11,2026-03-13 07:30:04.581102
6396,github.com,70.5,adequate,5,6,26.36.11,2026-03-13 14:33:36.183728
6561,pizazzmusiccamp.org,68.666664,adequate,5,5,26.36.11,2026-03-13 15:40:31.268161
6710,dnstool.it-help.tech,77.333336,good,5,3,26.36.15,2026-03-14 09:05:30.695936
6821,freebsd.org,86.47619,good,5,7,26.37.04,2026-03-14 23:04:04.132998
6822,freebsd.org,86.47619,good,5,7,26.37.04,2026-03-14 23:04:08.579963
6824,nlnetlabs.nl,68,adequate,5,6,26.37.04,2026-03-14 23:04:21.256682
6832,ietf.org,71.333336,adequate,5,6,26.37.04,2026-03-14 23:05:41.929879
6930,nlnetlabs.nl,68,adequate,5,6,26.37.14,2026-03-15 21:01:56.737913
6939,ietf.org,71.333336,adequate,5,6,26.37.14,2026-03-15 21:02:05.373315
6940,nlnetlabs.nl,68,adequate,5,6,26.37.14,2026-03-15 21:02:06.034248
7104,apple.com,75.47619,good,5,7,26.37.20,2026-03-16 14:37:26.641466
7111,spitalgiurgiu.ro,74.666664,adequate,5,5,26.37.20,2026-03-16 14:38:29.27724
7112,spitalgiurgiu.ro,74.666664,adequate,5,5,26.37.20,2026-03-16 14:38:41.846008
7116,2911.us,81.333336,good,5,6,26.37.20,2026-03-16 14:40:33.285094
7118,openai.com,70.333336,adequate,5,6,26.37.20,2026-03-16 14:40:49.379398
7120,cia.gov,74.04762,adequate,5,7,26.37.20,2026-03-16 14:40:55.420076
7212,steinr.eu,72,adequate,5,6,26.37.20,2026-03-16 15:59:01.261574
7267,rg443.click,71.833336,adequate,5,4,26.37.23,2026-03-17 09:09:14.995497
7270,oxidesurvival.com,80.666664,good,5,3,26.37.23,2026-03-17 09:10:23.386212
7275,www.cnn.com,60.833332,adequate,5,8,26.37.23,2026-03-17 09:10:55.274795
7277,spitalsighet.ro,76.666664,good,5,5,26.37.23,2026-03-17 09:12:16.152165
7280,atelier13-usa.com,84.666664,good,5,5,26.37.23,2026-03-17 09:12:41.545188
7282,mx1.blauwsurvey.com,81.333336,good,5,1,26.37.23,2026-03-17 09:12:48.007779
7284,sportcommunities.group,82.190475,good,5,7,26.37.23,2026-03-17 09:13:49.833953
7285,spitalmciuc.ro,74.666664,adequate,5,5,26.37.23,2026-03-17 09:14:12.439572
7388,fbi.gov,72.61905,adequate,5,7,26.37.23,2026-03-17 14:48:23.842872
7450,server.it-help.tech,77.333336,good,5,3,26.37.23,2026-03-17 21:27:31.153533
7487,nlnetlabs.nl,68,adequate,5,6,26.37.23,2026-03-18 03:19:21.115478
7490,nlnetlabs.nl,68,adequate,5,6,26.37.23,2026-03-18 03:20:02.978862
7492,nlnetlabs.nl,68,adequate,5,6,26.37.23,2026-03-18 03:20:34.792499
7499,nlnetlabs.nl,68,adequate,5,6,26.37.23,2026-03-18 03:22:19.716522
7504,nlnetlabs.nl,68,adequate,5,6,26.37.23,2026-03-18 03:23:41.131699
7582,nlnetlabs.nl,68,adequate,5,6,26.37.23,2026-03-18 03:42:12.313961
7583,nlnetlabs.nl,68,adequate,5,6,26.37.23,2026-03-18 03:42:15.987534
7585,nlnetlabs.nl,68,adequate,5,6,26.37.23,2026-03-18 03:42:39.428341
7610,nlnetlabs.nl,68,adequate,5,6,26.37.23,2026-03-18 06:56:17.036393
7654,nlnetlabs.nl,68,adequate,5,6,26.37.28,2026-03-18 07:11:25.378438
4122,filantropia.ro,68.666664,adequate,5,5,26.35.17,2026-03-08 01:30:06.051012
4133,microsoft.com,81.61905,good,5,7,26.35.17,2026-03-08 01:30:44.103687
4774,whitehouse.gov,76.666664,good,5,5,26.35.32,2026-03-09 15:14:28.974026
4777,usa.gov,72.666664,adequate,5,5,26.35.32,2026-03-09 15:15:25.946049
4778,usa.gov,72.666664,adequate,5,5,26.35.32,2026-03-09 15:15:56.45573
4858,patientreminder.com,82.666664,good,5,5,26.35.32,2026-03-09 21:51:31.632742
4915,red.com,72.666664,adequate,5,6,26.35.35,2026-03-10 06:15:23.798825
5034,natashabedingfield.com,67.416664,adequate,5,5,26.35.35,2026-03-10 14:21:35.41716
5044,natashabedingfield.com,67.416664,adequate,5,5,26.35.35,2026-03-10 14:22:06.863685
5052,meg.abyt.es,71.416664,adequate,5,2,26.35.35,2026-03-10 14:22:52.432978
5055,openai.com,70.083336,adequate,5,6,26.35.35,2026-03-10 14:23:47.831158
5058,ibm.com,63.166668,adequate,5,6,26.35.35,2026-03-10 14:24:04.085446
5188,red.com,72.166664,adequate,5,6,26.35.35,2026-03-10 16:31:15.867562
5275,pdcnet.org,73,adequate,5,6,26.35.35,2026-03-10 19:52:16.37799
5344,me,72.666664,adequate,5,2,26.35.35,2026-03-11 01:27:27.550948
5349,sportcommunities.group,82.190475,good,5,7,26.35.35,2026-03-11 01:28:52.136786
5400,dnsstuff.com,73.666664,adequate,5,6,26.36.01,2026-03-11 06:38:59.993993
5450,anva.ch,82.190475,good,5,7,26.36.01,2026-03-11 13:47:30.905323
5596,mta-sts.purpleflock.net,77.666664,good,5,5,26.36.01,2026-03-11 14:55:36.147867
5597,vallige-api.com,72.666664,adequate,5,2,26.36.01,2026-03-11 14:55:38.391492
5668,getmsg.ai,73,adequate,5,6,26.36.01,2026-03-11 20:37:33.655672
5718,pocketflows.com,73,adequate,5,6,26.36.06,2026-03-12 06:49:59.938619
5852,mx1.blauw-survey.com,71.333336,adequate,5,1,26.36.11,2026-03-12 09:34:16.805637
5902,reconfirm.com,73,adequate,5,6,26.36.11,2026-03-12 13:12:57.019274
5905,pizazzmusiccamp.org,68.666664,adequate,5,5,26.36.11,2026-03-12 13:14:03.163546
5907,psihiatrietulghes.ro,74.666664,adequate,5,5,26.36.11,2026-03-12 13:14:38.879982
6031,mx1.blauw-survey.com,71.333336,adequate,5,1,26.36.11,2026-03-12 14:46:00.780724
6034,nsa.gov,75.416664,good,5,5,26.36.11,2026-03-12 14:46:45.792316
6035,vallige-api.com,72.666664,adequate,5,2,26.36.11,2026-03-12 14:46:52.312677
6038,example.com,71.333336,adequate,5,6,26.36.11,2026-03-12 14:48:12.51508
6050,kadse.dev,70.666664,adequate,5,3,26.36.11,2026-03-12 14:50:42.069351
6051,westcappowerequipment.com,80.666664,good,5,5,26.36.11,2026-03-12 14:50:42.984889
6159,spitalul-municipal-timisoara.ro,66.666664,adequate,5,5,26.36.11,2026-03-12 16:13:27.730279
6160,migrateproduction.com,71.75,adequate,5,6,26.36.11,2026-03-12 16:14:04.701951
6219,sap.de,74.666664,adequate,5,5,26.36.11,2026-03-12 20:38:55.220802
6221,fullmindlearning.com,69.666664,adequate,5,5,26.36.11,2026-03-12 20:43:13.971643
6273,google.com,68.2619,adequate,5,7,26.36.11,2026-03-13 07:29:05.501252
6400,spitalsovata.ro,74.666664,adequate,5,5,26.36.11,2026-03-13 14:33:58.305383
6562,fredduval.com,82.666664,good,5,5,26.36.11,2026-03-13 15:49:16.474718
6567,monologue.to,73,adequate,5,6,26.36.11,2026-03-13 15:49:50.088919
6569,purpleflock.net,81.190475,good,5,7,26.36.11,2026-03-13 15:49:54.017092
6570,isc.org,76.90476,good,5,7,26.36.11,2026-03-13 15:49:55.671948
6573,purpleflock.com,82.190475,good,5,7,26.36.11,2026-03-13 15:50:14.073765
6711,mta-sts.purpleflock.net,77.666664,good,5,5,26.36.15,2026-03-14 09:05:54.405869
6823,freebsd.org,86.47619,good,5,7,26.37.04,2026-03-14 23:04:14.283065
6834,valentin.run,83,good,5,6,26.37.04,2026-03-14 23:05:51.419274
6835,dnstool.it-help.tech,84,good,5,3,26.37.04,2026-03-14 23:06:00.808987
6931,nlnetlabs.nl,68,adequate,5,6,26.37.14,2026-03-15 21:02:00.016351
6932,ietf.org,73,adequate,5,6,26.37.14,2026-03-15 21:02:01.393949
6942,freebsd.org,86.47619,good,5,7,26.37.14,2026-03-15 21:02:08.768998
6945,freebsd.org,86.47619,good,5,7,26.37.14,2026-03-15 21:02:11.880908
7106,github.com,64.666664,adequate,5,6,26.37.20,2026-03-16 14:37:30.100356
7107,example.com,69.666664,adequate,5,6,26.37.20,2026-03-16 14:37:34.577712
7110,ibm.com,63.666668,adequate,5,6,26.37.20,2026-03-16 14:38:08.188974
7114,amazon.com,69.666664,adequate,5,5,26.37.20,2026-03-16 14:40:20.216657
7121,cloudflare.com,71.190475,adequate,5,7,26.37.20,2026-03-16 14:41:02.695437
7215,poop.com,74,adequate,5,3,26.37.20,2026-03-16 17:08:55.639827
7278,optonline.net,74.666664,adequate,5,5,26.37.23,2026-03-17 09:12:17.029514
7279,sanatoriulbusteni.ro,74.666664,adequate,5,5,26.37.23,2026-03-17 09:12:41.107113
7281,westbyforcongress.com,80.666664,good,5,5,26.37.23,2026-03-17 09:12:46.513191
7283,ortopedieazuga.ro,74.666664,adequate,5,5,26.37.23,2026-03-17 09:13:49.391609
7287,probe-us-02.dns-observe.com,70.666664,adequate,5,3,26.37.23,2026-03-17 09:14:24.338115
7290,www.mercadopago.com,59.333332,adequate,5,8,26.37.23,2026-03-17 09:15:09.384421
7291,spitalul-municipal-timisoara.ro,66.666664,adequate,5,5,26.37.23,2026-03-17 09:15:25.002871
7293,monologue.to,73,adequate,5,6,26.37.23,2026-03-17 09:16:06.99422
7295,co.uk,67.666664,adequate,5,2,26.37.23,2026-03-17 09:16:19.04783
7296,migrateproduction.com,71.75,adequate,5,6,26.37.23,2026-03-17 09:16:26.170166
7298,business29.web-hosting.com,71.333336,adequate,5,1,26.37.23,2026-03-17 09:16:37.490152
7300,blauw-survey.com,72.833336,adequate,5,4,26.37.23,2026-03-17 09:17:13.516988
7392,github.com,69.333336,adequate,5,6,26.37.23,2026-03-17 14:50:03.025497
7404,lincolnapps.co,74.333336,adequate,5,4,26.37.23,2026-03-17 14:51:14.428735
7451,hotmail.com,84.666664,good,5,6,26.37.23,2026-03-17 21:47:38.406927
7493,nlnetlabs.nl,68,adequate,5,6,26.37.23,2026-03-18 03:20:45.454633
7495,nlnetlabs.nl,68,adequate,5,6,26.37.23,2026-03-18 03:21:25.733539
7496,nlnetlabs.nl,68,adequate,5,6,26.37.23,2026-03-18 03:21:28.12143
7498,nlnetlabs.nl,68,adequate,5,6,26.37.23,2026-03-18 03:22:14.506137
7587,nlnetlabs.nl,68,adequate,5,6,26.37.23,2026-03-18 03:43:00.051665
7588,nlnetlabs.nl,68,adequate,5,6,26.37.23,2026-03-18 03:43:20.737044
7614,freebsd.org,82.190475,good,5,7,26.37.23,2026-03-18 06:56:33.041676
7655,nlnetlabs.nl,68,adequate,5,6,26.37.28,2026-03-18 07:11:39.042965
7661,nlnetlabs.nl,68,adequate,5,6,26.37.28,2026-03-18 07:12:46.213167
7665,nlnetlabs.nl,68,adequate,5,6,26.37.28,2026-03-18 07:13:32.878909
7667,nlnetlabs.nl,68,adequate,5,6,26.37.28,2026-03-18 07:13:59.92052
7725,nlnetlabs.nl,68,adequate,5,6,26.37.28,2026-03-18 07:26:04.672823
7756,nlnetlabs.nl,68,adequate,5,6,26.37.28,2026-03-18 07:33:00.067318
7758,nlnetlabs.nl,68,adequate,5,6,26.37.28,2026-03-18 07:33:25.262906
7764,nlnetlabs.nl,68,adequate,5,6,26.37.28,2026-03-18 07:35:16.58763
4124,microsoft.com,83.04762,good,5,7,26.35.17,2026-03-08 01:30:15.628147
4126,transbusbuzau.ro,80.666664,good,5,5,26.35.17,2026-03-08 01:30:18.368162
4128,hegel.org,84.666664,good,5,5,26.35.17,2026-03-08 01:30:23.335388
4131,haukeflix.top,79.666664,good,5,6,26.35.17,2026-03-08 01:30:38.420153
4134,microsoft.com,84.47619,good,5,7,26.35.17,2026-03-08 01:31:05.228989
4775,whitehouse.gov,72.666664,adequate,5,5,26.35.32,2026-03-09 15:14:44.686237
4776,usa.gov,72.666664,adequate,5,5,26.35.32,2026-03-09 15:14:55.126735
4859,swutch.com,84.666664,good,5,5,26.35.32,2026-03-09 22:03:29.70071
4860,swutch.com,84.666664,good,5,5,26.35.32,2026-03-09 22:03:32.341351
4916,spitalcampina.ro,72.666664,adequate,5,5,26.35.35,2026-03-10 06:16:23.347495
5059,github.com,72.166664,adequate,5,6,26.35.35,2026-03-10 14:24:30.926661
5061,izvoru.ro,78.666664,good,5,5,26.35.35,2026-03-10 14:24:50.227802
5062,github.com,72.166664,adequate,5,6,26.35.35,2026-03-10 14:24:57.110119
5063,ibm.com,64.833336,adequate,5,6,26.35.35,2026-03-10 14:25:06.367132
5064,izvoru.ro,78.666664,good,5,5,26.35.35,2026-03-10 14:25:20.686522
5065,ifacforl.ro,68.666664,adequate,5,5,26.35.35,2026-03-10 14:25:28.579268
5066,com.au,72.666664,adequate,5,2,26.35.35,2026-03-10 14:25:38.819133
5069,com.au,72.666664,adequate,5,2,26.35.35,2026-03-10 14:25:59.904312
5073,leeashley.com,77.333336,good,5,3,26.35.35,2026-03-10 14:27:27.678459
5075,fredduval.com,82.666664,good,5,5,26.35.35,2026-03-10 14:27:39.146566
5079,fredduval.com,82.666664,good,5,5,26.35.35,2026-03-10 14:28:00.151669
5080,patientreminder.com,82.666664,good,5,5,26.35.35,2026-03-10 14:28:01.128334
5082,contractvault.com,72.833336,adequate,5,4,26.35.35,2026-03-10 14:28:17.564925
5083,evilhacker.com,70.666664,adequate,5,3,26.35.35,2026-03-10 14:28:23.114921
5086,swutch.com,84.666664,good,5,5,26.35.35,2026-03-10 14:28:34.631743
5189,haukeflix.top,79.666664,good,5,6,26.35.35,2026-03-10 16:45:51.497459
5277,kali.org,79.333336,good,5,7,26.35.35,2026-03-10 19:52:21.632059
5351,sanatoriulbusteni.ro,74.666664,adequate,5,5,26.35.35,2026-03-11 01:28:52.43936
5401,mta-sts.sportcommunities.group,78.666664,good,5,5,26.36.01,2026-03-11 07:15:06.292781
5451,dpsg-bodensee.de,73,adequate,5,6,26.36.01,2026-03-11 13:48:00.379361
5607,1liner.com,78.666664,good,5,5,26.36.01,2026-03-11 14:59:33.470346
5608,caolt.ro,76.666664,good,5,5,26.36.01,2026-03-11 14:59:45.043547
5609,me,72.666664,adequate,5,2,26.36.01,2026-03-11 14:59:48.328592
5610,spitalmciuc.ro,74.666664,adequate,5,5,26.36.01,2026-03-11 14:59:48.970463
5669,migrateproduction.com,71.75,adequate,5,6,26.36.01,2026-03-11 20:38:24.424395
5719,pocketflows.com,73,adequate,5,6,26.36.06,2026-03-12 06:50:51.529044
5853,freebsd.org,83.61905,good,5,7,26.36.11,2026-03-12 09:42:00.57085
5903,mercadopago.com,74.333336,adequate,5,6,26.36.11,2026-03-12 13:13:35.862013
5909,usa.gov,72.666664,adequate,5,5,26.36.11,2026-03-12 13:16:38.296899
6032,filerequestpro.com,73,adequate,5,6,26.36.11,2026-03-12 14:46:20.806294
6036,nsa.gov,75.666664,good,5,5,26.36.11,2026-03-12 14:47:14.231169
6041,microsoft.com,83.04762,good,5,7,26.36.11,2026-03-12 14:48:32.548041
6052,apavil.ro,68.666664,adequate,5,5,26.36.11,2026-03-12 14:50:48.202893
6053,kadse.dev,70.666664,adequate,5,3,26.36.11,2026-03-12 14:50:48.759772
6055,spitalulhorezu.ro,76.666664,good,5,5,26.36.11,2026-03-12 14:50:56.06345
6161,hosptm.ro,82.666664,good,5,5,26.36.11,2026-03-12 16:14:35.094134
6162,spjslatina.ro,68.666664,adequate,5,5,26.36.11,2026-03-12 16:15:03.943992
6163,spitalmoldovanoua.ro,74.666664,adequate,5,5,26.36.11,2026-03-12 16:17:40.082309
6222,dev.lms.fullmindlearning.com,59.583332,adequate,5,8,26.36.11,2026-03-12 20:43:56.650572
6274,item.org,83,good,5,6,26.36.11,2026-03-13 07:29:12.484942
6415,cia.gov,76.90476,good,5,7,26.36.11,2026-03-13 14:35:22.196709
6563,mta-sts.purpleflock.net,77.666664,good,5,5,26.36.11,2026-03-13 15:49:26.283049
6565,blauw-survey.com,72.833336,adequate,5,4,26.36.11,2026-03-13 15:49:32.062633
6566,fredduval.com,82.666664,good,5,5,26.36.11,2026-03-13 15:49:37.365645
6713,tuta.io,75.04762,good,5,7,26.36.15,2026-03-14 09:15:07.462785
6825,nlnetlabs.nl,68,adequate,5,6,26.37.04,2026-03-14 23:04:23.266449
6829,valentin.run,83,good,5,6,26.37.04,2026-03-14 23:05:18.658901
6933,ietf.org,71.333336,adequate,5,6,26.37.14,2026-03-15 21:02:02.07935
6947,ietf.org,73,adequate,5,6,26.37.14,2026-03-15 21:02:13.139386
7109,ibm.com,71,adequate,5,6,26.37.20,2026-03-16 14:37:46.866911
7216,kali.org,79.333336,good,5,7,26.37.22,2026-03-16 17:20:31.258568
7217,red.com,72.666664,adequate,5,6,26.37.22,2026-03-16 17:21:35.639241
7286,spitalulhorezu.ro,76.666664,good,5,5,26.37.23,2026-03-17 09:14:13.322706
7288,innbn-bucuresti.ro,74.666664,adequate,5,5,26.37.23,2026-03-17 09:14:24.705788
7294,spital-deva.ro,66.666664,adequate,5,5,26.37.23,2026-03-17 09:16:07.465522
7297,markphd.me,76.583336,good,5,4,26.37.23,2026-03-17 09:16:26.618077
7299,item.org,83,good,5,6,26.37.23,2026-03-17 09:16:38.143617
7393,sportcommunities.group,82.190475,good,5,7,26.37.23,2026-03-17 14:50:07.892224
7417,web-hosting.com,74.666664,adequate,5,5,26.37.23,2026-03-17 14:53:28.700267
7418,web-hosting.com,74.666664,adequate,5,5,26.37.23,2026-03-17 14:53:49.056424
7452,couchmvp.com,77.666664,good,5,2,26.37.23,2026-03-17 21:54:45.926067
7502,nlnetlabs.nl,68,adequate,5,6,26.37.23,2026-03-18 03:23:10.77607
7510,nlnetlabs.nl,68,adequate,5,6,26.37.23,2026-03-18 03:25:09.28047
7589,nlnetlabs.nl,68,adequate,5,6,26.37.23,2026-03-18 04:25:41.480306
7615,nlnetlabs.nl,68,adequate,5,6,26.37.23,2026-03-18 07:01:56.74764
7617,nlnetlabs.nl,68,adequate,5,6,26.37.23,2026-03-18 07:02:20.849265
7656,nlnetlabs.nl,68,adequate,5,6,26.37.28,2026-03-18 07:11:49.367756
7726,nlnetlabs.nl,68,adequate,5,6,26.37.28,2026-03-18 07:26:15.789639
7761,nlnetlabs.nl,68,adequate,5,6,26.37.28,2026-03-18 07:34:00.735775
7762,nlnetlabs.nl,68,adequate,5,6,26.37.28,2026-03-18 07:34:25.648572
7795,nlnetlabs.nl,68,adequate,5,6,26.37.28,2026-03-18 07:42:17.033453
7799,nlnetlabs.nl,68,adequate,5,6,26.37.28,2026-03-18 07:43:02.968552
7800,nlnetlabs.nl,68,adequate,5,6,26.37.28,2026-03-18 07:43:13.359109
7801,nlnetlabs.nl,68,adequate,5,6,26.37.28,2026-03-18 07:43:28.666982
7804,nlnetlabs.nl,68,adequate,5,6,26.37.28,2026-03-18 07:44:02.673451
7810,nlnetlabs.nl,68,adequate,5,6,26.37.29,2026-03-18 07:46:37.556976
7812,nlnetlabs.nl,68,adequate,5,6,26.37.29,2026-03-18 07:47:14.062959
7822,nlnetlabs.nl,68,adequate,5,6,26.37.29,2026-03-18 07:49:03.163252
7823,nlnetlabs.nl,68,adequate,5,6,26.37.29,2026-03-18 07:49:11.91424
4125,technikfreak.co,74,adequate,5,3,26.35.17,2026-03-08 01:30:15.714911
4129,haukeflix.top,79.666664,good,5,6,26.35.17,2026-03-08 01:30:32.081237
4130,filantropia.ro,68.666664,adequate,5,5,26.35.17,2026-03-08 01:30:33.413841
4779,jira.sovanta.com,81.333336,good,5,1,26.35.32,2026-03-09 15:25:31.543342
4780,fluss.top,72.833336,adequate,5,4,26.35.32,2026-03-09 15:25:45.193005
4781,mta-sts.purpleflock.net,77.666664,good,5,5,26.35.32,2026-03-09 15:26:01.245837
4784,sap.de,74.666664,adequate,5,5,26.35.32,2026-03-09 15:26:18.001517
4792,meg.abyt.es,71.666664,adequate,5,2,26.35.32,2026-03-09 15:27:43.478616
4861,leeashley.com,77.333336,good,5,3,26.35.32,2026-03-09 22:15:11.865382
4917,spitalcampina.ro,72.666664,adequate,5,5,26.35.35,2026-03-10 06:16:49.161926
5067,izvoru.ro,78.666664,good,5,5,26.35.35,2026-03-10 14:25:49.518294
5070,ifacforl.ro,68.666664,adequate,5,5,26.35.35,2026-03-10 14:26:26.943713
5077,abyt.es,75.333336,good,5,4,26.35.35,2026-03-10 14:27:47.982453
5081,abyt.es,75.333336,good,5,4,26.35.35,2026-03-10 14:28:07.012804
5084,swutch.com,84.666664,good,5,5,26.35.35,2026-03-10 14:28:29.233781
5190,burghele.ro,74.666664,adequate,5,5,26.35.35,2026-03-10 16:47:39.581643
5279,tuta.io,73.61905,adequate,5,7,26.35.35,2026-03-10 19:53:25.369174
5281,reconfirm.com,73,adequate,5,6,26.35.35,2026-03-10 19:53:34.376072
5283,spitalsovata.ro,74.666664,adequate,5,5,26.35.35,2026-03-10 19:53:36.794243
5284,zmacnashville.net,80.666664,good,5,5,26.35.35,2026-03-10 19:53:43.996772
5287,business29.web-hosting.com,71.333336,adequate,5,1,26.35.35,2026-03-10 19:53:52.202387
5289,ohg-nagold.de,66.666664,adequate,5,5,26.35.35,2026-03-10 19:54:40.955303
5292,dpsg-radolfzell.de,76.47619,good,5,7,26.35.35,2026-03-10 19:55:16.523569
5353,oxidesurvival.com,80.666664,good,5,3,26.35.35,2026-03-11 01:28:56.189941
5402,porp.stream,77.333336,good,5,3,26.36.01,2026-03-11 07:15:06.849366
5452,civicpermits.com,70.666664,adequate,5,5,26.36.01,2026-03-11 13:50:20.671814
5611,1liner.com,78.666664,good,5,5,26.36.01,2026-03-11 14:59:49.713694
5614,caolt.ro,76.666664,good,5,5,26.36.01,2026-03-11 15:00:15.293729
5622,vallige-api.com,72.666664,adequate,5,2,26.36.01,2026-03-11 15:02:57.124274
5670,cioviews.com,80.666664,good,5,5,26.36.01,2026-03-11 21:19:00.280033
5720,ietf.org,73,adequate,5,6,26.36.06,2026-03-12 07:21:34.17102
5854,lincolnapps.co,74.333336,adequate,5,4,26.36.11,2026-03-12 09:48:18.720352
5904,pizazzmusiccamp.org,68.666664,adequate,5,5,26.36.11,2026-03-12 13:13:39.358275
5906,spitalsinaia.ro,74.666664,adequate,5,5,26.36.11,2026-03-12 13:14:06.826208
5908,fredduval.com,82.666664,good,5,5,26.36.11,2026-03-12 13:15:41.090407
6040,github.com,74.333336,adequate,5,6,26.36.11,2026-03-12 14:48:26.608419
6047,abyt.es,75.333336,good,5,4,26.36.11,2026-03-12 14:50:06.491294
6049,spitalulhorezu.ro,76.666664,good,5,5,26.36.11,2026-03-12 14:50:34.006192
6057,apavil.ro,68.666664,adequate,5,5,26.36.11,2026-03-12 14:51:16.527357
6164,www.cnn.com,60.833332,adequate,5,8,26.36.11,2026-03-12 16:22:45.282626
6223,hegel.net,76.333336,good,5,6,26.36.11,2026-03-12 20:44:43.344056
6276,item.org,83,good,5,6,26.36.11,2026-03-13 07:30:04.96348
6416,technikfreak.co,74,adequate,5,3,26.36.11,2026-03-13 14:42:23.935688
6419,swutch.com,84.666664,good,5,5,26.36.11,2026-03-13 14:43:58.886715
6420,swutch.com,84.666664,good,5,5,26.36.11,2026-03-13 14:44:12.518362
6422,reconfirm.com,71.333336,adequate,5,6,26.36.11,2026-03-13 14:44:21.099109
6424,openai.com,70.083336,adequate,5,6,26.36.11,2026-03-13 14:44:25.672824
6425,abyt.es,75.333336,good,5,4,26.36.11,2026-03-13 14:44:27.116889
6427,reconfirm.com,73,adequate,5,6,26.36.11,2026-03-13 14:44:51.938215
6430,westcappowerequipment.com,80.666664,good,5,5,26.36.11,2026-03-13 14:44:55.464269
6431,abyt.es,75.333336,good,5,4,26.36.11,2026-03-13 14:44:57.838049
6433,2911.us,81.333336,good,5,6,26.36.11,2026-03-13 14:45:01.638081
6447,mtadistributors.com,76.666664,good,5,5,26.36.11,2026-03-13 14:45:50.898869
6564,isc.org,76.90476,good,5,7,26.36.11,2026-03-13 15:49:30.140331
6574,purpleflock.com,82.190475,good,5,7,26.36.11,2026-03-13 15:50:35.995255
6714,hahnover.land,76.666664,good,5,5,26.36.15,2026-03-14 09:25:51.288328
6826,nlnetlabs.nl,68,adequate,5,6,26.37.04,2026-03-14 23:04:31.690214
6934,freebsd.org,86.47619,good,5,7,26.37.14,2026-03-15 21:02:02.255974
6943,google.com,68.2619,adequate,5,7,26.37.14,2026-03-15 21:02:09.251104
6944,google.com,67.333336,adequate,5,7,26.37.14,2026-03-15 21:02:11.7241
6946,freebsd.org,86.47619,good,5,7,26.37.14,2026-03-15 21:02:12.381602
6949,google.com,67.333336,adequate,5,7,26.37.14,2026-03-15 21:02:15.318008
7113,amazon.com,71.666664,adequate,5,5,26.37.20,2026-03-16 14:40:05.379522
7117,2911.us,81.333336,good,5,6,26.37.20,2026-03-16 14:40:48.445907
7122,openai.com,70.333336,adequate,5,6,26.37.20,2026-03-16 14:41:10.722375
7123,cia.gov,76.90476,good,5,7,26.37.20,2026-03-16 14:41:17.303528
7218,spitalul-municipal-timisoara.ro,66.666664,adequate,5,5,26.37.22,2026-03-16 17:33:07.828337
7289,spital-izvoru.ro,74.666664,adequate,5,5,26.37.23,2026-03-17 09:15:08.924818
7292,mta-sts.sportcommunities.group,78.666664,good,5,5,26.37.23,2026-03-17 09:15:25.441253
7301,mercadopago.com,74.333336,adequate,5,6,26.37.23,2026-03-17 09:17:15.001821
7394,cisa.gov,67,adequate,5,6,26.37.23,2026-03-17 14:50:22.372053
7408,fredduval.com,82.666664,good,5,5,26.37.23,2026-03-17 14:51:30.253593
7409,swutch.com,84.666664,good,5,5,26.37.23,2026-03-17 14:51:36.126104
7411,pizazzmusiccamp.org,68.666664,adequate,5,5,26.37.23,2026-03-17 14:51:50.930818
7412,schedule.it-help.tech,77.333336,good,5,3,26.37.23,2026-03-17 14:51:55.898506
7414,omzcloud.vn,71,adequate,5,6,26.37.23,2026-03-17 14:52:20.633846
7453,dnstool.it-help.tech,84,good,5,3,26.37.23,2026-03-17 22:55:21.072375
7503,nlnetlabs.nl,68,adequate,5,6,26.37.23,2026-03-18 03:23:19.234276
7506,nlnetlabs.nl,68,adequate,5,6,26.37.23,2026-03-18 03:24:03.616383
7511,nlnetlabs.nl,68,adequate,5,6,26.37.23,2026-03-18 03:25:40.147127
7515,nlnetlabs.nl,68,adequate,5,6,26.37.23,2026-03-18 03:26:50.255718
7590,nlnetlabs.nl,68,adequate,5,6,26.37.23,2026-03-18 04:27:11.924301
7616,nlnetlabs.nl,68,adequate,5,6,26.37.23,2026-03-18 07:02:08.819906
7622,nlnetlabs.nl,68,adequate,5,6,26.37.23,2026-03-18 07:03:31.471993
7659,nlnetlabs.nl,68,adequate,5,6,26.37.28,2026-03-18 07:12:23.794888
7664,nlnetlabs.nl,68,adequate,5,6,26.37.28,2026-03-18 07:13:21.809279
7666,nlnetlabs.nl,68,adequate,5,6,26.37.28,2026-03-18 07:13:45.058617
7728,nlnetlabs.nl,68,adequate,5,6,26.37.28,2026-03-18 07:27:00.217984
7729,nlnetlabs.nl,68,adequate,5,6,26.37.28,2026-03-18 07:27:01.481856
4127,apple.com,75.47619,good,5,7,26.35.17,2026-03-08 01:30:20.079918
4135,couchmvp.com,77.666664,good,5,2,26.35.17,2026-03-08 01:35:33.974541
4136,natashabedingfield.com,69.416664,adequate,5,5,26.35.17,2026-03-08 01:35:52.779847
4137,spitalulhorezu.ro,76.666664,good,5,5,26.35.17,2026-03-08 01:35:54.847049
4138,purpleflock.com,82.190475,good,5,7,26.35.17,2026-03-08 01:35:58.797409
4139,weather.gov,69.416664,adequate,5,5,26.35.17,2026-03-08 01:36:02.396802
4140,spitalulhorezu.ro,80.666664,good,5,5,26.35.17,2026-03-08 01:36:18.374181
4141,server.it-help.tech,77.333336,good,5,3,26.35.17,2026-03-08 01:36:19.250205
4142,natashabedingfield.com,67.416664,adequate,5,5,26.35.17,2026-03-08 01:36:23.11391
4143,purpleflock.com,82.190475,good,5,7,26.35.17,2026-03-08 01:36:29.445859
4144,mta-sts.purpleflock.net,77.416664,good,5,5,26.35.17,2026-03-08 01:36:31.798807
4145,binaryflix.space,77.333336,good,5,3,26.35.17,2026-03-08 01:36:42.909248
4146,fullmindlearning.com,69.416664,adequate,5,5,26.35.17,2026-03-08 01:36:52.867689
4147,natashabedingfield.com,69.416664,adequate,5,5,26.35.17,2026-03-08 01:36:53.497015
4148,binaryflix.space,77.333336,good,5,3,26.35.17,2026-03-08 01:36:58.918963
4149,purpleflock.com,82.190475,good,5,7,26.35.17,2026-03-08 01:36:59.489004
4150,whitehouse.gov,75.416664,good,5,5,26.35.17,2026-03-08 01:37:05.300498
4151,fullmindlearning.com,69.416664,adequate,5,5,26.35.17,2026-03-08 01:37:20.274622
4152,whitehouse.gov,75.416664,good,5,5,26.35.17,2026-03-08 01:37:21.359925
4153,ibm.com,72.166664,adequate,5,6,26.35.17,2026-03-08 01:37:34.950749
4154,probe-us-02.dns-observe.com,70.666664,adequate,5,3,26.35.17,2026-03-08 01:38:00.246347
4155,ibm.com,66.5,adequate,5,6,26.35.17,2026-03-08 01:38:05.20302
4156,ibm.com,70.5,adequate,5,6,26.35.17,2026-03-08 01:38:35.619991
4157,jonaswiegner.de,72.190475,adequate,5,7,26.35.17,2026-03-08 01:41:17.1037
4158,innbn-bucuresti.ro,76.666664,good,5,5,26.35.17,2026-03-08 01:41:27.628903
4159,innbn-bucuresti.ro,80.666664,good,5,5,26.35.17,2026-03-08 01:41:40.16149
4160,reconfirm.com,73,adequate,5,6,26.35.17,2026-03-08 01:41:47.539667
4161,spitalmciuc.ro,80.666664,good,5,5,26.35.17,2026-03-08 01:41:50.612221
4162,reconfirm.com,73,adequate,5,6,26.35.17,2026-03-08 01:42:17.592724
4163,spitalmciuc.ro,78.666664,good,5,5,26.35.17,2026-03-08 01:42:17.946032
4164,zmacnashville.net,80.666664,good,5,5,26.35.17,2026-03-08 01:42:19.62844
4165,spitalulhuedin.ro,72.666664,adequate,5,5,26.35.17,2026-03-08 01:42:25.578965
4166,swutch.com,84.666664,good,5,5,26.35.17,2026-03-08 01:42:27.581616
4167,swutch.com,84.666664,good,5,5,26.35.17,2026-03-08 01:42:36.136485
4168,zmacnashville.net,80.666664,good,5,5,26.35.17,2026-03-08 01:42:44.30303
4169,reconfirm.com,73,adequate,5,6,26.35.17,2026-03-08 01:42:49.000015
4170,spitalulhuedin.ro,76.666664,good,5,5,26.35.17,2026-03-08 01:42:49.512085
4171,spital-breaza.ro,74.666664,adequate,5,5,26.35.17,2026-03-08 01:54:47.573988
4172,spital-breaza.ro,74.666664,adequate,5,5,26.35.17,2026-03-08 01:55:03.509699
4173,steinr.eu,71.75,adequate,5,6,26.35.17,2026-03-08 02:36:15.102361
4174,steinr.eu,71.75,adequate,5,6,26.35.17,2026-03-08 02:36:41.073569
4175,ortopedieazuga.ro,74.666664,adequate,5,5,26.35.17,2026-03-08 02:47:13.577028
4176,ortopedieazuga.ro,76.666664,good,5,5,26.35.17,2026-03-08 02:47:31.919525
4177,swutch.com,84.666664,good,5,5,26.35.17,2026-03-08 02:52:21.152465
4178,hegel.org,84.666664,good,5,5,26.35.17,2026-03-08 02:53:03.696824
4179,hegel.net,76.333336,good,5,6,26.35.17,2026-03-08 02:53:47.015828
4180,sovanta.com,81.416664,good,5,5,26.35.17,2026-03-08 02:54:29.745678
4181,dispatchgrid.com,82.666664,good,5,5,26.35.17,2026-03-08 02:55:12.484246
4182,surland.de,84.666664,good,5,6,26.35.17,2026-03-08 02:55:55.817506
4183,kadse.dev,70.666664,adequate,5,3,26.35.17,2026-03-08 02:56:38.662135
4184,pdcnet.org,73,adequate,5,6,26.35.17,2026-03-08 02:57:22.278964
4185,hegel.org,84.666664,good,5,5,26.35.17,2026-03-08 03:06:06.118328
4186,couchmvp.com,77.666664,good,5,2,26.35.17,2026-03-08 03:07:52.902416
4187,purpleflock.com,82.190475,good,5,7,26.35.17,2026-03-08 03:08:52.795843
4188,evilhacker.com,70.666664,adequate,5,3,26.35.17,2026-03-08 03:09:42.287797
4189,markphd.me,76.833336,good,5,4,26.35.17,2026-03-08 03:10:25.237851
4190,uptimerobot.com,75.47619,good,5,7,26.35.17,2026-03-08 03:11:08.572507
4191,contractvault.com,72.833336,adequate,5,4,26.35.17,2026-03-08 03:11:51.796619
4192,beechtreenews.com,73,adequate,5,6,26.35.17,2026-03-08 03:12:33.174147
4193,franklinroadacademy.com,74.666664,adequate,5,5,26.35.17,2026-03-08 03:23:16.415236
4194,misconfigured.com,77.333336,good,5,3,26.35.17,2026-03-08 03:23:59.661718
4195,me,72.666664,adequate,5,2,26.35.17,2026-03-08 03:31:12.522721
4196,jira.sovanta.com,81.333336,good,5,1,26.35.17,2026-03-08 03:31:26.038448
4197,www.franklinroadacademy.com,60.583332,adequate,5,8,26.35.17,2026-03-08 03:32:07.97298
4198,business29.web-hosting.com,71.333336,adequate,5,1,26.35.17,2026-03-08 03:32:26.70378
4199,server.it-help.tech,77.333336,good,5,3,26.35.17,2026-03-08 03:33:14.377406
4200,dnstool.it-help.tech,77.333336,good,5,3,26.35.17,2026-03-08 03:42:51.112019
4201,innbn-bucuresti.ro,78.666664,good,5,5,26.35.17,2026-03-08 03:50:26.090016
4202,dev.lms.fullmindlearning.com,59.583332,adequate,5,8,26.35.17,2026-03-08 03:52:48.77408
4203,dpsg-bodensee.de,73,adequate,5,6,26.35.17,2026-03-08 04:14:13.971769
4204,dpsg-bodensee.de,73,adequate,5,6,26.35.17,2026-03-08 04:14:21.962369
4205,hegel.org,84.666664,good,5,5,26.35.17,2026-03-08 04:28:52.037989
4206,hegel.org,84.666664,good,5,5,26.35.17,2026-03-08 04:29:12.328253
4207,freebsd.org,86.47619,good,5,7,26.35.17,2026-03-08 05:21:00.167122
4208,clinicbilling.com,67.666664,adequate,5,2,26.35.17,2026-03-08 05:50:51.094148
4209,misconfigured.com,77.333336,good,5,3,26.35.17,2026-03-08 06:36:36.200881
4210,optonline.net,76.666664,good,5,5,26.35.17,2026-03-08 06:48:57.68868
4211,switch.com,69.666664,adequate,5,5,26.35.17,2026-03-08 07:22:38.446469
4212,switch.com,69.666664,adequate,5,5,26.35.17,2026-03-08 07:22:54.977454
4213,www.franklinroadacademy.com,60.583332,adequate,5,8,26.35.17,2026-03-08 07:32:23.400165
4214,openai.com,70.333336,adequate,5,6,26.35.17,2026-03-08 07:36:06.545363
4215,openai.com,68.666664,adequate,5,6,26.35.17,2026-03-08 07:36:31.224115
4216,surland.de,84.666664,good,5,6,26.35.17,2026-03-08 07:39:26.740252
4217,sjv.ro,74.666664,adequate,5,5,26.35.17,2026-03-08 07:40:50.552779
4218,sjv.ro,74.666664,adequate,5,5,26.35.17,2026-03-08 07:41:50.989809
4219,sjv.ro,74.666664,adequate,5,5,26.35.17,2026-03-08 07:42:52.743426
4220,sovanta.com,81.666664,good,5,5,26.35.17,2026-03-08 07:52:37.602838
4221,uptimerobot.com,75.47619,good,5,7,26.35.17,2026-03-08 07:57:41.835067
4222,uptimerobot.com,75.47619,good,5,7,26.35.17,2026-03-08 07:58:00.259397
4223,pdcnet.org,73,adequate,5,6,26.35.17,2026-03-08 08:16:13.329492
4224,pdcnet.org,73,adequate,5,6,26.35.17,2026-03-08 08:55:09.551664
4225,hosptm.ro,82.666664,good,5,5,26.35.17,2026-03-08 09:02:46.735062
4226,misconfigured.com,77.333336,good,5,3,26.35.17,2026-03-08 09:04:01.727178
4227,knoxminerals.com,74.666664,adequate,5,5,26.35.17,2026-03-08 09:40:03.322575
4228,nsa.gov,75.666664,good,5,5,26.35.17,2026-03-08 09:43:16.533863
4229,nsa.gov,75.666664,good,5,5,26.35.17,2026-03-08 09:43:34.020362
4230,kisa.org.cy,84.666664,good,5,5,26.35.17,2026-03-08 10:11:33.498078
4231,kisa.org.cy,84.666664,good,5,5,26.35.17,2026-03-08 10:11:59.625241
4232,natashabedingfield.com,67.666664,adequate,5,5,26.35.17,2026-03-08 10:17:02.986351
4233,natashabedingfield.com,67.666664,adequate,5,5,26.35.17,2026-03-08 10:17:19.974167
4234,sportcommunities.group,82.190475,good,5,7,26.35.17,2026-03-08 10:31:19.0154
4235,ehmrealty.com,78.666664,good,5,5,26.35.18,2026-03-08 10:34:46.4728
4236,probe-us-01.dns-observe.com,75.333336,good,5,4,26.35.18,2026-03-08 10:50:47.528265
4237,com,72.666664,adequate,5,2,26.35.18,2026-03-08 11:05:23.078246
4238,optonline.net,76.666664,good,5,5,26.35.18,2026-03-08 11:06:01.176823
4239,ifacforl.ro,68.666664,adequate,5,5,26.35.18,2026-03-08 11:20:59.365494
4240,ifacforl.ro,68.666664,adequate,5,5,26.35.18,2026-03-08 11:21:22.166792
4241,filantropia.ro,68.666664,adequate,5,5,26.35.20,2026-03-08 12:12:39.362182
4242,filantropia.ro,68.666664,adequate,5,5,26.35.20,2026-03-08 12:12:54.527451
4243,dnstool.it-help.tech,77.333336,good,5,3,26.35.20,2026-03-08 12:24:21.072708
4244,tesla.com,65.666664,adequate,5,5,26.35.20,2026-03-08 13:41:26.127148
4245,tesla.com,65.666664,adequate,5,5,26.35.20,2026-03-08 13:41:47.756435
4246,poop.com,74,adequate,5,3,26.35.20,2026-03-08 13:56:29.363031
4247,switch.com,69.666664,adequate,5,5,26.35.20,2026-03-08 14:05:00.255929
4248,nlnetlabs.nl,68,adequate,5,6,26.35.20,2026-03-08 14:05:19.402316
4249,google.com,69.690475,adequate,5,7,26.35.20,2026-03-08 14:05:19.435912
4250,switch.com,69.416664,adequate,5,5,26.35.20,2026-03-08 14:05:20.146265
4251,freebsd.org,86.47619,good,5,7,26.35.20,2026-03-08 14:05:21.007815
4252,ietf.org,73,adequate,5,6,26.35.20,2026-03-08 14:05:25.002867
4253,dnstool.it-help.tech,77.333336,good,5,3,26.35.20,2026-03-08 14:05:38.401232
4254,tesla.com,65.666664,adequate,5,5,26.35.20,2026-03-08 14:05:48.672658
4255,google.com,71.11905,adequate,5,7,26.35.20,2026-03-08 14:05:49.267576
4256,nlnetlabs.nl,68,adequate,5,6,26.35.20,2026-03-08 14:05:50.15309
4257,freebsd.org,86.47619,good,5,7,26.35.20,2026-03-08 14:05:50.39001
4258,natashabedingfield.com,67.416664,adequate,5,5,26.35.20,2026-03-08 14:05:50.950065
4259,ietf.org,73,adequate,5,6,26.35.20,2026-03-08 14:05:53.47721
4260,ehmrealty.com,78.666664,good,5,5,26.35.20,2026-03-08 14:05:57.581341
4261,probe-us-01.dns-observe.com,75.333336,good,5,4,26.35.20,2026-03-08 14:06:13.88281
4262,tesla.com,65.416664,adequate,5,5,26.35.20,2026-03-08 14:06:17.617432
4263,nlnetlabs.nl,68,adequate,5,6,26.35.20,2026-03-08 14:06:18.155781
4264,ietf.org,73,adequate,5,6,26.35.20,2026-03-08 14:06:19.385449
4265,google.com,68.2619,adequate,5,7,26.35.20,2026-03-08 14:06:20.10612
4266,natashabedingfield.com,65.416664,adequate,5,5,26.35.20,2026-03-08 14:06:21.201851
4267,kisa.org.cy,84.666664,good,5,5,26.35.20,2026-03-08 14:06:25.177412
4268,knoxminerals.com,74.666664,adequate,5,5,26.35.20,2026-03-08 14:06:37.635702
4269,probe-us-01.dns-observe.com,75.333336,good,5,4,26.35.20,2026-03-08 14:06:44.340998
4270,tesla.com,65.416664,adequate,5,5,26.35.20,2026-03-08 14:06:47.886746
4271,natashabedingfield.com,65.416664,adequate,5,5,26.35.20,2026-03-08 14:06:52.811274
4272,poop.com,74,adequate,5,3,26.35.20,2026-03-08 14:06:54.217357
4273,kisa.org.cy,84.666664,good,5,5,26.35.20,2026-03-08 14:06:55.698406
4274,knoxminerals.com,74.666664,adequate,5,5,26.35.20,2026-03-08 14:07:04.436496
4275,ifacforl.ro,68.666664,adequate,5,5,26.35.20,2026-03-08 14:07:04.953463
4276,com,72.666664,adequate,5,2,26.35.20,2026-03-08 14:07:11.881636
4277,optonline.net,74.666664,adequate,5,5,26.35.20,2026-03-08 14:07:15.00859
4278,probe-us-01.dns-observe.com,75.333336,good,5,4,26.35.20,2026-03-08 14:07:15.482033
4279,sportcommunities.group,82.190475,good,5,7,26.35.20,2026-03-08 14:07:20.015085
4280,kisa.org.cy,84.666664,good,5,5,26.35.20,2026-03-08 14:07:27.01055
4281,nsa.gov,75.416664,good,5,5,26.35.20,2026-03-08 14:07:31.01901
4282,filantropia.ro,68.666664,adequate,5,5,26.35.20,2026-03-08 14:07:32.961643
4283,optonline.net,74.666664,adequate,5,5,26.35.20,2026-03-08 14:07:33.945519
4284,ifacforl.ro,68.666664,adequate,5,5,26.35.20,2026-03-08 14:07:35.27696
4285,sportcommunities.group,80.7619,good,5,7,26.35.20,2026-03-08 14:07:46.945072
4286,nsa.gov,75.416664,good,5,5,26.35.20,2026-03-08 14:07:57.755486
4287,filantropia.ro,68.666664,adequate,5,5,26.35.20,2026-03-08 14:08:03.225414
4288,ifacforl.ro,68.666664,adequate,5,5,26.35.20,2026-03-08 14:08:05.695579
4289,filantropia.ro,68.666664,adequate,5,5,26.35.20,2026-03-08 14:08:33.657734
4290,it-help.tech,80.190475,good,5,7,26.35.20,2026-03-08 14:12:32.23539
4291,it-help.tech,80.190475,good,5,7,26.35.20,2026-03-08 14:12:53.451516
4292,openai.com,70.333336,adequate,5,6,26.35.20,2026-03-08 14:13:01.920518
4293,hosptm.ro,82.666664,good,5,5,26.35.20,2026-03-08 14:13:15.941732
4294,switch.com,69.666664,adequate,5,5,26.35.20,2026-03-08 14:13:26.506263
4295,openai.com,72,adequate,5,6,26.35.20,2026-03-08 14:13:30.458405
4296,clinicbilling.com,72.666664,adequate,5,2,26.35.20,2026-03-08 14:13:36.249247
4297,misconfigured.com,77.333336,good,5,3,26.35.20,2026-03-08 14:13:41.679299
4298,uptimerobot.com,75.47619,good,5,7,26.35.20,2026-03-08 14:13:42.211369
4299,hosptm.ro,82.666664,good,5,5,26.35.20,2026-03-08 14:13:46.404871
4300,sjv.ro,74.666664,adequate,5,5,26.35.20,2026-03-08 14:14:00.447026
4301,openai.com,70.333336,adequate,5,6,26.35.20,2026-03-08 14:14:01.872168
4302,hegel.org,84.666664,good,5,5,26.35.20,2026-03-08 14:14:02.800432
4303,pdcnet.org,73,adequate,5,6,26.35.20,2026-03-08 14:14:04.070194
4304,uptimerobot.com,74.04762,adequate,5,7,26.35.20,2026-03-08 14:14:06.024114
4305,clinicbilling.com,72.666664,adequate,5,2,26.35.20,2026-03-08 14:14:06.645927
4306,hosptm.ro,82.666664,good,5,5,26.35.20,2026-03-08 14:14:16.928953
4307,sjv.ro,74.666664,adequate,5,5,26.35.20,2026-03-08 14:14:29.157133
4308,hegel.org,84.666664,good,5,5,26.35.20,2026-03-08 14:14:30.883581
4309,clinicbilling.com,70.166664,adequate,5,2,26.35.20,2026-03-08 14:14:37.167752
4310,hegel.org,84.666664,good,5,5,26.35.20,2026-03-08 14:14:54.080294
4313,microsoft.com,83.04762,good,5,7,26.35.20,2026-03-08 14:15:16.929834
4318,apple.com,72.61905,adequate,5,7,26.35.20,2026-03-08 14:15:43.286819
4323,2911.us,81.333336,good,5,6,26.35.20,2026-03-08 14:16:43.106411
4324,fbi.gov,72.61905,adequate,5,7,26.35.20,2026-03-08 14:16:48.275247
4325,ibm.com,71,adequate,5,6,26.35.20,2026-03-08 14:16:57.120045
4330,cloudflare.com,71.190475,adequate,5,7,26.35.20,2026-03-08 14:17:30.762536
4332,ibm.com,72.166664,adequate,5,6,26.35.20,2026-03-08 14:17:55.906026
4782,swutch.com,80.666664,good,5,5,26.35.32,2026-03-09 15:26:06.780277
4783,sovanta.com,81.666664,good,5,5,26.35.32,2026-03-09 15:26:11.92382
4785,sovanta.com,81.666664,good,5,5,26.35.32,2026-03-09 15:26:42.605055
4786,sap.de,74.666664,adequate,5,5,26.35.32,2026-03-09 15:26:45.209192
4787,tesla.com,65.416664,adequate,5,5,26.35.32,2026-03-09 15:26:50.004169
4788,sovanta.com,81.416664,good,5,5,26.35.32,2026-03-09 15:27:13.666662
4791,sportcommunities.group,82.190475,good,5,7,26.35.32,2026-03-09 15:27:24.052429
4794,sportcommunities.group,82.190475,good,5,7,26.35.32,2026-03-09 15:27:55.48199
4796,glendun.com.au,70.666664,adequate,5,5,26.35.32,2026-03-09 15:28:24.387845
4862,abyt.es,75.333336,good,5,4,26.35.32,2026-03-09 22:30:19.01275
4863,abyt.es,75.333336,good,5,4,26.35.32,2026-03-09 22:30:35.135857
4918,mta-sts.purpleflock.net,77.666664,good,5,5,26.35.35,2026-03-10 08:04:46.346912
5071,technikfreak.co,74,adequate,5,3,26.35.35,2026-03-10 14:27:09.00179
5072,leeashley.com,77.333336,good,5,3,26.35.35,2026-03-10 14:27:22.967959
5191,1liner.com,78.666664,good,5,5,26.35.35,2026-03-10 16:53:05.743902
5192,1liner.com,78.666664,good,5,5,26.35.35,2026-03-10 16:53:07.695963
5280,poop.com,74,adequate,5,3,26.35.35,2026-03-10 19:53:25.745096
5282,fluss.top,72.833336,adequate,5,4,26.35.35,2026-03-10 19:53:34.44153
5285,nasa.gov,75.083336,good,5,6,26.35.35,2026-03-10 19:53:45.486702
5288,spitalsighet.ro,76.666664,good,5,5,26.35.35,2026-03-10 19:53:52.396254
5291,probe-us-01.dns-observe.com,75.333336,good,5,4,26.35.35,2026-03-10 19:55:15.268995
5293,haukeflix.top,79.666664,good,5,6,26.35.35,2026-03-10 19:55:18.398591
5295,spitalulhorezu.ro,76.666664,good,5,5,26.35.35,2026-03-10 19:55:20.764757
5354,mercadopago.com,72.666664,adequate,5,6,26.35.35,2026-03-11 01:40:32.63897
5403,mta-sts.purpleflock.net,77.666664,good,5,5,26.36.01,2026-03-11 07:41:49.857911
5453,monologue.to,73,adequate,5,6,26.36.01,2026-03-11 13:50:21.211549
5612,spitalmoldovanoua.ro,74.666664,adequate,5,5,26.36.01,2026-03-11 15:00:07.206885
5613,web-hosting.com,74.666664,adequate,5,5,26.36.01,2026-03-11 15:00:11.160129
5615,spitalmciuc.ro,73.416664,adequate,5,5,26.36.01,2026-03-11 15:00:19.300619
5616,tuta.io,73.61905,adequate,5,7,26.36.01,2026-03-11 15:00:25.312442
5617,spitalmoldovanoua.ro,74.666664,adequate,5,5,26.36.01,2026-03-11 15:00:34.32071
5671,probe-us-01.dns-observe.com,75.333336,good,5,4,26.36.02,2026-03-11 22:24:16.674829
5721,isc.org,76.90476,good,5,7,26.36.06,2026-03-12 07:22:03.889048
5855,cioviews.com,80.666664,good,5,5,26.36.11,2026-03-12 09:51:09.341463
5910,usa.gov,72.666664,adequate,5,5,26.36.11,2026-03-12 13:17:36.296445
6045,apple.com,76.90476,good,5,7,26.36.11,2026-03-12 14:49:10.703955
6048,gdcc.com,82.666664,good,5,5,26.36.11,2026-03-12 14:50:27.996558
6054,gdcc.com,82.666664,good,5,5,26.36.11,2026-03-12 14:50:52.029784
6056,mx1.blauwsurvey.com,81.333336,good,5,1,26.36.11,2026-03-12 14:50:58.115139
6059,mx1.blauwsurvey.com,81.333336,good,5,1,26.36.11,2026-03-12 14:51:28.693483
6165,spitalcampina.ro,72.666664,adequate,5,5,26.36.11,2026-03-12 16:25:12.228991
6224,uptimerobot.com,75.47619,good,5,7,26.36.11,2026-03-12 20:53:18.462988
6277,freebsd.org,86.47619,good,5,7,26.36.11,2026-03-13 07:50:54.533584
6417,gdcc.com,68.666664,adequate,5,5,26.36.11,2026-03-13 14:43:47.091787
6418,openai.com,70.333336,adequate,5,6,26.36.11,2026-03-13 14:43:56.911195
6423,fbi.gov,73.79762,adequate,5,7,26.36.11,2026-03-13 14:44:23.760051
6568,blauw-survey.com,71.833336,adequate,5,4,26.36.11,2026-03-13 15:49:53.618972
6571,purpleflock.net,79.7619,good,5,7,26.36.11,2026-03-13 15:49:59.63464
6715,google.com,70.190475,adequate,5,7,26.36.15,2026-03-14 09:52:39.191323
6827,ietf.org,73,adequate,5,6,26.37.04,2026-03-14 23:04:37.394504
6935,nlnetlabs.nl,67,adequate,5,6,26.37.14,2026-03-15 21:02:02.34701
6936,nlnetlabs.nl,68,adequate,5,6,26.37.14,2026-03-15 21:02:03.30791
6951,google.com,70.190475,adequate,5,7,26.37.14,2026-03-15 21:02:16.292082
7119,fbi.gov,72.61905,adequate,5,7,26.37.20,2026-03-16 14:40:49.538992
7219,wolfintegrated.com,80.666664,good,5,5,26.37.22,2026-03-16 22:41:12.266906
7221,wolfintegrated.com,80.666664,good,5,5,26.37.22,2026-03-16 22:42:19.926598
7302,cioviews.com,80.666664,good,5,5,26.37.23,2026-03-17 09:24:40.229894
7303,kisa.org.cy,82.666664,good,5,5,26.37.23,2026-03-17 09:26:00.991904
7395,sportcommunities.group,82.190475,good,5,7,26.37.23,2026-03-17 14:50:22.475899
7400,markphd.me,76.833336,good,5,4,26.37.23,2026-03-17 14:50:59.61134
7402,lincolnapps.co,74.333336,adequate,5,4,26.37.23,2026-03-17 14:51:04.356532
7407,apavil.ro,58.666668,adequate,5,5,26.37.23,2026-03-17 14:51:27.341973
7415,wisestamp.com,69.666664,adequate,5,5,26.37.23,2026-03-17 14:52:36.153764
7416,omzcloud.vn,70,adequate,5,6,26.37.23,2026-03-17 14:52:45.044089
7454,spitalsighet.ro,76.666664,good,5,5,26.37.23,2026-03-18 00:10:37.790279
7505,nlnetlabs.nl,68,adequate,5,6,26.37.23,2026-03-18 03:24:01.974924
7507,nlnetlabs.nl,68,adequate,5,6,26.37.23,2026-03-18 03:24:25.527414
7508,nlnetlabs.nl,68,adequate,5,6,26.37.23,2026-03-18 03:24:46.427043
7512,nlnetlabs.nl,68,adequate,5,6,26.37.23,2026-03-18 03:26:01.203093
7513,nlnetlabs.nl,68,adequate,5,6,26.37.23,2026-03-18 03:26:03.618021
7514,nlnetlabs.nl,68,adequate,5,6,26.37.23,2026-03-18 03:26:25.746124
7518,nlnetlabs.nl,68,adequate,5,6,26.37.23,2026-03-18 03:27:34.394489
7519,nlnetlabs.nl,68,adequate,5,6,26.37.23,2026-03-18 03:27:49.936935
7520,nlnetlabs.nl,68,adequate,5,6,26.37.23,2026-03-18 03:27:57.863202
7591,z1mac.com,74,adequate,5,3,26.37.23,2026-03-18 04:30:01.444752
7618,nlnetlabs.nl,68,adequate,5,6,26.37.23,2026-03-18 07:02:37.141261
7668,nlnetlabs.nl,68,adequate,5,6,26.37.28,2026-03-18 07:14:07.096632
7672,nlnetlabs.nl,68,adequate,5,6,26.37.28,2026-03-18 07:15:03.609043
7675,nlnetlabs.nl,68,adequate,5,6,26.37.28,2026-03-18 07:15:43.60525
7678,nlnetlabs.nl,68,adequate,5,6,26.37.28,2026-03-18 07:16:22.501053
7685,nlnetlabs.nl,68,adequate,5,6,26.37.28,2026-03-18 07:17:53.637372
7730,spitalsighet.ro,76.666664,good,5,5,26.37.28,2026-03-18 07:27:10.049372
4311,sjv.ro,74.666664,adequate,5,5,26.35.20,2026-03-08 14:14:59.64247
4312,cia.gov,76.90476,good,5,7,26.35.20,2026-03-08 14:15:08.82674
4315,cia.gov,76.90476,good,5,7,26.35.20,2026-03-08 14:15:30.306633
4322,amazon.com,71.666664,adequate,5,5,26.35.20,2026-03-08 14:16:38.643816
4328,ibm.com,67,adequate,5,6,26.35.20,2026-03-08 14:17:25.628912
4789,tesla.com,65.416664,adequate,5,5,26.35.32,2026-03-09 15:27:20.423271
4790,meg.abyt.es,71.416664,adequate,5,2,26.35.32,2026-03-09 15:27:20.957688
4793,tesla.com,65.416664,adequate,5,5,26.35.32,2026-03-09 15:27:50.770398
4795,glendun.com.au,72.666664,adequate,5,5,26.35.32,2026-03-09 15:27:59.058743
4797,sportcommunities.group,82.190475,good,5,7,26.35.32,2026-03-09 15:28:25.155831
4798,hortongroup.com,78.666664,good,5,5,26.35.32,2026-03-09 15:29:26.255453
4800,com.au,72.666664,adequate,5,2,26.35.32,2026-03-09 15:29:40.193021
4802,hortongroup.com,78.666664,good,5,5,26.35.32,2026-03-09 15:29:56.968669
4864,meg.abyt.es,71.666664,adequate,5,2,26.35.34,2026-03-09 22:59:29.078126
4919,spitalulorasenescbaicoi.ro,73,adequate,5,6,26.35.35,2026-03-10 08:29:50.54001
4920,spitalulorasenescbaicoi.ro,73,adequate,5,6,26.35.35,2026-03-10 08:29:59.204151
5074,technikfreak.co,74,adequate,5,3,26.35.35,2026-03-10 14:27:37.418081
5076,technikfreak.co,74,adequate,5,3,26.35.35,2026-03-10 14:27:43.572539
5078,contractvault.com,72.833336,adequate,5,4,26.35.35,2026-03-10 14:27:51.031447
5085,evilhacker.com,70.666664,adequate,5,3,26.35.35,2026-03-10 14:28:31.438656
5193,com,67.666664,adequate,5,2,26.35.35,2026-03-10 17:13:17.722802
5290,burghele.ro,74.666664,adequate,5,5,26.35.35,2026-03-10 19:54:41.479208
5294,innbn-bucuresti.ro,74.666664,adequate,5,5,26.35.35,2026-03-10 19:55:18.663513
5355,it-help.tech,80.190475,good,5,7,26.35.35,2026-03-11 02:20:15.438515
5404,haukeflix.top,79.666664,good,5,6,26.36.01,2026-03-11 07:56:53.97187
5405,haukeflix.top,79.666664,good,5,6,26.36.01,2026-03-11 07:56:56.690309
5454,spitalul-municipal-timisoara.ro,66.666664,adequate,5,5,26.36.01,2026-03-11 14:03:45.933048
5455,2911.us,81.333336,good,5,6,26.36.01,2026-03-11 14:04:25.833924
5618,web-hosting.com,74.666664,adequate,5,5,26.36.01,2026-03-11 15:00:38.076849
5619,caolt.ro,76.666664,good,5,5,26.36.01,2026-03-11 15:00:43.159931
5621,markphd.me,74.333336,adequate,5,4,26.36.01,2026-03-11 15:02:32.445898
5672,me,72.666664,adequate,5,2,26.36.02,2026-03-11 22:45:39.802635
5722,z1mac.com,74,adequate,5,3,26.36.06,2026-03-12 07:22:38.759594
5856,cioviews.com,78.666664,good,5,5,26.36.11,2026-03-12 09:51:42.98073
5911,usa.gov,72.666664,adequate,5,5,26.36.11,2026-03-12 13:18:37.616018
5912,lincolnapps.co,74.333336,adequate,5,4,26.36.11,2026-03-12 13:19:09.312271
6058,mtadistributors.com,76.666664,good,5,5,26.36.11,2026-03-12 14:51:20.627859
6061,mx1.blauwsurvey.com,81.333336,good,5,1,26.36.11,2026-03-12 14:51:59.069012
6064,openai.com,70.333336,adequate,5,6,26.36.11,2026-03-12 14:53:04.186786
6067,amazon.com,71.666664,adequate,5,5,26.36.11,2026-03-12 14:53:14.717282
6069,openai.com,68.666664,adequate,5,6,26.36.11,2026-03-12 14:53:27.112495
6166,usa.gov,72.666664,adequate,5,5,26.36.11,2026-03-12 16:32:29.377562
6167,tuta.io,75.04762,good,5,7,26.36.11,2026-03-12 16:33:09.198687
6169,usa.gov,72.666664,adequate,5,5,26.36.11,2026-03-12 16:33:28.345389
6170,usa.gov,72.666664,adequate,5,5,26.36.11,2026-03-12 16:34:29.562206
6225,hegel.org,84.666664,good,5,5,26.36.11,2026-03-12 20:53:46.508752
6278,omzcloud.vn,71,adequate,5,6,26.36.11,2026-03-13 07:52:35.899974
6279,omzcloud.vn,71.75,adequate,5,6,26.36.11,2026-03-13 07:53:09.389939
6421,gdcc.com,82.666664,good,5,5,26.36.11,2026-03-13 14:44:16.511118
6428,natashabedingfield.com,69.416664,adequate,5,5,26.36.11,2026-03-13 14:44:53.616367
6434,amazon.com,69.416664,adequate,5,5,26.36.11,2026-03-13 14:45:05.66211
6572,monologue.to,73,adequate,5,6,26.36.11,2026-03-13 15:50:12.541708
6575,monologue.to,73,adequate,5,6,26.36.11,2026-03-13 15:51:34.404882
6716,fullmindlearning.com,69.666664,adequate,5,5,26.36.15,2026-03-14 10:01:53.607872
6828,google.com,70.190475,adequate,5,7,26.37.04,2026-03-14 23:05:10.867649
6830,ietf.org,73,adequate,5,6,26.37.04,2026-03-14 23:05:32.481838
6831,dnstool.it-help.tech,84,good,5,3,26.37.04,2026-03-14 23:05:39.372239
6837,google.com,70.190475,adequate,5,7,26.37.04,2026-03-14 23:06:05.387678
6937,ietf.org,73,adequate,5,6,26.37.14,2026-03-15 21:02:03.520264
6938,nlnetlabs.nl,68,adequate,5,6,26.37.14,2026-03-15 21:02:05.129686
6941,freebsd.org,86.47619,good,5,7,26.37.14,2026-03-15 21:02:07.320267
6948,freebsd.org,86.47619,good,5,7,26.37.14,2026-03-15 21:02:14.035849
6952,google.com,68.7619,adequate,5,7,26.37.14,2026-03-15 21:02:16.768324
6953,google.com,68.7619,adequate,5,7,26.37.14,2026-03-15 21:02:18.159203
7124,mta-sts.sportcommunities.group,78.666664,good,5,5,26.37.20,2026-03-16 14:47:00.400197
7130,hogwarts.steinr.eu,60.857143,adequate,5,7,26.37.20,2026-03-16 14:47:51.130722
7220,wolfintegrated.com,80.666664,good,5,5,26.37.22,2026-03-16 22:41:47.346474
7222,wolfintegrated.com,80.666664,good,5,5,26.37.22,2026-03-16 22:42:22.851769
7304,spitalsinaia.ro,74.666664,adequate,5,5,26.37.23,2026-03-17 09:31:51.363052
7305,switch.com,69.666664,adequate,5,5,26.37.23,2026-03-17 09:33:22.545089
7396,whitehouse.gov,75.666664,good,5,5,26.37.23,2026-03-17 14:50:23.931254
7398,cisa.gov,71,adequate,5,6,26.37.23,2026-03-17 14:50:43.504992
7401,porp.stream,77.333336,good,5,3,26.37.23,2026-03-17 14:51:03.865066
7410,filerequestpro.com,73,adequate,5,6,26.37.23,2026-03-17 14:51:36.227216
7455,usa.gov,72.666664,adequate,5,5,26.37.23,2026-03-18 01:07:15.912439
7509,nlnetlabs.nl,68,adequate,5,6,26.37.23,2026-03-18 03:24:54.846468
7517,nlnetlabs.nl,68,adequate,5,6,26.37.23,2026-03-18 03:27:12.969248
7592,probe-us-01.dns-observe.com,75.333336,good,5,4,26.37.23,2026-03-18 04:47:41.162375
7619,nlnetlabs.nl,68,adequate,5,6,26.37.23,2026-03-18 07:02:48.573471
7623,nlnetlabs.nl,68,adequate,5,6,26.37.23,2026-03-18 07:03:45.140048
7669,nlnetlabs.nl,68,adequate,5,6,26.37.28,2026-03-18 07:14:21.282533
7670,nlnetlabs.nl,68,adequate,5,6,26.37.28,2026-03-18 07:14:38.757468
7673,nlnetlabs.nl,68,adequate,5,6,26.37.28,2026-03-18 07:15:18.171215
7676,nlnetlabs.nl,68,adequate,5,6,26.37.28,2026-03-18 07:15:55.593487
7679,nlnetlabs.nl,68,adequate,5,6,26.37.28,2026-03-18 07:16:33.88898
7682,nlnetlabs.nl,68,adequate,5,6,26.37.28,2026-03-18 07:17:14.29069
7686,nlnetlabs.nl,68,adequate,5,6,26.37.28,2026-03-18 07:18:03.660307
7731,nlnetlabs.nl,68,adequate,5,6,26.37.28,2026-03-18 07:27:21.156677
7765,nlnetlabs.nl,68,adequate,5,6,26.37.28,2026-03-18 07:35:43.518149
4314,apple.com,72.61905,adequate,5,7,26.35.20,2026-03-08 14:15:22.935037
4316,dns-observe.com,80.666664,good,5,5,26.35.20,2026-03-08 14:15:31.491373
4327,2911.us,81.333336,good,5,6,26.35.20,2026-03-08 14:17:04.68405
4329,example.com,69.666664,adequate,5,6,26.35.20,2026-03-08 14:17:29.600156
4331,example.com,69.666664,adequate,5,6,26.35.20,2026-03-08 14:17:45.32237
4799,anva.ch,82.190475,good,5,7,26.35.32,2026-03-09 15:29:32.27756
4801,spitalgiurgiu.ro,74.666664,adequate,5,5,26.35.32,2026-03-09 15:29:52.286131
4805,spitalmciuc.ro,74.666664,adequate,5,5,26.35.32,2026-03-09 15:30:06.308216
4808,hortongroup.com,78.666664,good,5,5,26.35.32,2026-03-09 15:30:29.926701
4809,fullmindlearning.com,69.416664,adequate,5,5,26.35.32,2026-03-09 15:30:41.399059
4865,mateibals.ro,70.666664,adequate,5,5,26.35.34,2026-03-10 01:01:57.139303
4866,mateibals.ro,70.666664,adequate,5,5,26.35.34,2026-03-10 01:02:10.438117
4921,uke.de,68.666664,adequate,5,6,26.35.35,2026-03-10 08:34:33.390361
5087,netcloud.ch,76.90476,good,5,7,26.35.35,2026-03-10 14:29:13.44123
5088,netcloud.ch,76.90476,good,5,7,26.35.35,2026-03-10 14:29:41.814955
5089,netcloud.ch,76.90476,good,5,7,26.35.35,2026-03-10 14:30:07.220252
5194,web-hosting.com,74.666664,adequate,5,5,26.35.35,2026-03-10 17:35:03.104978
5296,sovanta.com,81.666664,good,5,5,26.35.35,2026-03-10 19:59:34.339748
5356,it-help.tech,80.190475,good,5,7,26.35.35,2026-03-11 02:20:31.116357
5406,spitalsinaia.ro,74.666664,adequate,5,5,26.36.01,2026-03-11 08:10:32.273851
5456,valentin.run,83,good,5,6,26.36.01,2026-03-11 14:10:00.227016
5620,spitalmciuc.ro,74.666664,adequate,5,5,26.36.01,2026-03-11 15:00:49.822282
5673,cioviews.com,78.666664,good,5,5,26.36.02,2026-03-11 23:52:51.712258
5723,probe-us-02.dns-observe.com,70.666664,adequate,5,3,26.36.06,2026-03-12 07:22:56.152337
5724,apavil.ro,58.666668,adequate,5,5,26.36.06,2026-03-12 07:23:26.673689
5857,guarinoadvisors.com,73,adequate,5,6,26.36.11,2026-03-12 09:55:49.134069
5859,guarinoadvisors.com,73,adequate,5,6,26.36.11,2026-03-12 09:56:12.518716
5913,lincolnapps.co,71.833336,adequate,5,4,26.36.11,2026-03-12 13:19:31.927473
6060,apavil.ro,68.666664,adequate,5,5,26.36.11,2026-03-12 14:51:30.498608
6062,cloudflare.com,71.190475,adequate,5,7,26.36.11,2026-03-12 14:52:52.196451
6168,z1mac.com,74,adequate,5,3,26.36.11,2026-03-12 16:33:17.63831
6226,pdcnet.org,73,adequate,5,6,26.36.11,2026-03-12 20:55:03.56695
6280,omzcloud.vn,72,adequate,5,6,26.36.11,2026-03-13 07:54:04.677845
6281,omzcloud.vn,67.583336,adequate,5,6,26.36.11,2026-03-13 07:54:05.257279
6426,amazon.com,73.416664,adequate,5,5,26.36.11,2026-03-13 14:44:35.295392
6576,server.it-help.tech,77.333336,good,5,3,26.36.11,2026-03-13 17:05:50.080011
6717,apple.com,75.47619,good,5,7,26.36.15,2026-03-14 10:22:07.353559
6833,valentin.run,83,good,5,6,26.37.04,2026-03-14 23:05:45.763034
6836,dnstool.it-help.tech,84,good,5,3,26.37.04,2026-03-14 23:06:05.224797
6838,google.com,70.190475,adequate,5,7,26.37.04,2026-03-14 23:06:15.893856
6950,ietf.org,73,adequate,5,6,26.37.14,2026-03-15 21:02:15.615585
7125,spitalsovata.ro,74.666664,adequate,5,5,26.37.20,2026-03-16 14:47:09.580953
7223,com,67.666664,adequate,5,2,26.37.22,2026-03-17 02:05:08.006459
7306,guarinoadvisors.com,72.666664,adequate,5,5,26.37.23,2026-03-17 09:34:08.937071
7397,server.it-help.tech,77.333336,good,5,3,26.37.23,2026-03-17 14:50:39.304327
7399,mta-sts.purpleflock.net,77.666664,good,5,5,26.37.23,2026-03-17 14:50:53.588019
7456,glendun.com.au,70.666664,adequate,5,5,26.37.23,2026-03-18 01:35:56.639543
7516,nlnetlabs.nl,68,adequate,5,6,26.37.23,2026-03-18 03:26:54.521143
7593,ietf.org,73,adequate,5,6,26.37.23,2026-03-18 04:47:44.561779
7594,google.com,68.7619,adequate,5,7,26.37.23,2026-03-18 04:47:51.215246
7595,ietf.org,73,adequate,5,6,26.37.23,2026-03-18 04:47:54.892361
7620,nlnetlabs.nl,68,adequate,5,6,26.37.23,2026-03-18 07:03:00.90833
7621,nlnetlabs.nl,68,adequate,5,6,26.37.23,2026-03-18 07:03:14.750216
7671,nlnetlabs.nl,68,adequate,5,6,26.37.28,2026-03-18 07:14:51.520451
7674,nlnetlabs.nl,68,adequate,5,6,26.37.28,2026-03-18 07:15:27.980318
7677,nlnetlabs.nl,68,adequate,5,6,26.37.28,2026-03-18 07:16:09.199021
7732,uke.de,70.333336,adequate,5,6,26.37.28,2026-03-18 07:27:23.039666
7734,nlnetlabs.nl,68,adequate,5,6,26.37.28,2026-03-18 07:27:46.883608
7767,nlnetlabs.nl,68,adequate,5,6,26.37.28,2026-03-18 07:36:12.712383
7778,nlnetlabs.nl,68,adequate,5,6,26.37.28,2026-03-18 07:38:32.470764
7797,nlnetlabs.nl,68,adequate,5,6,26.37.28,2026-03-18 07:42:38.810121
7811,nlnetlabs.nl,68,adequate,5,6,26.37.29,2026-03-18 07:46:58.981008
7814,nlnetlabs.nl,68,adequate,5,6,26.37.29,2026-03-18 07:47:34.325065
7825,nlnetlabs.nl,68,adequate,5,6,26.37.29,2026-03-18 07:49:33.721859
7826,nlnetlabs.nl,68,adequate,5,6,26.37.29,2026-03-18 07:49:45.643332
7830,nlnetlabs.nl,68,adequate,5,6,26.37.29,2026-03-18 07:50:38.19259
7831,nlnetlabs.nl,68,adequate,5,6,26.37.29,2026-03-18 07:50:46.727802
7835,nlnetlabs.nl,68,adequate,5,6,26.37.29,2026-03-18 07:51:39.193982
7836,nlnetlabs.nl,68,adequate,5,6,26.37.29,2026-03-18 07:51:51.329085
7838,nlnetlabs.nl,68,adequate,5,6,26.37.29,2026-03-18 07:52:18.349189
7841,nlnetlabs.nl,68,adequate,5,6,26.37.29,2026-03-18 07:52:49.851084
7842,nlnetlabs.nl,68,adequate,5,6,26.37.29,2026-03-18 07:53:03.501079
7843,nlnetlabs.nl,68,adequate,5,6,26.37.29,2026-03-18 07:53:19.69677
7848,nlnetlabs.nl,68,adequate,5,6,26.37.29,2026-03-18 07:54:20.705395
7849,nlnetlabs.nl,68,adequate,5,6,26.37.29,2026-03-18 07:54:33.390578
7850,nlnetlabs.nl,68,adequate,5,6,26.37.29,2026-03-18 07:54:46.194215
7851,nlnetlabs.nl,68,adequate,5,6,26.37.29,2026-03-18 07:54:59.050761
7854,nlnetlabs.nl,68,adequate,5,6,26.37.29,2026-03-18 07:55:29.914103
7856,nlnetlabs.nl,68,adequate,5,6,26.37.29,2026-03-18 07:56:03.268304
7858,nlnetlabs.nl,68,adequate,5,6,26.37.29,2026-03-18 07:56:36.217036
7860,nlnetlabs.nl,68,adequate,5,6,26.37.29,2026-03-18 07:56:58.220888
7865,nlnetlabs.nl,68,adequate,5,6,26.37.29,2026-03-18 07:58:03.482587
7866,nlnetlabs.nl,68,adequate,5,6,26.37.29,2026-03-18 07:58:13.576534
7867,nlnetlabs.nl,68,adequate,5,6,26.37.29,2026-03-18 07:58:28.373884
7869,nlnetlabs.nl,68,adequate,5,6,26.37.29,2026-03-18 07:58:50.077839
7871,nlnetlabs.nl,68,adequate,5,6,26.37.29,2026-03-18 07:59:15.360366
7872,nlnetlabs.nl,68,adequate,5,6,26.37.29,2026-03-18 07:59:23.819773
7873,nlnetlabs.nl,68,adequate,5,6,26.37.29,2026-03-18 07:59:36.301155
4317,microsoft.com,84.47619,good,5,7,26.35.20,2026-03-08 14:15:37.19372
4803,anva.ch,82.190475,good,5,7,26.35.32,2026-03-09 15:29:59.125499
4804,com.au,72.666664,adequate,5,2,26.35.32,2026-03-09 15:30:01.652217
4806,spitalgiurgiu.ro,74.666664,adequate,5,5,26.35.32,2026-03-09 15:30:13.072309
4867,meg.abyt.es,71.666664,adequate,5,2,26.35.34,2026-03-10 01:08:47.026716
4868,spitalulorasenescbaicoi.ro,73,adequate,5,6,26.35.34,2026-03-10 01:09:07.234955
4922,uke.de,68.666664,adequate,5,6,26.35.35,2026-03-10 08:34:52.44582
5090,scfcv.ro,74.666664,adequate,5,5,26.35.35,2026-03-10 14:35:37.531039
5195,web-hosting.com,74.666664,adequate,5,5,26.35.35,2026-03-10 17:35:20.135136
5297,reconfirm.com,73,adequate,5,6,26.35.35,2026-03-10 20:19:31.814779
5357,dnsstuff.com,73.666664,adequate,5,6,26.35.35,2026-03-11 02:50:52.227942
5358,atelier13-usa.com,84.666664,good,5,5,26.35.35,2026-03-11 02:51:03.186477
5407,kokee.net,75.333336,good,5,4,26.36.01,2026-03-11 08:11:14.286368
5408,porp.stream,77.333336,good,5,3,26.36.01,2026-03-11 08:11:25.420163
5457,livearchive.net,73,adequate,5,6,26.36.01,2026-03-11 14:11:23.997551
5623,hortongroup.com,78.666664,good,5,5,26.36.01,2026-03-11 15:12:23.723836
5674,dnstool.it-help.tech,77.333336,good,5,3,26.36.02,2026-03-12 00:02:05.486755
5725,nlnetlabs.nl,68,adequate,5,6,26.36.06,2026-03-12 07:27:38.697183
5858,filerequestpro.com,73,adequate,5,6,26.36.11,2026-03-12 09:55:49.797489
5914,spital-breaza.ro,74.666664,adequate,5,5,26.36.11,2026-03-12 13:32:40.405286
6063,amazon.com,71.666664,adequate,5,5,26.36.11,2026-03-12 14:52:54.25335
6066,2911.us,81.333336,good,5,6,26.36.11,2026-03-12 14:53:06.134066
6070,cia.gov,76.90476,good,5,7,26.36.11,2026-03-12 14:53:42.303988
6074,fbi.gov,72.61905,adequate,5,7,26.36.11,2026-03-12 14:54:37.332249
6171,mx1.blauw-survey.com,71.333336,adequate,5,1,26.36.11,2026-03-12 17:12:20.870382
6227,squareup.com,67.666664,adequate,5,5,26.36.11,2026-03-12 20:58:14.683891
6282,haukeflix.top,79.666664,good,5,6,26.36.11,2026-03-13 08:28:38.991098
6429,fbi.gov,72.36905,adequate,5,7,26.36.11,2026-03-13 14:44:54.423687
6577,sra.io,77.666664,good,5,5,26.36.11,2026-03-13 17:50:00.633077
6718,mta-sts.sportcommunities.group,78.666664,good,5,5,26.36.15,2026-03-14 12:01:38.030079
6839,squareup.com,69.666664,adequate,5,5,26.37.04,2026-03-14 23:44:18.746271
6954,it-help.tech,80.190475,good,5,7,26.37.15,2026-03-15 22:06:14.180755
7126,jue.rs,72.833336,adequate,5,4,26.37.20,2026-03-16 14:47:33.050025
7224,raremaps.com,73,adequate,5,6,26.37.22,2026-03-17 02:34:20.943277
7307,hak5.org,72.666664,adequate,5,5,26.37.23,2026-03-17 09:53:34.144459
7308,psihiatrietulghes.ro,76.666664,good,5,5,26.37.23,2026-03-17 09:55:01.232825
7403,spitalsinaia.ro,74.666664,adequate,5,5,26.37.23,2026-03-17 14:51:14.149525
7405,squareup.com,69.666664,adequate,5,5,26.37.23,2026-03-17 14:51:17.66845
7457,isc.org,76.90476,good,5,7,26.37.23,2026-03-18 01:46:27.786331
7521,nlnetlabs.nl,68,adequate,5,6,26.37.23,2026-03-18 03:28:21.340752
7522,nlnetlabs.nl,68,adequate,5,6,26.37.23,2026-03-18 03:28:41.202095
7523,nlnetlabs.nl,68,adequate,5,6,26.37.23,2026-03-18 03:28:43.962636
7525,nlnetlabs.nl,68,adequate,5,6,26.37.23,2026-03-18 03:29:27.652141
7526,nlnetlabs.nl,68,adequate,5,6,26.37.23,2026-03-18 03:29:34.827865
7529,nlnetlabs.nl,68,adequate,5,6,26.37.23,2026-03-18 03:30:27.141233
7534,nlnetlabs.nl,68,adequate,5,6,26.37.23,2026-03-18 03:31:53.531536
7596,google.com,68.2619,adequate,5,7,26.37.23,2026-03-18 04:48:09.178674
7624,nlnetlabs.nl,68,adequate,5,6,26.37.28,2026-03-18 07:04:39.618611
7629,nlnetlabs.nl,68,adequate,5,6,26.37.28,2026-03-18 07:06:29.000876
7634,nlnetlabs.nl,68,adequate,5,6,26.37.28,2026-03-18 07:07:30.681241
7680,nlnetlabs.nl,68,adequate,5,6,26.37.28,2026-03-18 07:16:49.34525
7684,nlnetlabs.nl,68,adequate,5,6,26.37.28,2026-03-18 07:17:40.093525
7733,nlnetlabs.nl,68,adequate,5,6,26.37.28,2026-03-18 07:27:44.780321
7736,nlnetlabs.nl,68,adequate,5,6,26.37.28,2026-03-18 07:28:50.772194
7769,nlnetlabs.nl,68,adequate,5,6,26.37.28,2026-03-18 07:36:39.74557
7798,nlnetlabs.nl,68,adequate,5,6,26.37.28,2026-03-18 07:42:54.518943
7813,nlnetlabs.nl,68,adequate,5,6,26.37.29,2026-03-18 07:47:23.165623
7819,nlnetlabs.nl,68,adequate,5,6,26.37.29,2026-03-18 07:48:30.8484
7820,nlnetlabs.nl,68,adequate,5,6,26.37.29,2026-03-18 07:48:39.474326
7827,nlnetlabs.nl,68,adequate,5,6,26.37.29,2026-03-18 07:49:56.410973
7832,nlnetlabs.nl,68,adequate,5,6,26.37.29,2026-03-18 07:50:59.869504
7837,nlnetlabs.nl,68,adequate,5,6,26.37.29,2026-03-18 07:52:05.415569
7839,nlnetlabs.nl,68,adequate,5,6,26.37.29,2026-03-18 07:52:30.542055
7840,nlnetlabs.nl,68,adequate,5,6,26.37.29,2026-03-18 07:52:38.674983
7844,nlnetlabs.nl,68,adequate,5,6,26.37.29,2026-03-18 07:53:28.400242
7845,nlnetlabs.nl,68,adequate,5,6,26.37.29,2026-03-18 07:53:42.324175
7846,nlnetlabs.nl,68,adequate,5,6,26.37.29,2026-03-18 07:53:57.140794
7847,nlnetlabs.nl,68,adequate,5,6,26.37.29,2026-03-18 07:54:06.376497
7852,nlnetlabs.nl,68,adequate,5,6,26.37.29,2026-03-18 07:55:12.38765
7853,nlnetlabs.nl,68,adequate,5,6,26.37.29,2026-03-18 07:55:19.844686
7855,nlnetlabs.nl,68,adequate,5,6,26.37.29,2026-03-18 07:55:45.698021
7857,nlnetlabs.nl,68,adequate,5,6,26.37.29,2026-03-18 07:56:18.903367
7859,nlnetlabs.nl,68,adequate,5,6,26.37.29,2026-03-18 07:56:47.87238
7861,nlnetlabs.nl,68,adequate,5,6,26.37.29,2026-03-18 07:57:09.802976
7862,nlnetlabs.nl,68,adequate,5,6,26.37.29,2026-03-18 07:57:21.988114
7863,nlnetlabs.nl,68,adequate,5,6,26.37.29,2026-03-18 07:57:37.17483
7864,nlnetlabs.nl,68,adequate,5,6,26.37.29,2026-03-18 07:57:52.196868
7868,nlnetlabs.nl,68,adequate,5,6,26.37.29,2026-03-18 07:58:37.110257
7870,nlnetlabs.nl,68,adequate,5,6,26.37.29,2026-03-18 07:59:03.529199
7874,nlnetlabs.nl,68,adequate,5,6,26.37.29,2026-03-18 07:59:47.724433
7875,nlnetlabs.nl,68,adequate,5,6,26.37.29,2026-03-18 07:59:58.096064
7876,nlnetlabs.nl,68,adequate,5,6,26.37.29,2026-03-18 08:00:10.384169
7877,nlnetlabs.nl,68,adequate,5,6,26.37.29,2026-03-18 08:00:23.998011
7878,nlnetlabs.nl,68,adequate,5,6,26.37.29,2026-03-18 08:00:35.838562
7879,nlnetlabs.nl,68,adequate,5,6,26.37.29,2026-03-18 08:00:46.200232
7880,nlnetlabs.nl,68,adequate,5,6,26.37.29,2026-03-18 08:00:58.557317
7881,nlnetlabs.nl,68,adequate,5,6,26.37.29,2026-03-18 08:01:08.769591
7882,nlnetlabs.nl,68,adequate,5,6,26.37.29,2026-03-18 08:01:19.536442
4319,amazon.com,71.666664,adequate,5,5,26.35.20,2026-03-08 14:16:17.022858
4320,fbi.gov,73.79762,adequate,5,7,26.35.20,2026-03-08 14:16:27.016258
4321,cloudflare.com,71.190475,adequate,5,7,26.35.20,2026-03-08 14:16:31.015045
4326,cloudflare.com,71.190475,adequate,5,7,26.35.20,2026-03-08 14:17:02.485246
4333,github.com,71.333336,adequate,5,6,26.35.20,2026-03-08 14:22:35.883076
4334,beechtreenews.com,73,adequate,5,6,26.35.20,2026-03-08 14:22:39.501508
4335,ortopedieazuga.ro,74.666664,adequate,5,5,26.35.20,2026-03-08 14:22:43.444116
4336,github.com,75.333336,good,5,6,26.35.20,2026-03-08 14:22:54.892507
4337,insmc.ro,78.666664,good,5,5,26.35.20,2026-03-08 14:22:59.531637
4338,beechtreenews.com,71.333336,adequate,5,6,26.35.20,2026-03-08 14:23:00.03471
4339,ohg-nagold.de,66.666664,adequate,5,5,26.35.20,2026-03-08 14:23:01.521008
4340,sap.de,74.666664,adequate,5,5,26.35.20,2026-03-08 14:23:07.458121
4341,ortopedieazuga.ro,74.666664,adequate,5,5,26.35.20,2026-03-08 14:23:11.92077
4342,blauwsurvey.com,82,good,5,6,26.35.20,2026-03-08 14:23:15.477552
4343,hotmail.com,86.333336,good,5,6,26.35.20,2026-03-08 14:23:19.512076
4344,ohg-nagold.de,66.666664,adequate,5,5,26.35.20,2026-03-08 14:23:24.654251
4345,haukeflix.top,79.666664,good,5,6,26.35.20,2026-03-08 14:23:25.522176
4346,insmc.ro,78.666664,good,5,5,26.35.20,2026-03-08 14:23:26.332801
4347,sap.de,74.666664,adequate,5,5,26.35.20,2026-03-08 14:23:31.501154
4348,glendun.com.au,70.666664,adequate,5,5,26.35.20,2026-03-08 14:23:31.794691
4349,technikfreak.co,74,adequate,5,3,26.35.20,2026-03-08 14:23:35.885408
4350,ortopedieazuga.ro,74.666664,adequate,5,5,26.35.20,2026-03-08 14:23:37.451666
4351,hotmail.com,86.333336,good,5,6,26.35.20,2026-03-08 14:23:40.631144
4352,blauwsurvey.com,82,good,5,6,26.35.20,2026-03-08 14:23:43.146558
4353,technikfreak.co,74,adequate,5,3,26.35.20,2026-03-08 14:23:43.82353
4354,cnn.com,70.333336,adequate,5,6,26.35.20,2026-03-08 14:23:43.974213
4355,haukeflix.top,78,good,5,6,26.35.20,2026-03-08 14:23:56.004817
4356,haukeflix.top,79.666664,good,5,6,26.35.20,2026-03-08 14:24:01.263078
4357,glendun.com.au,80.666664,good,5,5,26.35.20,2026-03-08 14:24:02.251416
4358,cnn.com,70.333336,adequate,5,6,26.35.20,2026-03-08 14:24:08.560136
4359,tuta.io,75.04762,good,5,7,26.35.20,2026-03-08 14:24:09.871554
4360,transbusbuzau.ro,80.666664,good,5,5,26.35.20,2026-03-08 14:24:24.297979
4361,glendun.com.au,80.666664,good,5,5,26.35.20,2026-03-08 14:24:26.168868
4362,couchmvp.com,77.666664,good,5,2,26.35.20,2026-03-08 14:24:26.622107
4363,dnsstuff.com,73.666664,adequate,5,6,26.35.20,2026-03-08 14:24:46.507212
4364,transbusbuzau.ro,80.666664,good,5,5,26.35.20,2026-03-08 14:24:50.362134
4365,dispatchgrid.com,82.666664,good,5,5,26.35.20,2026-03-08 14:25:00.520812
4366,markphd.me,76.833336,good,5,4,26.35.20,2026-03-08 14:25:12.5619
4367,dnsstuff.com,73.666664,adequate,5,6,26.35.20,2026-03-08 14:25:16.812866
4368,sovanta.com,81.666664,good,5,5,26.35.20,2026-03-08 14:25:22.668631
4369,spital-breaza.ro,74.666664,adequate,5,5,26.35.20,2026-03-08 14:25:24.674833
4370,dispatchgrid.com,82.666664,good,5,5,26.35.20,2026-03-08 14:25:28.26948
4371,markphd.me,74.083336,adequate,5,4,26.35.20,2026-03-08 14:25:30.22618
4372,purpleflock.com,82.190475,good,5,7,26.35.20,2026-03-08 14:25:45.372488
4373,swutch.com,84.666664,good,5,5,26.35.20,2026-03-08 14:25:46.695327
4374,dnsstuff.com,73.416664,adequate,5,6,26.35.20,2026-03-08 14:25:48.916764
4375,sovanta.com,81.416664,good,5,5,26.35.20,2026-03-08 14:25:51.120817
4376,spital-breaza.ro,74.666664,adequate,5,5,26.35.20,2026-03-08 14:25:53.115975
4377,swutch.com,84.666664,good,5,5,26.35.20,2026-03-08 14:25:58.210283
4378,surland.de,84.666664,good,5,6,26.35.20,2026-03-08 14:26:01.008126
4379,kadse.dev,70.666664,adequate,5,3,26.35.20,2026-03-08 14:26:09.19082
4380,purpleflock.com,82.190475,good,5,7,26.35.20,2026-03-08 14:26:15.661971
4381,hegel.net,76.333336,good,5,6,26.35.20,2026-03-08 14:26:18.954401
4382,sovanta.com,81.416664,good,5,5,26.35.20,2026-03-08 14:26:20.055647
4383,evilhacker.com,70.666664,adequate,5,3,26.35.20,2026-03-08 14:26:22.943852
4384,spital-breaza.ro,74.666664,adequate,5,5,26.35.20,2026-03-08 14:26:23.381602
4385,surland.de,84.666664,good,5,6,26.35.20,2026-03-08 14:26:31.471775
4386,kadse.dev,67.333336,adequate,5,3,26.35.20,2026-03-08 14:26:40.714705
4387,steinr.eu,71.75,adequate,5,6,26.35.20,2026-03-08 14:26:43.244588
4388,purpleflock.com,82.190475,good,5,7,26.35.20,2026-03-08 14:26:46.249704
4389,hegel.net,76.333336,good,5,6,26.35.20,2026-03-08 14:26:47.846656
4390,evilhacker.com,70.666664,adequate,5,3,26.35.20,2026-03-08 14:26:51.412685
4391,kadse.dev,70.666664,adequate,5,3,26.35.20,2026-03-08 14:26:54.134886
4392,surland.de,84.666664,good,5,6,26.35.20,2026-03-08 14:26:59.830544
4393,evilhacker.com,70.666664,adequate,5,3,26.35.20,2026-03-08 14:27:07.241601
4394,steinr.eu,71.75,adequate,5,6,26.35.20,2026-03-08 14:27:11.716045
4395,hegel.net,79.666664,good,5,6,26.35.20,2026-03-08 14:27:15.802085
4396,steinr.eu,70.083336,adequate,5,6,26.35.20,2026-03-08 14:27:43.657907
4397,business29.web-hosting.com,71.333336,adequate,5,1,26.35.20,2026-03-08 14:29:55.505384
4398,me,72.666664,adequate,5,2,26.35.20,2026-03-08 14:30:08.482237
4399,dpsg-bodensee.de,73,adequate,5,6,26.35.20,2026-03-08 14:30:25.94854
4400,dev.lms.fullmindlearning.com,59.333332,adequate,5,8,26.35.20,2026-03-08 14:30:30.007827
4401,franklinroadacademy.com,74.666664,adequate,5,5,26.35.20,2026-03-08 14:30:32.01757
4402,server.it-help.tech,77.333336,good,5,3,26.35.20,2026-03-08 14:30:44.001398
4403,jira.sovanta.com,81.333336,good,5,1,26.35.20,2026-03-08 14:30:50.003672
4404,www.franklinroadacademy.com,60.583332,adequate,5,8,26.35.20,2026-03-08 14:30:53.659913
4405,dpsg-bodensee.de,66.333336,adequate,5,6,26.35.20,2026-03-08 14:30:54.797701
4406,dev.lms.fullmindlearning.com,58.083332,adequate,5,8,26.35.20,2026-03-08 14:30:59.746706
4407,franklinroadacademy.com,74.666664,adequate,5,5,26.35.20,2026-03-08 14:31:00.341106
4408,jira.sovanta.com,81.333336,good,5,1,26.35.20,2026-03-08 14:31:05.577937
4409,innbn-bucuresti.ro,74.666664,adequate,5,5,26.35.20,2026-03-08 14:31:06.083229
4410,server.it-help.tech,77.333336,good,5,3,26.35.20,2026-03-08 14:31:14.434508
4411,www.franklinroadacademy.com,59.333332,adequate,5,8,26.35.20,2026-03-08 14:31:24.017149
4412,franklinroadacademy.com,74.666664,adequate,5,5,26.35.20,2026-03-08 14:31:26.678472
4413,dev.lms.fullmindlearning.com,59.333332,adequate,5,8,26.35.20,2026-03-08 14:31:30.136395
4414,innbn-bucuresti.ro,74.666664,adequate,5,5,26.35.20,2026-03-08 14:31:34.571145
4415,server.it-help.tech,77.333336,good,5,3,26.35.20,2026-03-08 14:31:41.558719
4416,www.franklinroadacademy.com,60.583332,adequate,5,8,26.35.20,2026-03-08 14:31:54.337927
4417,probe-us-02.dns-observe.com,70.666664,adequate,5,3,26.35.20,2026-03-08 14:34:06.205492
4418,mta-sts.purpleflock.net,77.666664,good,5,5,26.35.20,2026-03-08 14:34:20.93714
4419,jonaswiegner.de,70.7619,adequate,5,7,26.35.20,2026-03-08 14:34:36.575034
4420,reconfirm.com,73,adequate,5,6,26.35.20,2026-03-08 14:34:59.965256
4421,fullmindlearning.com,69.666664,adequate,5,5,26.35.20,2026-03-08 14:35:01.939966
4422,spitalmciuc.ro,74.666664,adequate,5,5,26.35.20,2026-03-08 14:35:04.325554
4423,whitehouse.gov,75.666664,good,5,5,26.35.20,2026-03-08 14:35:22.000393
4424,fullmindlearning.com,69.666664,adequate,5,5,26.35.20,2026-03-08 14:35:23.507052
4425,reconfirm.com,73,adequate,5,6,26.35.20,2026-03-08 14:35:27.874524
4426,whitehouse.gov,75.666664,good,5,5,26.35.20,2026-03-08 14:35:30.20211
4427,spitalmciuc.ro,74.666664,adequate,5,5,26.35.20,2026-03-08 14:35:30.944159
4428,zmacnashville.net,80.666664,good,5,5,26.35.20,2026-03-08 14:35:36.114887
4429,spitalulhuedin.ro,74.666664,adequate,5,5,26.35.20,2026-03-08 14:35:44.117986
4430,binaryflix.space,77.333336,good,5,3,26.35.20,2026-03-08 14:35:48.118871
4431,zmacnashville.net,80.666664,good,5,5,26.35.20,2026-03-08 14:35:59.055599
4432,binaryflix.space,77.333336,good,5,3,26.35.20,2026-03-08 14:36:01.243328
4433,spitalulhuedin.ro,66.666664,adequate,5,5,26.35.20,2026-03-08 14:36:09.790062
4434,fluss.top,72.833336,adequate,5,4,26.35.20,2026-03-08 14:50:26.22133
4435,dpsg-radolfzell.de,76.47619,good,5,7,26.35.20,2026-03-08 14:50:37.698835
4436,nasa.gov,71.75,adequate,5,6,26.35.20,2026-03-08 14:50:42.725809
4437,anva.ch,82.190475,good,5,7,26.35.20,2026-03-08 14:50:53.238266
4438,com.au,72.666664,adequate,5,2,26.35.20,2026-03-08 14:51:02.225782
4439,dpsg-radolfzell.de,76.47619,good,5,7,26.35.20,2026-03-08 14:51:05.644735
4440,nasa.gov,71.75,adequate,5,6,26.35.20,2026-03-08 14:51:13.268989
4441,com.au,72.666664,adequate,5,2,26.35.20,2026-03-08 14:51:17.384045
4442,screen.it-help.tech,70.583336,adequate,5,8,26.35.20,2026-03-08 14:51:21.179195
4443,anva.ch,82.190475,good,5,7,26.35.20,2026-03-08 14:51:22.465364
4444,purpleflock.net,80.940475,good,5,7,26.35.20,2026-03-08 14:51:25.180354
4445,nasa.gov,75.083336,good,5,6,26.35.20,2026-03-08 14:51:40.375614
4446,purpleflock.net,80.940475,good,5,7,26.35.20,2026-03-08 14:51:42.805383
4447,screen.it-help.tech,74.333336,adequate,5,8,26.35.20,2026-03-08 14:51:47.768644
4448,hortongroup.com,78.666664,good,5,5,26.35.20,2026-03-08 15:12:15.975981
4449,hortongroup.com,78.666664,good,5,5,26.35.20,2026-03-08 15:12:44.482881
4450,hortongroup.com,78.666664,good,5,5,26.35.20,2026-03-08 15:13:09.087296
4451,spitalgiurgiu.ro,74.666664,adequate,5,5,26.35.20,2026-03-08 15:14:40.153206
4452,spitalgiurgiu.ro,74.666664,adequate,5,5,26.35.20,2026-03-08 15:14:51.01583
4453,fbi.gov,74.04762,adequate,5,7,26.35.20,2026-03-08 15:42:20.656693
4454,fbi.gov,71.190475,adequate,5,7,26.35.20,2026-03-08 15:42:49.371295
4455,sap.de,74.666664,adequate,5,5,26.35.20,2026-03-08 15:56:23.810742
4456,sap.de,74.666664,adequate,5,5,26.35.20,2026-03-08 15:56:30.589305
4457,fluss.top,72.833336,adequate,5,4,26.35.20,2026-03-08 16:30:40.212471
4458,jira.sovanta.com,81.333336,good,5,1,26.35.20,2026-03-08 16:50:37.689626
4459,spitalsovata.ro,74.666664,adequate,5,5,26.35.20,2026-03-08 16:59:53.420937
4460,spitalsovata.ro,74.666664,adequate,5,5,26.35.20,2026-03-08 17:00:08.394912
4461,swutch.com,84.666664,good,5,5,26.35.20,2026-03-08 17:14:00.471791
4462,spital-izvoru.ro,74.666664,adequate,5,5,26.35.20,2026-03-08 17:25:24.746478
4463,spital-izvoru.ro,74.666664,adequate,5,5,26.35.20,2026-03-08 17:25:44.317056
4464,meg.abyt.es,71.666664,adequate,5,2,26.35.20,2026-03-08 17:29:41.522105
4465,tesla.com,65.666664,adequate,5,5,26.35.20,2026-03-08 17:44:26.252585
4466,tesla.com,65.416664,adequate,5,5,26.35.20,2026-03-08 17:44:53.916892
4467,spitalsighet.ro,76.666664,good,5,5,26.35.20,2026-03-08 17:56:16.246753
4468,spitalsighet.ro,76.666664,good,5,5,26.35.20,2026-03-08 17:56:23.908379
4469,sovanta.com,81.666664,good,5,5,26.35.20,2026-03-08 18:17:11.70412
4470,mta-sts.purpleflock.net,77.416664,good,5,5,26.35.20,2026-03-08 18:17:26.085485
4471,sovanta.com,79.416664,good,5,5,26.35.20,2026-03-08 18:17:33.026707
4472,sportcommunities.group,82.190475,good,5,7,26.35.20,2026-03-08 18:46:17.581023
4473,hegel.net,74.666664,adequate,5,6,26.35.20,2026-03-08 19:03:10.21239
4474,hegel.net,76.333336,good,5,6,26.35.20,2026-03-08 19:03:34.098498
4475,weather.gov,67.666664,adequate,5,5,26.35.20,2026-03-08 19:15:03.636698
4476,weather.gov,67.666664,adequate,5,5,26.35.20,2026-03-08 19:15:07.404515
4477,evilhacker.com,70.666664,adequate,5,3,26.35.20,2026-03-08 19:51:37.793923
4478,evilhacker.com,70.666664,adequate,5,3,26.35.20,2026-03-08 19:51:42.028284
4479,insmc.ro,78.666664,good,5,5,26.35.20,2026-03-08 19:53:53.285731
4480,theojouvin.com,72,adequate,5,6,26.35.20,2026-03-08 19:54:05.661809
4481,insmc.ro,76.666664,good,5,5,26.35.20,2026-03-08 19:54:18.241644
4482,github.com,77.666664,good,5,6,26.35.20,2026-03-08 19:59:06.201939
4483,github.com,74.333336,adequate,5,6,26.35.20,2026-03-08 19:59:22.096064
4484,abyt.es,72.833336,adequate,5,4,26.35.20,2026-03-08 20:01:30.027485
4485,abyt.es,72.833336,adequate,5,4,26.35.20,2026-03-08 20:01:46.115309
4486,2911.us,81.333336,good,5,6,26.35.20,2026-03-08 20:14:03.963393
4487,2911.us,81.333336,good,5,6,26.35.20,2026-03-08 20:14:15.917321
4488,server.it-help.tech,77.333336,good,5,3,26.35.20,2026-03-08 20:27:01.889091
4489,izvoru.ro,78.666664,good,5,5,26.35.20,2026-03-08 20:29:27.50697
4490,misconfigured.com,77.333336,good,5,3,26.35.20,2026-03-08 21:03:38.564972
4491,misconfigured.com,77.333336,good,5,3,26.35.20,2026-03-08 21:03:43.192222
4492,kali.org,79.333336,good,5,7,26.35.20,2026-03-08 21:08:41.508509
4493,kali.org,79.333336,good,5,7,26.35.20,2026-03-08 21:08:59.784615
4494,ibm.com,63.666668,adequate,5,6,26.35.20,2026-03-08 21:49:37.677553
4495,ibm.com,68.666664,adequate,5,6,26.35.20,2026-03-08 21:49:55.982241
4496,microsoft.com,80.190475,good,5,7,26.35.20,2026-03-08 22:06:44.98271
4497,microsoft.com,78.7619,good,5,7,26.35.20,2026-03-08 22:07:02.30696
4498,pdcnet.org,73,adequate,5,6,26.35.20,2026-03-08 22:11:47.327721
4499,pdcnet.org,73,adequate,5,6,26.35.20,2026-03-08 22:12:05.143833
4500,innbn-bucuresti.ro,74.666664,adequate,5,5,26.35.20,2026-03-08 22:30:43.468728
4501,innbn-bucuresti.ro,74.666664,adequate,5,5,26.35.20,2026-03-08 22:30:55.142056
4502,oxidesurvival.com,80.666664,good,5,3,26.35.20,2026-03-08 22:38:35.799685
4503,oxidesurvival.com,80.666664,good,5,3,26.35.20,2026-03-08 22:38:40.140051
4504,spitalulhorezu.ro,74.666664,adequate,5,5,26.35.20,2026-03-08 22:44:17.761058
4505,spitalulhorezu.ro,76.666664,good,5,5,26.35.20,2026-03-08 22:44:26.371359
4506,ohg-nagold.de,66.666664,adequate,5,5,26.35.20,2026-03-08 22:49:35.734156
4507,ohg-nagold.de,66.666664,adequate,5,5,26.35.20,2026-03-08 22:49:51.467861
4508,2911.us,81.333336,good,5,6,26.35.20,2026-03-08 23:05:52.125763
4509,2911.us,81.333336,good,5,6,26.35.20,2026-03-08 23:06:03.265871
4510,blauwsurvey.com,82,good,5,6,26.35.20,2026-03-08 23:22:53.547319
4511,blauwsurvey.com,82,good,5,6,26.35.20,2026-03-08 23:23:05.871055
4512,weather.gov,71.666664,adequate,5,5,26.35.20,2026-03-08 23:31:12.308964
4513,weather.gov,71.416664,adequate,5,5,26.35.20,2026-03-08 23:31:19.767196
4514,cia.gov,76.90476,good,5,7,26.35.20,2026-03-08 23:33:49.095182
4515,cia.gov,76.90476,good,5,7,26.35.20,2026-03-08 23:34:07.363842
4516,izvoru.ro,78.666664,good,5,5,26.35.20,2026-03-08 23:45:53.845009
4517,izvoru.ro,80.666664,good,5,5,26.35.20,2026-03-08 23:46:15.419155
4518,reconfirm.com,73,adequate,5,6,26.35.20,2026-03-09 00:15:34.677248
4519,reconfirm.com,73,adequate,5,6,26.35.20,2026-03-09 00:15:56.81199
4520,haukeflix.top,79.666664,good,5,6,26.35.20,2026-03-09 00:33:48.678418
4521,haukeflix.top,79.666664,good,5,6,26.35.20,2026-03-09 00:33:52.604127
4522,purpleflock.com,82.190475,good,5,7,26.35.20,2026-03-09 00:36:04.671388
4523,ohg-nagold.de,66.666664,adequate,5,5,26.35.20,2026-03-09 01:17:31.851467
4524,ohg-nagold.de,66.666664,adequate,5,5,26.35.20,2026-03-09 01:17:47.811908
4525,purpleflock.net,81.190475,good,5,7,26.35.20,2026-03-09 01:21:53.443827
4526,purpleflock.net,81.190475,good,5,7,26.35.20,2026-03-09 01:21:56.110577
4527,cisa.gov,67,adequate,5,6,26.35.20,2026-03-09 01:56:33.73035
4528,cisa.gov,71,adequate,5,6,26.35.20,2026-03-09 01:56:50.313698
4529,mtadistributors.com,76.666664,good,5,5,26.35.20,2026-03-09 01:58:07.445165
4530,spital-izvoru.ro,74.666664,adequate,5,5,26.35.20,2026-03-09 02:02:35.372303
4531,spital-izvoru.ro,74.666664,adequate,5,5,26.35.20,2026-03-09 02:02:51.869627
4532,me,72.666664,adequate,5,2,26.35.20,2026-03-09 03:01:34.350726
4533,me,72.666664,adequate,5,2,26.35.20,2026-03-09 03:08:11.8807
4534,hegel.net,74.666664,adequate,5,6,26.35.20,2026-03-09 03:08:34.38749
4535,freebsd.org,85.04762,good,5,7,26.35.20,2026-03-09 03:11:15.582746
4536,google.com,68.7619,adequate,5,7,26.35.20,2026-03-09 03:11:57.746312
4537,ietf.org,73,adequate,5,6,26.35.20,2026-03-09 03:12:39.35547
4538,nlnetlabs.nl,68,adequate,5,6,26.35.20,2026-03-09 03:13:21.782569
4539,spitalulhorezu.ro,76.666664,good,5,5,26.35.27,2026-03-09 03:33:13.793352
4540,livearchive.net,73,adequate,5,6,26.35.27,2026-03-09 03:43:16.091808
4541,probe-us-01.dns-observe.com,75.333336,good,5,4,26.35.30,2026-03-09 04:25:05.047236
4542,spitalsovata.ro,74.666664,adequate,5,5,26.35.30,2026-03-09 05:07:24.599105
4543,spitalsovata.ro,74.666664,adequate,5,5,26.35.30,2026-03-09 05:08:14.224511
4544,kadse.dev,70.666664,adequate,5,3,26.35.31,2026-03-09 05:23:47.860029
4545,it-help.tech,80.190475,good,5,7,26.35.31,2026-03-09 05:31:01.283037
4546,it-help.tech,80.190475,good,5,7,26.35.31,2026-03-09 05:31:34.339879
4547,spitalsighet.ro,76.666664,good,5,5,26.35.31,2026-03-09 05:37:22.822208
4548,spitalsighet.ro,76.666664,good,5,5,26.35.31,2026-03-09 05:38:12.808952
4549,dnstool.it-help.tech,77.333336,good,5,3,26.35.31,2026-03-09 05:38:56.762455
4550,pocketflows.com,73,adequate,5,6,26.35.31,2026-03-09 05:42:22.592417
4551,pocketflows.com,73,adequate,5,6,26.35.31,2026-03-09 05:42:40.786242
4552,zmacnashville.net,80.666664,good,5,5,26.35.31,2026-03-09 05:53:19.429712
4553,zmacnashville.net,80.666664,good,5,5,26.35.31,2026-03-09 05:53:36.188017
4554,dns-observe.com,80.666664,good,5,5,26.35.31,2026-03-09 05:58:27.847777
4555,zmacnashville.net,80.666664,good,5,5,26.35.31,2026-03-09 06:03:50.158326
4556,transbusbuzau.ro,80.666664,good,5,5,26.35.31,2026-03-09 06:09:23.907604
4557,transbusbuzau.ro,80.666664,good,5,5,26.35.31,2026-03-09 06:10:13.843458
4558,dpsg-radolfzell.de,76.47619,good,5,7,26.35.32,2026-03-09 06:28:56.49045
4559,dpsg-radolfzell.de,76.47619,good,5,7,26.35.32,2026-03-09 06:29:17.184138
4560,maltejk.de,76.47619,good,5,7,26.35.32,2026-03-09 06:31:08.758838
4561,spitalcampina.ro,72.666664,adequate,5,5,26.35.32,2026-03-09 06:33:45.823042
4562,spitalcampina.ro,72.666664,adequate,5,5,26.35.32,2026-03-09 06:34:35.934134
4563,nasa.gov,72,adequate,5,6,26.35.32,2026-03-09 06:47:32.329602
4564,nasa.gov,73.666664,adequate,5,6,26.35.32,2026-03-09 06:47:50.844371
4565,innbn-bucuresti.ro,74.666664,adequate,5,5,26.35.32,2026-03-09 06:55:05.691029
4566,innbn-bucuresti.ro,74.666664,adequate,5,5,26.35.32,2026-03-09 06:55:15.405888
4567,tuta.io,75.04762,good,5,7,26.35.32,2026-03-09 07:01:27.079497
4568,tuta.io,75.04762,good,5,7,26.35.32,2026-03-09 07:01:45.1396
4569,business29.web-hosting.com,71.333336,adequate,5,1,26.35.32,2026-03-09 07:08:40.524741
4570,dev.lms.fullmindlearning.com,59.583332,adequate,5,8,26.35.32,2026-03-09 07:39:28.921862
4571,misconfigured.com,77.333336,good,5,3,26.35.32,2026-03-09 07:41:53.654507
4572,contractvault.com,72.833336,adequate,5,4,26.35.32,2026-03-09 07:43:19.760808
4573,binaryflix.space,77.333336,good,5,3,26.35.32,2026-03-09 07:50:42.217648
4574,binaryflix.space,77.333336,good,5,3,26.35.32,2026-03-09 07:50:45.0037
4575,ietf.org,73,adequate,5,6,26.35.32,2026-03-09 08:27:09.976502
4576,ietf.org,73,adequate,5,6,26.35.32,2026-03-09 08:27:20.34752
4577,burghele.ro,74.666664,adequate,5,5,26.35.32,2026-03-09 08:44:44.501705
4578,burghele.ro,74.666664,adequate,5,5,26.35.32,2026-03-09 08:45:34.152576
4579,beechtreenews.com,73,adequate,5,6,26.35.32,2026-03-09 08:51:48.051198
4580,beechtreenews.com,73,adequate,5,6,26.35.32,2026-03-09 08:52:08.051603
4581,jonaswiegner.de,70.7619,adequate,5,7,26.35.32,2026-03-09 08:55:04.717016
4582,patientreminder.com,82.666664,good,5,5,26.35.32,2026-03-09 09:03:27.177057
4583,spitalulhuedin.ro,70.666664,adequate,5,5,26.35.32,2026-03-09 09:17:43.632096
4584,spitalulhuedin.ro,74.666664,adequate,5,5,26.35.32,2026-03-09 09:17:54.694494
4585,spjslatina.ro,68.666664,adequate,5,5,26.35.32,2026-03-09 09:23:42.636665
4586,spjslatina.ro,68.666664,adequate,5,5,26.35.32,2026-03-09 09:23:55.399804
4587,screen.it-help.tech,73.333336,adequate,5,8,26.35.32,2026-03-09 09:30:30.983165
4588,mateibals.ro,68.666664,adequate,5,5,26.35.32,2026-03-09 09:37:36.666355
4589,mateibals.ro,68.666664,adequate,5,5,26.35.32,2026-03-09 09:38:26.948259
4590,freebsd.org,86.47619,good,5,7,26.35.32,2026-03-09 09:45:12.141315
4591,freebsd.org,86.47619,good,5,7,26.35.32,2026-03-09 09:45:30.916686
4592,spitalulhuedin.ro,72.666664,adequate,5,5,26.35.32,2026-03-09 09:46:01.194589
4593,weather.gov,67.666664,adequate,5,5,26.35.32,2026-03-09 09:46:17.572551
4594,weather.gov,67.666664,adequate,5,5,26.35.32,2026-03-09 09:46:30.574968
4595,me,72.666664,adequate,5,2,26.35.32,2026-03-09 10:13:09.357651
4596,kadse.dev,70.666664,adequate,5,3,26.35.32,2026-03-09 10:18:38.956577
4597,glendun.com.au,70.666664,adequate,5,5,26.35.32,2026-03-09 10:21:29.081201
4598,glendun.com.au,70.666664,adequate,5,5,26.35.32,2026-03-09 10:21:49.807698
4599,jira.sovanta.com,81.333336,good,5,1,26.35.32,2026-03-09 10:23:06.13585
4600,franklinroadacademy.com,74.666664,adequate,5,5,26.35.32,2026-03-09 10:33:04.157844
4601,spitalulorasenescbaicoi.ro,73,adequate,5,6,26.35.32,2026-03-09 10:49:43.801591
4602,spitalulorasenescbaicoi.ro,73,adequate,5,6,26.35.32,2026-03-09 10:50:33.404885
4603,dispatchgrid.com,82.666664,good,5,5,26.35.32,2026-03-09 10:51:31.200372
4604,ifacforl.ro,68.666664,adequate,5,5,26.35.32,2026-03-09 10:51:42.665404
4605,ifacforl.ro,68.666664,adequate,5,5,26.35.32,2026-03-09 10:52:32.719431
4606,ortopedieazuga.ro,74.666664,adequate,5,5,26.35.32,2026-03-09 10:53:24.948347
4607,ortopedieazuga.ro,74.666664,adequate,5,5,26.35.32,2026-03-09 10:54:15.149318
4608,kadse.dev,70.666664,adequate,5,3,26.35.32,2026-03-09 11:09:04.790082
4609,cia.gov,76.90476,good,5,7,26.35.32,2026-03-09 11:17:12.751798
4610,cia.gov,76.90476,good,5,7,26.35.32,2026-03-09 11:18:12.327111
4611,cia.gov,76.90476,good,5,7,26.35.32,2026-03-09 11:18:34.540061
4612,contractvault.com,72.833336,adequate,5,4,26.35.32,2026-03-09 11:29:11.601916
4613,spital-breaza.ro,74.666664,adequate,5,5,26.35.32,2026-03-09 12:09:34.57292
4614,sanatoriulbusteni.ro,74.666664,adequate,5,5,26.35.32,2026-03-09 12:09:43.170545
4615,sanatoriulbusteni.ro,74.666664,adequate,5,5,26.35.32,2026-03-09 12:09:58.261427
4616,sanatoriulbusteni.ro,74.666664,adequate,5,5,26.35.32,2026-03-09 12:10:03.926847
4617,sanatoriulbusteni.ro,74.666664,adequate,5,5,26.35.32,2026-03-09 12:10:22.354441
4618,spital-breaza.ro,74.666664,adequate,5,5,26.35.32,2026-03-09 12:10:24.086419
4619,oxidesurvival.com,80.666664,good,5,3,26.35.32,2026-03-09 12:41:58.847574
4620,oxidesurvival.com,77.333336,good,5,3,26.35.32,2026-03-09 12:41:59.311623
4621,server.it-help.tech,77.333336,good,5,3,26.35.32,2026-03-09 12:56:44.859684
4622,schedule.it-help.tech,77.333336,good,5,3,26.35.32,2026-03-09 13:24:52.104297
4623,spital-izvoru.ro,74.666664,adequate,5,5,26.35.32,2026-03-09 13:48:30.227145
4624,spital-izvoru.ro,74.666664,adequate,5,5,26.35.32,2026-03-09 13:49:18.269201
4625,it-help.tech,80.190475,good,5,7,26.35.32,2026-03-09 14:09:25.635142
4807,fullmindlearning.com,69.416664,adequate,5,5,26.35.32,2026-03-09 15:30:18.51765
4810,theojouvin.com,72,adequate,5,6,26.35.32,2026-03-09 15:34:25.369986
4869,spitalulorasenescbaicoi.ro,71.333336,adequate,5,6,26.35.34,2026-03-10 01:09:20.517004
4923,surland.de,84.666664,good,5,6,26.35.35,2026-03-10 08:58:35.307495
4924,surland.de,84.666664,good,5,6,26.35.35,2026-03-10 08:58:47.987658
5091,maltejk.de,76.47619,good,5,7,26.35.35,2026-03-10 14:42:59.575928
5092,maltejk.de,76.47619,good,5,7,26.35.35,2026-03-10 14:43:28.769705
5093,whitehouse.gov,75.416664,good,5,5,26.35.35,2026-03-10 14:43:43.827664
5196,1liner.com,74.666664,adequate,5,5,26.35.35,2026-03-10 17:44:41.663617
5298,mx1.blauwsurvey.com,81.333336,good,5,1,26.35.35,2026-03-10 20:57:49.325209
5299,pocketflows.com,73,adequate,5,6,26.35.35,2026-03-10 21:02:16.416244
5359,optonline.net,74.666664,adequate,5,5,26.35.35,2026-03-11 02:51:03.60595
5409,vallige-api.com,72.666664,adequate,5,2,26.36.01,2026-03-11 08:41:06.268172
5410,vallige-api.com,72.666664,adequate,5,2,26.36.01,2026-03-11 08:41:09.394883
5458,proton.me,77,good,5,6,26.36.01,2026-03-11 14:11:31.795251
5460,livearchive.net,73,adequate,5,6,26.36.01,2026-03-11 14:11:36.963976
5624,hortongroup.com,78.666664,good,5,5,26.36.01,2026-03-11 15:12:54.560088
5629,mta-sts.sportcommunities.group,78.666664,good,5,5,26.36.01,2026-03-11 15:15:46.857358
5675,westcappowerequipment.com,80.666664,good,5,5,26.36.02,2026-03-12 00:13:40.197682
5676,westcappowerequipment.com,80.666664,good,5,5,26.36.02,2026-03-12 00:14:02.497543
5726,valentin.run,83,good,5,6,26.36.06,2026-03-12 07:28:04.164836
5728,dns-observe.com,80.666664,good,5,5,26.36.06,2026-03-12 07:31:53.653923
5860,kisa.org.cy,84.666664,good,5,5,26.36.11,2026-03-12 10:14:29.817627
5915,spitalmciuc.ro,74.666664,adequate,5,5,26.36.11,2026-03-12 13:33:18.601949
6065,cloudflare.com,71.190475,adequate,5,7,26.36.11,2026-03-12 14:53:05.50829
6172,markphd.me,76.833336,good,5,4,26.36.11,2026-03-12 18:15:41.818709
6228,kisa.org.cy,82.666664,good,5,5,26.36.11,2026-03-12 20:59:03.216246
6283,dnsstuff.com,73.666664,adequate,5,6,26.36.11,2026-03-13 08:34:53.878609
6285,networksolutions.com,75.416664,good,5,5,26.36.11,2026-03-13 08:35:53.731999
6288,markphd.me,76.833336,good,5,4,26.36.11,2026-03-13 08:35:59.411759
6290,hak5.org,72.666664,adequate,5,5,26.36.11,2026-03-13 08:36:08.893118
6292,getmsg.ai,73,adequate,5,6,26.36.11,2026-03-13 08:36:12.173124
6294,sjv.ro,74.666664,adequate,5,5,26.36.11,2026-03-13 08:37:22.523153
6296,porp.stream,77.333336,good,5,3,26.36.11,2026-03-13 08:37:25.635537
6298,optonline.net,74.666664,adequate,5,5,26.36.11,2026-03-13 08:37:29.40262
6300,clinicbilling.com,67.666664,adequate,5,2,26.36.11,2026-03-13 08:37:34.526976
6302,hegel.org,84.666664,good,5,5,26.36.11,2026-03-13 08:37:37.658045
6304,mercadopago.com,72.666664,adequate,5,6,26.36.11,2026-03-13 08:38:36.111269
6306,sanatoriulbusteni.ro,74.666664,adequate,5,5,26.36.11,2026-03-13 08:38:42.898609
6309,atelier13-usa.com,84.666664,good,5,5,26.36.11,2026-03-13 08:38:52.994411
6311,spitalmciuc.ro,74.666664,adequate,5,5,26.36.11,2026-03-13 08:39:02.122813
6432,westbyforcongress.com,80.666664,good,5,5,26.36.11,2026-03-13 14:44:58.096066
6578,sra.io,77.666664,good,5,5,26.36.11,2026-03-13 17:52:11.632292
6579,sra.io,77.416664,good,5,5,26.36.11,2026-03-13 17:52:13.275882
6719,apavil.ro,70.666664,adequate,5,5,26.36.15,2026-03-14 12:29:38.538775
6840,filerequestpro.com,73,adequate,5,6,26.37.04,2026-03-15 00:27:45.937787
6955,cisa.gov,71,adequate,5,6,26.37.15,2026-03-15 22:22:29.154395
7127,hogwarts.steinr.eu,69.833336,adequate,5,8,26.37.20,2026-03-16 14:47:33.475944
7129,purpleflock.com,82.190475,good,5,7,26.37.20,2026-03-16 14:47:45.484854
7135,server.it-help.tech,77.333336,good,5,3,26.37.20,2026-03-16 14:48:08.649568
7139,apavil.ro,58.666668,adequate,5,5,26.37.20,2026-03-16 14:48:30.630088
7225,ohg-nagold.de,66.666664,adequate,5,5,26.37.22,2026-03-17 02:39:31.235023
7309,sra.io,77.666664,good,5,5,26.37.23,2026-03-17 10:07:01.675505
7406,pizazzmusiccamp.org,68.666664,adequate,5,5,26.37.23,2026-03-17 14:51:24.422395
7413,wisestamp.com,71.666664,adequate,5,5,26.37.23,2026-03-17 14:52:16.6363
7883,nlnetlabs.nl,68,adequate,5,6,26.37.29,2026-03-18 08:01:33.853504
7884,nlnetlabs.nl,68,adequate,5,6,26.37.29,2026-03-18 08:01:43.131199
7886,nlnetlabs.nl,68,adequate,5,6,26.37.29,2026-03-18 08:02:06.000285
7889,nlnetlabs.nl,68,adequate,5,6,26.37.29,2026-03-18 08:02:46.79402
7890,nlnetlabs.nl,68,adequate,5,6,26.37.29,2026-03-18 08:02:57.415142
7898,nlnetlabs.nl,68,adequate,5,6,26.37.29,2026-03-18 08:04:53.202073
9818,nsfnow.com,78.666664,good,5,5,26.38.39,2026-03-26 14:34:10.656779
9982,com.au,72.666664,adequate,5,2,26.40.01,2026-03-27 14:53:45.253788
10049,ietf.org,73,adequate,5,6,26.40.15,2026-03-28 10:13:50.045026
10050,westbyforcongress.com,80.666664,good,5,5,26.40.15,2026-03-28 10:13:58.129689
10174,usa.gov,72.666664,adequate,5,5,26.40.18,2026-03-28 15:19:42.324715
10175,usa.gov,72.666664,adequate,5,5,26.40.18,2026-03-28 15:20:13.753027
10292,com.au,67.666664,adequate,5,2,26.40.19,2026-03-29 14:58:20.96207
10294,fluss.top,72.833336,adequate,5,4,26.40.19,2026-03-29 14:58:42.569537
10297,198119799470.xyz,76.666664,good,5,5,26.40.19,2026-03-29 14:58:53.006318
10305,couchmvp.com,77.666664,good,5,2,26.40.19,2026-03-29 15:01:12.207
10315,spitalsinaia.ro,74.666664,adequate,5,5,26.40.19,2026-03-29 15:02:10.784619
10392,rocket-hd.cc,80.666664,good,5,5,26.40.19,2026-03-30 07:59:26.510249
10525,hegel.org,84.666664,good,5,5,26.40.23,2026-03-30 15:00:05.848503
10785,dns-observe.com,80.666664,good,5,5,26.40.25,2026-03-31 15:25:58.45469
10945,probe-us-02.dns-observe.com,70.666664,adequate,5,3,26.40.29,2026-04-01 14:42:42.501938
10947,optonline.net,76.666664,good,5,5,26.40.29,2026-04-01 14:43:22.494961
11163,natashabedingfield.com,67.666664,adequate,5,5,26.40.31,2026-04-02 15:08:37.823951
11164,neildegrassetyson.com,74,adequate,5,3,26.40.31,2026-04-02 15:08:49.802399
11166,natashabedingfield.com,69.666664,adequate,5,5,26.40.31,2026-04-02 15:09:06.287601
11334,tuta.io,73.61905,adequate,5,7,26.41.04,2026-04-03 07:51:33.190619
11337,dns-observe.com,80.666664,good,5,5,26.41.04,2026-04-03 07:51:39.515121
11346,mercadopago.com,71,adequate,5,6,26.41.04,2026-04-03 07:52:34.966693
11348,ehmrealty.com,78.666664,good,5,5,26.41.04,2026-04-03 07:52:42.684062
11354,hosptm.ro,82.666664,good,5,5,26.41.04,2026-04-03 07:53:47.896285
11576,example.com,73,adequate,5,6,26.41.04,2026-04-04 14:49:32.385808
11578,apple.com,75.47619,good,5,7,26.41.04,2026-04-04 14:49:56.259845
11601,2911.us,81.333336,good,5,6,26.41.04,2026-04-04 14:52:13.765498
11603,cisa.gov,66.5,adequate,5,6,26.41.04,2026-04-04 14:52:21.812828
11605,cia.gov,73.79762,adequate,5,7,26.41.04,2026-04-04 14:52:33.791012
11611,squareup.com,73.416664,adequate,5,5,26.41.04,2026-04-04 14:52:50.244633
11614,couchmvp.com,77.666664,good,5,2,26.41.04,2026-04-04 14:53:00.148483
11615,poop.com,72.833336,adequate,5,4,26.41.04,2026-04-04 14:53:06.219632
11623,ready-method.com,77.666664,good,5,2,26.41.04,2026-04-04 14:53:26.365636
11628,netcloud.ch,76.65476,good,5,7,26.41.04,2026-04-04 14:53:36.482765
11635,globalping.io,82.666664,good,5,5,26.41.04,2026-04-04 14:54:01.94725
11638,mtadistributors.com,76.666664,good,5,5,26.41.04,2026-04-04 14:54:24.019875
11805,red.com,72.166664,adequate,5,6,26.41.04,2026-04-05 14:38:26.741062
11919,screen.it-help.tech,74.333336,adequate,5,8,26.42.03,2026-04-07 01:05:40.268828
11969,it-help.tech,75.90476,good,5,7,26.42.17,2026-04-07 07:41:54.686323
7885,nlnetlabs.nl,68,adequate,5,6,26.37.29,2026-03-18 08:01:55.485741
7887,nlnetlabs.nl,68,adequate,5,6,26.37.29,2026-03-18 08:02:15.656787
7894,nlnetlabs.nl,68,adequate,5,6,26.37.29,2026-03-18 08:03:43.520932
7902,nlnetlabs.nl,68,adequate,5,6,26.37.29,2026-03-18 08:05:45.886807
9819,knoxminerals.com,72.666664,adequate,5,5,26.38.39,2026-03-26 14:34:18.52814
9985,com.au,72.666664,adequate,5,2,26.40.01,2026-03-27 14:54:19.37627
10051,nlnetlabs.nl,68,adequate,5,6,26.40.15,2026-03-28 10:15:58.649655
10176,dns-observe.com,80.666664,good,5,5,26.40.18,2026-03-28 15:37:44.744847
10177,spitalulorasenescbaicoi.ro,73,adequate,5,6,26.40.18,2026-03-28 15:37:50.002869
10184,monologue.to,73,adequate,5,6,26.40.18,2026-03-28 15:38:49.978966
10293,198119799470.xyz,76.666664,good,5,5,26.40.19,2026-03-29 14:58:22.596479
10298,fluss.top,72.833336,adequate,5,4,26.40.19,2026-03-29 14:59:11.400459
10299,westbyforcongress.com,80.666664,good,5,5,26.40.19,2026-03-29 14:59:15.175255
10393,rocket-hd.cc,80.666664,good,5,5,26.40.19,2026-03-30 07:59:27.47969
10527,mtadistributors.com,74.666664,adequate,5,5,26.40.23,2026-03-30 15:00:08.457017
10549,dispatchgrid.com,82.666664,good,5,5,26.40.23,2026-03-30 15:01:27.708049
10786,dns-observe.com,80.666664,good,5,5,26.40.25,2026-03-31 15:26:05.693048
10946,probe-us-02.dns-observe.com,70.666664,adequate,5,3,26.40.29,2026-04-01 14:42:51.491147
10948,dispatchgrid.com,82.666664,good,5,5,26.40.29,2026-04-01 14:43:24.553843
11165,neildegrassetyson.com,74,adequate,5,3,26.40.31,2026-04-02 15:09:00.786688
11335,mercadopago.com,74.333336,adequate,5,6,26.41.04,2026-04-03 07:51:33.873253
11336,aither.cc,66.666664,adequate,5,5,26.41.04,2026-04-03 07:51:35.4874
11338,ehmrealty.com,78.666664,good,5,5,26.41.04,2026-04-03 07:51:41.541433
11341,mercadopago.com,72.666664,adequate,5,6,26.41.04,2026-04-03 07:52:03.921671
11350,atelier13-usa.com,84.666664,good,5,5,26.41.04,2026-04-03 07:52:51.345015
11352,hosptm.ro,82.666664,good,5,5,26.41.04,2026-04-03 07:53:15.667076
11577,example.com,71.333336,adequate,5,6,26.41.04,2026-04-04 14:49:38.557951
11583,red.com,72.166664,adequate,5,6,26.41.04,2026-04-04 14:50:45.567812
11586,it-help.tech,80.190475,good,5,7,26.41.04,2026-04-04 14:51:05.785755
11600,insmc.ro,74.666664,adequate,5,5,26.41.04,2026-04-04 14:52:10.42716
11610,2911.us,81.333336,good,5,6,26.41.04,2026-04-04 14:52:42.425162
11617,whitehouse.gov,70.666664,adequate,5,5,26.41.04,2026-04-04 14:53:08.255986
11619,apavil.ro,68.666664,adequate,5,5,26.41.04,2026-04-04 14:53:20.315932
11621,cisa.gov,68.833336,adequate,5,6,26.41.04,2026-04-04 14:53:22.528029
11629,apavil.ro,58.666668,adequate,5,5,26.41.04,2026-04-04 14:53:45.464823
11639,purpleflock.com,82.190475,good,5,7,26.41.04,2026-04-04 14:54:30.726816
11806,dev.lms.fullmindlearning.com,59.583332,adequate,5,8,26.41.04,2026-04-05 14:44:30.905226
11812,fullmindlearning.com,69.666664,adequate,5,5,26.41.04,2026-04-05 14:46:53.364312
11816,usa.gov,72.666664,adequate,5,5,26.41.04,2026-04-05 14:49:00.639382
11920,red.com,72.666664,adequate,5,6,26.42.03,2026-04-07 01:06:14.907193
11970,it-help.tech,75.90476,good,5,7,26.42.17,2026-04-07 07:46:43.296887
7888,nlnetlabs.nl,68,adequate,5,6,26.37.29,2026-03-18 08:02:28.427454
7895,nlnetlabs.nl,68,adequate,5,6,26.37.29,2026-03-18 08:03:57.298782
7901,nlnetlabs.nl,68,adequate,5,6,26.37.29,2026-03-18 08:05:18.610056
9820,westbyforcongress.com,80.666664,good,5,5,26.38.39,2026-03-26 14:34:34.103542
10052,google.com,68.7619,adequate,5,7,26.40.18,2026-03-28 14:14:08.087261
10054,nlnetlabs.nl,68,adequate,5,6,26.40.18,2026-03-28 14:14:14.140356
10060,knoxminerals.com,72.666664,adequate,5,5,26.40.18,2026-03-28 14:15:40.413351
10062,aither.cc,66.666664,adequate,5,5,26.40.18,2026-03-28 14:16:26.008927
10063,198119799470.xyz,76.666664,good,5,5,26.40.18,2026-03-28 14:16:38.082896
10178,dns-observe.com,80.666664,good,5,5,26.40.18,2026-03-28 15:37:50.928335
10179,spitalulorasenescbaicoi.ro,73,adequate,5,6,26.40.18,2026-03-28 15:38:00.26629
10187,kisa.org.cy,84.666664,good,5,5,26.40.18,2026-03-28 15:39:47.613028
10188,qualysperiscope.com,62.666668,adequate,5,2,26.40.18,2026-03-28 15:40:00.383202
10191,fg9.eu,81.333336,good,5,6,26.40.18,2026-03-28 15:40:31.945395
10192,qualysperiscope.com,62.666668,adequate,5,2,26.40.18,2026-03-28 15:40:58.42869
10295,westbyforcongress.com,80.666664,good,5,5,26.40.19,2026-03-29 14:58:46.51867
10314,mobilecommercepress.com,73,adequate,5,6,26.40.19,2026-03-29 15:02:10.283115
10325,blauw-survey.com,72.833336,adequate,5,4,26.40.19,2026-03-29 15:02:48.409061
10394,tesla.com,65.666664,adequate,5,5,26.40.19,2026-03-30 08:14:14.714935
10528,fredduval.com,82.666664,good,5,5,26.40.23,2026-03-30 15:00:16.135959
10531,whitehouse.gov,72.666664,adequate,5,5,26.40.23,2026-03-30 15:00:36.357904
10533,hegel.org,84.666664,good,5,5,26.40.23,2026-03-30 15:00:37.481785
10535,mobilecommercepress.com,73,adequate,5,6,26.40.23,2026-03-30 15:00:45.034796
10538,knoxminerals.com,72.666664,adequate,5,5,26.40.23,2026-03-30 15:00:54.678091
10541,westbyforcongress.com,80.666664,good,5,5,26.40.23,2026-03-30 15:01:05.281672
10542,mobilecommercepress.com,73,adequate,5,6,26.40.23,2026-03-30 15:01:14.940176
10551,westbyforcongress.com,80.666664,good,5,5,26.40.23,2026-03-30 15:01:34.84329
10787,whitehouse.gov,75.666664,good,5,5,26.40.25,2026-03-31 16:31:32.533271
10949,optonline.net,76.666664,good,5,5,26.40.29,2026-04-01 14:43:41.041619
11167,natashabedingfield.com,66.666664,adequate,5,5,26.40.31,2026-04-02 15:09:30.69895
11339,atelier13-usa.com,84.666664,good,5,5,26.41.04,2026-04-03 07:51:50.44503
11340,tuta.io,75.04762,good,5,7,26.41.04,2026-04-03 07:52:03.571092
11342,aither.cc,66.666664,adequate,5,5,26.41.04,2026-04-03 07:52:05.897968
11344,ehmrealty.com,78.666664,good,5,5,26.41.04,2026-04-03 07:52:12.225345
11347,aither.cc,66.666664,adequate,5,5,26.41.04,2026-04-03 07:52:36.425351
11579,github.com,71,adequate,5,6,26.41.04,2026-04-04 14:50:12.327309
11589,insmc.ro,78.666664,good,5,5,26.41.04,2026-04-04 14:51:09.515366
11590,microsoft.com,79.690475,good,5,7,26.41.04,2026-04-04 14:51:14.891701
11592,swutch.com,84.666664,good,5,5,26.41.04,2026-04-04 14:51:20.826909
11595,cia.gov,75.47619,good,5,7,26.41.04,2026-04-04 14:51:31.447082
11597,microsoft.com,81.11905,good,5,7,26.41.04,2026-04-04 14:51:45.111581
11598,web3.foundation,74.666664,adequate,5,5,26.41.04,2026-04-04 14:51:55.168015
11602,squareup.com,69.416664,adequate,5,5,26.41.04,2026-04-04 14:52:19.795539
11606,me,72.666664,adequate,5,2,26.41.04,2026-04-04 14:52:33.834153
11609,whitehouse.gov,75.666664,good,5,5,26.41.04,2026-04-04 14:52:39.804979
11624,couchmvp.com,72.666664,adequate,5,2,26.41.04,2026-04-04 14:53:28.685656
11627,poop.com,72.833336,adequate,5,4,26.41.04,2026-04-04 14:53:34.780396
11631,fbi.gov,73.79762,adequate,5,7,26.41.04,2026-04-04 14:53:49.546677
11807,surland.de,84.666664,good,5,6,26.41.04,2026-04-05 14:44:37.027085
11808,surland.de,84.666664,good,5,6,26.41.04,2026-04-05 14:44:54.141558
11809,dev.lms.fullmindlearning.com,59.583332,adequate,5,8,26.41.04,2026-04-05 14:44:58.356838
11815,usa.gov,72.666664,adequate,5,5,26.41.04,2026-04-05 14:48:30.132584
11817,usa.gov,72.666664,adequate,5,5,26.41.04,2026-04-05 14:49:31.062962
11921,red.com,72.666664,adequate,5,6,26.42.04,2026-04-07 01:25:07.647421
11971,apple.com,72.36905,adequate,5,7,26.42.17,2026-04-07 07:51:38.138999
7891,nlnetlabs.nl,68,adequate,5,6,26.37.29,2026-03-18 08:03:09.015601
7892,nlnetlabs.nl,68,adequate,5,6,26.37.29,2026-03-18 08:03:24.01094
7893,nlnetlabs.nl,68,adequate,5,6,26.37.29,2026-03-18 08:03:34.662316
7896,nlnetlabs.nl,68,adequate,5,6,26.37.29,2026-03-18 08:04:30.204049
7897,nlnetlabs.nl,68,adequate,5,6,26.37.29,2026-03-18 08:04:32.11919
7899,nlnetlabs.nl,68,adequate,5,6,26.37.29,2026-03-18 08:04:53.76095
7900,nlnetlabs.nl,68,adequate,5,6,26.37.29,2026-03-18 08:05:02.782354
7903,nlnetlabs.nl,68,adequate,5,6,26.37.29,2026-03-18 08:06:14.817645
7904,nlnetlabs.nl,68,adequate,5,6,26.37.29,2026-03-18 08:06:22.193783
7905,nlnetlabs.nl,68,adequate,5,6,26.37.29,2026-03-18 08:06:45.104709
7906,nlnetlabs.nl,68,adequate,5,6,26.37.29,2026-03-18 08:06:50.906783
7907,nlnetlabs.nl,68,adequate,5,6,26.37.29,2026-03-18 08:07:04.466963
7908,nlnetlabs.nl,68,adequate,5,6,26.37.29,2026-03-18 08:07:20.438808
7909,nlnetlabs.nl,68,adequate,5,6,26.37.29,2026-03-18 08:07:30.995623
7910,nlnetlabs.nl,68,adequate,5,6,26.37.29,2026-03-18 08:07:46.362685
7911,nlnetlabs.nl,68,adequate,5,6,26.37.29,2026-03-18 08:07:51.949498
7912,nlnetlabs.nl,68,adequate,5,6,26.37.29,2026-03-18 08:08:11.252384
7913,nlnetlabs.nl,68,adequate,5,6,26.37.29,2026-03-18 08:08:17.145806
7914,nlnetlabs.nl,68,adequate,5,6,26.37.29,2026-03-18 08:08:29.05848
7915,nlnetlabs.nl,68,adequate,5,6,26.37.29,2026-03-18 08:08:32.820806
7916,nlnetlabs.nl,68,adequate,5,6,26.37.29,2026-03-18 08:08:52.544
7917,nlnetlabs.nl,68,adequate,5,6,26.37.29,2026-03-18 08:09:10.145076
7918,nlnetlabs.nl,68,adequate,5,6,26.37.29,2026-03-18 08:09:17.278344
7919,nlnetlabs.nl,68,adequate,5,6,26.37.29,2026-03-18 08:09:33.999443
7920,nlnetlabs.nl,68,adequate,5,6,26.37.29,2026-03-18 08:09:40.39096
7921,nlnetlabs.nl,68,adequate,5,6,26.37.29,2026-03-18 08:09:55.607381
7922,nlnetlabs.nl,68,adequate,5,6,26.37.29,2026-03-18 08:09:55.869177
7923,nlnetlabs.nl,68,adequate,5,6,26.37.29,2026-03-18 08:10:19.29315
7924,nlnetlabs.nl,68,adequate,5,6,26.37.29,2026-03-18 08:10:20.416355
7925,nlnetlabs.nl,68,adequate,5,6,26.37.29,2026-03-18 08:10:42.021221
7926,nlnetlabs.nl,68,adequate,5,6,26.37.29,2026-03-18 08:10:44.277867
7927,nlnetlabs.nl,68,adequate,5,6,26.37.29,2026-03-18 08:11:07.214611
7928,nlnetlabs.nl,68,adequate,5,6,26.37.29,2026-03-18 08:11:30.162415
7929,nlnetlabs.nl,67,adequate,5,6,26.37.29,2026-03-18 08:11:54.090377
7930,nlnetlabs.nl,68,adequate,5,6,26.37.29,2026-03-18 08:12:20.557681
7931,nlnetlabs.nl,68,adequate,5,6,26.37.29,2026-03-18 08:12:27.345091
7932,nlnetlabs.nl,68,adequate,5,6,26.37.29,2026-03-18 08:12:35.21188
7933,nlnetlabs.nl,68,adequate,5,6,26.37.29,2026-03-18 08:12:53.297181
7934,nlnetlabs.nl,68,adequate,5,6,26.37.29,2026-03-18 08:13:00.420421
7935,nlnetlabs.nl,68,adequate,5,6,26.37.29,2026-03-18 08:13:13.646725
7936,nlnetlabs.nl,68,adequate,5,6,26.37.29,2026-03-18 08:13:24.622159
7937,nlnetlabs.nl,68,adequate,5,6,26.37.29,2026-03-18 08:13:36.380294
7938,nlnetlabs.nl,68,adequate,5,6,26.37.29,2026-03-18 08:13:45.122159
7939,nlnetlabs.nl,68,adequate,5,6,26.37.29,2026-03-18 08:13:57.699385
7940,nlnetlabs.nl,68,adequate,5,6,26.37.29,2026-03-18 08:14:13.156996
7941,nlnetlabs.nl,68,adequate,5,6,26.37.29,2026-03-18 08:14:23.460737
7942,nlnetlabs.nl,68,adequate,5,6,26.37.29,2026-03-18 08:14:29.125042
7943,nlnetlabs.nl,68,adequate,5,6,26.37.29,2026-03-18 08:14:45.215603
7944,nlnetlabs.nl,68,adequate,5,6,26.37.29,2026-03-18 08:14:55.216332
7945,nlnetlabs.nl,68,adequate,5,6,26.37.29,2026-03-18 08:15:05.779664
7946,nlnetlabs.nl,68,adequate,5,6,26.37.29,2026-03-18 08:15:32.944846
7947,freebsd.org,86.47619,good,5,7,26.37.30,2026-03-18 08:35:59.25976
7948,freebsd.org,85.04762,good,5,7,26.37.30,2026-03-18 08:36:24.843007
7949,google.com,67.333336,adequate,5,7,26.37.30,2026-03-18 08:36:57.663734
7950,ietf.org,73,adequate,5,6,26.37.30,2026-03-18 08:37:28.040794
7951,ietf.org,73,adequate,5,6,26.37.30,2026-03-18 08:37:40.19846
7952,nlnetlabs.nl,68,adequate,5,6,26.37.30,2026-03-18 08:38:19.449813
7953,nlnetlabs.nl,68,adequate,5,6,26.37.30,2026-03-18 08:38:43.956559
7954,nlnetlabs.nl,68,adequate,5,6,26.37.30,2026-03-18 08:39:05.362391
7955,nlnetlabs.nl,68,adequate,5,6,26.37.30,2026-03-18 08:39:26.422502
7956,nlnetlabs.nl,68,adequate,5,6,26.37.30,2026-03-18 08:39:47.514107
7957,web3.foundation,74.666664,adequate,5,5,26.37.30,2026-03-18 08:39:53.134888
7958,nlnetlabs.nl,68,adequate,5,6,26.37.30,2026-03-18 08:40:08.837838
7959,nlnetlabs.nl,68,adequate,5,6,26.37.30,2026-03-18 08:40:33.480523
7960,nlnetlabs.nl,68,adequate,5,6,26.37.30,2026-03-18 08:40:57.81384
7961,nlnetlabs.nl,68,adequate,5,6,26.37.30,2026-03-18 08:41:18.680387
7962,nlnetlabs.nl,68,adequate,5,6,26.37.30,2026-03-18 08:41:40.041835
7963,spitalsighet.ro,78.666664,good,5,5,26.37.30,2026-03-18 08:42:08.398062
7964,spitalsighet.ro,74.666664,adequate,5,5,26.37.30,2026-03-18 08:42:21.266411
7965,uke.de,68.666664,adequate,5,6,26.37.30,2026-03-18 08:43:03.363563
7966,uke.de,72,adequate,5,6,26.37.30,2026-03-18 08:43:28.678024
7967,nlnetlabs.nl,68,adequate,5,6,26.37.30,2026-03-18 08:51:29.307251
7968,nlnetlabs.nl,68,adequate,5,6,26.37.30,2026-03-18 08:51:55.444362
7969,nlnetlabs.nl,68,adequate,5,6,26.37.30,2026-03-18 08:52:18.603007
7970,nlnetlabs.nl,68,adequate,5,6,26.37.30,2026-03-18 08:52:47.588046
7971,ha.198119799470.xyz,61.666668,adequate,5,2,26.37.30,2026-03-18 08:53:10.064134
7972,hirt.dev,75.47619,good,5,7,26.37.30,2026-03-18 08:53:10.497606
7973,nlnetlabs.nl,68,adequate,5,6,26.37.30,2026-03-18 08:53:12.586652
7974,nlnetlabs.nl,68,adequate,5,6,26.37.30,2026-03-18 08:53:16.43846
7975,nlnetlabs.nl,68,adequate,5,6,26.37.30,2026-03-18 08:53:38.686679
7976,nlnetlabs.nl,68,adequate,5,6,26.37.30,2026-03-18 08:53:48.410334
7977,nlnetlabs.nl,68,adequate,5,6,26.37.30,2026-03-18 08:54:05.734353
7978,nlnetlabs.nl,68,adequate,5,6,26.37.30,2026-03-18 08:54:33.013543
7979,benav.cc,77.666664,good,5,2,26.37.30,2026-03-18 08:54:43.624145
7980,ohg-nagold.eu,81.333336,good,5,6,26.37.30,2026-03-18 08:54:49.10555
7981,nlnetlabs.nl,68,adequate,5,6,26.37.30,2026-03-18 08:54:56.427419
7982,nlnetlabs.nl,68,adequate,5,6,26.37.30,2026-03-18 08:55:21.573572
7983,nlnetlabs.nl,68,adequate,5,6,26.37.30,2026-03-18 08:55:45.045274
7984,nlnetlabs.nl,67,adequate,5,6,26.37.30,2026-03-18 08:56:13.330459
7985,telekom.de,75.666664,good,5,5,26.37.30,2026-03-18 08:56:31.063267
7986,nlnetlabs.nl,68,adequate,5,6,26.37.30,2026-03-18 08:56:37.041422
7987,nlnetlabs.nl,68,adequate,5,6,26.37.30,2026-03-18 08:57:04.016347
7988,fette-beute.com,79.666664,good,5,5,26.37.30,2026-03-18 08:57:14.697305
7989,nlnetlabs.nl,68,adequate,5,6,26.37.30,2026-03-18 08:57:27.516051
7990,nlnetlabs.nl,68,adequate,5,6,26.37.30,2026-03-18 08:57:55.107401
7991,play.198119799470.xyz,60.833332,adequate,5,8,26.37.30,2026-03-18 08:57:57.890981
7992,198119799470.xyz,76.666664,good,5,5,26.37.30,2026-03-18 08:59:03.000136
7993,vbabestm.ro,74.666664,adequate,5,5,26.37.30,2026-03-18 09:00:51.067088
7994,squareup.com,67.666664,adequate,5,5,26.37.30,2026-03-18 09:00:51.609909
7995,red.com,69.333336,adequate,5,6,26.37.30,2026-03-18 09:01:46.503358
7996,valentin.run,83,good,5,6,26.37.30,2026-03-18 09:02:19.085757
7997,sap.com,73.666664,adequate,5,5,26.37.30,2026-03-18 09:03:26.566632
7998,globalping.io,82.666664,good,5,5,26.37.30,2026-03-18 09:04:48.150427
7999,gmg-attendorn.de,82.666664,good,5,5,26.37.30,2026-03-18 09:08:24.632719
8000,torrent-syndikat.org,73,adequate,5,3,26.37.30,2026-03-18 09:12:59.93469
8001,bakr.de,69.666664,adequate,5,6,26.37.30,2026-03-18 09:13:00.821526
8002,hahnover.land,76.666664,good,5,5,26.37.30,2026-03-18 09:19:04.70223
8003,rocket-hd.cc,80.666664,good,5,5,26.37.30,2026-03-18 09:20:33.542245
8004,hogwarts.steinr.eu,67.85714,adequate,5,7,26.37.30,2026-03-18 09:21:57.111496
8005,pizazzmusiccamp.org,68.666664,adequate,5,5,26.37.30,2026-03-18 09:23:08.197191
8006,aither.cc,66.666664,adequate,5,5,26.37.30,2026-03-18 09:23:43.173025
8007,neildegrassetyson.com,74,adequate,5,3,26.37.30,2026-03-18 09:52:50.025478
8008,purpleflock.net,81.190475,good,5,7,26.37.30,2026-03-18 11:13:46.811081
8009,atelier13-usa.com,84.666664,good,5,5,26.37.30,2026-03-18 14:20:22.817888
8010,atelier13-usa.com,84.666664,good,5,5,26.37.30,2026-03-18 14:23:28.229849
8011,nlnetlabs.nl,68,adequate,5,6,26.37.30,2026-03-18 14:23:42.372884
8012,google.com,69.690475,adequate,5,7,26.37.30,2026-03-18 14:23:44.351113
8013,freebsd.org,86.47619,good,5,7,26.37.30,2026-03-18 14:23:46.699366
8014,ietf.org,71.333336,adequate,5,6,26.37.30,2026-03-18 14:23:49.016868
8015,neildegrassetyson.com,70.666664,adequate,5,3,26.37.30,2026-03-18 14:24:10.140878
8016,nlnetlabs.nl,68,adequate,5,6,26.37.30,2026-03-18 14:24:13.911542
8017,ietf.org,73,adequate,5,6,26.37.30,2026-03-18 14:24:14.420644
8018,google.com,69.690475,adequate,5,7,26.37.30,2026-03-18 14:24:14.570578
8019,purpleflock.net,80.940475,good,5,7,26.37.30,2026-03-18 14:24:14.80059
8020,freebsd.org,86.47619,good,5,7,26.37.30,2026-03-18 14:24:17.137156
8021,neildegrassetyson.com,70.666664,adequate,5,3,26.37.30,2026-03-18 14:24:29.941464
8022,red.com,72.166664,adequate,5,6,26.37.30,2026-03-18 14:24:32.438492
8023,purpleflock.net,80.940475,good,5,7,26.37.30,2026-03-18 14:24:34.023579
8024,nlnetlabs.nl,68,adequate,5,6,26.37.30,2026-03-18 14:24:44.428954
8025,google.com,69.690475,adequate,5,7,26.37.30,2026-03-18 14:24:45.054401
8026,freebsd.org,86.47619,good,5,7,26.37.30,2026-03-18 14:24:47.994938
8027,red.com,72.166664,adequate,5,6,26.37.30,2026-03-18 14:25:04.528406
8028,valentin.run,83,good,5,6,26.37.30,2026-03-18 14:25:09.534243
8029,atelier13-usa.com,84.666664,good,5,5,26.37.30,2026-03-18 14:25:20.032511
8030,red.com,72.166664,adequate,5,6,26.37.30,2026-03-18 14:25:24.562257
8031,spitalsighet.ro,76.666664,good,5,5,26.37.30,2026-03-18 14:26:59.96456
8032,uke.de,68.666664,adequate,5,6,26.37.30,2026-03-18 14:27:21.341248
8033,web3.foundation,76.666664,good,5,5,26.37.30,2026-03-18 14:27:29.280035
8034,uke.de,68.666664,adequate,5,6,26.37.30,2026-03-18 14:27:43.889704
8035,web3.foundation,76.666664,good,5,5,26.37.30,2026-03-18 14:27:48.91226
8036,apple.com,74.04762,adequate,5,7,26.37.30,2026-03-18 14:27:56.59459
8037,apple.com,75.47619,good,5,7,26.37.30,2026-03-18 14:28:16.776288
8038,cia.gov,76.90476,good,5,7,26.37.30,2026-03-18 14:36:42.652759
8039,amazon.com,71.666664,adequate,5,5,26.37.30,2026-03-18 14:36:50.840793
8040,fbi.gov,72.61905,adequate,5,7,26.37.30,2026-03-18 14:36:58.992383
8041,example.com,71.333336,adequate,5,6,26.37.30,2026-03-18 14:37:00.920307
8042,cia.gov,76.90476,good,5,7,26.37.30,2026-03-18 14:37:05.295425
8043,amazon.com,71.666664,adequate,5,5,26.37.30,2026-03-18 14:37:07.575954
8044,openai.com,68.666664,adequate,5,6,26.37.30,2026-03-18 14:37:20.766236
8045,2911.us,81.333336,good,5,6,26.37.30,2026-03-18 14:37:24.849847
8046,fbi.gov,71.190475,adequate,5,7,26.37.30,2026-03-18 14:37:29.273962
8047,cloudflare.com,70.940475,adequate,5,7,26.37.30,2026-03-18 14:37:49.192753
8048,openai.com,70.083336,adequate,5,6,26.37.30,2026-03-18 14:37:51.442721
8049,ibm.com,70.5,adequate,5,6,26.37.30,2026-03-18 14:37:54.884106
8050,2911.us,81.333336,good,5,6,26.37.30,2026-03-18 14:37:55.332312
8051,fbi.gov,70.940475,adequate,5,7,26.37.30,2026-03-18 14:38:01.260919
8052,cloudflare.com,70.940475,adequate,5,7,26.37.30,2026-03-18 14:38:20.970788
8053,openai.com,70.083336,adequate,5,6,26.37.30,2026-03-18 14:38:24.776165
8054,ibm.com,64.833336,adequate,5,6,26.37.30,2026-03-18 14:38:25.171814
8055,2911.us,81.333336,good,5,6,26.37.30,2026-03-18 14:38:25.794023
8056,cloudflare.com,69.5119,adequate,5,7,26.37.30,2026-03-18 14:38:51.345022
8057,ibm.com,64.833336,adequate,5,6,26.37.30,2026-03-18 14:38:55.562522
8058,web3.foundation,74.666664,adequate,5,5,26.37.30,2026-03-18 14:41:51.80061
8059,ietf.org,71.333336,adequate,5,6,26.37.30,2026-03-18 14:46:26.50901
8060,google.com,70.190475,adequate,5,7,26.37.30,2026-03-18 14:46:29.632753
8061,nlnetlabs.nl,68,adequate,5,6,26.37.30,2026-03-18 14:46:30.198711
8062,freebsd.org,86.47619,good,5,7,26.37.30,2026-03-18 14:46:32.323384
8063,nlnetlabs.nl,68,adequate,5,6,26.37.30,2026-03-18 14:46:57.222956
8064,nlnetlabs.nl,68,adequate,5,6,26.37.30,2026-03-18 14:47:00.104315
8065,it-help.tech,80.190475,good,5,7,26.37.30,2026-03-18 14:51:35.236714
8066,it-help.tech,79.940475,good,5,7,26.37.30,2026-03-18 14:51:50.947626
8067,github.com,72.666664,adequate,5,6,26.37.30,2026-03-18 14:52:19.504789
8068,github.com,63,adequate,5,6,26.37.30,2026-03-18 14:52:38.989891
8069,usa.gov,72.666664,adequate,5,5,26.37.30,2026-03-18 15:28:43.529213
8070,whitehouse.gov,75.416664,good,5,5,26.37.30,2026-03-18 15:28:53.472395
8071,usa.gov,72.666664,adequate,5,5,26.37.30,2026-03-18 15:29:14.324058
8072,whitehouse.gov,75.416664,good,5,5,26.37.30,2026-03-18 15:29:15.394226
8073,usa.gov,72.666664,adequate,5,5,26.37.30,2026-03-18 15:29:44.754608
8074,nlnetlabs.nl,68,adequate,5,6,26.37.30,2026-03-18 16:38:10.355631
8075,google.com,67.333336,adequate,5,7,26.37.30,2026-03-18 16:38:11.708193
8083,nlnetlabs.nl,68,adequate,5,6,26.37.30,2026-03-18 16:41:22.69169
9821,co.uk,67.666664,adequate,5,2,26.38.39,2026-03-26 14:40:54.180532
9823,co.uk,67.666664,adequate,5,2,26.38.39,2026-03-26 14:41:24.547653
9826,198119799470.xyz,76.666664,good,5,5,26.38.39,2026-03-26 14:42:01.092773
9830,it-help.tech,80.190475,good,5,7,26.38.39,2026-03-27 00:57:31.762782
9840,it-help.tech,80.190475,good,5,7,26.38.43,2026-03-27 02:40:21.641997
9842,cia.gov,76.90476,good,5,7,26.40.01,2026-03-27 04:48:41.289386
9844,business29.web-hosting.com,71.333336,adequate,5,1,26.40.01,2026-03-27 11:27:36.241901
9845,nlnetlabs.nl,68,adequate,5,6,26.40.01,2026-03-27 14:19:19.706341
9848,ietf.org,73,adequate,5,6,26.40.01,2026-03-27 14:19:26.123401
9857,mtadistributors.com,76.666664,good,5,5,26.40.01,2026-03-27 14:20:01.476538
9859,spitalsinaia.ro,74.666664,adequate,5,5,26.40.01,2026-03-27 14:20:18.122559
9879,whitehouse.gov,71.416664,adequate,5,5,26.40.01,2026-03-27 14:22:13.005823
9986,kali.org,79.333336,good,5,7,26.40.01,2026-03-27 16:55:28.084095
9988,bakr.de,69.666664,adequate,5,6,26.40.01,2026-03-27 19:53:09.62599
10053,ietf.org,73,adequate,5,6,26.40.18,2026-03-28 14:14:10.211368
10058,apple.com,72.61905,adequate,5,7,26.40.18,2026-03-28 14:15:05.58833
10061,198119799470.xyz,76.666664,good,5,5,26.40.18,2026-03-28 14:16:07.605754
10180,psihiatrietulghes.ro,74.666664,adequate,5,5,26.40.18,2026-03-28 15:38:14.997462
10185,kisa.org.cy,84.666664,good,5,5,26.40.18,2026-03-28 15:39:16.406194
10186,fg9.eu,81.333336,good,5,6,26.40.18,2026-03-28 15:39:31.362559
10296,com.au,72.666664,adequate,5,2,26.40.19,2026-03-29 14:58:51.437017
10301,knoxminerals.com,72.666664,adequate,5,5,26.40.19,2026-03-29 14:59:21.040213
10303,knoxminerals.com,72.666664,adequate,5,5,26.40.19,2026-03-29 14:59:49.074041
10309,spitalulhuedin.ro,74.666664,adequate,5,5,26.40.19,2026-03-29 15:01:38.949562
10319,whitehouse.gov,76.666664,good,5,5,26.40.19,2026-03-29 15:02:17.387818
10321,spitalsinaia.ro,74.666664,adequate,5,5,26.40.19,2026-03-29 15:02:22.592886
10348,schedule.it-help.tech,80.333336,good,5,4,26.40.19,2026-03-29 20:43:15.875941
10395,oxidesurvival.com,80.666664,good,5,3,26.40.19,2026-03-30 08:18:30.402258
10532,westbyforcongress.com,80.666664,good,5,5,26.40.23,2026-03-30 15:00:36.603102
10536,couchmvp.com,77.666664,good,5,2,26.40.23,2026-03-30 15:00:50.951195
10539,spitalsinaia.ro,74.666664,adequate,5,5,26.40.23,2026-03-30 15:00:57.539314
10594,nlnetlabs.nl,68,adequate,5,6,26.40.25,2026-03-31 14:08:34.151327
10595,google.com,69.940475,adequate,5,7,26.40.25,2026-03-31 14:08:35.876162
10597,ietf.org,73,adequate,5,6,26.40.25,2026-03-31 14:08:39.778677
10788,schedule.it-help.tech,80.333336,good,5,4,26.40.25,2026-03-31 16:40:58.937699
10789,me,72.666664,adequate,5,2,26.40.25,2026-03-31 19:50:13.908179
10793,server.it-help.tech,77.333336,good,5,3,26.40.25,2026-03-31 21:17:23.330479
10795,item.org,83,good,5,6,26.40.25,2026-03-31 23:56:37.660478
10798,raremaps.com,73,adequate,5,6,26.40.29,2026-04-01 01:56:03.313693
10800,globalping.io,82.666664,good,5,5,26.40.29,2026-04-01 03:45:39.175663
10801,neildegrassetyson.com,74,adequate,5,3,26.40.29,2026-04-01 04:48:35.643301
10803,web3.foundation,76.666664,good,5,5,26.40.29,2026-04-01 05:51:41.239823
10804,ietf.org,73,adequate,5,6,26.40.29,2026-04-01 10:34:46.158438
10809,natashabedingfield.com,66.666664,adequate,5,5,26.40.29,2026-04-01 13:20:59.326221
10810,nlnetlabs.nl,68,adequate,5,6,26.40.29,2026-04-01 14:09:54.50782
10813,ietf.org,73,adequate,5,6,26.40.29,2026-04-01 14:10:00.305216
10950,dispatchgrid.com,82.666664,good,5,5,26.40.29,2026-04-01 14:43:43.185649
10966,couchmvp.com,77.666664,good,5,2,26.40.31,2026-04-01 20:39:09.011105
10968,benav.cc,77.666664,good,5,2,26.40.31,2026-04-01 20:40:21.09468
10996,nlnetlabs.nl,68,adequate,5,6,26.40.31,2026-04-02 14:08:38.282711
11001,freebsd.org,83.61905,good,5,7,26.40.31,2026-04-02 14:09:14.070646
11168,cia.gov,76.90476,good,5,7,26.40.31,2026-04-02 15:20:26.420938
11176,gotuwired.com,78.666664,good,5,5,26.40.34,2026-04-03 05:58:44.482241
11343,dns-observe.com,80.666664,good,5,5,26.41.04,2026-04-03 07:52:10.053035
11351,evilhacker.com,70.666664,adequate,5,3,26.41.04,2026-04-03 07:53:05.409641
11355,evilhacker.com,70.666664,adequate,5,3,26.41.04,2026-04-03 07:54:07.599086
11365,google.com,70.190475,adequate,5,7,26.41.04,2026-04-03 14:21:21.632545
11366,nlnetlabs.nl,68,adequate,5,6,26.41.04,2026-04-03 14:21:24.162311
11367,freebsd.org,86.47619,good,5,7,26.41.04,2026-04-03 14:21:26.577545
11371,dnstool.it-help.tech,85.333336,good,5,4,26.41.04,2026-04-03 14:22:07.182038
11484,ietf.org,73,adequate,5,6,26.41.04,2026-04-04 04:04:09.084614
11486,jira.sovanta.com,81.333336,good,5,1,26.41.04,2026-04-04 08:39:38.816752
11580,red.com,72.666664,adequate,5,6,26.41.04,2026-04-04 14:50:14.32606
11581,apple.com,75.22619,good,5,7,26.41.04,2026-04-04 14:50:26.088894
11582,github.com,70.5,adequate,5,6,26.41.04,2026-04-04 14:50:40.278542
11585,it-help.tech,79.690475,good,5,7,26.41.04,2026-04-04 14:50:50.331062
11596,insmc.ro,74.666664,adequate,5,5,26.41.04,2026-04-04 14:51:40.040182
11659,jue.rs,72.833336,adequate,5,4,26.41.04,2026-04-04 19:03:09.998147
11661,hegel.net,78,good,5,6,26.41.04,2026-04-04 20:25:07.599814
11665,z1mac.com,71.833336,adequate,5,4,26.41.04,2026-04-05 05:26:01.674594
11667,wolfintegrated.com,80.666664,good,5,5,26.41.04,2026-04-05 06:32:40.93521
11670,2911.us,81.333336,good,5,6,26.41.04,2026-04-05 08:01:11.200733
11671,schedule.it-help.tech,80.333336,good,5,4,26.41.04,2026-04-05 08:55:33.066524
11672,schedule.it-help.tech,80.333336,good,5,4,26.41.04,2026-04-05 08:55:36.896131
11677,leeashley.net,82.666664,good,5,5,26.41.04,2026-04-05 11:45:39.389291
11810,spitalsovata.ro,74.666664,adequate,5,5,26.41.04,2026-04-05 14:44:59.003049
11813,fullmindlearning.com,69.666664,adequate,5,5,26.41.04,2026-04-05 14:47:12.410697
11829,sovanta.com,81.666664,good,5,5,26.41.04,2026-04-05 18:06:49.884405
11831,fullmindlearning.com,69.666664,adequate,5,5,26.41.04,2026-04-05 20:36:40.212059
11832,westbyforcongress.com,80.666664,good,5,5,26.41.04,2026-04-06 01:24:51.885725
11866,932.moe,75.47619,good,5,7,26.42.01,2026-04-06 11:24:34.712234
11922,red.com,72.666664,adequate,5,6,26.42.04,2026-04-07 01:27:00.262471
11972,leeashley.net,82.666664,good,5,5,26.42.18,2026-04-07 08:09:23.323414
11994,oxidesurvival.com,80.666664,good,5,3,26.42.19,2026-04-08 04:57:27.524979
11995,kokee.net,75.333336,good,5,4,26.42.19,2026-04-08 05:00:06.4455
8076,ietf.org,73,adequate,5,6,26.37.30,2026-03-18 16:38:17.057949
8077,freebsd.org,86.47619,good,5,7,26.37.30,2026-03-18 16:38:23.740025
8078,nlnetlabs.nl,68,adequate,5,6,26.37.30,2026-03-18 16:39:12.32613
8079,google.com,68.7619,adequate,5,7,26.37.30,2026-03-18 16:40:16.357469
8080,ietf.org,73,adequate,5,6,26.37.30,2026-03-18 16:40:16.897207
8081,nlnetlabs.nl,68,adequate,5,6,26.37.30,2026-03-18 16:40:24.657669
8082,freebsd.org,85.04762,good,5,7,26.37.30,2026-03-18 16:40:29.479478
8084,google.com,67.333336,adequate,5,7,26.37.30,2026-03-18 16:42:37.437753
8085,ietf.org,73,adequate,5,6,26.37.30,2026-03-18 16:42:37.74948
8086,nlnetlabs.nl,68,adequate,5,6,26.37.30,2026-03-18 16:42:47.01802
8087,freebsd.org,83.61905,good,5,7,26.37.30,2026-03-18 16:42:52.055037
8088,nlnetlabs.nl,68,adequate,5,6,26.37.30,2026-03-18 16:43:42.660507
8089,ietf.org,71.333336,adequate,5,6,26.37.30,2026-03-18 16:44:49.686574
8090,google.com,70.190475,adequate,5,7,26.37.30,2026-03-18 16:44:50.062027
8091,nlnetlabs.nl,68,adequate,5,6,26.37.30,2026-03-18 16:44:58.096406
8092,freebsd.org,86.47619,good,5,7,26.37.30,2026-03-18 16:45:03.980602
8093,nlnetlabs.nl,68,adequate,5,6,26.37.30,2026-03-18 16:46:02.631509
8094,google.com,67.333336,adequate,5,7,26.37.30,2026-03-18 16:47:27.646159
8095,ietf.org,73,adequate,5,6,26.37.30,2026-03-18 16:47:28.082015
8096,nlnetlabs.nl,68,adequate,5,6,26.37.30,2026-03-18 16:47:36.480994
8097,freebsd.org,86.47619,good,5,7,26.37.30,2026-03-18 16:47:46.770562
8098,nlnetlabs.nl,68,adequate,5,6,26.37.30,2026-03-18 16:48:35.114739
8099,ietf.org,71.333336,adequate,5,6,26.37.30,2026-03-18 16:49:39.242834
8100,google.com,68.7619,adequate,5,7,26.37.30,2026-03-18 16:49:40.726386
8101,nlnetlabs.nl,68,adequate,5,6,26.37.30,2026-03-18 16:49:46.83189
8102,freebsd.org,83.61905,good,5,7,26.37.30,2026-03-18 16:49:51.029048
8103,nlnetlabs.nl,68,adequate,5,6,26.37.30,2026-03-18 16:50:41.643384
8104,google.com,67.333336,adequate,5,7,26.37.30,2026-03-18 16:51:47.101252
8105,ietf.org,71.333336,adequate,5,6,26.37.30,2026-03-18 16:51:47.350412
8106,nlnetlabs.nl,68,adequate,5,6,26.37.30,2026-03-18 16:51:55.663515
8107,freebsd.org,85.04762,good,5,7,26.37.30,2026-03-18 16:51:59.142671
8108,nlnetlabs.nl,68,adequate,5,6,26.37.30,2026-03-18 16:52:47.982938
8109,google.com,68.7619,adequate,5,7,26.37.30,2026-03-18 16:54:45.376835
8110,ietf.org,71.333336,adequate,5,6,26.37.30,2026-03-18 16:54:45.408864
8111,nlnetlabs.nl,68,adequate,5,6,26.37.30,2026-03-18 16:54:53.53015
8112,freebsd.org,85.04762,good,5,7,26.37.30,2026-03-18 16:54:58.53293
8113,nlnetlabs.nl,68,adequate,5,6,26.37.30,2026-03-18 16:55:45.562835
8114,ietf.org,71.333336,adequate,5,6,26.37.30,2026-03-18 16:56:29.364133
8115,google.com,70.190475,adequate,5,7,26.37.30,2026-03-18 16:56:31.524106
8116,nlnetlabs.nl,68,adequate,5,6,26.37.30,2026-03-18 16:56:37.622148
8117,freebsd.org,83.61905,good,5,7,26.37.30,2026-03-18 16:56:41.668275
8118,nlnetlabs.nl,68,adequate,5,6,26.37.30,2026-03-18 16:57:53.556859
8119,spitalsighet.ro,76.666664,good,5,5,26.37.30,2026-03-18 16:58:21.686472
8120,uke.de,70.333336,adequate,5,6,26.37.30,2026-03-18 16:58:40.96827
8121,google.com,70.190475,adequate,5,7,26.37.30,2026-03-18 16:59:19.791705
8122,ietf.org,73,adequate,5,6,26.37.30,2026-03-18 16:59:20.283228
8123,nlnetlabs.nl,68,adequate,5,6,26.37.30,2026-03-18 16:59:28.959857
8124,freebsd.org,86.47619,good,5,7,26.37.30,2026-03-18 16:59:32.303683
8125,nlnetlabs.nl,68,adequate,5,6,26.37.30,2026-03-18 17:00:46.559134
8126,ietf.org,71.333336,adequate,5,6,26.37.30,2026-03-18 17:03:11.820441
8127,google.com,68.7619,adequate,5,7,26.37.30,2026-03-18 17:03:12.000018
8128,nlnetlabs.nl,68,adequate,5,6,26.37.30,2026-03-18 17:03:20.442479
8129,freebsd.org,85.04762,good,5,7,26.37.30,2026-03-18 17:03:24.885186
8130,neildegrassetyson.com,74,adequate,5,3,26.37.30,2026-03-18 17:03:36.428138
8131,nlnetlabs.nl,68,adequate,5,6,26.37.30,2026-03-18 17:04:17.985351
8132,neildegrassetyson.com,74,adequate,5,3,26.37.30,2026-03-18 17:04:56.065756
8133,neildegrassetyson.com,74,adequate,5,3,26.37.30,2026-03-18 17:05:25.779867
8134,ietf.org,69.666664,adequate,5,6,26.37.30,2026-03-18 17:06:04.22476
8135,google.com,68.7619,adequate,5,7,26.37.30,2026-03-18 17:06:04.726492
8136,nlnetlabs.nl,68,adequate,5,6,26.37.30,2026-03-18 17:06:12.182199
8137,freebsd.org,83.61905,good,5,7,26.37.30,2026-03-18 17:06:15.895426
8138,nlnetlabs.nl,68,adequate,5,6,26.37.30,2026-03-18 17:07:33.308129
8139,ietf.org,73,adequate,5,6,26.37.30,2026-03-18 17:08:44.795071
8140,google.com,68.7619,adequate,5,7,26.37.30,2026-03-18 17:08:45.206791
8141,nlnetlabs.nl,68,adequate,5,6,26.37.30,2026-03-18 17:08:52.967419
8142,freebsd.org,82.190475,good,5,7,26.37.30,2026-03-18 17:08:58.015671
8143,nlnetlabs.nl,68,adequate,5,6,26.37.30,2026-03-18 17:10:18.448944
8144,ietf.org,71.333336,adequate,5,6,26.37.30,2026-03-18 17:11:47.145567
8145,nlnetlabs.nl,68,adequate,5,6,26.37.30,2026-03-18 17:11:48.356713
8146,google.com,67.333336,adequate,5,7,26.37.30,2026-03-18 17:11:48.730863
8147,freebsd.org,85.04762,good,5,7,26.37.30,2026-03-18 17:11:53.502309
8148,nlnetlabs.nl,68,adequate,5,6,26.37.30,2026-03-18 17:13:23.366766
8149,nlnetlabs.nl,68,adequate,5,6,26.37.30,2026-03-18 17:17:16.140825
8150,nlnetlabs.nl,68,adequate,5,6,26.37.30,2026-03-18 17:17:39.247445
8151,google.com,70.190475,adequate,5,7,26.37.30,2026-03-18 17:17:58.568495
8152,google.com,70.190475,adequate,5,7,26.37.30,2026-03-18 17:18:16.882549
8153,ietf.org,71.333336,adequate,5,6,26.37.30,2026-03-18 17:18:41.746965
8154,ietf.org,73,adequate,5,6,26.37.30,2026-03-18 17:18:54.573494
8155,freebsd.org,82.190475,good,5,7,26.37.30,2026-03-18 17:19:19.580993
8156,freebsd.org,85.04762,good,5,7,26.37.30,2026-03-18 17:19:43.47335
8157,932.moe,75.47619,good,5,7,26.37.30,2026-03-18 17:20:08.497085
8158,b621.org,60.666668,adequate,5,3,26.37.30,2026-03-18 17:22:24.108296
8159,ietf.org,73,adequate,5,6,26.37.30,2026-03-18 17:49:57.124222
8160,ietf.org,73,adequate,5,6,26.37.30,2026-03-18 17:50:10.894418
8161,nlnetlabs.nl,68,adequate,5,6,26.37.30,2026-03-18 17:50:41.659244
8162,freebsd.org,85.04762,good,5,7,26.37.30,2026-03-18 17:50:42.202714
8163,nlnetlabs.nl,68,adequate,5,6,26.37.30,2026-03-18 17:51:05.310571
8164,freebsd.org,86.47619,good,5,7,26.37.30,2026-03-18 17:51:07.017238
8165,b621.org,60.666668,adequate,5,3,26.37.30,2026-03-18 17:51:23.297703
8166,google.com,68.7619,adequate,5,7,26.37.30,2026-03-18 17:51:43.193442
8167,ietf.org,71.333336,adequate,5,6,26.37.30,2026-03-18 17:52:24.914965
8171,b621.org,59.666668,adequate,5,3,26.37.30,2026-03-18 17:53:16.110464
9822,198119799470.xyz,76.666664,good,5,5,26.38.39,2026-03-26 14:41:00.174382
9825,co.uk,67.666664,adequate,5,2,26.38.39,2026-03-26 14:41:55.262292
9831,it-help.tech,77.333336,good,5,7,26.38.39,2026-03-27 00:58:20.990889
9841,fluss.top,72.833336,adequate,5,4,26.40.01,2026-03-27 03:41:56.03927
9843,fbi.gov,74.04762,adequate,5,7,26.40.01,2026-03-27 04:54:36.892132
9846,google.com,70.190475,adequate,5,7,26.40.01,2026-03-27 14:19:24.159047
9987,steinr.eu,72,adequate,5,6,26.40.01,2026-03-27 17:41:49.160549
9989,bakr.de,69.666664,adequate,5,6,26.40.01,2026-03-27 19:53:40.027186
10055,freebsd.org,85.04762,good,5,7,26.40.18,2026-03-28 14:14:20.100488
10181,psihiatrietulghes.ro,74.666664,adequate,5,5,26.40.18,2026-03-28 15:38:24.31215
10183,kisa.org.cy,84.666664,good,5,5,26.40.18,2026-03-28 15:38:40.822946
10300,com.au,72.666664,adequate,5,2,26.40.19,2026-03-29 14:59:19.565063
10304,spital-izvoru.ro,74.666664,adequate,5,5,26.40.19,2026-03-29 15:01:08.218112
10308,couchmvp.com,77.666664,good,5,2,26.40.19,2026-03-29 15:01:33.653307
10349,ietf.org,73,adequate,5,6,26.40.19,2026-03-29 21:08:21.57219
10396,proton.me,73.666664,adequate,5,6,26.40.19,2026-03-30 08:37:23.499753
10534,hegel.net,73,adequate,5,6,26.40.23,2026-03-30 15:00:43.022093
10596,freebsd.org,86.47619,good,5,7,26.40.25,2026-03-31 14:08:37.842364
10790,ready-method.com,77.666664,good,5,2,26.40.25,2026-03-31 20:12:50.909417
10791,ready-method.com,77.666664,good,5,2,26.40.25,2026-03-31 20:13:12.09722
10794,innbn-bucuresti.ro,74.666664,adequate,5,5,26.40.25,2026-03-31 21:39:55.833695
10796,1liner.com,78.666664,good,5,5,26.40.25,2026-04-01 00:14:37.375072
10799,purpleflock.com,82.190475,good,5,7,26.40.29,2026-04-01 02:06:38.419118
10802,squareup.com,71.666664,adequate,5,5,26.40.29,2026-04-01 05:17:42.29046
10805,2911.us,81.333336,good,5,6,26.40.29,2026-04-01 10:36:05.141416
10811,google.com,68.7619,adequate,5,7,26.40.29,2026-04-01 14:09:56.859934
10830,web3.foundation,76.666664,good,5,5,26.40.29,2026-04-01 14:11:14.650198
10951,steinr.eu,72,adequate,5,6,26.40.29,2026-04-01 15:15:14.964079
10967,benav.cc,77.666664,good,5,2,26.40.31,2026-04-01 20:40:01.364963
10977,maltejk.de,76.47619,good,5,7,26.40.31,2026-04-01 20:44:09.032906
10997,google.com,70.190475,adequate,5,7,26.40.31,2026-04-02 14:08:39.370738
11000,nlnetlabs.nl,68,adequate,5,6,26.40.31,2026-04-02 14:09:08.872109
11003,rg443.click,71.583336,adequate,5,4,26.40.31,2026-04-02 14:09:20.319053
11008,dnsstuff.com,73.666664,adequate,5,6,26.40.31,2026-04-02 14:09:35.957136
11019,purpleflock.com,82.190475,good,5,7,26.40.31,2026-04-02 14:10:38.098099
11028,dns-observe.com,80.666664,good,5,5,26.40.31,2026-04-02 14:11:13.267423
11169,schedule.it-help.tech,77.833336,good,5,4,26.40.31,2026-04-02 15:20:29.963495
11177,gotuwired.com,78.666664,good,5,5,26.40.34,2026-04-03 05:59:16.438249
11345,atelier13-usa.com,84.666664,good,5,5,26.41.04,2026-04-03 07:52:20.905351
11349,hosptm.ro,82.666664,good,5,5,26.41.04,2026-04-03 07:52:45.158491
11353,evilhacker.com,70.666664,adequate,5,3,26.41.04,2026-04-03 07:53:36.981789
11368,ietf.org,73,adequate,5,6,26.41.04,2026-04-03 14:21:26.97136
11373,mtadistributors.com,76.666664,good,5,5,26.41.04,2026-04-03 14:22:17.634484
11380,globalping.io,80.666664,good,5,5,26.41.04,2026-04-03 14:23:01.874119
11381,dnstool.it-help.tech,85.333336,good,5,4,26.41.04,2026-04-03 14:23:06.28953
11385,web3.foundation,76.666664,good,5,5,26.41.04,2026-04-03 14:23:14.91833
11386,spital-deva.ro,66.666664,adequate,5,5,26.41.04,2026-04-03 14:23:15.728714
11388,purpleflock.com,82.190475,good,5,7,26.41.04,2026-04-03 14:23:35.460796
11485,ietf.org,71.333336,adequate,5,6,26.41.04,2026-04-04 04:04:19.164111
11487,wiredsd.com,80.666664,good,5,5,26.41.04,2026-04-04 08:42:53.436835
11584,microsoft.com,81.11905,good,5,7,26.41.04,2026-04-04 14:50:46.364059
11591,patientreminder.com,82.666664,good,5,5,26.41.04,2026-04-04 14:51:17.519194
11593,web3.foundation,76.666664,good,5,5,26.41.04,2026-04-04 14:51:26.698006
11660,ifacforl.ro,68.666664,adequate,5,5,26.41.04,2026-04-04 19:46:40.090034
11662,ha.198119799470.xyz,61.666668,adequate,5,2,26.41.04,2026-04-04 20:37:27.019993
11666,valentin.run,83,good,5,6,26.41.04,2026-04-05 05:31:19.962546
11668,evilhacker.com,70.666664,adequate,5,3,26.41.04,2026-04-05 06:40:19.741443
11673,ready-method.com,77.666664,good,5,2,26.41.04,2026-04-05 09:30:25.759238
11678,insmc.ro,76.666664,good,5,5,26.41.04,2026-04-05 11:51:26.549841
11811,spitalsovata.ro,74.666664,adequate,5,5,26.41.04,2026-04-05 14:45:14.74323
11830,sovanta.com,81.666664,good,5,5,26.41.04,2026-04-05 18:07:39.279548
11833,neiltyson.com,80.333336,good,5,4,26.41.04,2026-04-06 02:13:38.246814
11867,cioviews.com,80.666664,good,5,5,26.42.01,2026-04-06 11:25:17.630671
11923,apple.com,75.22619,good,5,7,26.42.04,2026-04-07 01:27:13.535994
11973,fg9.eu,81.333336,good,5,6,26.42.18,2026-04-07 08:12:28.565228
11996,ha.198119799470.xyz,61.666668,adequate,5,2,26.42.19,2026-04-08 05:02:31.047036
8168,nlnetlabs.nl,68,adequate,5,6,26.37.30,2026-03-18 17:52:47.892054
9824,198119799470.xyz,76.666664,good,5,5,26.38.39,2026-03-26 14:41:30.976535
9832,apple.com,74.04762,adequate,5,7,26.38.39,2026-03-27 01:01:35.014713
9847,freebsd.org,85.04762,good,5,7,26.40.01,2026-03-27 14:19:24.517856
9852,fluss.top,72.833336,adequate,5,4,26.40.01,2026-03-27 14:19:52.176294
9990,bakr.de,69.666664,adequate,5,6,26.40.01,2026-03-27 19:53:40.399513
10056,dnstool.it-help.tech,85.333336,good,5,4,26.40.18,2026-03-28 14:14:58.423701
10182,monologue.to,73,adequate,5,6,26.40.18,2026-03-28 15:38:36.058649
10302,198119799470.xyz,76.666664,good,5,5,26.40.19,2026-03-29 14:59:28.133878
10311,dispatchgrid.com,82.666664,good,5,5,26.40.19,2026-03-29 15:01:52.468678
10316,mtadistributors.com,76.666664,good,5,5,26.40.19,2026-03-29 15:02:11.198597
10317,whitehouse.gov,75.416664,good,5,5,26.40.19,2026-03-29 15:02:12.340632
10318,optonline.net,74.666664,adequate,5,5,26.40.19,2026-03-29 15:02:14.54663
10324,aither.cc,66.666664,adequate,5,5,26.40.19,2026-03-29 15:02:38.768605
10350,aither.cc,66.666664,adequate,5,5,26.40.19,2026-03-29 21:08:25.743834
10397,restretail.com,82.666664,good,5,5,26.40.19,2026-03-30 09:40:00.06991
10544,couchmvp.com,77.666664,good,5,2,26.40.23,2026-03-30 15:01:21.814264
10545,spitalsinaia.ro,73.416664,adequate,5,5,26.40.23,2026-03-30 15:01:22.39148
10548,knoxminerals.com,72.666664,adequate,5,5,26.40.23,2026-03-30 15:01:25.924951
10598,patientreminder.com,82.666664,good,5,5,26.40.25,2026-03-31 14:08:45.045768
10606,apple.com,73.79762,adequate,5,7,26.40.25,2026-03-31 14:09:15.751166
10792,ready-method.com,72.666664,adequate,5,2,26.40.25,2026-03-31 20:13:15.800132
10797,isc.org,75.47619,good,5,7,26.40.25,2026-04-01 00:32:07.226262
10806,cisa.gov,71,adequate,5,6,26.40.29,2026-04-01 10:36:47.680015
10812,freebsd.org,86.47619,good,5,7,26.40.29,2026-04-01 14:09:58.446027
10818,natashabedingfield.com,67.416664,adequate,5,5,26.40.29,2026-04-01 14:10:28.282633
10821,ready-method.com,77.666664,good,5,2,26.40.29,2026-04-01 14:10:46.32736
10824,schedule.it-help.tech,80.333336,good,5,4,26.40.29,2026-04-01 14:10:57.920146
10825,freebsd.org,86.47619,good,5,7,26.40.29,2026-04-01 14:10:59.509173
10832,natashabedingfield.com,66.166664,adequate,5,5,26.40.29,2026-04-01 14:11:33.35316
10840,netcloud.ch,76.65476,good,5,7,26.40.29,2026-04-01 14:12:25.322347
10843,2911.us,81.333336,good,5,6,26.40.29,2026-04-01 14:12:33.339157
10844,whitehouse.gov,75.416664,good,5,5,26.40.29,2026-04-01 14:12:51.385259
10848,2911.us,81.333336,good,5,6,26.40.29,2026-04-01 14:13:03.785973
10952,steinr.eu,73,adequate,5,6,26.40.29,2026-04-01 15:15:28.644258
10969,benav.cc,72.666664,adequate,5,2,26.40.31,2026-04-01 20:40:40.403433
10976,izvoru.ro,78.666664,good,5,5,26.40.31,2026-04-01 20:44:05.40794
10998,ietf.org,73,adequate,5,6,26.40.31,2026-04-02 14:08:40.706812
10999,freebsd.org,82.190475,good,5,7,26.40.31,2026-04-02 14:08:42.401404
11170,cia.gov,76.90476,good,5,7,26.40.31,2026-04-02 15:21:41.612084
11173,leeashley.net,77.666664,good,5,5,26.40.31,2026-04-02 15:24:25.39604
11178,gotuwired.com,80.666664,good,5,5,26.40.34,2026-04-03 05:59:19.552806
11182,wiredsd.com,80.666664,good,5,5,26.40.34,2026-04-03 06:03:26.308897
11356,blauw-survey.com,72.833336,adequate,5,4,26.41.04,2026-04-03 08:05:31.255874
11369,swutch.com,84.666664,good,5,5,26.41.04,2026-04-03 14:22:01.305929
11488,rg443.click,71.833336,adequate,5,4,26.41.04,2026-04-04 08:48:42.514787
11587,swutch.com,84.666664,good,5,5,26.41.04,2026-04-04 14:51:07.890345
11588,red.com,72.166664,adequate,5,6,26.41.04,2026-04-04 14:51:08.344455
11594,patientreminder.com,82.666664,good,5,5,26.41.04,2026-04-04 14:51:31.256549
11604,couchmvp.com,77.666664,good,5,2,26.41.04,2026-04-04 14:52:29.765427
11613,cisa.gov,66.5,adequate,5,6,26.41.04,2026-04-04 14:52:52.083719
11663,sra.io,77.666664,good,5,5,26.41.04,2026-04-04 21:14:29.480329
11669,evilhacker.com,70.666664,adequate,5,3,26.41.04,2026-04-05 06:41:09.358736
11674,ready-method.com,72.666664,adequate,5,2,26.41.04,2026-04-05 09:30:41.290448
11679,github.com,67,adequate,5,6,26.41.04,2026-04-05 12:34:32.012192
11814,fullmindlearning.com,69.666664,adequate,5,5,26.41.04,2026-04-05 14:47:31.608381
11834,neiltyson.com,80.333336,good,5,4,26.41.04,2026-04-06 02:13:40.049638
11868,porp.stream,77.333336,good,5,3,26.42.01,2026-04-06 11:41:08.598089
11924,red.com,69.333336,adequate,5,6,26.42.08,2026-04-07 02:10:48.844398
11974,kokee.net,75.333336,good,5,4,26.42.18,2026-04-07 10:03:56.708904
11997,fg9.eu,81.333336,good,5,6,26.42.19,2026-04-08 05:07:42.028245
8169,freebsd.org,80.7619,good,5,7,26.37.30,2026-03-18 17:52:48.963866
9827,hortongroup.com,78.666664,good,5,5,26.38.39,2026-03-26 15:13:40.241062
9828,hortongroup.com,78.666664,good,5,5,26.38.39,2026-03-26 15:14:12.454385
9829,hortongroup.com,78.666664,good,5,5,26.38.39,2026-03-26 15:14:43.001741
9833,red.com,72.666664,adequate,5,6,26.38.39,2026-03-27 01:08:27.28641
9849,spitalgiurgiu.ro,74.666664,adequate,5,5,26.40.01,2026-03-27 14:19:42.08043
9991,hegel.org,84.666664,good,5,5,26.40.01,2026-03-27 20:19:18.881094
9994,sovanta.com,81.416664,good,5,5,26.40.01,2026-03-27 20:21:27.572652
9995,dispatchgrid.com,82.666664,good,5,5,26.40.01,2026-03-27 20:22:10.366855
10057,dnstool.it-help.tech,85.333336,good,5,4,26.40.18,2026-03-28 14:15:04.196012
10059,nsfnow.com,80.666664,good,5,5,26.40.18,2026-03-28 14:15:32.281434
10189,fg9.eu,81.333336,good,5,6,26.40.18,2026-03-28 15:40:01.505421
10190,qualysperiscope.com,62.666668,adequate,5,2,26.40.18,2026-03-28 15:40:27.943282
10306,dispatchgrid.com,82.666664,good,5,5,26.40.19,2026-03-29 15:01:24.096687
10307,spital-izvoru.ro,74.666664,adequate,5,5,26.40.19,2026-03-29 15:01:31.054095
10310,spitalsinaia.ro,74.666664,adequate,5,5,26.40.19,2026-03-29 15:01:40.238063
10312,optonline.net,76.666664,good,5,5,26.40.19,2026-03-29 15:01:54.22492
10351,hosptm.ro,82.666664,good,5,5,26.40.19,2026-03-29 21:38:22.85499
10398,hogwarts.steinr.eu,59.833332,adequate,5,8,26.40.19,2026-03-30 10:31:07.920441
10546,uke.de,70.083336,adequate,5,6,26.40.23,2026-03-30 15:01:23.616341
10552,fluss.top,70.333336,adequate,5,4,26.40.23,2026-03-30 15:02:03.974239
10599,nlnetlabs.nl,68,adequate,5,6,26.40.25,2026-03-31 14:08:55.693575
10601,google.com,71.61905,adequate,5,7,26.40.25,2026-03-31 14:08:56.982854
10616,media.g-my.com,61.333332,adequate,5,1,26.40.25,2026-03-31 14:11:45.687596
10807,netcloud.ch,76.90476,good,5,7,26.40.29,2026-04-01 11:23:54.560944
10814,nlnetlabs.nl,68,adequate,5,6,26.40.29,2026-04-01 14:10:24.916985
10829,globalping.io,80.666664,good,5,5,26.40.29,2026-04-01 14:11:09.95912
10831,squareup.com,69.416664,adequate,5,5,26.40.29,2026-04-01 14:11:32.746801
10953,switch.com,69.666664,adequate,5,5,26.40.29,2026-04-01 15:31:34.603524
10970,benav.cc,77.666664,good,5,2,26.40.31,2026-04-01 20:40:41.882198
10972,insmc.ro,76.666664,good,5,5,26.40.31,2026-04-01 20:41:27.133698
10974,mtadistributors.com,76.666664,good,5,5,26.40.31,2026-04-01 20:42:50.200007
10975,apavil.ro,68.666664,adequate,5,5,26.40.31,2026-04-01 20:42:53.162155
11002,dnsstuff.com,73.416664,adequate,5,6,26.40.31,2026-04-02 14:09:18.003843
11006,nlnetlabs.nl,68,adequate,5,6,26.40.31,2026-04-02 14:09:32.025386
11029,evilhacker.com,70.666664,adequate,5,3,26.40.31,2026-04-02 14:11:21.535059
11030,198119799470.xyz,76.666664,good,5,5,26.40.31,2026-04-02 14:11:38.852786
11171,leeashley.net,78.666664,good,5,5,26.40.31,2026-04-02 15:21:53.857767
11179,evdnetworks.com,84.666664,good,5,5,26.40.34,2026-04-03 06:00:59.000012
11357,spital-deva.ro,66.666664,adequate,5,5,26.41.04,2026-04-03 08:05:32.335116
11358,nsfnow.com,80.666664,good,5,5,26.41.04,2026-04-03 08:05:40.365355
11360,blauw-survey.com,72.833336,adequate,5,4,26.41.04,2026-04-03 08:05:56.821934
11370,it-help.tech,80.190475,good,5,7,26.41.04,2026-04-03 14:22:02.158711
11378,nsfnow.com,80.666664,good,5,5,26.41.04,2026-04-03 14:22:55.29605
11387,ready-method.com,77.666664,good,5,2,26.41.04,2026-04-03 14:23:28.071365
11390,apavil.ro,70.666664,adequate,5,5,26.41.04,2026-04-03 14:23:42.169092
11391,blauw-survey.com,72.833336,adequate,5,4,26.41.04,2026-04-03 14:23:42.927107
11489,reconfirm.com,72.666664,adequate,5,5,26.41.04,2026-04-04 08:59:17.981464
11599,cia.gov,75.22619,good,5,7,26.41.04,2026-04-04 14:52:03.426147
11664,globalping.io,82.666664,good,5,5,26.41.04,2026-04-04 21:30:58.798055
11675,westcappowerequipment.com,80.666664,good,5,5,26.41.04,2026-04-05 09:41:34.345074
11680,netcloud.ch,76.90476,good,5,7,26.41.04,2026-04-05 12:37:16.958834
11681,civicpermits.com,72.666664,adequate,5,5,26.41.04,2026-04-05 12:42:15.511981
11818,aither.cc,66.666664,adequate,5,5,26.41.04,2026-04-05 14:56:28.424224
11820,hortongroup.com,78.666664,good,5,5,26.41.04,2026-04-05 14:58:31.413322
11835,neiltyson.com,80.333336,good,5,4,26.41.04,2026-04-06 02:16:36.916153
11837,poop.com,70.333336,adequate,5,4,26.41.04,2026-04-06 02:17:55.707183
11869,franklinroadacademy.com,74.666664,adequate,5,5,26.42.01,2026-04-06 11:41:51.471589
11871,mobilecommercepress.com,73,adequate,5,6,26.42.01,2026-04-06 11:43:16.896703
11925,red.com,70.5,adequate,5,6,26.42.08,2026-04-07 02:11:27.353781
11975,poop.com,72.833336,adequate,5,4,26.42.18,2026-04-07 13:27:23.650984
11998,example.com,73,adequate,5,6,26.42.23,2026-04-08 07:48:45.011657
8170,google.com,68.7619,adequate,5,7,26.37.30,2026-03-18 17:53:04.834238
9834,nlnetlabs.nl,68,adequate,5,6,26.38.39,2026-03-27 01:12:16.673918
9850,it-help.tech,79.690475,good,5,7,26.40.01,2026-03-27 14:19:50.374572
9858,apple.com,77.666664,good,5,7,26.40.01,2026-03-27 14:20:06.254687
9873,apple.com,78.083336,good,5,7,26.40.01,2026-03-27 14:21:06.2604
9874,sap.com,71.416664,adequate,5,5,26.40.01,2026-03-27 14:21:21.550468
9992,hegel.net,76.333336,good,5,6,26.40.01,2026-03-27 20:20:01.583878
9993,z1mac.com,71.833336,adequate,5,4,26.40.01,2026-03-27 20:20:44.500539
9998,optonline.net,74.666664,adequate,5,5,26.40.01,2026-03-27 20:24:19.990798
10064,westbyforcongress.com,80.666664,good,5,5,26.40.18,2026-03-28 14:16:39.159899
10193,evilhacker.com,70.666664,adequate,5,3,26.40.18,2026-03-28 20:38:19.063613
10313,spitalulhuedin.ro,74.666664,adequate,5,5,26.40.19,2026-03-29 15:02:02.037983
10320,aither.cc,66.666664,adequate,5,5,26.40.19,2026-03-29 15:02:20.390542
10323,mtadistributors.com,78.666664,good,5,5,26.40.19,2026-03-29 15:02:27.724373
10352,it-help.tech,80.190475,good,5,7,26.40.19,2026-03-29 23:14:05.814036
10399,cisa.gov,67,adequate,5,6,26.40.19,2026-03-30 10:57:42.005038
10550,fluss.top,72.833336,adequate,5,4,26.40.23,2026-03-30 15:01:33.64195
10600,spitalmoldovanoua.ro,74.666664,adequate,5,5,26.40.25,2026-03-31 14:08:56.453364
10603,g-my.com,72.666664,adequate,5,5,26.40.25,2026-03-31 14:09:00.777839
10605,cioviews.com,80.666664,good,5,5,26.40.25,2026-03-31 14:09:03.748878
10608,cioviews.com,80.666664,good,5,5,26.40.25,2026-03-31 14:10:10.182366
10612,amazon.com,69.666664,adequate,5,5,26.40.25,2026-03-31 14:10:56.874432
10808,2911.us,81.333336,good,5,6,26.40.29,2026-04-01 11:37:10.756633
10815,neildegrassetyson.com,74,adequate,5,3,26.40.29,2026-04-01 14:10:26.100959
10817,google.com,68.2619,adequate,5,7,26.40.29,2026-04-01 14:10:27.317409
10954,poop.com,72.833336,adequate,5,4,26.40.29,2026-04-01 15:31:36.86189
10961,izvoru.ro,78.666664,good,5,5,26.40.29,2026-04-01 15:32:29.972474
10971,ehmrealty.com,78.666664,good,5,5,26.40.31,2026-04-01 20:40:44.083997
10979,aither.cc,66.666664,adequate,5,5,26.40.31,2026-04-01 20:45:10.116655
11004,maltejk.de,76.47619,good,5,7,26.40.31,2026-04-02 14:09:30.264885
11011,caolt.ro,76.666664,good,5,5,26.40.31,2026-04-02 14:09:50.380363
11017,markphd.me,76.833336,good,5,4,26.40.31,2026-04-02 14:10:28.209497
11172,leeashley.net,78.666664,good,5,5,26.40.31,2026-04-02 15:24:21.371382
11180,evdnetworks.com,80.666664,good,5,5,26.40.34,2026-04-03 06:01:29.87415
11181,evdnetworks.com,78.666664,good,5,5,26.40.34,2026-04-03 06:01:31.073105
11359,hegel.org,84.666664,good,5,5,26.41.04,2026-04-03 08:05:52.760001
11362,nsfnow.com,78.666664,good,5,5,26.41.04,2026-04-03 08:06:07.107722
11372,fbi.gov,73.79762,adequate,5,7,26.41.04,2026-04-03 14:22:12.302634
11374,apple.com,72.61905,adequate,5,7,26.41.04,2026-04-03 14:22:24.363537
11490,neildegrassetyson.com,74,adequate,5,3,26.41.04,2026-04-04 09:09:31.843996
11607,poop.com,72.833336,adequate,5,4,26.41.04,2026-04-04 14:52:35.774578
11608,netcloud.ch,76.65476,good,5,7,26.41.04,2026-04-04 14:52:37.78429
11620,squareup.com,71.416664,adequate,5,5,26.41.04,2026-04-04 14:53:20.684665
11676,westcappowerequipment.com,80.666664,good,5,5,26.41.04,2026-04-05 09:42:24.960004
11682,civicpermits.com,70.666664,adequate,5,5,26.41.04,2026-04-05 12:43:05.052741
11819,hortongroup.com,78.666664,good,5,5,26.41.04,2026-04-05 14:58:01.427367
11836,neiltyson.com,80.333336,good,5,4,26.41.04,2026-04-06 02:16:37.481427
11838,weather.gov,67.416664,adequate,5,5,26.41.04,2026-04-06 02:18:38.6387
11870,it-help.tech,79.690475,good,5,7,26.42.01,2026-04-06 11:42:34.079613
11926,abc.com,66.666664,adequate,5,5,26.42.10,2026-04-07 02:33:47.463869
11976,purpleflock.com,82.190475,good,5,7,26.42.18,2026-04-07 13:48:23.241238
8172,932.moe,75.47619,good,5,7,26.37.30,2026-03-18 17:53:27.153329
8173,rg443.click,71.833336,adequate,5,4,26.37.30,2026-03-18 19:51:03.911913
8174,vbabestm.ro,74.666664,adequate,5,5,26.37.30,2026-03-18 20:16:21.268343
8175,hirt.dev,75.47619,good,5,7,26.37.33,2026-03-18 22:07:26.300064
8176,neildegrassetyson.com,74,adequate,5,3,26.37.34,2026-03-18 22:32:34.692033
8177,psihiatrietulghes.ro,74.666664,adequate,5,5,26.37.34,2026-03-18 22:55:47.694927
8178,ietf.org,73,adequate,5,6,26.37.34,2026-03-18 23:34:24.711129
8179,nlnetlabs.nl,68,adequate,5,6,26.37.34,2026-03-18 23:34:25.200346
8180,ietf.org,73,adequate,5,6,26.37.34,2026-03-18 23:34:37.352815
8181,nlnetlabs.nl,68,adequate,5,6,26.37.34,2026-03-18 23:34:48.928663
8182,freebsd.org,86.47619,good,5,7,26.37.34,2026-03-18 23:35:08.079809
8183,google.com,68.7619,adequate,5,7,26.37.34,2026-03-18 23:35:20.067251
8184,freebsd.org,86.47619,good,5,7,26.37.34,2026-03-18 23:35:36.170012
8185,google.com,68.7619,adequate,5,7,26.37.34,2026-03-18 23:35:38.605035
8186,psihiatrietulghes.ro,74.666664,adequate,5,5,26.37.34,2026-03-18 23:35:49.934247
8187,neildegrassetyson.com,70.666664,adequate,5,3,26.37.34,2026-03-18 23:36:04.77969
8188,purpleflock.net,81.190475,good,5,7,26.37.34,2026-03-19 00:05:31.660292
8189,mobilecommercepress.com,73,adequate,5,6,26.37.34,2026-03-19 00:06:49.863438
8190,mobilecommercepress.com,73,adequate,5,6,26.37.34,2026-03-19 00:08:29.206644
8191,mobilecommercepress.com,73,adequate,5,6,26.37.34,2026-03-19 00:08:29.609808
8192,zmacnashville.net,80.666664,good,5,5,26.37.34,2026-03-19 01:19:40.185058
8193,fbi.gov,72.61905,adequate,5,7,26.37.34,2026-03-19 01:33:25.118039
8194,neildegrassetyson.com,74,adequate,5,3,26.37.36,2026-03-19 01:57:29.883285
8195,neildegrassetyson.com,74,adequate,5,3,26.37.36,2026-03-19 06:46:00.677709
8196,neildegrassetyson.com,74,adequate,5,3,26.37.36,2026-03-19 06:47:34.77593
8197,neildegrassetyson.com,74,adequate,5,3,26.37.36,2026-03-19 06:47:36.148347
8198,restretail.com,82.666664,good,5,5,26.38.01,2026-03-19 08:21:30.710231
8199,restretail.com,80.666664,good,5,5,26.38.01,2026-03-19 08:23:04.106769
8200,restretail.com,76.666664,good,5,5,26.38.01,2026-03-19 08:23:04.428999
8201,mta-sts.purpleflock.com,78.666664,good,5,5,26.38.01,2026-03-19 08:27:10.697984
8202,hirt.dev,75.47619,good,5,7,26.38.01,2026-03-19 09:40:35.562277
8203,hirt.dev,75.47619,good,5,7,26.38.01,2026-03-19 09:41:08.647269
8204,hirt.dev,74.04762,adequate,5,7,26.38.01,2026-03-19 09:41:14.669806
8205,nlnetlabs.nl,68,adequate,5,6,26.38.01,2026-03-19 14:36:03.06955
8206,google.com,68.7619,adequate,5,7,26.38.01,2026-03-19 14:36:07.208812
8207,freebsd.org,83.61905,good,5,7,26.38.01,2026-03-19 14:36:09.486727
8208,ietf.org,73,adequate,5,6,26.38.01,2026-03-19 14:36:10.969949
8209,nlnetlabs.nl,68,adequate,5,6,26.38.01,2026-03-19 14:36:25.429027
8210,ietf.org,71.333336,adequate,5,6,26.38.01,2026-03-19 14:36:26.984899
8211,mta-sts.purpleflock.com,78.666664,good,5,5,26.38.01,2026-03-19 14:36:27.477065
8212,freebsd.org,85.04762,good,5,7,26.38.01,2026-03-19 14:36:30.783092
8213,google.com,68.7619,adequate,5,7,26.38.01,2026-03-19 14:36:31.024144
8214,purpleflock.net,80.940475,good,5,7,26.38.01,2026-03-19 14:36:31.978743
8215,neildegrassetyson.com,74,adequate,5,3,26.38.01,2026-03-19 14:36:35.079953
8216,fbi.gov,72.61905,adequate,5,7,26.38.01,2026-03-19 14:36:37.285657
8217,fbi.gov,74.04762,adequate,5,7,26.38.01,2026-03-19 14:36:54.835847
8218,hirt.dev,75.47619,good,5,7,26.38.01,2026-03-19 14:36:57.304639
8219,mobilecommercepress.com,73,adequate,5,6,26.38.01,2026-03-19 14:37:11.689702
8220,hirt.dev,74.04762,adequate,5,7,26.38.01,2026-03-19 14:37:19.048865
8221,mobilecommercepress.com,73,adequate,5,6,26.38.01,2026-03-19 14:37:25.320101
8222,psihiatrietulghes.ro,74.666664,adequate,5,5,26.38.01,2026-03-19 14:37:29.40728
8223,restretail.com,82.666664,good,5,5,26.38.01,2026-03-19 14:37:59.944518
8224,restretail.com,80.666664,good,5,5,26.38.01,2026-03-19 14:38:15.463689
8225,932.moe,75.47619,good,5,7,26.38.01,2026-03-19 14:39:52.306268
8226,b621.org,60.666668,adequate,5,3,26.38.01,2026-03-19 14:40:06.739017
8227,vbabestm.ro,74.666664,adequate,5,5,26.38.01,2026-03-19 14:40:14.570244
8228,932.moe,75.22619,good,5,7,26.38.01,2026-03-19 14:40:15.800209
8229,b621.org,60.666668,adequate,5,3,26.38.01,2026-03-19 14:40:28.810116
8230,vbabestm.ro,74.666664,adequate,5,5,26.38.01,2026-03-19 14:40:35.459793
8231,932.moe,75.22619,good,5,7,26.38.01,2026-03-19 14:40:51.271499
8232,932.moe,75.22619,good,5,7,26.38.01,2026-03-19 14:40:51.581609
8233,rg443.click,71.583336,adequate,5,4,26.38.01,2026-03-19 14:40:51.695816
8234,purpleflock.com,82.190475,good,5,7,26.38.01,2026-03-19 14:41:46.867013
8235,purpleflock.com,82.190475,good,5,7,26.38.01,2026-03-19 14:41:58.210764
8236,2911.us,81.333336,good,5,6,26.38.01,2026-03-19 14:45:06.362863
8237,example.com,71.333336,adequate,5,6,26.38.01,2026-03-19 14:45:10.977126
8238,2911.us,81.333336,good,5,6,26.38.01,2026-03-19 14:45:19.516333
8239,cia.gov,76.90476,good,5,7,26.38.01,2026-03-19 14:45:24.576188
8240,openai.com,68.666664,adequate,5,6,26.38.01,2026-03-19 14:45:28.721238
8241,apple.com,72.61905,adequate,5,7,26.38.01,2026-03-19 14:45:30.588
8242,ibm.com,71,adequate,5,6,26.38.01,2026-03-19 14:45:42.830036
8243,cia.gov,76.90476,good,5,7,26.38.01,2026-03-19 14:45:46.945755
8244,microsoft.com,80.190475,good,5,7,26.38.01,2026-03-19 14:45:48.976948
8245,openai.com,68.666664,adequate,5,6,26.38.01,2026-03-19 14:45:50.209723
8246,apple.com,71.190475,adequate,5,7,26.38.01,2026-03-19 14:45:53.628578
8247,ibm.com,71,adequate,5,6,26.38.01,2026-03-19 14:46:05.587164
8248,microsoft.com,81.61905,good,5,7,26.38.01,2026-03-19 14:46:09.744693
8249,theojouvin.com,72,adequate,5,6,26.38.01,2026-03-19 14:51:38.181253
8250,dnstool.it-help.tech,84,good,5,3,26.38.01,2026-03-19 14:53:59.283407
8251,amazon.com,71.666664,adequate,5,5,26.38.01,2026-03-19 14:54:17.557494
8252,nsa.gov,75.666664,good,5,5,26.38.01,2026-03-19 14:54:18.017361
8253,amazon.com,69.666664,adequate,5,5,26.38.01,2026-03-19 14:54:32.906306
8254,cloudflare.com,69.7619,adequate,5,7,26.38.01,2026-03-19 14:54:33.521218
8255,nsa.gov,75.666664,good,5,5,26.38.01,2026-03-19 14:54:38.158797
8256,cloudflare.com,69.7619,adequate,5,7,26.38.01,2026-03-19 14:54:49.135882
8257,it-help.tech,80.190475,good,5,7,26.38.01,2026-03-19 14:54:54.155238
8258,it-help.tech,80.190475,good,5,7,26.38.01,2026-03-19 14:55:06.867867
8259,spitalsighet.ro,76.666664,good,5,5,26.38.01,2026-03-19 14:55:21.715793
8260,uke.de,68.666664,adequate,5,6,26.38.01,2026-03-19 14:55:27.686568
8261,spitalsighet.ro,76.666664,good,5,5,26.38.01,2026-03-19 14:55:35.346729
9835,sap.com,71.666664,adequate,5,5,26.38.39,2026-03-27 01:12:30.616172
9851,nlnetlabs.nl,68,adequate,5,6,26.40.01,2026-03-27 14:19:50.734223
9854,freebsd.org,85.04762,good,5,7,26.40.01,2026-03-27 14:19:54.386961
9863,google.com,69.690475,adequate,5,7,26.40.01,2026-03-27 14:20:23.070119
9871,sap.com,67.416664,adequate,5,5,26.40.01,2026-03-27 14:20:52.522612
9876,red.com,72.166664,adequate,5,6,26.40.01,2026-03-27 14:21:35.951435
9877,whitehouse.gov,75.416664,good,5,5,26.40.01,2026-03-27 14:21:55.534602
9996,raremaps.com,73,adequate,5,6,26.40.01,2026-03-27 20:22:53.32246
10065,198119799470.xyz,74.666664,adequate,5,5,26.40.18,2026-03-28 14:17:08.593298
10194,cloudflare.com,69.7619,adequate,5,7,26.40.18,2026-03-28 20:43:37.264487
10322,mobilecommercepress.com,73,adequate,5,6,26.40.19,2026-03-29 15:02:23.47316
10327,uke.de,68.666664,adequate,5,6,26.40.19,2026-03-29 15:05:28.300439
10330,fredduval.com,82.666664,good,5,5,26.40.19,2026-03-29 15:05:39.984341
10331,hegel.org,84.666664,good,5,5,26.40.19,2026-03-29 15:05:51.130699
10332,uke.de,70.333336,adequate,5,6,26.40.19,2026-03-29 15:05:51.712726
10353,spital-deva.ro,66.666664,adequate,5,5,26.40.19,2026-03-30 00:12:08.215926
10400,isc.org,76.90476,good,5,7,26.40.19,2026-03-30 11:45:28.077558
10553,spitalgiurgiu.ro,74.666664,adequate,5,5,26.40.23,2026-03-30 15:21:12.039712
10561,netcloud.ch,76.65476,good,5,7,26.40.23,2026-03-30 15:22:16.974872
10563,ortopedieazuga.ro,76.666664,good,5,5,26.40.23,2026-03-30 15:22:52.067191
10602,ietf.org,73,adequate,5,6,26.40.25,2026-03-31 14:08:59.538301
10613,hegel.net,76.333336,good,5,6,26.40.25,2026-03-31 14:11:06.030506
10614,media.g-my.com,61.333332,adequate,5,1,26.40.25,2026-03-31 14:11:26.790482
10816,ietf.org,73,adequate,5,6,26.40.29,2026-04-01 14:10:27.127338
10819,freebsd.org,86.47619,good,5,7,26.40.29,2026-04-01 14:10:28.982411
10820,schedule.it-help.tech,80.333336,good,5,4,26.40.29,2026-04-01 14:10:44.397457
10828,ready-method.com,72.666664,adequate,5,2,26.40.29,2026-04-01 14:11:07.86407
10835,2911.us,81.333336,good,5,6,26.40.29,2026-04-01 14:12:02.876202
10838,dns-observe.com,80.666664,good,5,5,26.40.29,2026-04-01 14:12:12.968261
10839,raremaps.com,73,adequate,5,6,26.40.29,2026-04-01 14:12:25.003417
10955,swutch.com,84.666664,good,5,5,26.40.29,2026-04-01 15:31:38.580064
10957,swutch.com,84.666664,good,5,5,26.40.29,2026-04-01 15:31:43.887759
10958,poop.com,72.833336,adequate,5,4,26.40.29,2026-04-01 15:31:44.753521
10973,getmsg.ai,73,adequate,5,6,26.40.31,2026-04-01 20:42:10.053165
11005,monologue.to,73,adequate,5,6,26.40.31,2026-04-02 14:09:30.669626
11174,leeashley.net,78.666664,good,5,5,26.40.31,2026-04-02 15:27:13.542515
11183,wiredsd.com,80.666664,good,5,5,26.40.34,2026-04-03 06:03:55.236121
11361,spital-deva.ro,66.666664,adequate,5,5,26.41.04,2026-04-03 08:06:02.038893
11364,hegel.org,84.666664,good,5,5,26.41.04,2026-04-03 08:06:51.841972
11375,fbi.gov,74.04762,adequate,5,7,26.41.04,2026-04-03 14:22:33.870282
11379,squareup.com,69.666664,adequate,5,5,26.41.04,2026-04-03 14:22:56.232092
11491,mercadopago.com,72.666664,adequate,5,6,26.41.04,2026-04-04 09:20:36.797602
11612,apavil.ro,58.666668,adequate,5,5,26.41.04,2026-04-04 14:52:51.83789
11616,netcloud.ch,76.65476,good,5,7,26.41.04,2026-04-04 14:53:06.279411
11618,2911.us,81.333336,good,5,6,26.41.04,2026-04-04 14:53:12.64373
11622,whitehouse.gov,76.666664,good,5,5,26.41.04,2026-04-04 14:53:25.812079
11625,globalping.io,78.666664,good,5,5,26.41.04,2026-04-04 14:53:32.296558
11626,nsfnow.com,80.666664,good,5,5,26.41.04,2026-04-04 14:53:34.264524
11633,purpleflock.com,82.190475,good,5,7,26.41.04,2026-04-04 14:53:57.661516
11634,spital-deva.ro,66.666664,adequate,5,5,26.41.04,2026-04-04 14:54:01.625576
11637,fbi.gov,70.940475,adequate,5,7,26.41.04,2026-04-04 14:54:20.07518
11683,uptimerobot.com,75.47619,good,5,7,26.41.04,2026-04-05 13:04:33.663349
11821,hortongroup.com,78.666664,good,5,5,26.41.04,2026-04-05 14:58:59.441933
11839,business29.web-hosting.com,71.333336,adequate,5,1,26.41.04,2026-04-06 03:01:14.905597
11872,glendun.com.au,82.666664,good,5,5,26.42.01,2026-04-06 11:43:59.918162
11927,abc.com,66.166664,adequate,5,5,26.42.10,2026-04-07 02:34:13.744313
11977,fugro.com,79.666664,good,5,5,26.42.18,2026-04-07 13:55:28.223408
8262,uke.de,68.666664,adequate,5,6,26.38.01,2026-03-19 14:55:56.104802
8263,whitehouse.gov,75.666664,good,5,5,26.38.01,2026-03-19 15:10:24.62892
8264,hortongroup.com,78.666664,good,5,5,26.38.01,2026-03-19 15:10:49.546816
8265,hortongroup.com,78.666664,good,5,5,26.38.01,2026-03-19 15:11:19.806976
8266,hortongroup.com,78.666664,good,5,5,26.38.01,2026-03-19 15:11:50.657971
8267,usa.gov,70.666664,adequate,5,5,26.38.01,2026-03-19 15:14:55.8104
8268,usa.gov,72.666664,adequate,5,5,26.38.01,2026-03-19 15:15:26.638205
8269,usa.gov,72.666664,adequate,5,5,26.38.01,2026-03-19 15:15:57.126244
8270,atelier13-usa.com,84.666664,good,5,5,26.38.01,2026-03-19 15:28:33.974961
8271,valentin.run,83,good,5,6,26.38.01,2026-03-19 15:28:43.163137
8272,atelier13-usa.com,84.666664,good,5,5,26.38.01,2026-03-19 15:28:55.492465
8273,red.com,72.666664,adequate,5,6,26.38.01,2026-03-19 15:28:58.092749
8274,red.com,72.666664,adequate,5,6,26.38.01,2026-03-19 15:29:19.586912
8275,github.com,72.666664,adequate,5,6,26.38.01,2026-03-19 15:29:40.038012
8276,github.com,76,good,5,6,26.38.01,2026-03-19 15:30:00.015719
8277,atelier13-usa.com,84.666664,good,5,5,26.38.01,2026-03-19 15:30:01.218774
8278,atelier13-usa.com,84.666664,good,5,5,26.38.01,2026-03-19 15:30:01.508401
8279,web3.foundation,76.666664,good,5,5,26.38.01,2026-03-19 15:30:35.865887
8280,web3.foundation,76.666664,good,5,5,26.38.01,2026-03-19 15:30:55.246616
8281,web3.foundation,72.666664,adequate,5,5,26.38.01,2026-03-19 15:31:47.246007
8282,web3.foundation,74.666664,adequate,5,5,26.38.01,2026-03-19 15:31:50.417368
8283,wolfintegrated.com,80.666664,good,5,5,26.38.01,2026-03-19 17:29:23.264255
8284,example.com,71.333336,adequate,5,6,26.38.01,2026-03-19 17:33:07.488794
8285,me,72.666664,adequate,5,2,26.38.01,2026-03-19 18:24:06.227245
8286,wolfintegrated.com,82.666664,good,5,5,26.38.01,2026-03-19 18:29:48.301478
8287,example.com,71.333336,adequate,5,6,26.38.01,2026-03-19 18:33:38.087003
8288,co.uk,67.666664,adequate,5,2,26.38.01,2026-03-19 19:22:02.31506
8289,caolt.ro,76.666664,good,5,5,26.38.01,2026-03-19 19:27:49.616877
8290,filantropia.ro,68.666664,adequate,5,5,26.38.01,2026-03-19 20:26:09.594677
8291,probe-us-01.dns-observe.com,75.333336,good,5,4,26.38.01,2026-03-19 21:43:11.786955
8292,filantropia.ro,68.666664,adequate,5,5,26.38.01,2026-03-19 21:59:36.48108
8293,tuta.io,73.61905,adequate,5,7,26.38.01,2026-03-19 22:02:11.349605
8294,com,67.666664,adequate,5,2,26.38.01,2026-03-19 22:09:37.243071
8295,com,67.666664,adequate,5,2,26.38.01,2026-03-19 22:09:44.100829
8296,mx1.blauwsurvey.com,81.333336,good,5,1,26.38.01,2026-03-19 22:42:08.760196
8297,raremaps.com,73,adequate,5,6,26.38.02,2026-03-19 23:35:49.661242
8298,nlnetlabs.nl,68,adequate,5,6,26.38.02,2026-03-19 23:37:57.953939
8299,blauw.com,79.666664,good,5,5,26.38.02,2026-03-19 23:37:58.327709
8300,natashabedingfield.co.uk,75.333336,good,5,4,26.38.02,2026-03-19 23:38:24.317937
8301,natashabedingfield.co.uk,75.333336,good,5,4,26.38.02,2026-03-19 23:39:40.799874
8302,natashabedingfield.co.uk,75.333336,good,5,4,26.38.02,2026-03-19 23:39:43.045929
8303,natashabedingfield.co.uk,75.333336,good,5,4,26.38.02,2026-03-19 23:40:40.745628
8304,natashabedingfield.co.uk,75.333336,good,5,4,26.38.02,2026-03-19 23:40:42.010376
8305,natashabedingfield.co.uk,75.333336,good,5,4,26.38.02,2026-03-19 23:41:42.754543
8306,natashabedingfield.co.uk,75.333336,good,5,4,26.38.02,2026-03-19 23:41:44.142254
8307,probe-us-01.dns-observe.com,75.333336,good,5,4,26.38.02,2026-03-19 23:44:29.254504
8308,dnstool.it-help.tech,84,good,5,3,26.38.02,2026-03-19 23:48:17.498702
8309,innbn-bucuresti.ro,74.666664,adequate,5,5,26.38.02,2026-03-20 00:02:47.693335
8310,optonline.net,74.666664,adequate,5,5,26.38.02,2026-03-20 00:42:06.211591
8311,theojouvin.com,71.75,adequate,5,6,26.38.02,2026-03-20 00:42:30.615865
8312,theojouvin.com,72,adequate,5,6,26.38.02,2026-03-20 00:44:08.904845
8313,theojouvin.com,72,adequate,5,6,26.38.02,2026-03-20 00:44:09.057083
8314,migrateproduction.com,72,adequate,5,6,26.38.02,2026-03-20 01:06:36.290291
8315,migrateproduction.com,72,adequate,5,6,26.38.02,2026-03-20 01:07:22.712064
8316,migrateproduction.com,71.75,adequate,5,6,26.38.02,2026-03-20 01:08:05.583257
8317,migrateproduction.com,71.75,adequate,5,6,26.38.02,2026-03-20 01:08:06.252561
8318,ohg-nagold.de,66.666664,adequate,5,5,26.38.02,2026-03-20 02:08:20.943395
8319,me,72.666664,adequate,5,2,26.38.02,2026-03-20 02:21:37.373743
8320,business29.web-hosting.com,71.333336,adequate,5,1,26.38.02,2026-03-20 02:21:54.533869
8321,wolfintegrated.com,80.666664,good,5,5,26.38.02,2026-03-20 02:30:42.134141
8322,raremaps.com,73,adequate,5,6,26.38.02,2026-03-20 02:45:17.987392
8323,business29.web-hosting.com,71.333336,adequate,5,1,26.38.02,2026-03-20 03:04:23.141568
8324,1liner.com,78.666664,good,5,5,26.38.02,2026-03-20 03:20:00.412811
8325,atelier13-usa.com,84.666664,good,5,5,26.38.02,2026-03-20 03:20:11.553668
8326,freebsd.org,86.47619,good,5,7,26.38.02,2026-03-20 04:33:27.030332
8327,blauw.com,79.666664,good,5,5,26.38.02,2026-03-20 05:00:39.725453
8328,mx1.blauwsurvey.com,81.333336,good,5,1,26.38.02,2026-03-20 08:19:19.439602
8329,ietf.org,73,adequate,5,6,26.38.02,2026-03-20 08:29:53.854705
8330,nlnetlabs.nl,68,adequate,5,6,26.38.02,2026-03-20 08:29:54.797869
8331,ietf.org,73,adequate,5,6,26.38.02,2026-03-20 08:30:05.365536
8332,nlnetlabs.nl,67,adequate,5,6,26.38.02,2026-03-20 08:30:20.69669
8333,freebsd.org,85.04762,good,5,7,26.38.02,2026-03-20 08:30:51.506737
8334,google.com,70.190475,adequate,5,7,26.38.02,2026-03-20 08:30:51.510427
8335,google.com,68.7619,adequate,5,7,26.38.02,2026-03-20 08:31:08.451768
8336,freebsd.org,86.47619,good,5,7,26.38.02,2026-03-20 08:31:15.737032
8337,mx1.blauwsurvey.com,81.333336,good,5,1,26.38.02,2026-03-20 08:31:56.446006
8338,ietf.org,73,adequate,5,6,26.38.02,2026-03-20 08:32:28.081334
8339,nlnetlabs.nl,68,adequate,5,6,26.38.02,2026-03-20 08:32:38.565023
8340,google.com,68.7619,adequate,5,7,26.38.02,2026-03-20 08:32:54.062025
8341,freebsd.org,86.47619,good,5,7,26.38.02,2026-03-20 08:33:08.085384
8342,mx1.blauwsurvey.com,81.333336,good,5,1,26.38.02,2026-03-20 08:33:25.831001
8343,mx1.blauwsurvey.com,81.333336,good,5,1,26.38.02,2026-03-20 08:33:56.887892
8344,mx1.blauwsurvey.com,81.333336,good,5,1,26.38.02,2026-03-20 08:34:45.209362
8345,ibm.com,67,adequate,5,6,26.38.02,2026-03-20 09:24:45.334152
8346,mx1.blauw-survey.com,71.333336,adequate,5,1,26.38.02,2026-03-20 09:24:45.509516
8347,hak5.org,72.666664,adequate,5,5,26.38.02,2026-03-20 09:51:26.765823
8348,hak5.org,72.666664,adequate,5,5,26.38.02,2026-03-20 09:51:59.567427
8349,hak5.org,72.666664,adequate,5,5,26.38.02,2026-03-20 09:52:06.156774
8350,dispatchgrid.com,82.666664,good,5,5,26.38.02,2026-03-20 11:08:19.714257
8351,optonline.net,74.666664,adequate,5,5,26.38.02,2026-03-20 12:02:52.482679
8352,scfcv.ro,74.666664,adequate,5,5,26.38.02,2026-03-20 13:19:24.073805
8353,nlnetlabs.nl,68,adequate,5,6,26.38.02,2026-03-20 14:13:18.894048
8354,google.com,70.190475,adequate,5,7,26.38.02,2026-03-20 14:13:20.177513
8355,ietf.org,73,adequate,5,6,26.38.02,2026-03-20 14:13:23.360911
8356,freebsd.org,85.04762,good,5,7,26.38.02,2026-03-20 14:13:24.426882
8357,nlnetlabs.nl,68,adequate,5,6,26.38.02,2026-03-20 14:13:28.200155
8358,freebsd.org,86.47619,good,5,7,26.38.02,2026-03-20 14:13:42.016977
8359,ibm.com,67,adequate,5,6,26.38.02,2026-03-20 14:14:17.565896
8360,ibm.com,65.333336,adequate,5,6,26.38.02,2026-03-20 14:14:39.376705
8361,hak5.org,72.666664,adequate,5,5,26.38.02,2026-03-20 14:14:47.734415
8362,optonline.net,74.666664,adequate,5,5,26.38.02,2026-03-20 14:15:05.714689
8363,mx1.blauw-survey.com,71.333336,adequate,5,1,26.38.02,2026-03-20 14:15:07.846901
8364,hak5.org,70.666664,adequate,5,5,26.38.02,2026-03-20 14:15:09.39898
8365,dispatchgrid.com,82.666664,good,5,5,26.38.02,2026-03-20 14:15:19.870862
8366,blauw.com,79.666664,good,5,5,26.38.02,2026-03-20 14:15:23.762355
8367,optonline.net,76.666664,good,5,5,26.38.02,2026-03-20 14:15:25.624726
8368,mx1.blauwsurvey.com,81.333336,good,5,1,26.38.02,2026-03-20 14:15:37.889145
8369,mx1.blauw-survey.com,71.333336,adequate,5,1,26.38.02,2026-03-20 14:15:38.296524
8370,blauw.com,79.416664,good,5,5,26.38.02,2026-03-20 14:15:43.32868
8371,dispatchgrid.com,82.666664,good,5,5,26.38.02,2026-03-20 14:15:49.063525
8372,mx1.blauwsurvey.com,81.333336,good,5,1,26.38.02,2026-03-20 14:16:08.357474
8373,mx1.blauw-survey.com,71.333336,adequate,5,1,26.38.02,2026-03-20 14:16:08.758384
8374,mx1.blauwsurvey.com,81.333336,good,5,1,26.38.02,2026-03-20 14:16:38.867537
8375,blauwsurvey.com,82,good,5,6,26.38.02,2026-03-20 14:17:17.613961
8376,blauwsurvey.com,82,good,5,6,26.38.02,2026-03-20 14:17:35.993215
8377,raremaps.com,73,adequate,5,6,26.38.02,2026-03-20 14:17:43.875296
8378,business29.web-hosting.com,71.333336,adequate,5,1,26.38.02,2026-03-20 14:17:46.139145
8379,migrateproduction.com,72,adequate,5,6,26.38.02,2026-03-20 14:17:50.54209
8380,me,72.666664,adequate,5,2,26.38.02,2026-03-20 14:18:00.507563
8381,atelier13-usa.com,83.416664,good,5,5,26.38.02,2026-03-20 14:18:03.825992
8382,migrateproduction.com,70.333336,adequate,5,6,26.38.02,2026-03-20 14:18:08.145007
8383,raremaps.com,73,adequate,5,6,26.38.02,2026-03-20 14:18:14.097996
8384,wolfintegrated.com,80.666664,good,5,5,26.38.02,2026-03-20 14:18:25.791388
8385,atelier13-usa.com,84.666664,good,5,5,26.38.02,2026-03-20 14:18:28.206792
8386,theojouvin.com,71.75,adequate,5,6,26.38.02,2026-03-20 14:18:29.726629
8387,1liner.com,78.666664,good,5,5,26.38.02,2026-03-20 14:18:41.730794
8388,raremaps.com,73,adequate,5,6,26.38.02,2026-03-20 14:18:44.610753
8389,wolfintegrated.com,80.666664,good,5,5,26.38.02,2026-03-20 14:18:48.888619
8390,1liner.com,78.666664,good,5,5,26.38.02,2026-03-20 14:18:51.185609
8391,theojouvin.com,72,adequate,5,6,26.38.02,2026-03-20 14:18:55.395663
8392,ohg-nagold.de,66.666664,adequate,5,5,26.38.02,2026-03-20 14:18:58.809099
8393,ohg-nagold.de,66.666664,adequate,5,5,26.38.02,2026-03-20 14:19:27.494067
8394,ohg-nagold.de,66.666664,adequate,5,5,26.38.02,2026-03-20 14:19:46.805723
8395,blauw-survey.com,72.833336,adequate,5,4,26.38.02,2026-03-20 14:22:13.133166
8396,blauw-survey.com,72.833336,adequate,5,4,26.38.02,2026-03-20 14:22:38.053636
8397,restretail.com,82.666664,good,5,5,26.38.02,2026-03-20 14:27:27.642664
8398,b621.org,60.666668,adequate,5,3,26.38.02,2026-03-20 14:27:36.415524
8399,fbi.gov,72.61905,adequate,5,7,26.38.02,2026-03-20 14:27:39.766837
8400,restretail.com,80.666664,good,5,5,26.38.02,2026-03-20 14:27:49.387962
8401,b621.org,60.666668,adequate,5,3,26.38.02,2026-03-20 14:27:54.828665
8402,mta-sts.purpleflock.com,78.666664,good,5,5,26.38.02,2026-03-20 14:27:56.313688
8403,purpleflock.net,82.190475,good,5,7,26.38.02,2026-03-20 14:27:57.059695
8404,b621.org,60.666668,adequate,5,3,26.38.02,2026-03-20 14:27:59.063341
8405,b621.org,60.666668,adequate,5,3,26.38.02,2026-03-20 14:27:59.389902
8406,fbi.gov,74.04762,adequate,5,7,26.38.02,2026-03-20 14:28:01.680616
8407,hirt.dev,75.47619,good,5,7,26.38.02,2026-03-20 14:28:05.914878
8408,hirt.dev,75.47619,good,5,7,26.38.02,2026-03-20 14:28:26.690605
8409,psihiatrietulghes.ro,74.666664,adequate,5,5,26.38.02,2026-03-20 14:28:41.998832
8410,mobilecommercepress.com,73,adequate,5,6,26.38.02,2026-03-20 14:28:44.393963
8411,neildegrassetyson.com,74,adequate,5,3,26.38.02,2026-03-20 14:28:56.772145
8412,valentin.run,83,good,5,6,26.38.02,2026-03-20 14:29:06.552123
8413,hortongroup.com,78.666664,good,5,5,26.38.02,2026-03-20 14:29:22.144581
8414,example.com,71.333336,adequate,5,6,26.38.02,2026-03-20 14:29:43.826202
8415,github.com,66.333336,adequate,5,6,26.38.02,2026-03-20 14:29:44.200491
8416,hortongroup.com,78.666664,good,5,5,26.38.02,2026-03-20 14:29:48.099305
8417,whitehouse.gov,75.666664,good,5,5,26.38.02,2026-03-20 14:30:00.208096
8418,github.com,68.666664,adequate,5,6,26.38.02,2026-03-20 14:30:00.884299
8419,web3.foundation,76.666664,good,5,5,26.38.02,2026-03-20 14:30:08.149386
8420,co.uk,67.666664,adequate,5,2,26.38.02,2026-03-20 14:30:23.782432
8421,red.com,72.666664,adequate,5,6,26.38.02,2026-03-20 14:30:28.247274
8422,psihiatrietulghes.ro,74.666664,adequate,5,5,26.38.02,2026-03-20 14:30:30.412607
8423,psihiatrietulghes.ro,74.666664,adequate,5,5,26.38.02,2026-03-20 14:30:30.81091
8424,filantropia.ro,68.666664,adequate,5,5,26.38.02,2026-03-20 14:30:33.196049
8425,web3.foundation,74.666664,adequate,5,5,26.38.02,2026-03-20 14:30:38.115153
8426,caolt.ro,76.666664,good,5,5,26.38.02,2026-03-20 14:30:45.121001
8427,filantropia.ro,68.666664,adequate,5,5,26.38.02,2026-03-20 14:30:54.176834
8428,red.com,72.166664,adequate,5,6,26.38.02,2026-03-20 14:31:00.520529
8429,web3.foundation,74.666664,adequate,5,5,26.38.02,2026-03-20 14:31:07.934611
8430,caolt.ro,76.666664,good,5,5,26.38.02,2026-03-20 14:31:12.417295
8431,filantropia.ro,68.666664,adequate,5,5,26.38.02,2026-03-20 14:31:21.132183
8432,red.com,72.166664,adequate,5,6,26.38.02,2026-03-20 14:31:31.003589
8433,dnstool.it-help.tech,85.333336,good,5,4,26.38.02,2026-03-20 14:32:17.724983
8434,cia.gov,76.65476,good,5,7,26.38.02,2026-03-20 14:32:50.571064
8435,cloudflare.com,70.940475,adequate,5,7,26.38.02,2026-03-20 14:33:11.568604
8436,amazon.com,71.416664,adequate,5,5,26.38.02,2026-03-20 14:33:22.14469
8437,cia.gov,76.65476,good,5,7,26.38.02,2026-03-20 14:33:23.384286
8438,nsa.gov,71.416664,adequate,5,5,26.38.02,2026-03-20 14:33:24.592679
8439,openai.com,70.083336,adequate,5,6,26.38.02,2026-03-20 14:33:28.64788
8440,microsoft.com,78.2619,good,5,7,26.38.02,2026-03-20 14:33:34.323565
8448,it-help.tech,75.40476,good,5,7,26.38.02,2026-03-20 14:33:58.914777
9836,sap.com,71.666664,adequate,5,5,26.38.39,2026-03-27 01:13:09.384692
9837,sap.com,67.666664,adequate,5,5,26.38.39,2026-03-27 01:13:43.351974
9853,ietf.org,73,adequate,5,6,26.40.01,2026-03-27 14:19:52.953553
9997,fluss.top,72.833336,adequate,5,4,26.40.01,2026-03-27 20:23:36.536768
10066,it-help.tech,80.190475,good,5,7,26.40.18,2026-03-28 14:19:48.989471
10068,raremaps.com,73,adequate,5,6,26.40.18,2026-03-28 14:20:41.794587
10072,com.au,72.666664,adequate,5,2,26.40.18,2026-03-28 14:21:41.000231
10073,raremaps.com,71.333336,adequate,5,6,26.40.18,2026-03-28 14:21:41.807218
10195,sap.com,73.666664,adequate,5,5,26.40.18,2026-03-28 21:09:57.275318
10326,blauw-survey.com,72.833336,adequate,5,4,26.40.19,2026-03-29 15:03:05.596806
10328,hegel.org,84.666664,good,5,5,26.40.19,2026-03-29 15:05:29.704357
10329,hegel.net,74.666664,adequate,5,6,26.40.19,2026-03-29 15:05:33.985794
10334,hegel.net,76.333336,good,5,6,26.40.19,2026-03-29 15:06:02.310102
10354,spital-deva.ro,66.666664,adequate,5,5,26.40.19,2026-03-30 00:13:35.654895
10355,spital-deva.ro,66.666664,adequate,5,5,26.40.19,2026-03-30 00:13:36.32996
10401,reconfirm.com,72.666664,adequate,5,5,26.40.23,2026-03-30 13:07:50.40779
10554,izvoru.ro,78.666664,good,5,5,26.40.23,2026-03-30 15:21:39.825701
10604,freebsd.org,86.47619,good,5,7,26.40.25,2026-03-31 14:09:02.887518
10607,cioviews.com,80.666664,good,5,5,26.40.25,2026-03-31 14:09:40.712384
10609,me,72.666664,adequate,5,2,26.40.25,2026-03-31 14:10:19.29447
10822,nlnetlabs.nl,68,adequate,5,6,26.40.29,2026-04-01 14:10:55.38757
10826,natashabedingfield.com,67.416664,adequate,5,5,26.40.29,2026-04-01 14:11:01.334101
10956,natashabedingfield.co.uk,75.333336,good,5,4,26.40.29,2026-04-01 15:31:42.858009
10960,natashabedingfield.co.uk,75.333336,good,5,4,26.40.29,2026-04-01 15:32:13.041679
10978,dnsstuff.com,73.666664,adequate,5,6,26.40.31,2026-04-01 20:44:38.864357
10984,fredduval.com,82.666664,good,5,5,26.40.31,2026-04-01 20:49:00.6772
11007,caolt.ro,76.666664,good,5,5,26.40.31,2026-04-02 14:09:32.152118
11009,reconfirm.com,72.666664,adequate,5,5,26.40.31,2026-04-02 14:09:37.970743
11010,freebsd.org,86.47619,good,5,7,26.40.31,2026-04-02 14:09:40.179402
11015,fredduval.com,82.666664,good,5,5,26.40.31,2026-04-02 14:10:13.178209
11016,den9s.dk,65.333336,adequate,5,4,26.40.31,2026-04-02 14:10:18.722217
11021,evilhacker.com,70.666664,adequate,5,3,26.40.31,2026-04-02 14:10:50.082243
11175,leeashley.net,78.666664,good,5,5,26.40.31,2026-04-02 15:44:02.993857
11184,wiredsd.com,80.666664,good,5,5,26.40.34,2026-04-03 06:03:55.637478
11363,hegel.org,84.666664,good,5,5,26.41.04,2026-04-03 08:06:21.227785
11376,dnstool.it-help.tech,85.333336,good,5,4,26.41.04,2026-04-03 14:22:37.846189
11384,blauw-survey.com,72.833336,adequate,5,4,26.41.04,2026-04-03 14:23:13.825331
11389,example.com,73,adequate,5,6,26.41.04,2026-04-03 14:23:37.42859
11392,purpleflock.com,82.190475,good,5,7,26.41.04,2026-04-03 14:23:56.726105
11492,maltejk.de,76.47619,good,5,7,26.41.04,2026-04-04 09:41:48.947829
11630,ready-method.com,72.666664,adequate,5,2,26.41.04,2026-04-04 14:53:49.107616
11646,blauw-survey.com,72.833336,adequate,5,4,26.41.04,2026-04-04 14:55:02.529396
11684,gotuwired.com,76.666664,good,5,5,26.41.04,2026-04-05 13:10:56.023353
11822,198119799470.xyz,76.666664,good,5,5,26.41.04,2026-04-05 15:10:22.931025
11824,198119799470.xyz,74.666664,adequate,5,5,26.41.04,2026-04-05 15:11:23.80324
11840,abc.com,66.666664,adequate,5,5,26.41.04,2026-04-06 03:29:35.405375
11842,abc.com,66.666664,adequate,5,5,26.41.04,2026-04-06 03:31:55.279087
11843,abc.com,66.666664,adequate,5,5,26.41.04,2026-04-06 03:31:56.353234
11873,migrateproduction.com,72,adequate,5,6,26.42.01,2026-04-06 11:44:43.362222
11874,vbabestm.ro,74.666664,adequate,5,5,26.42.01,2026-04-06 11:45:26.069454
11875,misconfigured.com,77.333336,good,5,3,26.42.01,2026-04-06 11:45:54.954525
11928,abc.com,66.666664,adequate,5,5,26.42.11,2026-04-07 02:56:32.728624
11978,business29.web-hosting.com,71.333336,adequate,5,1,26.42.18,2026-04-07 17:14:04.796208
8441,cloudflare.com,70.940475,adequate,5,7,26.38.02,2026-03-20 14:33:42.599579
9838,sap.com,71.666664,adequate,5,5,26.38.39,2026-03-27 01:13:46.901157
9855,google.com,68.2619,adequate,5,7,26.40.01,2026-03-27 14:19:54.604701
9999,netcloud.ch,76.90476,good,5,7,26.40.01,2026-03-27 20:25:03.168479
10000,netcloud.ch,76.90476,good,5,7,26.40.01,2026-03-27 20:25:35.578403
10067,com.au,72.666664,adequate,5,2,26.40.18,2026-03-28 14:20:40.129675
10074,fluss.top,72.833336,adequate,5,4,26.40.18,2026-03-28 14:21:43.020762
10196,microsoft.com,84.47619,good,5,7,26.40.18,2026-03-28 22:29:52.080131
10333,fredduval.com,82.666664,good,5,5,26.40.19,2026-03-29 15:06:01.907232
10356,spital-deva.ro,66.666664,adequate,5,5,26.40.19,2026-03-30 00:13:36.574534
10402,vbabestm.ro,74.666664,adequate,5,5,26.40.23,2026-03-30 13:15:54.925709
10555,spitalgiurgiu.ro,74.666664,adequate,5,5,26.40.23,2026-03-30 15:21:44.181202
10560,ortopedieazuga.ro,74.666664,adequate,5,5,26.40.23,2026-03-30 15:22:16.280213
10610,guarinoadvisors.com,72.666664,adequate,5,5,26.40.25,2026-03-31 14:10:20.872825
10611,amazon.com,71.666664,adequate,5,5,26.40.25,2026-03-31 14:10:24.707475
10615,amazon.com,67.666664,adequate,5,5,26.40.25,2026-03-31 14:11:27.230507
10823,google.com,69.690475,adequate,5,7,26.40.29,2026-04-01 14:10:56.55744
10959,switch.com,69.666664,adequate,5,5,26.40.29,2026-04-01 15:31:57.729458
10980,purpleflock.com,82.190475,good,5,7,26.40.31,2026-04-01 20:46:18.626089
10982,hosptm.ro,82.666664,good,5,5,26.40.31,2026-04-01 20:47:37.569234
10983,tuta.io,75.04762,good,5,7,26.40.31,2026-04-01 20:48:20.109451
11012,maltejk.de,76.47619,good,5,7,26.40.31,2026-04-02 14:09:50.921924
11013,civicpermits.com,70.666664,adequate,5,5,26.40.31,2026-04-02 14:09:52.423275
11185,nlnetlabs.nl,68,adequate,5,6,26.41.04,2026-04-03 07:29:18.275807
11189,neildegrassetyson.com,74,adequate,5,3,26.41.04,2026-04-03 07:29:47.281188
11203,cia.gov,76.90476,good,5,7,26.41.04,2026-04-03 07:30:48.299053
11213,netcloud.ch,76.90476,good,5,7,26.41.04,2026-04-03 07:34:13.49035
11377,ready-method.com,77.666664,good,5,2,26.41.04,2026-04-03 14:22:38.20748
11493,guarinoadvisors.com,72.666664,adequate,5,5,26.41.04,2026-04-04 10:31:02.695355
11632,mtadistributors.com,78.666664,good,5,5,26.41.04,2026-04-04 14:53:51.694202
11640,blauw-survey.com,72.833336,adequate,5,4,26.41.04,2026-04-04 14:54:32.035976
11644,mtadistributors.com,78.666664,good,5,5,26.41.04,2026-04-04 14:54:52.504491
11645,purpleflock.com,80.7619,good,5,7,26.41.04,2026-04-04 14:54:59.208449
11685,evdnetworks.com,84.666664,good,5,5,26.41.04,2026-04-05 13:21:40.562561
11823,198119799470.xyz,76.666664,good,5,5,26.41.04,2026-04-05 15:10:53.41869
11841,abc.com,66.666664,adequate,5,5,26.41.04,2026-04-06 03:29:45.314262
11876,leeashley.com,82.666664,good,5,5,26.42.01,2026-04-06 11:46:09.792916
11929,abc.com,66.166664,adequate,5,5,26.42.11,2026-04-07 02:57:08.737002
11979,oxidesurvival.com,80.666664,good,5,3,26.42.18,2026-04-07 17:15:51.814399
8442,amazon.com,71.416664,adequate,5,5,26.38.02,2026-03-20 14:33:44.440461
8443,2911.us,81.333336,good,5,6,26.38.02,2026-03-20 14:33:47.022352
8444,nsa.gov,75.416664,good,5,5,26.38.02,2026-03-20 14:33:47.786915
8445,cia.gov,76.65476,good,5,7,26.38.02,2026-03-20 14:33:49.097622
8446,microsoft.com,82.54762,good,5,7,26.38.02,2026-03-20 14:33:55.610245
8447,openai.com,70.083336,adequate,5,6,26.38.02,2026-03-20 14:33:58.841792
8450,cloudflare.com,72.36905,adequate,5,7,26.38.02,2026-03-20 14:34:12.597085
8452,openai.com,70.083336,adequate,5,6,26.38.02,2026-03-20 14:34:29.289752
8454,2911.us,81.333336,good,5,6,26.38.02,2026-03-20 14:34:47.56881
9839,apple.com,75.47619,good,5,7,26.38.40,2026-03-27 02:04:06.026006
9856,spitalsinaia.ro,74.666664,adequate,5,5,26.40.01,2026-03-27 14:19:54.780217
9860,it-help.tech,80.940475,good,5,7,26.40.01,2026-03-27 14:20:20.483808
10001,netcloud.ch,76.90476,good,5,7,26.40.01,2026-03-27 20:25:36.675262
10069,optonline.net,74.666664,adequate,5,5,26.40.18,2026-03-28 14:21:02.121387
10071,raremaps.com,73,adequate,5,6,26.40.18,2026-03-28 14:21:11.516448
10075,fluss.top,70.333336,adequate,5,4,26.40.18,2026-03-28 14:22:08.932907
10197,github.com,64.666664,adequate,5,6,26.40.18,2026-03-28 23:41:28.847035
10335,cnn.com,70.333336,adequate,5,6,26.40.19,2026-03-29 15:10:27.228409
10337,nsfnow.com,80.666664,good,5,5,26.40.19,2026-03-29 15:11:03.661538
10357,proton.me,75.333336,good,5,6,26.40.19,2026-03-30 00:55:35.020928
10358,proton.me,77,good,5,6,26.40.19,2026-03-30 00:56:12.298944
10403,sovanta.com,81.666664,good,5,5,26.40.23,2026-03-30 13:33:15.150511
10556,netcloud.ch,76.65476,good,5,7,26.40.23,2026-03-30 15:21:44.195568
10617,example.com,73,adequate,5,6,26.40.25,2026-03-31 14:14:55.762945
10624,2911.us,81.333336,good,5,6,26.40.25,2026-03-31 14:15:40.219454
10628,netcloud.ch,76.90476,good,5,7,26.40.25,2026-03-31 14:16:00.772002
10631,2911.us,81.333336,good,5,6,26.40.25,2026-03-31 14:16:10.578075
10639,schedule.it-help.tech,80.333336,good,5,4,26.40.25,2026-03-31 14:16:37.504387
10640,spital-deva.ro,66.666664,adequate,5,5,26.40.25,2026-03-31 14:16:39.471505
10641,mobilecommercepress.com,73,adequate,5,6,26.40.25,2026-03-31 14:16:43.472366
10655,westbyforcongress.com,80.666664,good,5,5,26.40.25,2026-03-31 14:17:40.117711
10658,probe-us-02.dns-observe.com,70.666664,adequate,5,3,26.40.25,2026-03-31 14:17:54.787301
10663,uke.de,68.666664,adequate,5,6,26.40.25,2026-03-31 14:18:29.299844
10827,squareup.com,70.166664,adequate,5,5,26.40.29,2026-04-01 14:11:02.354712
10837,me,72.666664,adequate,5,2,26.40.29,2026-04-01 14:12:10.65517
10842,whitehouse.gov,76.666664,good,5,5,26.40.29,2026-04-01 14:12:33.329504
10962,natashabedingfield.co.uk,75.333336,good,5,4,26.40.29,2026-04-01 15:32:43.499124
10981,atelier13-usa.com,84.666664,good,5,5,26.40.31,2026-04-01 20:46:28.59459
10985,caolt.ro,76.666664,good,5,5,26.40.31,2026-04-01 20:49:03.41006
11014,hosptm.ro,82.666664,good,5,5,26.40.31,2026-04-02 14:10:04.460951
11018,hosptm.ro,82.666664,good,5,5,26.40.31,2026-04-02 14:10:34.441823
11022,izvoru.ro,78.666664,good,5,5,26.40.31,2026-04-02 14:10:50.228962
11027,izvoru.ro,78.666664,good,5,5,26.40.31,2026-04-02 14:11:11.336588
11186,google.com,70.190475,adequate,5,7,26.41.04,2026-04-03 07:29:20.456453
11382,ready-method.com,77.666664,good,5,2,26.41.04,2026-04-03 14:23:06.71063
11383,github.com,62.5,adequate,5,6,26.41.04,2026-04-03 14:23:09.600464
11494,kadse.dev,70.666664,adequate,5,3,26.41.04,2026-04-04 10:34:18.667416
11636,nsfnow.com,78.666664,good,5,5,26.41.04,2026-04-04 14:54:02.920185
11643,fbi.gov,72.36905,adequate,5,7,26.41.04,2026-04-04 14:54:50.564403
11649,sovanta.com,81.666664,good,5,5,26.41.04,2026-04-04 14:58:56.219112
11686,insmc.ro,78.666664,good,5,5,26.41.04,2026-04-05 13:31:57.504602
11825,whitehouse.gov,75.666664,good,5,5,26.41.04,2026-04-05 16:18:11.567419
11826,whitehouse.gov,75.666664,good,5,5,26.41.04,2026-04-05 16:19:01.213365
11844,abc.co,82.666664,good,5,5,26.41.04,2026-04-06 03:54:59.068519
11877,www.mercadopago.com,59.583332,adequate,5,8,26.42.01,2026-04-06 11:47:19.988937
11930,nlnetlabs.nl,68,adequate,5,6,26.42.11,2026-04-07 02:59:14.409637
11980,me,72.666664,adequate,5,2,26.42.18,2026-04-07 17:31:22.508989
8449,apple.com,75.22619,good,5,7,26.38.02,2026-03-20 14:34:06.747157
8451,2911.us,81.333336,good,5,6,26.38.02,2026-03-20 14:34:17.081786
8453,apple.com,75.22619,good,5,7,26.38.02,2026-03-20 14:34:35.962407
8455,probe-us-01.dns-observe.com,75.333336,good,5,4,26.38.02,2026-03-20 14:40:25.150607
8456,tuta.io,75.04762,good,5,7,26.38.02,2026-03-20 14:40:26.555555
8457,com,72.666664,adequate,5,2,26.38.02,2026-03-20 14:40:38.472563
8458,natashabedingfield.co.uk,75.333336,good,5,4,26.38.02,2026-03-20 14:40:47.229185
8459,tuta.io,75.04762,good,5,7,26.38.02,2026-03-20 14:40:47.638638
8460,innbn-bucuresti.ro,74.666664,adequate,5,5,26.38.02,2026-03-20 14:41:02.081299
8461,innbn-bucuresti.ro,74.666664,adequate,5,5,26.38.02,2026-03-20 14:41:16.270086
8462,natashabedingfield.co.uk,75.333336,good,5,4,26.38.02,2026-03-20 14:41:17.696401
8463,spitalsighet.ro,76.666664,good,5,5,26.38.02,2026-03-20 14:41:47.77984
8464,rg443.click,71.833336,adequate,5,4,26.38.02,2026-03-20 14:41:47.843327
8465,natashabedingfield.co.uk,75.333336,good,5,4,26.38.02,2026-03-20 14:41:49.144391
8466,uke.de,68.666664,adequate,5,6,26.38.02,2026-03-20 14:41:58.538008
8467,spitalsighet.ro,76.666664,good,5,5,26.38.02,2026-03-20 14:42:07.021123
8468,purpleflock.com,82.190475,good,5,7,26.38.02,2026-03-20 14:42:15.9535
8469,rg443.click,71.833336,adequate,5,4,26.38.02,2026-03-20 14:42:16.915707
8470,uke.de,68.666664,adequate,5,6,26.38.02,2026-03-20 14:42:21.574438
8471,web-hosting.com,74.666664,adequate,5,5,26.38.02,2026-03-20 14:49:34.149946
8472,web-hosting.com,74.666664,adequate,5,5,26.38.02,2026-03-20 14:49:59.796653
8473,vbabestm.ro,74.666664,adequate,5,5,26.38.02,2026-03-20 15:26:22.306052
8474,vbabestm.ro,74.666664,adequate,5,5,26.38.02,2026-03-20 15:26:37.067142
8475,vbabestm.ro,74.666664,adequate,5,5,26.38.02,2026-03-20 15:26:48.751365
8476,vbabestm.ro,74.666664,adequate,5,5,26.38.02,2026-03-20 15:26:49.84227
8477,nlnetlabs.nl,68,adequate,5,6,26.38.02,2026-03-20 16:02:26.16186
8478,zmacnashville.net,80.666664,good,5,5,26.38.02,2026-03-20 16:02:29.276521
8479,probe-us-01.dns-observe.com,75.333336,good,5,4,26.38.02,2026-03-20 17:50:46.875671
8480,openai.com,70.333336,adequate,5,6,26.38.02,2026-03-20 18:01:36.75963
8481,natashabedingfield.co.uk,75.333336,good,5,4,26.38.02,2026-03-20 18:57:55.890005
8482,globalping.io,82.666664,good,5,5,26.38.02,2026-03-20 19:17:11.035414
8483,globalping.io,80.666664,good,5,5,26.38.02,2026-03-20 19:17:46.359121
8484,globalping.io,82.666664,good,5,5,26.38.02,2026-03-20 19:17:49.860787
8485,hak5.org,72.666664,adequate,5,5,26.38.03,2026-03-20 20:51:34.160103
8486,caolt.ro,76.666664,good,5,5,26.38.03,2026-03-20 21:13:55.796034
8487,surland.de,84.666664,good,5,6,26.38.03,2026-03-20 21:35:57.701493
8488,qualysperiscope.com,52.666668,adequate,5,2,26.38.03,2026-03-20 21:44:24.251731
8489,qualysperiscope.com,62.666668,adequate,5,2,26.38.03,2026-03-20 21:45:02.527188
8490,qualysperiscope.com,62.666668,adequate,5,2,26.38.03,2026-03-20 21:45:04.658818
8491,couchmvp.com,77.666664,good,5,2,26.38.03,2026-03-20 22:11:39.084035
8492,filantropia.ro,68.666664,adequate,5,5,26.38.03,2026-03-20 23:00:02.566023
8493,ehmrealty.com,78.666664,good,5,5,26.38.03,2026-03-20 23:00:55.13231
8494,theojouvin.com,72,adequate,5,6,26.38.03,2026-03-20 23:34:49.499166
8495,example.com,71.333336,adequate,5,6,26.38.03,2026-03-21 00:37:42.082645
8496,nsa.gov,75.666664,good,5,5,26.38.03,2026-03-21 00:37:53.264737
8497,spitalulhorezu.ro,76.666664,good,5,5,26.38.03,2026-03-21 03:11:05.412699
8498,civicpermits.com,70.666664,adequate,5,5,26.38.03,2026-03-21 04:01:52.517849
8499,civicpermits.com,70.666664,adequate,5,5,26.38.03,2026-03-21 04:02:36.561573
8500,civicpermits.com,70.666664,adequate,5,5,26.38.03,2026-03-21 04:02:38.545012
8501,fugro.com,77.416664,good,5,5,26.38.03,2026-03-21 07:53:43.454783
8502,fbi.gov,72.61905,adequate,5,7,26.38.03,2026-03-21 07:53:43.552471
8503,mobilecommercepress.com,73,adequate,5,6,26.38.03,2026-03-21 07:53:44.011763
8504,apavil.ro,58.666668,adequate,5,5,26.38.03,2026-03-21 08:32:39.593302
8505,ietf.org,73,adequate,5,6,26.38.03,2026-03-21 10:25:00.482922
8506,nlnetlabs.nl,68,adequate,5,6,26.38.03,2026-03-21 14:19:44.404585
8507,google.com,68.7619,adequate,5,7,26.38.03,2026-03-21 14:19:48.764694
8508,freebsd.org,82.190475,good,5,7,26.38.03,2026-03-21 14:19:50.261705
8509,ietf.org,71.333336,adequate,5,6,26.38.03,2026-03-21 14:19:54.552399
8510,nlnetlabs.nl,68,adequate,5,6,26.38.03,2026-03-21 14:20:15.316674
8511,google.com,68.2619,adequate,5,7,26.38.03,2026-03-21 14:20:19.028092
8512,freebsd.org,86.47619,good,5,7,26.38.03,2026-03-21 14:20:20.976345
8513,ietf.org,71.333336,adequate,5,6,26.38.03,2026-03-21 14:20:23.359092
8514,ehmrealty.com,78.666664,good,5,5,26.38.03,2026-03-21 14:20:24.368215
8515,fbi.gov,72.36905,adequate,5,7,26.38.03,2026-03-21 14:20:26.369375
8516,fbi.gov,71.190475,adequate,5,7,26.38.03,2026-03-21 14:20:39.829221
8517,freebsd.org,83.61905,good,5,7,26.38.03,2026-03-21 14:20:42.204951
8518,nlnetlabs.nl,68,adequate,5,6,26.38.03,2026-03-21 14:20:45.714676
8519,caolt.ro,76.666664,good,5,5,26.38.03,2026-03-21 14:20:46.617087
8520,ehmrealty.com,78.666664,good,5,5,26.38.03,2026-03-21 14:20:47.720068
8521,google.com,68.2619,adequate,5,7,26.38.03,2026-03-21 14:20:48.577162
8522,spitalulhorezu.ro,76.666664,good,5,5,26.38.03,2026-03-21 14:20:57.618296
8523,mobilecommercepress.com,73,adequate,5,6,26.38.03,2026-03-21 14:21:00.077945
8524,fugro.com,77.416664,good,5,5,26.38.03,2026-03-21 14:21:08.293922
8525,caolt.ro,76.666664,good,5,5,26.38.03,2026-03-21 14:21:12.249942
8526,civicpermits.com,70.666664,adequate,5,5,26.38.03,2026-03-21 14:21:14.656466
8527,theojouvin.com,71.75,adequate,5,6,26.38.03,2026-03-21 14:21:16.392338
8528,fugro.com,77.416664,good,5,5,26.38.03,2026-03-21 14:21:35.067594
8529,couchmvp.com,77.666664,good,5,2,26.38.03,2026-03-21 14:21:35.471795
8530,theojouvin.com,70.083336,adequate,5,6,26.38.03,2026-03-21 14:21:37.809528
8531,surland.de,84.666664,good,5,6,26.38.03,2026-03-21 14:21:39.54212
8532,example.com,73,adequate,5,6,26.38.03,2026-03-21 14:21:43.342852
8533,apavil.ro,68.666664,adequate,5,5,26.38.03,2026-03-21 14:21:55.786856
8534,surland.de,84.666664,good,5,6,26.38.03,2026-03-21 14:22:09.796675
8535,filantropia.ro,68.666664,adequate,5,5,26.38.03,2026-03-21 14:22:12.75448
8536,nsa.gov,75.416664,good,5,5,26.38.03,2026-03-21 14:22:14.675249
8537,apavil.ro,58.666668,adequate,5,5,26.38.03,2026-03-21 14:22:22.23008
8538,qualysperiscope.com,62.666668,adequate,5,2,26.38.03,2026-03-21 14:22:30.806825
8539,filantropia.ro,68.666664,adequate,5,5,26.38.03,2026-03-21 14:22:38.978265
8540,surland.de,84.666664,good,5,6,26.38.03,2026-03-21 14:22:41.325066
8541,nsa.gov,75.416664,good,5,5,26.38.03,2026-03-21 14:22:43.374798
9861,nlnetlabs.nl,68,adequate,5,6,26.40.01,2026-03-27 14:20:21.251525
9862,fluss.top,72.833336,adequate,5,4,26.40.01,2026-03-27 14:20:21.771617
10002,it-help.tech,77.333336,good,5,7,26.40.01,2026-03-27 21:59:57.738582
10070,com.au,72.666664,adequate,5,2,26.40.18,2026-03-28 14:21:10.575222
10198,gmg-attendorn.de,82.666664,good,5,5,26.40.19,2026-03-29 02:06:37.577816
10199,hotmail.com,84.666664,good,5,6,26.40.19,2026-03-29 02:10:30.504671
10336,cnn.com,70.333336,adequate,5,6,26.40.19,2026-03-29 15:10:44.140695
10359,proton.me,77,good,5,6,26.40.19,2026-03-30 00:56:48.776323
10404,oxidesurvival.com,80.666664,good,5,3,26.40.23,2026-03-30 13:58:39.632087
10557,ortopedieazuga.ro,76.666664,good,5,5,26.40.23,2026-03-30 15:21:45.864759
10559,izvoru.ro,78.666664,good,5,5,26.40.23,2026-03-30 15:22:08.247807
10618,example.com,71.333336,adequate,5,6,26.40.25,2026-03-31 14:15:00.825342
10620,2911.us,81.333336,good,5,6,26.40.25,2026-03-31 14:15:09.74576
10629,spital-deva.ro,66.666664,adequate,5,5,26.40.25,2026-03-31 14:16:08.918186
10634,cloudflare.com,71.190475,adequate,5,7,26.40.25,2026-03-31 14:16:14.558573
10648,mobilecommercepress.com,73,adequate,5,6,26.40.25,2026-03-31 14:17:14.496555
10653,optonline.net,76.666664,good,5,5,26.40.25,2026-03-31 14:17:34.428923
10659,uke.de,68.666664,adequate,5,6,26.40.25,2026-03-31 14:17:58.794133
10661,hegel.org,84.666664,good,5,5,26.40.25,2026-03-31 14:18:04.78355
10662,spitalulhuedin.ro,64.666664,adequate,5,5,26.40.25,2026-03-31 14:18:10.76737
10833,purpleflock.com,82.190475,good,5,7,26.40.29,2026-04-01 14:11:38.020139
10963,izvoru.ro,78.666664,good,5,5,26.40.29,2026-04-01 15:32:58.303613
10986,evilhacker.com,70.666664,adequate,5,3,26.40.31,2026-04-01 20:50:19.830173
11020,purpleflock.com,80.7619,good,5,7,26.40.31,2026-04-02 14:10:50.00557
11032,evilhacker.com,70.666664,adequate,5,3,26.40.31,2026-04-02 14:11:48.939664
11187,freebsd.org,86.47619,good,5,7,26.41.04,2026-04-03 07:29:23.313821
11393,microsoft.com,85.90476,good,5,7,26.41.04,2026-04-03 14:30:01.724742
11495,misconfigured.com,77.333336,good,5,3,26.41.04,2026-04-04 10:39:42.743723
11641,spital-deva.ro,66.666664,adequate,5,5,26.41.04,2026-04-04 14:54:32.189801
11687,dns-observe.com,80.666664,good,5,5,26.41.04,2026-04-05 13:32:59.773092
11827,patientreminder.com,82.666664,good,5,5,26.41.04,2026-04-05 16:22:16.313374
11845,abc.co,82.666664,good,5,5,26.41.04,2026-04-06 03:55:58.788387
11849,abc.co,82.666664,good,5,5,26.41.04,2026-04-06 03:58:58.631264
11878,gmg-attendorn.de,82.666664,good,5,5,26.42.01,2026-04-06 11:48:20.426795
11880,binaryflix.space,77.333336,good,5,3,26.42.01,2026-04-06 11:49:46.503767
11931,nlnetlabs.nl,68,adequate,5,6,26.42.11,2026-04-07 02:59:56.547489
11981,me,72.666664,adequate,5,2,26.42.18,2026-04-07 17:31:40.027803
8542,qualysperiscope.com,62.666668,adequate,5,2,26.38.03,2026-03-21 14:22:59.090322
9864,freebsd.org,83.61905,good,5,7,26.40.01,2026-03-27 14:20:24.990209
9865,nsfnow.com,80.666664,good,5,5,26.40.01,2026-03-27 14:20:29.290678
9866,red.com,72.166664,adequate,5,6,26.40.01,2026-03-27 14:20:34.625403
9867,apple.com,76.65476,good,5,7,26.40.01,2026-03-27 14:20:38.080096
9872,red.com,72.166664,adequate,5,6,26.40.01,2026-03-27 14:21:05.440725
9881,poop.com,74,adequate,5,3,26.40.01,2026-03-27 14:25:01.302121
10003,it-help.tech,78.7619,good,5,7,26.40.02,2026-03-27 23:23:50.746858
10076,openai.com,72,adequate,5,6,26.40.18,2026-03-28 14:26:00.411061
10078,github.com,71,adequate,5,6,26.40.18,2026-03-28 14:26:17.704648
10082,ibm.com,67.666664,adequate,5,6,26.40.18,2026-03-28 14:26:45.224405
10200,hosptm.ro,82.666664,good,5,5,26.40.19,2026-03-29 02:39:15.151929
10201,hosptm.ro,82.666664,good,5,5,26.40.19,2026-03-29 02:40:02.150147
10202,hosptm.ro,82.666664,good,5,5,26.40.19,2026-03-29 02:40:03.247898
10338,nsfnow.com,78.666664,good,5,5,26.40.19,2026-03-29 15:11:23.616873
10360,proton.me,77,good,5,6,26.40.19,2026-03-30 00:56:48.892181
10405,ietf.org,73,adequate,5,6,26.40.23,2026-03-30 14:29:21.514581
10410,nlnetlabs.nl,68,adequate,5,6,26.40.23,2026-03-30 14:30:00.650481
10412,tesla.com,65.416664,adequate,5,5,26.40.23,2026-03-30 14:30:24.03776
10558,spitalgiurgiu.ro,74.666664,adequate,5,5,26.40.23,2026-03-30 15:22:06.319722
10562,izvoru.ro,78.666664,good,5,5,26.40.23,2026-03-30 15:22:39.131247
10619,openai.com,72,adequate,5,6,26.40.25,2026-03-31 14:15:07.7776
10621,cloudflare.com,71.190475,adequate,5,7,26.40.25,2026-03-31 14:15:13.718974
10622,ibm.com,65.333336,adequate,5,6,26.40.25,2026-03-31 14:15:19.681162
10626,ibm.com,69.333336,adequate,5,6,26.40.25,2026-03-31 14:15:50.21251
10627,migrateproduction.com,72,adequate,5,6,26.40.25,2026-03-31 14:15:54.809534
10637,netcloud.ch,76.90476,good,5,7,26.40.25,2026-03-31 14:16:21.728422
10657,spitalsinaia.ro,74.666664,adequate,5,5,26.40.25,2026-03-31 14:17:46.470986
10834,netcloud.ch,76.65476,good,5,7,26.40.29,2026-04-01 14:11:54.876276
10841,me,72.666664,adequate,5,2,26.40.29,2026-04-01 14:12:25.972723
10964,cia.gov,76.90476,good,5,7,26.40.29,2026-04-01 16:31:11.147626
10987,mercadopago.com,74.333336,adequate,5,6,26.40.31,2026-04-01 20:51:02.772843
10988,rg443.click,71.833336,adequate,5,4,26.40.31,2026-04-01 20:51:45.574287
10990,dns-observe.com,80.666664,good,5,5,26.40.31,2026-04-01 20:53:05.804551
11023,mercadopago.com,74.333336,adequate,5,6,26.40.31,2026-04-02 14:10:52.140048
11024,hosptm.ro,82.666664,good,5,5,26.40.31,2026-04-02 14:11:05.464894
11025,tuta.io,75.04762,good,5,7,26.40.31,2026-04-02 14:11:05.860829
11026,198119799470.xyz,76.666664,good,5,5,26.40.31,2026-04-02 14:11:08.3422
11031,aither.cc,66.666664,adequate,5,5,26.40.31,2026-04-02 14:11:42.998976
11033,atelier13-usa.com,84.666664,good,5,5,26.40.31,2026-04-02 14:11:52.148079
11034,198119799470.xyz,76.666664,good,5,5,26.40.31,2026-04-02 14:12:09.428996
11188,ietf.org,73,adequate,5,6,26.41.04,2026-04-03 07:29:24.233212
11194,freebsd.org,86.47619,good,5,7,26.41.04,2026-04-03 07:29:54.288264
11199,evdnetworks.com,84.666664,good,5,5,26.41.04,2026-04-03 07:30:15.705162
11394,me,72.666664,adequate,5,2,26.41.04,2026-04-03 14:30:09.391953
11395,insmc.ro,76.666664,good,5,5,26.41.04,2026-04-03 14:30:11.599332
11409,insmc.ro,72.666664,adequate,5,5,26.41.04,2026-04-03 14:31:12.45028
11414,cia.gov,75.22619,good,5,7,26.41.04,2026-04-03 14:33:06.150354
11496,maltejk.de,76.47619,good,5,7,26.41.04,2026-04-04 11:07:15.91843
11642,globalping.io,82.666664,good,5,5,26.41.04,2026-04-04 14:54:32.398299
11647,spital-deva.ro,66.666664,adequate,5,5,26.41.04,2026-04-04 14:55:03.068957
11688,benav.cc,77.666664,good,5,2,26.41.04,2026-04-05 13:44:02.443682
11828,patientreminder.com,82.666664,good,5,5,26.41.04,2026-04-05 16:23:05.779652
11846,abc.co,82.666664,good,5,5,26.41.04,2026-04-06 03:57:00.531182
11852,abc.co,82.666664,good,5,5,26.41.04,2026-04-06 04:00:41.565468
11879,nlnetlabs.nl,68,adequate,5,6,26.42.01,2026-04-06 11:49:03.32362
11881,rocket-hd.cc,80.666664,good,5,5,26.42.01,2026-04-06 11:50:29.168701
11932,nlnetlabs.nl,67,adequate,5,6,26.42.11,2026-04-07 02:59:56.67887
11982,me,72.666664,adequate,5,2,26.42.18,2026-04-07 17:31:40.988664
8543,qualysperiscope.com,62.666668,adequate,5,2,26.38.03,2026-03-21 14:23:26.368823
8544,natashabedingfield.co.uk,75.333336,good,5,4,26.38.03,2026-03-21 14:30:46.739468
8545,web-hosting.com,74.666664,adequate,5,5,26.38.03,2026-03-21 14:30:49.151947
8546,purpleflock.com,82.190475,good,5,7,26.38.03,2026-03-21 14:31:00.482096
8547,openai.com,72,adequate,5,6,26.38.03,2026-03-21 14:31:04.602536
8548,web-hosting.com,74.666664,adequate,5,5,26.38.03,2026-03-21 14:31:09.348617
8549,natashabedingfield.co.uk,75.333336,good,5,4,26.38.03,2026-03-21 14:31:17.824283
8550,purpleflock.com,82.190475,good,5,7,26.38.03,2026-03-21 14:31:22.732153
8551,openai.com,70.333336,adequate,5,6,26.38.03,2026-03-21 14:31:32.570303
8552,spitalsighet.ro,76.666664,good,5,5,26.38.03,2026-03-21 14:31:34.816155
8553,zmacnashville.net,80.666664,good,5,5,26.38.03,2026-03-21 14:31:36.440258
8554,vbabestm.ro,74.666664,adequate,5,5,26.38.03,2026-03-21 14:31:41.144932
8555,natashabedingfield.co.uk,75.333336,good,5,4,26.38.03,2026-03-21 14:31:48.195057
8556,hak5.org,72.666664,adequate,5,5,26.38.03,2026-03-21 14:31:48.747265
8557,innbn-bucuresti.ro,74.666664,adequate,5,5,26.38.03,2026-03-21 14:31:54.656369
8558,spitalsighet.ro,76.666664,good,5,5,26.38.03,2026-03-21 14:31:56.788648
8559,vbabestm.ro,74.666664,adequate,5,5,26.38.03,2026-03-21 14:32:03.149475
8560,zmacnashville.net,80.666664,good,5,5,26.38.03,2026-03-21 14:32:05.592254
8561,hak5.org,70.666664,adequate,5,5,26.38.03,2026-03-21 14:32:13.59348
8562,innbn-bucuresti.ro,74.666664,adequate,5,5,26.38.03,2026-03-21 14:32:14.961691
8563,uke.de,70.083336,adequate,5,6,26.38.03,2026-03-21 14:32:18.7007
8564,probe-us-01.dns-observe.com,75.333336,good,5,4,26.38.03,2026-03-21 14:32:22.740902
8565,uke.de,70.333336,adequate,5,6,26.38.03,2026-03-21 14:32:46.837311
8566,globalping.io,80.666664,good,5,5,26.38.03,2026-03-21 14:32:49.132024
8567,rg443.click,71.833336,adequate,5,4,26.38.03,2026-03-21 14:32:51.37572
8568,rg443.click,69.083336,adequate,5,4,26.38.03,2026-03-21 14:33:14.311439
8569,globalping.io,80.666664,good,5,5,26.38.03,2026-03-21 14:33:16.003722
8570,rg443.click,69.333336,adequate,5,4,26.38.03,2026-03-21 14:34:16.202965
8571,rg443.click,69.333336,adequate,5,4,26.38.03,2026-03-21 14:34:18.646686
8572,dnstool.it-help.tech,85.333336,good,5,4,26.38.03,2026-03-21 14:42:20.191716
8573,microsoft.com,83.04762,good,5,7,26.38.03,2026-03-21 14:42:27.298887
8574,it-help.tech,78.7619,good,5,7,26.38.03,2026-03-21 14:42:40.057048
8575,cia.gov,76.90476,good,5,7,26.38.03,2026-03-21 14:42:41.997242
8576,amazon.com,67.666664,adequate,5,5,26.38.03,2026-03-21 14:42:45.993551
8577,microsoft.com,81.11905,good,5,7,26.38.03,2026-03-21 14:42:56.211891
8578,apple.com,78.083336,good,5,7,26.38.03,2026-03-21 14:42:58.120448
8579,cia.gov,75.22619,good,5,7,26.38.03,2026-03-21 14:43:08.281778
8580,it-help.tech,78.2619,good,5,7,26.38.03,2026-03-21 14:43:10.273434
8581,amazon.com,67.416664,adequate,5,5,26.38.03,2026-03-21 14:43:16.828719
8582,apple.com,76.65476,good,5,7,26.38.03,2026-03-21 14:43:25.103022
8583,microsoft.com,83.97619,good,5,7,26.38.03,2026-03-21 14:43:26.282438
8584,it-help.tech,78.2619,good,5,7,26.38.03,2026-03-21 14:43:32.752627
8585,amazon.com,67.416664,adequate,5,5,26.38.03,2026-03-21 14:43:34.083807
8586,2911.us,81.333336,good,5,6,26.38.03,2026-03-21 14:44:02.065353
8587,ibm.com,68.833336,adequate,5,6,26.38.03,2026-03-21 14:44:16.283267
8588,2911.us,81.333336,good,5,6,26.38.03,2026-03-21 14:44:32.368343
8589,ibm.com,64.833336,adequate,5,6,26.38.03,2026-03-21 14:44:41.185302
8590,2911.us,81.333336,good,5,6,26.38.03,2026-03-21 14:44:52.787775
8591,dispatchgrid.com,82.666664,good,5,5,26.38.03,2026-03-21 14:45:49.565998
8592,blauwsurvey.com,81.75,good,5,6,26.38.03,2026-03-21 14:46:08.401758
8593,migrateproduction.com,71.75,adequate,5,6,26.38.03,2026-03-21 14:46:15.722896
8594,dispatchgrid.com,82.666664,good,5,5,26.38.03,2026-03-21 14:46:17.588621
8595,blauwsurvey.com,81.75,good,5,6,26.38.03,2026-03-21 14:46:28.547984
8596,raremaps.com,73,adequate,5,6,26.38.03,2026-03-21 14:46:29.738791
8597,business29.web-hosting.com,71.333336,adequate,5,1,26.38.03,2026-03-21 14:46:37.690642
8598,migrateproduction.com,71.75,adequate,5,6,26.38.03,2026-03-21 14:46:38.311121
8599,atelier13-usa.com,84.666664,good,5,5,26.38.03,2026-03-21 14:46:56.6383
8600,raremaps.com,71.333336,adequate,5,6,26.38.03,2026-03-21 14:47:00.919472
8601,me,72.666664,adequate,5,2,26.38.03,2026-03-21 14:47:03.070576
8602,optonline.net,74.666664,adequate,5,5,26.38.03,2026-03-21 14:47:04.520652
8603,blauw.com,79.416664,good,5,5,26.38.03,2026-03-21 14:47:14.185958
8604,me,72.666664,adequate,5,2,26.38.03,2026-03-21 14:47:15.12892
8605,atelier13-usa.com,84.666664,good,5,5,26.38.03,2026-03-21 14:47:20.058203
8606,optonline.net,74.666664,adequate,5,5,26.38.03,2026-03-21 14:47:25.26671
8607,raremaps.com,73,adequate,5,6,26.38.03,2026-03-21 14:47:25.735664
8608,blauw.com,79.666664,good,5,5,26.38.03,2026-03-21 14:47:29.862699
8609,psihiatrietulghes.ro,74.666664,adequate,5,5,26.38.03,2026-03-21 14:47:34.649739
8610,valentin.run,83,good,5,6,26.38.03,2026-03-21 14:47:46.536378
8611,hortongroup.com,78.666664,good,5,5,26.38.03,2026-03-21 14:47:48.263007
8612,whitehouse.gov,72.666664,adequate,5,5,26.38.03,2026-03-21 14:47:50.451317
8613,github.com,72.666664,adequate,5,6,26.38.03,2026-03-21 14:47:56.999352
8614,web3.foundation,76.666664,good,5,5,26.38.03,2026-03-21 14:48:22.03735
8615,co.uk,67.666664,adequate,5,2,26.38.03,2026-03-21 14:48:25.718521
8616,web3.foundation,74.666664,adequate,5,5,26.38.03,2026-03-21 14:48:44.222771
8617,com,72.666664,adequate,5,2,26.38.03,2026-03-21 14:51:42.772577
8618,tuta.io,73.61905,adequate,5,7,26.38.03,2026-03-21 14:51:55.702268
8619,tuta.io,73.61905,adequate,5,7,26.38.03,2026-03-21 14:52:10.253631
8620,mta-sts.purpleflock.com,78.666664,good,5,5,26.38.03,2026-03-21 14:55:19.2291
8621,hirt.dev,75.47619,good,5,7,26.38.03,2026-03-21 14:55:23.35326
8622,ohg-nagold.de,66.666664,adequate,5,5,26.38.03,2026-03-21 14:55:34.514806
8623,hirt.dev,74.04762,adequate,5,7,26.38.03,2026-03-21 14:55:44.701093
8624,purpleflock.net,81.190475,good,5,7,26.38.03,2026-03-21 14:55:51.858805
8625,ohg-nagold.de,66.666664,adequate,5,5,26.38.03,2026-03-21 14:55:53.213934
8626,neildegrassetyson.com,74,adequate,5,3,26.38.03,2026-03-21 14:55:57.884934
8627,restretail.com,82.666664,good,5,5,26.38.03,2026-03-21 14:56:05.782229
8628,b621.org,60.666668,adequate,5,3,26.38.03,2026-03-21 14:56:09.355193
8629,blauw-survey.com,72.833336,adequate,5,4,26.38.03,2026-03-21 14:56:13.32504
8630,restretail.com,76.666664,good,5,5,26.38.03,2026-03-21 14:56:20.546802
8631,blauw-survey.com,72.833336,adequate,5,4,26.38.03,2026-03-21 14:56:30.566688
8632,meg.abyt.es,71.666664,adequate,5,2,26.38.03,2026-03-21 15:15:16.120803
8633,mx1.blauwsurvey.com,81.333336,good,5,1,26.38.03,2026-03-21 15:23:19.218484
8634,mx1.blauw-survey.com,71.333336,adequate,5,1,26.38.03,2026-03-21 15:23:30.214331
8635,mx1.blauwsurvey.com,81.333336,good,5,1,26.38.03,2026-03-21 15:23:49.744889
8636,mx1.blauw-survey.com,71.333336,adequate,5,1,26.38.03,2026-03-21 15:24:00.866667
8637,mx1.blauwsurvey.com,81.333336,good,5,1,26.38.03,2026-03-21 15:24:20.186038
8638,mx1.blauw-survey.com,71.333336,adequate,5,1,26.38.03,2026-03-21 15:24:31.267313
8639,dns-observe.com,80.666664,good,5,5,26.38.03,2026-03-21 15:29:24.076625
8640,mx1.blauw-survey.com,71.333336,adequate,5,1,26.38.03,2026-03-21 16:17:31.282255
8641,probe-us-01.dns-observe.com,75.333336,good,5,4,26.38.03,2026-03-21 17:06:30.517799
8642,spitalulhorezu.ro,76.666664,good,5,5,26.38.03,2026-03-21 17:09:14.293152
8643,sportcommunities.group,82.190475,good,5,7,26.38.03,2026-03-21 17:57:54.666683
8644,sanatoriulbusteni.ro,74.666664,adequate,5,5,26.38.03,2026-03-21 18:59:05.247666
8645,sanatoriulbusteni.ro,74.666664,adequate,5,5,26.38.03,2026-03-21 18:59:18.122756
8646,ietf.org,73,adequate,5,6,26.38.03,2026-03-21 19:02:18.724925
8647,ibm.com,72.666664,adequate,5,6,26.38.03,2026-03-21 19:02:53.874629
8648,sjv.ro,74.666664,adequate,5,5,26.38.03,2026-03-21 19:49:18.162514
8649,openai.com,73.666664,adequate,5,6,26.38.03,2026-03-21 22:03:52.358497
8650,apavil.ro,68.666664,adequate,5,5,26.38.03,2026-03-21 23:06:53.490893
8651,getmsg.ai,73,adequate,5,6,26.38.03,2026-03-21 23:07:05.393236
8652,burghele.ro,74.666664,adequate,5,5,26.38.03,2026-03-21 23:07:22.453518
8653,spitalmciuc.ro,74.666664,adequate,5,5,26.38.03,2026-03-21 23:58:12.391623
8654,fugro.com,77.666664,good,5,5,26.38.03,2026-03-21 23:59:41.025232
8655,cnn.com,68.666664,adequate,5,6,26.38.03,2026-03-22 00:48:20.492983
8656,microsoft.com,81.61905,good,5,7,26.38.03,2026-03-22 01:25:47.591268
8657,amazon.com,69.666664,adequate,5,5,26.38.03,2026-03-22 03:02:51.863726
8658,zmacnashville.net,80.666664,good,5,5,26.38.03,2026-03-22 03:02:55.981324
8659,server.it-help.tech,77.333336,good,5,3,26.38.03,2026-03-22 03:44:11.62228
8660,whitehouse.gov,76.666664,good,5,5,26.38.03,2026-03-22 04:30:00.832214
8661,contractvault.com,72.833336,adequate,5,4,26.38.03,2026-03-22 06:39:18.463502
8662,nsa.gov,75.666664,good,5,5,26.38.03,2026-03-22 06:39:26.30509
8663,gmg-attendorn.de,82.666664,good,5,5,26.38.03,2026-03-22 06:55:56.224406
8664,gmg-attendorn.de,82.666664,good,5,5,26.38.03,2026-03-22 06:56:27.223
8665,gmg-attendorn.de,82.666664,good,5,5,26.38.03,2026-03-22 06:56:28.578867
8666,hortongroup.com,78.666664,good,5,5,26.38.03,2026-03-22 09:19:49.32159
8667,westcappowerequipment.com,80.666664,good,5,5,26.38.03,2026-03-22 09:19:50.006109
8668,freebsd.org,85.04762,good,5,7,26.38.03,2026-03-22 09:46:17.421498
8669,google.com,70.190475,adequate,5,7,26.38.03,2026-03-22 09:46:53.733532
8670,ietf.org,73,adequate,5,6,26.38.03,2026-03-22 09:48:03.266757
8671,nlnetlabs.nl,68,adequate,5,6,26.38.03,2026-03-22 09:49:00.433695
8672,me,72.666664,adequate,5,2,26.38.03,2026-03-22 10:23:20.019841
8673,co.uk,67.666664,adequate,5,2,26.38.03,2026-03-22 10:29:44.276515
8674,theojouvin.com,72,adequate,5,6,26.38.03,2026-03-22 10:30:16.418481
8675,vallige-api.com,72.666664,adequate,5,2,26.38.03,2026-03-22 10:40:53.8192
8676,freebsd.org,85.04762,good,5,7,26.38.03,2026-03-22 13:07:39.285395
8677,business29.web-hosting.com,71.333336,adequate,5,1,26.38.03,2026-03-22 13:47:41.88946
8678,mtadistributors.com,76.666664,good,5,5,26.38.03,2026-03-22 14:06:26.202964
8679,spitalgiurgiu.ro,74.666664,adequate,5,5,26.38.03,2026-03-22 14:06:26.346899
8680,nlnetlabs.nl,68,adequate,5,6,26.38.03,2026-03-22 14:21:24.308597
8681,google.com,68.7619,adequate,5,7,26.38.03,2026-03-22 14:21:24.648092
8682,freebsd.org,85.04762,good,5,7,26.38.03,2026-03-22 14:21:30.104475
8683,ietf.org,71.333336,adequate,5,6,26.38.03,2026-03-22 14:21:31.179544
8684,nlnetlabs.nl,68,adequate,5,6,26.38.03,2026-03-22 14:21:32.969716
8685,spitalgiurgiu.ro,74.666664,adequate,5,5,26.38.03,2026-03-22 14:21:41.021495
8686,freebsd.org,86.47619,good,5,7,26.38.03,2026-03-22 14:21:44.124485
8687,mtadistributors.com,76.666664,good,5,5,26.38.03,2026-03-22 14:22:03.2724
8688,hortongroup.com,76.666664,good,5,5,26.38.03,2026-03-22 14:22:26.509403
8689,business29.web-hosting.com,71.333336,adequate,5,1,26.38.03,2026-03-22 14:22:43.200636
8690,co.uk,67.666664,adequate,5,2,26.38.03,2026-03-22 14:22:47.824507
8691,theojouvin.com,72,adequate,5,6,26.38.03,2026-03-22 14:22:56.403199
8692,hortongroup.com,76.666664,good,5,5,26.38.03,2026-03-22 14:22:56.999967
8693,vallige-api.com,72.666664,adequate,5,2,26.38.03,2026-03-22 14:23:07.465011
8694,me,72.666664,adequate,5,2,26.38.03,2026-03-22 14:23:20.856399
8695,contractvault.com,72.833336,adequate,5,4,26.38.03,2026-03-22 14:23:23.874646
8696,hortongroup.com,76.666664,good,5,5,26.38.03,2026-03-22 14:23:27.583006
8697,gmg-attendorn.de,82.666664,good,5,5,26.38.03,2026-03-22 14:23:34.11678
8698,contractvault.com,72.833336,adequate,5,4,26.38.03,2026-03-22 14:23:34.881409
8699,westcappowerequipment.com,80.666664,good,5,5,26.38.03,2026-03-22 14:23:39.960711
8700,server.it-help.tech,77.333336,good,5,3,26.38.03,2026-03-22 14:23:39.987739
8701,gmg-attendorn.de,82.666664,good,5,5,26.38.03,2026-03-22 14:23:42.308971
8702,whitehouse.gov,75.666664,good,5,5,26.38.03,2026-03-22 14:23:42.406349
8703,nsa.gov,75.666664,good,5,5,26.38.03,2026-03-22 14:23:52.640779
8704,nsa.gov,75.666664,good,5,5,26.38.03,2026-03-22 14:24:02.954596
8705,web-hosting.com,74.666664,adequate,5,5,26.38.03,2026-03-22 14:27:02.451245
8706,web-hosting.com,74.666664,adequate,5,5,26.38.03,2026-03-22 14:27:23.338794
8707,ibm.com,63,adequate,5,6,26.38.03,2026-03-22 14:31:46.333659
8708,openai.com,70.333336,adequate,5,6,26.38.03,2026-03-22 14:32:02.344422
8709,ibm.com,67,adequate,5,6,26.38.03,2026-03-22 14:32:08.299324
8710,fugro.com,77.666664,good,5,5,26.38.03,2026-03-22 14:32:10.331043
8711,getmsg.ai,73,adequate,5,6,26.38.03,2026-03-22 14:32:16.318883
8712,zmacnashville.net,80.666664,good,5,5,26.38.03,2026-03-22 14:32:18.349574
8713,amazon.com,71.416664,adequate,5,5,26.38.03,2026-03-22 14:32:20.222555
8714,openai.com,70.333336,adequate,5,6,26.38.03,2026-03-22 14:32:23.952502
8715,burghele.ro,74.666664,adequate,5,5,26.38.03,2026-03-22 14:32:27.192649
8716,zmacnashville.net,80.666664,good,5,5,26.38.03,2026-03-22 14:32:33.878841
8717,spitalmciuc.ro,74.666664,adequate,5,5,26.38.03,2026-03-22 14:32:34.141822
8718,getmsg.ai,73,adequate,5,6,26.38.03,2026-03-22 14:32:35.801771
8719,fugro.com,77.666664,good,5,5,26.38.03,2026-03-22 14:32:39.382123
8720,apavil.ro,68.666664,adequate,5,5,26.38.03,2026-03-22 14:32:40.903504
8736,2911.us,81.333336,good,5,6,26.38.03,2026-03-22 14:35:10.808912
9868,blauw-survey.com,72.833336,adequate,5,4,26.40.01,2026-03-27 14:20:40.137424
9869,knoxminerals.com,71.416664,adequate,5,5,26.40.01,2026-03-27 14:20:40.759805
10004,it-help.tech,77.333336,good,5,7,26.40.02,2026-03-27 23:39:39.301885
10077,github.com,71,adequate,5,6,26.40.18,2026-03-28 14:26:02.417554
10203,apple.com,73.79762,adequate,5,7,26.40.19,2026-03-29 04:42:08.977745
10339,raremaps.com,73,adequate,5,6,26.40.19,2026-03-29 15:23:52.06071
10361,leeashley.com,80.333336,good,5,4,26.40.19,2026-03-30 01:07:39.409487
10406,google.com,68.7619,adequate,5,7,26.40.23,2026-03-30 14:29:25.211292
10407,nlnetlabs.nl,68,adequate,5,6,26.40.23,2026-03-30 14:29:26.609528
10417,hogwarts.steinr.eu,69,adequate,5,6,26.40.23,2026-03-30 14:30:50.738391
10418,isc.org,76.90476,good,5,7,26.40.23,2026-03-30 14:30:59.228927
10420,sovanta.com,81.666664,good,5,5,26.40.23,2026-03-30 14:31:24.93756
10429,spitalpoianamare.ro,74.666664,adequate,5,5,26.40.23,2026-03-30 14:32:13.918105
10564,usa.gov,72.666664,adequate,5,5,26.40.23,2026-03-30 15:52:48.593149
10623,openai.com,70.333336,adequate,5,6,26.40.25,2026-03-31 14:15:38.649602
10625,cloudflare.com,71.190475,adequate,5,7,26.40.25,2026-03-31 14:15:44.108458
10632,mobilecommercepress.com,73,adequate,5,6,26.40.25,2026-03-31 14:16:13.013241
10633,spitalgiurgiu.ro,74.666664,adequate,5,5,26.40.25,2026-03-31 14:16:13.940255
10636,ibm.com,63,adequate,5,6,26.40.25,2026-03-31 14:16:20.648245
10638,optonline.net,76.666664,good,5,5,26.40.25,2026-03-31 14:16:33.472647
10645,schedule.it-help.tech,80.333336,good,5,4,26.40.25,2026-03-31 14:17:07.912117
10650,probe-us-02.dns-observe.com,70.666664,adequate,5,3,26.40.25,2026-03-31 14:17:24.267233
10660,dispatchgrid.com,82.666664,good,5,5,26.40.25,2026-03-31 14:18:00.582302
10664,dispatchgrid.com,82.666664,good,5,5,26.40.25,2026-03-31 14:18:31.178087
10836,squareup.com,73.416664,adequate,5,5,26.40.29,2026-04-01 14:12:03.567291
10965,whitehouse.gov,76.666664,good,5,5,26.40.29,2026-04-01 17:46:14.039938
10989,den9s.dk,65.333336,adequate,5,4,26.40.31,2026-04-01 20:51:59.610502
11035,benav.cc,77.666664,good,5,2,26.40.31,2026-04-02 14:16:30.05062
11037,insmc.ro,76.666664,good,5,5,26.40.31,2026-04-02 14:16:35.814496
11044,whitehouse.gov,76.666664,good,5,5,26.40.31,2026-04-02 14:17:48.052267
11190,nlnetlabs.nl,68,adequate,5,6,26.41.04,2026-04-03 07:29:48.111232
11204,steinr.eu,72,adequate,5,6,26.41.04,2026-04-03 07:30:54.354436
11206,cia.gov,75.47619,good,5,7,26.41.04,2026-04-03 07:31:16.765814
11396,netcloud.ch,76.65476,good,5,7,26.41.04,2026-04-03 14:30:13.608681
11408,netcloud.ch,76.90476,good,5,7,26.41.04,2026-04-03 14:31:12.09427
11413,cia.gov,76.90476,good,5,7,26.41.04,2026-04-03 14:32:33.440781
11497,steinr.eu,72,adequate,5,6,26.41.04,2026-04-04 11:27:26.944797
11648,blauw-survey.com,72.833336,adequate,5,4,26.41.04,2026-04-04 14:55:33.035214
11689,google.com,70.190475,adequate,5,7,26.41.04,2026-04-05 14:14:02.147939
11847,abc.co,82.666664,good,5,5,26.41.04,2026-04-06 03:57:59.087632
11848,abc.co,82.666664,good,5,5,26.41.04,2026-04-06 03:58:39.724692
11882,hahnover.land,76.666664,good,5,5,26.42.01,2026-04-06 11:51:13.331228
11885,sportcommunities.group,82.190475,good,5,7,26.42.01,2026-04-06 11:53:45.069667
11933,nlnetlabs.nl,68,adequate,5,6,26.42.11,2026-04-07 03:05:14.545189
11983,switch.com,69.666664,adequate,5,5,26.42.18,2026-04-07 19:31:00.670822
8721,amazon.com,73.416664,adequate,5,5,26.38.03,2026-03-22 14:32:45.889112
8722,burghele.ro,74.666664,adequate,5,5,26.38.03,2026-03-22 14:32:49.135211
8723,sjv.ro,74.666664,adequate,5,5,26.38.03,2026-03-22 14:32:50.664322
8724,cnn.com,68.666664,adequate,5,6,26.38.03,2026-03-22 14:32:51.588092
8725,spitalmciuc.ro,74.666664,adequate,5,5,26.38.03,2026-03-22 14:32:53.408466
8727,apavil.ro,68.666664,adequate,5,5,26.38.03,2026-03-22 14:33:00.963144
8730,it-help.tech,77.333336,good,5,7,26.38.03,2026-03-22 14:33:56.46991
8738,example.com,73,adequate,5,6,26.38.03,2026-03-22 14:35:26.935956
8739,cia.gov,72.36905,adequate,5,7,26.38.03,2026-03-22 14:35:36.476033
9870,it-help.tech,79.690475,good,5,7,26.40.01,2026-03-27 14:20:50.999685
9875,spitalulhuedin.ro,70.666664,adequate,5,5,26.40.01,2026-03-27 14:21:34.215097
9878,spitalulhuedin.ro,76.666664,good,5,5,26.40.01,2026-03-27 14:21:57.414391
9880,mobilecommercepress.com,73,adequate,5,6,26.40.01,2026-03-27 14:25:01.201911
9882,github.com,66.5,adequate,5,6,26.40.01,2026-03-27 14:25:03.592342
9886,b621.org,60.666668,adequate,5,3,26.40.01,2026-03-27 14:25:32.026909
10005,it-help.tech,74.47619,adequate,5,7,26.40.02,2026-03-27 23:39:51.856863
10079,openai.com,72,adequate,5,6,26.40.18,2026-03-28 14:26:20.51468
10204,anva.ch,82.190475,good,5,7,26.40.19,2026-03-29 09:16:01.154284
10340,raremaps.com,73,adequate,5,6,26.40.19,2026-03-29 15:24:16.472915
10362,dnsstuff.com,73.666664,adequate,5,6,26.40.19,2026-03-30 01:42:17.845015
10408,freebsd.org,83.61905,good,5,7,26.40.23,2026-03-30 14:29:32.276285
10414,proton.me,77,good,5,6,26.40.23,2026-03-30 14:30:31.740244
10415,civicpermits.com,70.666664,adequate,5,5,26.40.23,2026-03-30 14:30:39.255106
10423,restretail.com,82.666664,good,5,5,26.40.23,2026-03-30 14:31:39.580286
10431,cisa.gov,66.5,adequate,5,6,26.40.23,2026-03-30 14:32:26.006185
10565,usa.gov,72.666664,adequate,5,5,26.40.23,2026-03-30 15:53:19.666695
10566,usa.gov,72.666664,adequate,5,5,26.40.23,2026-03-30 15:53:56.356442
10630,openai.com,73.666664,adequate,5,6,26.40.25,2026-03-31 14:16:09.429716
10635,whitehouse.gov,76.666664,good,5,5,26.40.25,2026-03-31 14:16:16.840568
10642,spitalsinaia.ro,74.666664,adequate,5,5,26.40.25,2026-03-31 14:16:45.639434
10643,probe-us-02.dns-observe.com,70.666664,adequate,5,3,26.40.25,2026-03-31 14:16:53.746047
10644,optonline.net,72.666664,adequate,5,5,26.40.25,2026-03-31 14:17:03.984523
10646,spital-deva.ro,66.666664,adequate,5,5,26.40.25,2026-03-31 14:17:11.081127
10652,hegel.org,84.666664,good,5,5,26.40.25,2026-03-31 14:17:34.303661
10665,hegel.org,84.666664,good,5,5,26.40.25,2026-03-31 14:18:35.40942
10845,cisa.gov,66.5,adequate,5,6,26.40.29,2026-04-01 14:12:55.879801
10991,reconfirm.com,72.666664,adequate,5,5,26.40.31,2026-04-01 20:53:49.0515
10992,monologue.to,73,adequate,5,6,26.40.31,2026-04-01 20:54:32.229173
11036,ehmrealty.com,78.666664,good,5,5,26.40.31,2026-04-02 14:16:30.150449
11038,poop.com,72.833336,adequate,5,4,26.40.31,2026-04-02 14:16:44.110229
11047,mtadistributors.com,76.666664,good,5,5,26.40.31,2026-04-02 14:18:11.762912
11049,apavil.ro,58.666668,adequate,5,5,26.40.31,2026-04-02 14:18:16.50519
11191,ietf.org,73,adequate,5,6,26.41.04,2026-04-03 07:29:50.192295
11397,couchmvp.com,77.666664,good,5,2,26.41.04,2026-04-03 14:30:25.422744
11398,poop.com,72.833336,adequate,5,4,26.41.04,2026-04-03 14:30:29.403223
11400,steinr.eu,73,adequate,5,6,26.41.04,2026-04-03 14:30:36.210169
11406,2911.us,81.333336,good,5,6,26.41.04,2026-04-03 14:30:56.55082
11407,whitehouse.gov,76.666664,good,5,5,26.41.04,2026-04-03 14:30:57.455554
11411,spital-izvoru.ro,74.666664,adequate,5,5,26.41.04,2026-04-03 14:31:22.194933
11498,markphd.me,76.833336,good,5,4,26.41.04,2026-04-04 11:30:06.36085
11650,sovanta.com,81.666664,good,5,5,26.41.04,2026-04-04 14:59:25.057114
11651,sovanta.com,81.666664,good,5,5,26.41.04,2026-04-04 14:59:44.625698
11690,ietf.org,73,adequate,5,6,26.41.04,2026-04-05 14:14:04.274165
11704,evdnetworks.com,82.666664,good,5,5,26.41.04,2026-04-05 14:15:49.262816
11850,abc.co,82.666664,good,5,5,26.41.04,2026-04-06 03:59:39.570054
11883,scfcv.ro,74.666664,adequate,5,5,26.42.01,2026-04-06 11:52:19.428473
11887,fette-beute.com,79.666664,good,5,5,26.42.01,2026-04-06 11:55:11.076873
11888,spitalcampina.ro,72.666664,adequate,5,5,26.42.01,2026-04-06 11:55:54.185884
11934,spitalulhorezu.ro,76.666664,good,5,5,26.42.11,2026-04-07 03:16:55.340728
11984,optonline.net,76.666664,good,5,5,26.42.18,2026-04-07 21:15:39.028248
8726,sanatoriulbusteni.ro,74.666664,adequate,5,5,26.38.03,2026-03-22 14:32:54.641943
8728,sjv.ro,74.666664,adequate,5,5,26.38.03,2026-03-22 14:33:21.239654
8729,sjv.ro,74.666664,adequate,5,5,26.38.03,2026-03-22 14:33:51.554594
8731,it-help.tech,78.7619,good,5,7,26.38.03,2026-03-22 14:34:10.72752
8732,2911.us,81.333336,good,5,6,26.38.03,2026-03-22 14:34:43.0052
8733,apple.com,72.61905,adequate,5,7,26.38.03,2026-03-22 14:34:46.554246
8734,cia.gov,74.04762,adequate,5,7,26.38.03,2026-03-22 14:35:04.596806
8735,cloudflare.com,69.5119,adequate,5,7,26.38.03,2026-03-22 14:35:06.683579
8737,apple.com,72.36905,adequate,5,7,26.38.03,2026-03-22 14:35:14.786129
8741,example.com,71.333336,adequate,5,6,26.38.03,2026-03-22 14:35:41.026794
9883,couchmvp.com,77.666664,good,5,2,26.40.01,2026-03-27 14:25:11.311471
9884,mobilecommercepress.com,73,adequate,5,6,26.40.01,2026-03-27 14:25:28.560386
9887,amazon.com,69.416664,adequate,5,5,26.40.01,2026-03-27 14:25:33.327634
10006,it-help.tech,77.333336,good,5,7,26.40.03,2026-03-28 00:07:55.675447
10080,ibm.com,71,adequate,5,6,26.40.18,2026-03-28 14:26:22.108323
10205,www.cnn.com,60.833332,adequate,5,8,26.40.19,2026-03-29 11:21:27.027354
10341,play.198119799470.xyz,60.833332,adequate,5,8,26.40.19,2026-03-29 15:44:16.975775
10363,qualysperiscope.com,62.666668,adequate,5,2,26.40.19,2026-03-30 01:46:27.010113
10409,spjslatina.ro,68.666664,adequate,5,5,26.40.23,2026-03-30 14:29:53.504092
10411,tesla.com,65.666664,adequate,5,5,26.40.23,2026-03-30 14:30:01.50386
10413,reconfirm.com,72.666664,adequate,5,5,26.40.23,2026-03-30 14:30:26.883167
10567,schedule.it-help.tech,80.333336,good,5,4,26.40.23,2026-03-30 17:21:30.401
10647,spitalulhuedin.ro,70.666664,adequate,5,5,26.40.25,2026-03-31 14:17:11.107525
10649,spitalsinaia.ro,74.666664,adequate,5,5,26.40.25,2026-03-31 14:17:15.975052
10651,uke.de,68.666664,adequate,5,6,26.40.25,2026-03-31 14:17:28.329646
10654,schedule.it-help.tech,80.333336,good,5,4,26.40.25,2026-03-31 14:17:38.346142
10656,spitalulhuedin.ro,64.666664,adequate,5,5,26.40.25,2026-03-31 14:17:40.342213
10666,dispatchgrid.com,82.666664,good,5,5,26.40.25,2026-03-31 14:19:01.704071
10846,raremaps.com,73,adequate,5,6,26.40.29,2026-04-01 14:12:55.955636
10850,raremaps.com,73,adequate,5,6,26.40.29,2026-04-01 14:13:24.043183
10993,civicpermits.com,70.666664,adequate,5,5,26.40.31,2026-04-01 20:55:15.104769
11039,couchmvp.com,77.666664,good,5,2,26.40.31,2026-04-02 14:16:47.268598
11041,whitehouse.gov,75.666664,good,5,5,26.40.31,2026-04-02 14:17:19.5952
11192,google.com,69.690475,adequate,5,7,26.41.04,2026-04-03 07:29:50.617097
11207,steinr.eu,72,adequate,5,6,26.41.04,2026-04-03 07:31:22.786532
11209,steinr.eu,70.333336,adequate,5,6,26.41.04,2026-04-03 07:31:32.965513
11216,insmc.ro,76.666664,good,5,5,26.41.04,2026-04-03 07:34:47.145109
11399,microsoft.com,81.11905,good,5,7,26.41.04,2026-04-03 14:30:32.368046
11401,insmc.ro,72.666664,adequate,5,5,26.41.04,2026-04-03 14:30:42.423329
11499,dev.lms.fullmindlearning.com,59.583332,adequate,5,8,26.41.04,2026-04-04 11:35:10.701508
11500,evilhacker.com,70.666664,adequate,5,3,26.41.04,2026-04-04 11:35:22.306219
11652,dnstool.it-help.tech,85.333336,good,5,4,26.41.04,2026-04-04 15:03:30.844773
11691,nlnetlabs.nl,68,adequate,5,6,26.41.04,2026-04-05 14:14:06.559845
11706,evilhacker.com,70.666664,adequate,5,3,26.41.04,2026-04-05 14:15:53.118886
11709,insmc.ro,80.666664,good,5,5,26.41.04,2026-04-05 14:16:11.626176
11712,evilhacker.com,70.666664,adequate,5,3,26.41.04,2026-04-05 14:16:21.594984
11715,uptimerobot.com,75.22619,good,5,7,26.41.04,2026-04-05 14:16:55.17463
11851,abc.co,82.666664,good,5,5,26.41.04,2026-04-06 04:00:00.847642
11884,kisa.org.cy,84.666664,good,5,5,26.42.01,2026-04-06 11:53:02.511337
11935,ehmrealty.com,78.666664,good,5,5,26.42.11,2026-04-07 03:33:37.544778
11985,markphd.me,76.833336,good,5,4,26.42.18,2026-04-07 21:35:39.163672
8740,cloudflare.com,69.5119,adequate,5,7,26.38.03,2026-03-22 14:35:38.159499
8742,cloudflare.com,71.190475,adequate,5,7,26.38.03,2026-03-22 14:35:48.590532
8743,cia.gov,72.36905,adequate,5,7,26.38.03,2026-03-22 14:35:59.403815
8744,filantropia.ro,68.666664,adequate,5,5,26.38.03,2026-03-22 14:41:49.162313
8745,caolt.ro,76.666664,good,5,5,26.38.03,2026-03-22 14:42:08.324726
8746,filantropia.ro,68.666664,adequate,5,5,26.38.03,2026-03-22 14:42:11.223077
8747,civicpermits.com,70.666664,adequate,5,5,26.38.03,2026-03-22 14:42:13.818773
8748,qualysperiscope.com,62.666668,adequate,5,2,26.38.03,2026-03-22 14:42:20.350997
8749,caolt.ro,76.666664,good,5,5,26.38.03,2026-03-22 14:42:26.503193
8750,civicpermits.com,70.666664,adequate,5,5,26.38.03,2026-03-22 14:42:30.698067
8751,couchmvp.com,77.666664,good,5,2,26.38.03,2026-03-22 14:42:36.683904
8752,qualysperiscope.com,62.666668,adequate,5,2,26.38.03,2026-03-22 14:42:40.091364
8753,purpleflock.com,82.190475,good,5,7,26.38.03,2026-03-22 14:42:44.292475
8754,surland.de,84.666664,good,5,6,26.38.03,2026-03-22 14:42:51.864208
8755,mobilecommercepress.com,73,adequate,5,6,26.38.03,2026-03-22 14:43:08.658234
8756,surland.de,84.666664,good,5,6,26.38.03,2026-03-22 14:43:11.497751
8757,spitalsighet.ro,76.666664,good,5,5,26.38.03,2026-03-22 14:43:19.772439
8758,mobilecommercepress.com,71.333336,adequate,5,6,26.38.03,2026-03-22 14:43:24.998604
8759,spitalsighet.ro,76.666664,good,5,5,26.38.03,2026-03-22 14:43:31.393231
8760,atelier13-usa.com,84.666664,good,5,5,26.38.03,2026-03-22 14:45:23.949162
8761,psihiatrietulghes.ro,74.666664,adequate,5,5,26.38.03,2026-03-22 14:45:25.931681
8762,dispatchgrid.com,82.666664,good,5,5,26.38.03,2026-03-22 14:45:27.875842
8763,atelier13-usa.com,84.666664,good,5,5,26.38.03,2026-03-22 14:45:37.107459
8764,valentin.run,83,good,5,6,26.38.03,2026-03-22 14:45:37.44193
8765,blauwsurvey.com,82,good,5,6,26.38.03,2026-03-22 14:45:43.711775
8766,psihiatrietulghes.ro,74.666664,adequate,5,5,26.38.03,2026-03-22 14:45:44.894411
8767,github.com,68.166664,adequate,5,6,26.38.03,2026-03-22 14:45:46.764465
8768,raremaps.com,73,adequate,5,6,26.38.03,2026-03-22 14:45:47.144645
8769,dispatchgrid.com,82.666664,good,5,5,26.38.03,2026-03-22 14:45:49.354955
8770,migrateproduction.com,72,adequate,5,6,26.38.03,2026-03-22 14:45:51.25646
8771,blauwsurvey.com,82,good,5,6,26.38.03,2026-03-22 14:45:56.171471
8772,optonline.net,74.666664,adequate,5,5,26.38.03,2026-03-22 14:45:56.540282
8773,tuta.io,73.61905,adequate,5,7,26.38.03,2026-03-22 14:46:03.165623
8774,com,67.666664,adequate,5,2,26.38.03,2026-03-22 14:46:22.324768
8775,com,67.666664,adequate,5,2,26.38.03,2026-03-22 14:46:28.30919
8776,web3.foundation,76.666664,good,5,5,26.38.03,2026-03-22 14:46:42.326963
8777,blauw.com,79.666664,good,5,5,26.38.03,2026-03-22 14:47:00.33452
8778,web3.foundation,74.666664,adequate,5,5,26.38.03,2026-03-22 14:47:03.027692
8779,blauw.com,79.666664,good,5,5,26.38.03,2026-03-22 14:47:16.598308
8780,fbi.gov,72.61905,adequate,5,7,26.38.03,2026-03-22 14:51:32.173816
8781,dnstool.it-help.tech,85.333336,good,5,4,26.38.03,2026-03-22 14:51:51.497186
8782,microsoft.com,79.690475,good,5,7,26.38.03,2026-03-22 14:52:04.001698
8783,fbi.gov,70.940475,adequate,5,7,26.38.03,2026-03-22 14:52:04.150539
8784,sportcommunities.group,82.190475,good,5,7,26.38.03,2026-03-22 14:52:08.256005
8785,dns-observe.com,80.666664,good,5,5,26.38.03,2026-03-22 14:52:15.353447
8786,meg.abyt.es,71.416664,adequate,5,2,26.38.03,2026-03-22 14:52:19.47414
8787,spitalulhorezu.ro,76.666664,good,5,5,26.38.03,2026-03-22 14:52:29.556788
8788,fbi.gov,70.940475,adequate,5,7,26.38.03,2026-03-22 14:52:34.426979
8789,microsoft.com,81.11905,good,5,7,26.38.03,2026-03-22 14:52:34.658116
8790,sportcommunities.group,82.190475,good,5,7,26.38.03,2026-03-22 14:52:34.906153
8791,mta-sts.purpleflock.com,78.666664,good,5,5,26.38.03,2026-03-22 14:52:45.095735
8792,meg.abyt.es,71.416664,adequate,5,2,26.38.03,2026-03-22 14:52:47.770649
8793,spitalulhorezu.ro,76.666664,good,5,5,26.38.03,2026-03-22 14:52:51.830868
8794,blauw-survey.com,72.833336,adequate,5,4,26.38.03,2026-03-22 14:52:55.588743
8795,microsoft.com,76.833336,good,5,7,26.38.03,2026-03-22 14:53:05.086676
8796,probe-us-01.dns-observe.com,75.333336,good,5,4,26.38.03,2026-03-22 14:53:08.898202
8797,purpleflock.net,80.940475,good,5,7,26.38.03,2026-03-22 14:53:12.630883
8798,b621.org,60.666668,adequate,5,3,26.38.03,2026-03-22 14:53:20.000009
8799,blauw-survey.com,72.833336,adequate,5,4,26.38.03,2026-03-22 14:53:22.590981
8800,hirt.dev,75.22619,good,5,7,26.38.03,2026-03-22 14:53:30.103751
8801,purpleflock.net,80.940475,good,5,7,26.38.03,2026-03-22 14:53:31.855009
8802,restretail.com,82.666664,good,5,5,26.38.03,2026-03-22 14:53:32.173742
8803,b621.org,60.666668,adequate,5,3,26.38.03,2026-03-22 14:53:37.771872
8804,ohg-nagold.de,66.666664,adequate,5,5,26.38.03,2026-03-22 14:53:48.527659
8805,neildegrassetyson.com,74,adequate,5,3,26.38.03,2026-03-22 14:53:54.07217
8806,mx1.blauw-survey.com,71.333336,adequate,5,1,26.38.03,2026-03-22 14:53:56.995922
8807,restretail.com,76.666664,good,5,5,26.38.03,2026-03-22 14:53:59.084496
8808,hirt.dev,75.22619,good,5,7,26.38.03,2026-03-22 14:54:01.991138
8809,neildegrassetyson.com,74,adequate,5,3,26.38.03,2026-03-22 14:54:06.106217
8810,ohg-nagold.de,66.666664,adequate,5,5,26.38.03,2026-03-22 14:54:11.594376
8811,hirt.dev,73.79762,adequate,5,7,26.38.03,2026-03-22 14:54:22.098446
8812,mx1.blauw-survey.com,71.333336,adequate,5,1,26.38.03,2026-03-22 14:54:27.875608
8813,mx1.blauw-survey.com,71.333336,adequate,5,1,26.38.03,2026-03-22 14:54:58.429478
8814,rg443.click,71.583336,adequate,5,4,26.38.03,2026-03-22 15:00:14.142861
8815,rg443.click,69.083336,adequate,5,4,26.38.03,2026-03-22 15:00:36.993928
8816,ehmrealty.com,78.666664,good,5,5,26.38.03,2026-03-22 15:24:05.893551
8817,ehmrealty.com,78.666664,good,5,5,26.38.03,2026-03-22 15:24:19.07595
8818,usa.gov,72.666664,adequate,5,5,26.38.03,2026-03-22 15:45:24.262756
8819,dns-observe.com,80.666664,good,5,5,26.38.03,2026-03-22 16:49:24.910638
8820,rg443.click,71.833336,adequate,5,4,26.38.03,2026-03-22 16:49:41.44501
8821,z1mac.com,74,adequate,5,3,26.38.03,2026-03-22 16:56:01.333654
8822,valentin.run,83,good,5,6,26.38.03,2026-03-22 17:05:14.850841
8823,probe-us-02.dns-observe.com,70.666664,adequate,5,3,26.38.03,2026-03-22 17:14:45.560362
8824,web3.foundation,76.666664,good,5,5,26.38.03,2026-03-22 17:15:58.337833
8825,web3.foundation,72.666664,adequate,5,5,26.38.03,2026-03-22 17:16:19.978174
8826,optonline.net,74.666664,adequate,5,5,26.38.03,2026-03-22 17:32:10.26341
8827,valentin.run,78,good,5,6,26.38.03,2026-03-22 17:41:59.575637
8828,caolt.ro,76.666664,good,5,5,26.38.03,2026-03-22 18:02:19.957749
8829,mtadistributors.com,76.666664,good,5,5,26.38.03,2026-03-22 18:25:01.442401
8830,transbusbuzau.ro,80.666664,good,5,5,26.38.03,2026-03-22 18:25:11.867875
8831,mercadopago.com,74.333336,adequate,5,6,26.38.03,2026-03-22 19:23:45.275416
8832,red.com,72.666664,adequate,5,6,26.38.03,2026-03-22 19:52:13.217319
8833,red.com,72.666664,adequate,5,6,26.38.03,2026-03-22 19:52:34.930947
8834,poop.com,74,adequate,5,3,26.38.03,2026-03-22 20:06:43.333312
8835,sra.io,77.666664,good,5,5,26.38.03,2026-03-22 20:07:22.54815
8836,weather.gov,67.666664,adequate,5,5,26.38.03,2026-03-22 20:07:50.388618
8837,example.com,69.666664,adequate,5,6,26.38.03,2026-03-22 20:14:52.025682
8838,tuta.io,75.04762,good,5,7,26.38.03,2026-03-22 20:40:30.457597
8839,nlnetlabs.nl,68,adequate,5,6,26.38.03,2026-03-22 20:47:05.929688
8840,google.com,70.190475,adequate,5,7,26.38.03,2026-03-22 20:47:10.096286
8841,ietf.org,73,adequate,5,6,26.38.03,2026-03-22 20:47:13.716317
8842,freebsd.org,82.190475,good,5,7,26.38.03,2026-03-22 20:47:14.381427
8843,ietf.org,71.333336,adequate,5,6,26.38.03,2026-03-22 20:47:33.10039
8844,nlnetlabs.nl,68,adequate,5,6,26.38.03,2026-03-22 20:47:33.314708
8845,google.com,68.7619,adequate,5,7,26.38.03,2026-03-22 20:47:35.032973
8846,sra.io,73.666664,adequate,5,5,26.38.03,2026-03-22 20:47:39.89692
8847,freebsd.org,85.04762,good,5,7,26.38.03,2026-03-22 20:47:43.505653
8848,rg443.click,71.833336,adequate,5,4,26.38.03,2026-03-22 20:47:49.724178
8849,mtadistributors.com,76.666664,good,5,5,26.38.03,2026-03-22 20:47:51.94632
8850,caolt.ro,78.666664,good,5,5,26.38.03,2026-03-22 20:47:56.903414
8851,rg443.click,71.583336,adequate,5,4,26.38.03,2026-03-22 20:48:03.955697
8852,sra.io,73.666664,adequate,5,5,26.38.03,2026-03-22 20:48:05.153209
8853,mtadistributors.com,74.666664,adequate,5,5,26.38.03,2026-03-22 20:48:06.197689
8854,red.com,69.333336,adequate,5,6,26.38.03,2026-03-22 20:48:14.901163
8855,caolt.ro,76.666664,good,5,5,26.38.03,2026-03-22 20:48:15.092432
8856,z1mac.com,74,adequate,5,3,26.38.03,2026-03-22 20:48:15.634683
8857,web3.foundation,76.666664,good,5,5,26.38.03,2026-03-22 20:48:17.670509
8858,example.com,73,adequate,5,6,26.38.03,2026-03-22 20:48:28.040756
8859,poop.com,74,adequate,5,3,26.38.03,2026-03-22 20:48:45.43307
8860,weather.gov,67.666664,adequate,5,5,26.38.03,2026-03-22 20:48:54.828311
8861,mercadopago.com,74.333336,adequate,5,6,26.38.03,2026-03-22 20:48:58.063356
8862,transbusbuzau.ro,82.666664,good,5,5,26.38.03,2026-03-22 20:49:05.569637
8863,tuta.io,70.7619,adequate,5,7,26.38.03,2026-03-22 20:49:07.33713
8864,optonline.net,76.666664,good,5,5,26.38.03,2026-03-22 20:49:15.958739
8865,dns-observe.com,80.666664,good,5,5,26.38.03,2026-03-22 20:49:17.407214
8866,transbusbuzau.ro,82.666664,good,5,5,26.38.03,2026-03-22 20:49:23.104157
8867,mercadopago.com,71,adequate,5,6,26.38.03,2026-03-22 20:49:24.88232
8868,valentin.run,83,good,5,6,26.38.03,2026-03-22 20:49:26.70088
8869,optonline.net,76.666664,good,5,5,26.38.03,2026-03-22 20:49:32.626676
8870,usa.gov,72.666664,adequate,5,5,26.38.03,2026-03-22 20:50:02.526722
8871,usa.gov,72.666664,adequate,5,5,26.38.03,2026-03-22 20:50:34.012652
8872,usa.gov,72.666664,adequate,5,5,26.38.03,2026-03-22 20:51:04.452847
8873,apple.com,78.333336,good,5,7,26.38.03,2026-03-22 20:51:52.642692
8874,microsoft.com,83.04762,good,5,7,26.38.03,2026-03-22 20:52:02.9187
8875,apple.com,78.333336,good,5,7,26.38.03,2026-03-22 20:52:12.773877
8876,microsoft.com,78.7619,good,5,7,26.38.03,2026-03-22 20:52:19.796666
8877,nsa.gov,75.666664,good,5,5,26.38.03,2026-03-22 20:52:20.674845
8878,amazon.com,71.666664,adequate,5,5,26.38.03,2026-03-22 20:52:31.815961
8879,cloudflare.com,71.190475,adequate,5,7,26.38.03,2026-03-22 20:52:32.494954
8880,nsa.gov,75.666664,good,5,5,26.38.03,2026-03-22 20:52:41.364911
8881,cloudflare.com,71.190475,adequate,5,7,26.38.03,2026-03-22 20:52:43.686543
8882,amazon.com,71.666664,adequate,5,5,26.38.03,2026-03-22 20:52:49.289834
8883,2911.us,81.333336,good,5,6,26.38.03,2026-03-22 20:52:54.787915
8884,dnstool.it-help.tech,85.333336,good,5,4,26.38.03,2026-03-22 20:52:56.271902
8885,cia.gov,76.90476,good,5,7,26.38.03,2026-03-22 20:53:04.810707
8886,2911.us,81.333336,good,5,6,26.38.03,2026-03-22 20:53:09.60786
8887,openai.com,70.333336,adequate,5,6,26.38.03,2026-03-22 20:53:24.68709
8888,cia.gov,76.90476,good,5,7,26.38.03,2026-03-22 20:53:26.346663
8889,it-help.tech,78.7619,good,5,7,26.38.03,2026-03-22 20:53:38.803793
8890,fbi.gov,72.61905,adequate,5,7,26.38.03,2026-03-22 20:53:40.905937
8891,openai.com,70.333336,adequate,5,6,26.38.03,2026-03-22 20:53:45.399637
8892,ibm.com,63,adequate,5,6,26.38.03,2026-03-22 20:53:52.868728
8893,it-help.tech,77.333336,good,5,7,26.38.03,2026-03-22 20:53:57.026806
8894,mta-sts.purpleflock.com,78.666664,good,5,5,26.38.03,2026-03-22 20:54:06.479991
8895,fbi.gov,71.190475,adequate,5,7,26.38.03,2026-03-22 20:54:11.144728
8896,ehmrealty.com,77.666664,good,5,5,26.38.03,2026-03-22 20:54:13.541127
8897,ibm.com,63,adequate,5,6,26.38.03,2026-03-22 20:54:13.901611
8898,ehmrealty.com,78.666664,good,5,5,26.38.03,2026-03-22 20:54:28.049581
8899,b621.org,60.666668,adequate,5,3,26.38.03,2026-03-22 20:54:30.079321
8900,fbi.gov,72.61905,adequate,5,7,26.38.03,2026-03-22 20:54:31.706853
8901,spitalulhorezu.ro,76.666664,good,5,5,26.38.03,2026-03-22 20:54:42.784375
8902,spitalulhorezu.ro,76.666664,good,5,5,26.38.03,2026-03-22 20:54:59.701619
8903,blauw-survey.com,72.833336,adequate,5,4,26.38.03,2026-03-22 20:55:00.94728
8904,neildegrassetyson.com,74,adequate,5,3,26.38.03,2026-03-22 20:55:12.525748
8905,blauw-survey.com,72.833336,adequate,5,4,26.38.03,2026-03-22 20:55:19.694615
8906,hirt.dev,75.22619,good,5,7,26.38.03,2026-03-22 20:55:22.953748
8907,ohg-nagold.de,66.666664,adequate,5,5,26.38.03,2026-03-22 20:55:24.932288
8908,restretail.com,82.666664,good,5,5,26.38.03,2026-03-22 20:55:26.797868
8909,meg.abyt.es,71.416664,adequate,5,2,26.38.03,2026-03-22 20:55:30.943201
8910,probe-us-01.dns-observe.com,75.333336,good,5,4,26.38.03,2026-03-22 20:55:37.937993
8911,restretail.com,76.666664,good,5,5,26.38.03,2026-03-22 20:55:42.115989
8912,hirt.dev,75.47619,good,5,7,26.38.03,2026-03-22 20:55:42.899879
8913,ohg-nagold.de,66.666664,adequate,5,5,26.38.03,2026-03-22 20:55:43.281167
8914,meg.abyt.es,71.666664,adequate,5,2,26.38.03,2026-03-22 20:55:51.935292
8915,sportcommunities.group,82.190475,good,5,7,26.38.03,2026-03-22 20:55:54.822562
8916,purpleflock.net,81.190475,good,5,7,26.38.03,2026-03-22 20:55:59.674146
8917,sportcommunities.group,82.190475,good,5,7,26.38.03,2026-03-22 20:56:07.004456
8918,amazon.com,69.666664,adequate,5,5,26.38.03,2026-03-22 20:58:18.733857
8919,co.uk,67.666664,adequate,5,2,26.38.03,2026-03-22 21:10:34.978128
8920,vallige-api.com,72.666664,adequate,5,2,26.38.03,2026-03-22 21:10:51.851537
8921,co.uk,67.666664,adequate,5,2,26.38.03,2026-03-22 21:10:58.331816
8922,vallige-api.com,72.666664,adequate,5,2,26.38.03,2026-03-22 21:11:13.228406
8923,spitalgiurgiu.ro,74.666664,adequate,5,5,26.38.03,2026-03-22 21:11:14.98069
8924,contractvault.com,72.833336,adequate,5,4,26.38.03,2026-03-22 21:11:15.333387
8925,westcappowerequipment.com,80.666664,good,5,5,26.38.03,2026-03-22 21:11:17.629102
8926,theojouvin.com,71.75,adequate,5,6,26.38.03,2026-03-22 21:11:23.234781
8927,me,71.666664,adequate,5,2,26.38.03,2026-03-22 21:11:25.504248
8928,business29.web-hosting.com,71.333336,adequate,5,1,26.38.03,2026-03-22 21:11:30.383777
8929,westcappowerequipment.com,80.666664,good,5,5,26.38.03,2026-03-22 21:11:45.233008
8930,contractvault.com,72.833336,adequate,5,4,26.38.03,2026-03-22 21:11:46.76548
8931,theojouvin.com,70.083336,adequate,5,6,26.38.03,2026-03-22 21:11:54.403245
8932,contractvault.com,72.833336,adequate,5,4,26.38.03,2026-03-22 21:12:17.285779
8933,theojouvin.com,71.75,adequate,5,6,26.38.03,2026-03-22 21:12:20.785586
8934,couchmvp.com,77.666664,good,5,2,26.38.03,2026-03-22 21:12:47.803926
8935,atelier13-usa.com,84.666664,good,5,5,26.38.03,2026-03-22 21:13:14.84634
8936,psihiatrietulghes.ro,74.666664,adequate,5,5,26.38.03,2026-03-22 21:13:17.113274
8937,dispatchgrid.com,82.666664,good,5,5,26.38.03,2026-03-22 21:13:22.660398
8938,psihiatrietulghes.ro,74.666664,adequate,5,5,26.38.03,2026-03-22 21:13:36.057921
8939,blauwsurvey.com,81.75,good,5,6,26.38.03,2026-03-22 21:13:39.509679
8940,atelier13-usa.com,84.666664,good,5,5,26.38.03,2026-03-22 21:13:47.289807
8941,raremaps.com,73,adequate,5,6,26.38.03,2026-03-22 21:13:49.257213
8942,github.com,66.5,adequate,5,6,26.38.03,2026-03-22 21:13:50.141368
8943,dispatchgrid.com,82.666664,good,5,5,26.38.03,2026-03-22 21:13:51.942818
8944,spitalsighet.ro,76.666664,good,5,5,26.38.03,2026-03-22 21:13:55.516177
8945,civicpermits.com,70.666664,adequate,5,5,26.38.03,2026-03-22 21:13:57.882151
8946,blauwsurvey.com,81.75,good,5,6,26.38.03,2026-03-22 21:13:58.697304
8947,spitalsighet.ro,76.666664,good,5,5,26.38.03,2026-03-22 21:14:16.993148
8948,atelier13-usa.com,84.666664,good,5,5,26.38.03,2026-03-22 21:14:19.998464
8949,raremaps.com,73,adequate,5,6,26.38.03,2026-03-22 21:14:20.543081
8950,purpleflock.com,82.190475,good,5,7,26.38.03,2026-03-22 21:14:23.846271
8951,civicpermits.com,70.666664,adequate,5,5,26.38.03,2026-03-22 21:14:24.19935
8952,mobilecommercepress.com,73,adequate,5,6,26.38.03,2026-03-22 21:14:31.171072
8953,qualysperiscope.com,62.666668,adequate,5,1,26.38.03,2026-03-22 21:14:35.051025
8954,surland.de,84.666664,good,5,6,26.38.03,2026-03-22 21:14:36.82989
8955,mobilecommercepress.com,71.333336,adequate,5,6,26.38.03,2026-03-22 21:14:42.763365
8956,raremaps.com,71.333336,adequate,5,6,26.38.03,2026-03-22 21:14:44.19327
8957,filantropia.ro,68.666664,adequate,5,5,26.38.03,2026-03-22 21:14:46.973306
8958,surland.de,84.666664,good,5,6,26.38.03,2026-03-22 21:14:55.384642
8959,qualysperiscope.com,62.666668,adequate,5,2,26.38.03,2026-03-22 21:15:01.783064
8960,qualysperiscope.com,62.666668,adequate,5,2,26.38.03,2026-03-22 21:15:34.492936
8961,com,72.666664,adequate,5,2,26.38.03,2026-03-22 21:16:54.887671
8962,blauw.com,79.666664,good,5,5,26.38.03,2026-03-22 21:17:21.86768
8963,blauw.com,79.666664,good,5,5,26.38.03,2026-03-22 21:17:37.66931
8964,burghele.ro,74.666664,adequate,5,5,26.38.03,2026-03-22 21:24:30.080798
8965,spitalmciuc.ro,74.666664,adequate,5,5,26.38.03,2026-03-22 21:24:44.273036
8966,apavil.ro,58.666668,adequate,5,5,26.38.03,2026-03-22 21:24:47.57176
8967,sanatoriulbusteni.ro,76.666664,good,5,5,26.38.03,2026-03-22 21:24:48.654542
8968,burghele.ro,74.666664,adequate,5,5,26.38.03,2026-03-22 21:24:58.047212
8969,fugro.com,79.416664,good,5,5,26.38.03,2026-03-22 21:24:59.940072
8970,spitalmciuc.ro,74.666664,adequate,5,5,26.38.03,2026-03-22 21:25:07.349304
8971,apavil.ro,68.666664,adequate,5,5,26.38.03,2026-03-22 21:25:09.33509
8972,cnn.com,70.083336,adequate,5,6,26.38.03,2026-03-22 21:25:09.582423
8973,sanatoriulbusteni.ro,76.666664,good,5,5,26.38.03,2026-03-22 21:25:14.959912
8974,fugro.com,77.416664,good,5,5,26.38.03,2026-03-22 21:25:30.207873
8975,cnn.com,70.083336,adequate,5,6,26.38.03,2026-03-22 21:25:40.03697
8976,fugro.com,77.416664,good,5,5,26.38.03,2026-03-22 21:26:00.662428
8977,cnn.com,70.083336,adequate,5,6,26.38.03,2026-03-22 21:26:08.954819
8978,hortongroup.com,78.666664,good,5,5,26.38.03,2026-03-22 21:33:20.210238
8979,whitehouse.gov,75.666664,good,5,5,26.38.03,2026-03-22 21:33:21.900204
8980,hortongroup.com,78.666664,good,5,5,26.38.03,2026-03-22 21:33:50.367127
8981,hortongroup.com,78.666664,good,5,5,26.38.03,2026-03-22 21:34:20.821096
8982,schedule.it-help.tech,77.333336,good,5,3,26.38.03,2026-03-22 21:38:44.670365
8983,server.it-help.tech,77.333336,good,5,3,26.38.03,2026-03-22 22:01:02.192064
8984,gmg-attendorn.de,82.666664,good,5,5,26.38.03,2026-03-22 22:01:04.028903
8985,gmg-attendorn.de,82.666664,good,5,5,26.38.03,2026-03-22 22:01:18.199206
8986,blauwsurvey.com,75.333336,good,5,6,26.38.03,2026-03-22 22:06:19.412767
8987,abyt.es,72.833336,adequate,5,4,26.38.03,2026-03-22 22:11:52.519694
8988,abyt.es,72.833336,adequate,5,4,26.38.03,2026-03-22 22:12:21.337728
8989,red.com,72.666664,adequate,5,6,26.38.03,2026-03-22 22:39:09.998889
8990,westcappowerequipment.com,80.666664,good,5,5,26.38.03,2026-03-22 22:51:15.552812
8991,filantropia.ro,68.666664,adequate,5,5,26.38.03,2026-03-22 23:22:50.061454
8992,schedule.it-help.tech,77.333336,good,5,3,26.38.08,2026-03-23 00:27:46.089767
8993,schedule.it-help.tech,78.333336,good,5,4,26.38.08,2026-03-23 00:30:28.586242
8994,nlnetlabs.nl,68,adequate,5,6,26.38.08,2026-03-23 00:39:40.12128
8995,networksolutions.com,75.666664,good,5,5,26.38.08,2026-03-23 00:43:13.43624
8996,networksolutions.com,75.416664,good,5,5,26.38.08,2026-03-23 00:43:46.298405
8997,networksolutions.com,75.416664,good,5,5,26.38.08,2026-03-23 00:43:47.527216
8998,cia.gov,76.90476,good,5,7,26.38.08,2026-03-23 01:02:37.346542
8999,contractvault.com,72.833336,adequate,5,4,26.38.08,2026-03-23 01:18:42.461244
9000,weather.gov,67.666664,adequate,5,5,26.38.08,2026-03-23 01:18:58.380326
9001,atelier13-usa.com,84.666664,good,5,5,26.38.08,2026-03-23 01:27:45.12337
9002,www.mercadopago.com,59.583332,adequate,5,8,26.38.08,2026-03-23 01:41:30.162074
9003,jue.rs,72.833336,adequate,5,4,26.38.08,2026-03-23 02:13:59.962888
9004,hak5.org,72.666664,adequate,5,5,26.38.08,2026-03-23 02:14:44.182212
9005,networksolutions.com,75.666664,good,5,5,26.38.08,2026-03-23 02:15:31.751569
9009,bakr.de,69.666664,adequate,5,6,26.38.08,2026-03-23 02:18:01.635019
9006,clinicbilling.com,72.666664,adequate,5,2,26.38.08,2026-03-23 02:16:32.390833
9007,swutch.com,84.666664,good,5,5,26.38.08,2026-03-23 02:16:38.056428
9008,hortongroup.com,78.666664,good,5,5,26.38.08,2026-03-23 02:17:21.70745
9010,bakr.de,69.666664,adequate,5,6,26.38.08,2026-03-23 02:18:27.831634
9011,1liner.com,78.666664,good,5,5,26.38.08,2026-03-23 02:18:29.671762
9012,hirt.dev,75.47619,good,5,7,26.38.08,2026-03-23 02:19:12.760023
9013,monologue.to,73,adequate,5,6,26.38.08,2026-03-23 02:59:08.302004
9014,cnn.com,70.083336,adequate,5,6,26.38.08,2026-03-23 02:59:18.761194
9015,nasa.gov,73.666664,adequate,5,6,26.38.08,2026-03-23 03:14:02.020847
9016,abyt.es,75.333336,good,5,4,26.38.08,2026-03-23 04:11:03.50444
9017,kali.org,79.333336,good,5,7,26.38.08,2026-03-23 04:58:28.720877
9018,whitehouse.gov,71.666664,adequate,5,5,26.38.21,2026-03-23 22:15:30.825918
9019,cioviews.com,80.666664,good,5,5,26.38.21,2026-03-23 22:16:10.420751
9020,dnstool.it-help.tech,85.333336,good,5,4,26.38.21,2026-03-23 22:21:44.248326
9021,amazon.com,71.666664,adequate,5,5,26.38.21,2026-03-23 22:27:50.053517
9022,knoxminerals.com,72.666664,adequate,5,5,26.38.21,2026-03-23 22:27:52.761202
9023,nsa.gov,75.666664,good,5,5,26.38.21,2026-03-23 22:54:46.291109
9024,cnn.com,70.333336,adequate,5,6,26.38.21,2026-03-23 22:54:53.951005
9025,guarinoadvisors.com,72.666664,adequate,5,5,26.38.21,2026-03-23 22:55:01.129594
9026,sanatoriulbusteni.ro,74.666664,adequate,5,5,26.38.21,2026-03-23 22:57:05.120367
9027,switch.com,69.666664,adequate,5,5,26.38.21,2026-03-23 22:57:08.685141
9028,spital-breaza.ro,74.666664,adequate,5,5,26.38.21,2026-03-23 23:04:17.534319
9029,google.com,68.2619,adequate,5,7,26.38.21,2026-03-23 23:04:46.479803
9030,nlnetlabs.nl,68,adequate,5,6,26.38.21,2026-03-23 23:07:53.321819
9031,hak5.org,72.666664,adequate,5,5,26.38.21,2026-03-23 23:08:13.315857
9032,fugro.com,79.666664,good,5,5,26.38.21,2026-03-23 23:08:31.312845
9033,westbyforcongress.com,80.666664,good,5,5,26.38.22,2026-03-23 23:20:17.916341
9034,openai.com,70.333336,adequate,5,6,26.38.25,2026-03-24 00:05:10.947551
9035,amazon.com,73.666664,adequate,5,5,26.38.25,2026-03-24 00:05:12.920854
9036,raremaps.com,73,adequate,5,6,26.38.25,2026-03-24 00:06:07.713221
9037,kadse.dev,70.666664,adequate,5,3,26.38.25,2026-03-24 00:25:29.533181
9038,sanatoriulbusteni.ro,74.666664,adequate,5,5,26.38.25,2026-03-24 00:49:48.640159
9039,spitalgiurgiu.ro,74.666664,adequate,5,5,26.38.25,2026-03-24 00:52:49.301889
9040,maltejk.de,76.47619,good,5,7,26.38.25,2026-03-24 00:52:54.602419
9041,fette-beute.com,79.666664,good,5,5,26.38.25,2026-03-24 00:53:02.148575
9042,burghele.ro,78.666664,good,5,5,26.38.25,2026-03-24 00:53:11.168839
9043,clinicbilling.com,67.666664,adequate,5,2,26.38.25,2026-03-24 00:55:49.557252
9044,spitalsovata.ro,74.666664,adequate,5,5,26.38.25,2026-03-24 01:39:55.821493
9045,cisa.gov,67,adequate,5,6,26.38.25,2026-03-24 01:43:02.873249
9046,atelier13-usa.com,84.666664,good,5,5,26.38.25,2026-03-24 01:51:31.428826
9047,fredduval.com,82.666664,good,5,5,26.38.25,2026-03-24 01:51:54.661605
9048,cnn.com,70.333336,adequate,5,6,26.38.25,2026-03-24 01:54:37.06281
9049,thehumphries.org,74.666664,adequate,5,5,26.38.25,2026-03-24 01:55:14.577245
9050,innbn-bucuresti.ro,74.666664,adequate,5,5,26.38.25,2026-03-24 02:37:56.201188
9051,spitalulorasenescbaicoi.ro,73,adequate,5,6,26.38.25,2026-03-24 02:44:46.150424
9052,natashabedingfield.co.uk,75.333336,good,5,4,26.38.25,2026-03-24 02:50:53.888569
9053,sportcommunities.group,82.190475,good,5,7,26.38.25,2026-03-24 02:58:21.194326
9054,filerequestpro.com,73,adequate,5,6,26.38.26,2026-03-24 03:57:02.871423
9055,spital-deva.ro,66.666664,adequate,5,5,26.38.26,2026-03-24 03:59:58.764128
9056,fbi.gov,70.940475,adequate,5,7,26.38.26,2026-03-24 04:00:29.220494
9057,spitalul-municipal-timisoara.ro,66.666664,adequate,5,5,26.38.26,2026-03-24 04:36:23.986237
9058,kisa.org.cy,84.666664,good,5,5,26.38.26,2026-03-24 04:42:51.319552
9059,patientreminder.com,82.666664,good,5,5,26.38.26,2026-03-24 04:43:44.686588
9060,knoxminerals.com,72.666664,adequate,5,5,26.38.26,2026-03-24 04:57:10.0796
9061,spitalcampina.ro,72.666664,adequate,5,5,26.38.26,2026-03-24 05:23:42.317687
9062,misconfigured.com,77.333336,good,5,3,26.38.26,2026-03-24 05:32:07.645169
9063,omzcloud.vn,71,adequate,5,6,26.38.26,2026-03-24 05:38:54.579075
9064,civicpermits.com,70.666664,adequate,5,5,26.38.26,2026-03-24 05:39:56.010796
9065,glendun.com.au,82.666664,good,5,5,26.38.26,2026-03-24 05:41:03.628526
9066,smlugoj.ro,66.666664,adequate,5,5,26.38.26,2026-03-24 07:06:08.138307
9067,spitalmciuc.ro,76.666664,good,5,5,26.38.26,2026-03-24 08:39:19.502456
9068,whitehouse.gov,75.666664,good,5,5,26.38.26,2026-03-24 09:22:30.013734
9069,business29.web-hosting.com,71.333336,adequate,5,1,26.38.26,2026-03-24 09:34:18.050551
9070,clinicbilling.com,62.666668,adequate,5,2,26.38.26,2026-03-24 10:14:07.55938
9071,nsfnow.com,80.666664,good,5,5,26.38.26,2026-03-24 11:08:34.224
9072,nsfnow.com,78.666664,good,5,5,26.38.26,2026-03-24 11:09:04.99145
9073,nsfnow.com,78.666664,good,5,5,26.38.26,2026-03-24 11:09:06.02652
9074,freebsd.org,85.04762,good,5,7,26.38.26,2026-03-24 13:19:47.384037
9075,nlnetlabs.nl,68,adequate,5,6,26.38.26,2026-03-24 14:05:25.010702
9076,google.com,68.7619,adequate,5,7,26.38.26,2026-03-24 14:05:25.484694
9077,freebsd.org,82.190475,good,5,7,26.38.26,2026-03-24 14:05:29.980914
9078,ietf.org,73,adequate,5,6,26.38.26,2026-03-24 14:05:37.440201
9079,patientreminder.com,82.666664,good,5,5,26.38.26,2026-03-24 14:05:41.527756
9080,ietf.org,71.333336,adequate,5,6,26.38.26,2026-03-24 14:05:49.210614
9081,misconfigured.com,77.333336,good,5,3,26.38.26,2026-03-24 14:05:53.049804
9082,fbi.gov,72.61905,adequate,5,7,26.38.26,2026-03-24 14:06:03.446259
9083,nsfnow.com,80.666664,good,5,5,26.38.26,2026-03-24 14:06:24.028743
9084,kisa.org.cy,82.666664,good,5,5,26.38.26,2026-03-24 14:06:32.499013
9085,smlugoj.ro,66.666664,adequate,5,5,26.38.26,2026-03-24 14:06:33.353299
9086,fbi.gov,71.190475,adequate,5,7,26.38.26,2026-03-24 14:06:34.24766
9087,filerequestpro.com,73,adequate,5,6,26.38.26,2026-03-24 14:06:43.785399
9088,knoxminerals.com,72.666664,adequate,5,5,26.38.26,2026-03-24 14:06:48.892825
9089,civicpermits.com,70.666664,adequate,5,5,26.38.26,2026-03-24 14:06:50.008141
9090,spitalcampina.ro,72.666664,adequate,5,5,26.38.26,2026-03-24 14:06:53.439355
9091,spital-deva.ro,66.666664,adequate,5,5,26.38.26,2026-03-24 14:06:55.288838
9092,smlugoj.ro,66.666664,adequate,5,5,26.38.26,2026-03-24 14:07:02.340187
9093,kisa.org.cy,84.666664,good,5,5,26.38.26,2026-03-24 14:07:03.326201
9094,clinicbilling.com,67.666664,adequate,5,2,26.38.26,2026-03-24 14:07:05.524769
9095,fbi.gov,72.36905,adequate,5,7,26.38.26,2026-03-24 14:07:08.368069
9107,smlugoj.ro,66.666664,adequate,5,5,26.38.26,2026-03-24 14:07:42.117995
9885,github.com,70.5,adequate,5,6,26.40.01,2026-03-27 14:25:29.5231
9890,izvoru.ro,78.666664,good,5,5,26.40.01,2026-03-27 14:25:57.639813
9891,neildegrassetyson.com,74,adequate,5,3,26.40.01,2026-03-27 14:25:58.640907
9900,amazon.com,71.666664,adequate,5,5,26.40.01,2026-03-27 14:26:23.753237
10007,it-help.tech,78.7619,good,5,7,26.40.03,2026-03-28 03:00:00.966151
10081,microsoft.com,80.190475,good,5,7,26.40.18,2026-03-28 14:26:29.553586
10206,sportcommunities.group,82.190475,good,5,7,26.40.19,2026-03-29 12:27:15.361365
10342,play.198119799470.xyz,60.833332,adequate,5,8,26.40.19,2026-03-29 15:45:34.974184
10364,den9s.dk,65.333336,adequate,5,4,26.40.19,2026-03-30 01:55:49.462815
10416,hogwarts.steinr.eu,67,adequate,5,4,26.40.23,2026-03-30 14:30:41.176248
10425,isc.org,76.90476,good,5,7,26.40.23,2026-03-30 14:31:58.10926
10426,spitalcampina.ro,72.666664,adequate,5,5,26.40.23,2026-03-30 14:32:00.277752
10432,www.franklinroadacademy.com,60.583332,adequate,5,8,26.40.23,2026-03-30 14:32:41.096217
10568,spital-deva.ro,66.666664,adequate,5,5,26.40.23,2026-03-30 18:40:50.026905
10667,restretail.com,82.666664,good,5,5,26.40.25,2026-03-31 14:27:22.864874
10675,civicpermits.com,70.666664,adequate,5,5,26.40.25,2026-03-31 14:28:06.247181
10676,tesla.com,65.666664,adequate,5,5,26.40.25,2026-03-31 14:28:09.101761
10678,hogwarts.steinr.eu,57.857143,adequate,5,7,26.40.25,2026-03-31 14:28:15.693336
10689,sovanta.com,81.666664,good,5,5,26.40.25,2026-03-31 14:29:18.807943
10691,cisa.gov,66.75,adequate,5,6,26.40.25,2026-03-31 14:29:34.321184
10696,proton.me,75.333336,good,5,6,26.40.25,2026-03-31 14:30:14.824157
10709,tuta.io,75.04762,good,5,7,26.40.25,2026-03-31 14:31:13.921833
10713,nsa.gov,75.416664,good,5,5,26.40.25,2026-03-31 14:31:40.489468
10715,tuta.io,73.61905,adequate,5,7,26.40.25,2026-03-31 14:31:44.366019
10847,netcloud.ch,76.65476,good,5,7,26.40.29,2026-04-01 14:12:56.1312
10994,markphd.me,76.833336,good,5,4,26.40.31,2026-04-01 20:55:58.529069
11040,getmsg.ai,73,adequate,5,6,26.40.31,2026-04-02 14:17:06.923109
11042,swutch.com,84.666664,good,5,5,26.40.31,2026-04-02 14:17:31.19954
11043,switch.com,69.666664,adequate,5,5,26.40.31,2026-04-02 14:17:34.086833
11193,natashabedingfield.com,67.416664,adequate,5,5,26.41.04,2026-04-03 07:29:51.74664
11402,netcloud.ch,76.65476,good,5,7,26.41.04,2026-04-03 14:30:44.076805
11410,switch.com,69.666664,adequate,5,5,26.41.04,2026-04-03 14:31:13.887992
11501,livearchive.net,73,adequate,5,6,26.41.04,2026-04-04 12:01:50.6854
11653,dnstool.it-help.tech,85.333336,good,5,4,26.41.04,2026-04-04 15:03:59.341066
11692,freebsd.org,85.04762,good,5,7,26.41.04,2026-04-05 14:14:12.647852
11693,schedule.it-help.tech,80.333336,good,5,4,26.41.04,2026-04-05 14:15:01.027047
11694,ready-method.com,77.666664,good,5,2,26.41.04,2026-04-05 14:15:02.944044
11695,insmc.ro,76.666664,good,5,5,26.41.04,2026-04-05 14:15:10.934806
11853,me,72.666664,adequate,5,2,26.41.04,2026-04-06 04:04:57.81555
11886,theojouvin.com,72,adequate,5,6,26.42.01,2026-04-06 11:54:28.424483
11936,nlnetlabs.nl,68,adequate,5,6,26.42.11,2026-04-07 04:28:11.021829
11937,nlnetlabs.nl,68,adequate,5,6,26.42.11,2026-04-07 04:28:48.725466
11986,oxidesurvival.com,80.666664,good,5,3,26.42.18,2026-04-07 21:57:08.705617
9096,business29.web-hosting.com,71.333336,adequate,5,1,26.38.26,2026-03-24 14:07:09.384482
9097,filerequestpro.com,71.333336,adequate,5,6,26.38.26,2026-03-24 14:07:13.770319
9099,spital-deva.ro,66.666664,adequate,5,5,26.38.26,2026-03-24 14:07:21.969317
9100,spitalcampina.ro,72.666664,adequate,5,5,26.38.26,2026-03-24 14:07:26.194511
9101,glendun.com.au,82.666664,good,5,5,26.38.26,2026-03-24 14:07:27.225884
9108,filerequestpro.com,71.333336,adequate,5,6,26.38.26,2026-03-24 14:07:45.732355
9116,spitalulhuedin.ro,76.666664,good,5,5,26.38.26,2026-03-24 14:11:05.846505
9120,natashabedingfield.co.uk,75.333336,good,5,4,26.38.26,2026-03-24 14:11:40.543022
9888,couchmvp.com,77.666664,good,5,2,26.40.01,2026-03-27 14:25:40.936086
9892,b621.org,60.666668,adequate,5,3,26.40.01,2026-03-27 14:25:59.11726
10008,ietf.org,73,adequate,5,6,26.40.03,2026-03-28 03:39:01.275604
10009,nlnetlabs.nl,68,adequate,5,6,26.40.03,2026-03-28 03:39:20.673321
10010,freebsd.org,86.47619,good,5,7,26.40.03,2026-03-28 03:39:26.332371
10083,spitalulhuedin.ro,74.666664,adequate,5,5,26.40.18,2026-03-28 14:32:32.002572
10086,spitalsinaia.ro,74.666664,adequate,5,5,26.40.18,2026-03-28 14:33:03.862384
10094,couchmvp.com,77.666664,good,5,2,26.40.18,2026-03-28 14:33:46.845698
10097,spital-izvoru.ro,74.666664,adequate,5,5,26.40.18,2026-03-28 14:33:59.142776
10207,nlnetlabs.nl,68,adequate,5,6,26.40.19,2026-03-29 14:31:54.394143
10237,cloudflare.com,69.5119,adequate,5,7,26.40.19,2026-03-29 14:34:55.924962
10238,dns-observe.com,80.666664,good,5,5,26.40.19,2026-03-29 14:34:56.839407
10343,play.198119799470.xyz,60.833332,adequate,5,8,26.40.19,2026-03-29 15:45:36.327288
10345,play.198119799470.xyz,60.583332,adequate,5,8,26.40.19,2026-03-29 15:46:36.202131
10365,it-help.tech,80.190475,good,5,7,26.40.19,2026-03-30 02:05:16.987114
10368,it-help.tech,80.190475,good,5,7,26.40.19,2026-03-30 02:07:31.105131
10419,spitalcampina.ro,72.666664,adequate,5,5,26.40.23,2026-03-30 14:30:59.764049
10424,vbabestm.ro,74.666664,adequate,5,5,26.40.23,2026-03-30 14:31:55.541575
10427,oxidesurvival.com,80.666664,good,5,3,26.40.23,2026-03-30 14:32:12.408357
10569,migrateproduction.com,72,adequate,5,6,26.40.23,2026-03-30 18:41:05.210426
10668,reconfirm.com,72.666664,adequate,5,5,26.40.25,2026-03-31 14:27:33.085693
10670,spjslatina.ro,68.666664,adequate,5,5,26.40.25,2026-03-31 14:27:45.713267
10683,sovanta.com,81.666664,good,5,5,26.40.25,2026-03-31 14:28:59.631597
10684,cisa.gov,63,adequate,5,6,26.40.25,2026-03-31 14:29:03.855281
10695,it-help.tech,80.190475,good,5,7,26.40.25,2026-03-31 14:30:08.453975
10703,tuta.io,73.61905,adequate,5,7,26.40.25,2026-03-31 14:30:43.44109
10849,cisa.gov,70.5,adequate,5,6,26.40.29,2026-04-01 14:13:19.378048
10852,migrateproduction.com,72,adequate,5,6,26.40.29,2026-04-01 14:17:53.086837
10855,example.com,70.333336,adequate,5,6,26.40.29,2026-04-01 14:18:15.885665
10995,198119799470.xyz,76.666664,good,5,5,26.40.31,2026-04-02 00:32:03.664286
11045,apavil.ro,60.666668,adequate,5,5,26.40.31,2026-04-02 14:17:50.436196
11046,whitehouse.gov,73.416664,adequate,5,5,26.40.31,2026-04-02 14:18:05.785149
11048,cia.gov,76.65476,good,5,7,26.40.31,2026-04-02 14:18:13.569388
11050,cia.gov,75.47619,good,5,7,26.40.31,2026-04-02 14:18:43.119073
11195,schedule.it-help.tech,80.333336,good,5,4,26.41.04,2026-04-03 07:30:12.247995
11211,patientreminder.com,82.666664,good,5,5,26.41.04,2026-04-03 07:33:59.551812
11212,microsoft.com,85.90476,good,5,7,26.41.04,2026-04-03 07:34:00.250041
11215,me,72.666664,adequate,5,2,26.41.04,2026-04-03 07:34:27.983506
11217,couchmvp.com,77.666664,good,5,2,26.41.04,2026-04-03 07:35:03.330889
11219,whitehouse.gov,76.666664,good,5,5,26.41.04,2026-04-03 07:35:11.198023
11403,cisa.gov,70.5,adequate,5,6,26.41.04,2026-04-03 14:30:48.487342
11404,whitehouse.gov,76.666664,good,5,5,26.41.04,2026-04-03 14:30:52.302413
11405,microsoft.com,83.97619,good,5,7,26.41.04,2026-04-03 14:30:56.538596
11502,surland.de,84.666664,good,5,6,26.41.04,2026-04-04 12:06:26.92054
11654,dnstool.it-help.tech,85.333336,good,5,4,26.41.04,2026-04-04 15:04:05.812511
11696,globalping.io,82.666664,good,5,5,26.41.04,2026-04-05 14:15:13.523472
11708,2911.us,81.333336,good,5,6,26.41.04,2026-04-05 14:16:10.967798
11714,evilhacker.com,70.666664,adequate,5,3,26.41.04,2026-04-05 14:16:54.039675
11854,cool.com,76.666664,good,5,5,26.41.04,2026-04-06 04:19:06.262956
11889,haukeflix.top,79.666664,good,5,6,26.42.01,2026-04-06 12:08:03.839569
11891,spjslatina.ro,68.666664,adequate,5,5,26.42.01,2026-04-06 12:09:29.199184
11938,nlnetlabs.nl,68,adequate,5,6,26.42.12,2026-04-07 04:33:23.697361
11939,nlnetlabs.nl,68,adequate,5,6,26.42.12,2026-04-07 04:34:08.741467
11987,swutch.com,84.666664,good,5,5,26.42.18,2026-04-07 23:13:07.82571
9098,spitalul-municipal-timisoara.ro,66.666664,adequate,5,5,26.38.26,2026-03-24 14:07:15.431558
9105,business29.web-hosting.com,71.333336,adequate,5,1,26.38.26,2026-03-24 14:07:39.94052
9115,spitalmciuc.ro,74.666664,adequate,5,5,26.38.26,2026-03-24 14:08:26.286697
9889,abyt.es,75.333336,good,5,4,26.40.01,2026-03-27 14:25:47.584877
9894,github.com,64.166664,adequate,5,6,26.40.01,2026-03-27 14:26:06.378265
9896,hirt.dev,75.22619,good,5,7,26.40.01,2026-03-27 14:26:15.706541
9901,transbusbuzau.ro,80.666664,good,5,5,26.40.01,2026-03-27 14:26:25.491938
10011,nlnetlabs.nl,68,adequate,5,6,26.40.03,2026-03-28 03:39:43.158931
10012,google.com,68.7619,adequate,5,7,26.40.03,2026-03-28 03:39:43.781458
10018,fluss.top,72.833336,adequate,5,4,26.40.03,2026-03-28 03:41:30.663603
10084,spitalsinaia.ro,74.666664,adequate,5,5,26.40.18,2026-03-28 14:32:42.849542
10088,mtadistributors.com,76.666664,good,5,5,26.40.18,2026-03-28 14:33:21.355882
10095,mtadistributors.com,76.666664,good,5,5,26.40.18,2026-03-28 14:33:49.399089
10100,2911.us,81.333336,good,5,6,26.40.18,2026-03-28 14:34:01.938238
10106,sap.com,71.416664,adequate,5,5,26.40.18,2026-03-28 14:34:18.541881
10110,uke.de,68.666664,adequate,5,6,26.40.18,2026-03-28 14:34:45.222035
10208,google.com,68.7619,adequate,5,7,26.40.19,2026-03-29 14:31:56.529039
10211,nlnetlabs.nl,68,adequate,5,6,26.40.19,2026-03-29 14:32:18.10519
10216,monologue.to,73,adequate,5,6,26.40.19,2026-03-29 14:32:40.86484
10344,play.198119799470.xyz,60.583332,adequate,5,8,26.40.19,2026-03-29 15:46:34.844438
10346,play.198119799470.xyz,59.583332,adequate,5,8,26.40.19,2026-03-29 15:47:36.918838
10366,it-help.tech,80.190475,good,5,7,26.40.19,2026-03-30 02:05:32.450642
10421,isc.org,76.90476,good,5,7,26.40.23,2026-03-30 14:31:29.656718
10570,whitehouse.gov,75.666664,good,5,5,26.40.23,2026-03-30 20:44:00.071493
10669,restretail.com,82.666664,good,5,5,26.40.25,2026-03-31 14:27:36.350838
10671,reconfirm.com,72.666664,adequate,5,5,26.40.25,2026-03-31 14:27:46.837619
10677,oxidesurvival.com,80.666664,good,5,3,26.40.25,2026-03-31 14:28:11.078706
10681,oxidesurvival.com,80.666664,good,5,3,26.40.25,2026-03-31 14:28:41.507271
10682,rocket-hd.cc,80.666664,good,5,5,26.40.25,2026-03-31 14:28:53.157471
10686,oxidesurvival.com,77.333336,good,5,3,26.40.25,2026-03-31 14:29:10.014454
10690,vbabestm.ro,74.666664,adequate,5,5,26.40.25,2026-03-31 14:29:22.281927
10698,vbabestm.ro,74.666664,adequate,5,5,26.40.25,2026-03-31 14:30:23.127537
10705,cnn.com,68.416664,adequate,5,6,26.40.25,2026-03-31 14:30:57.401623
10708,it-help.tech,79.690475,good,5,7,26.40.25,2026-03-31 14:31:10.115187
10851,microsoft.com,83.04762,good,5,7,26.40.29,2026-04-01 14:17:47.481231
10869,spital-breaza.ro,74.666664,adequate,5,5,26.40.29,2026-04-01 14:19:48.273987
10871,civicpermits.com,70.666664,adequate,5,5,26.40.29,2026-04-01 14:19:52.896443
10874,spital-breaza.ro,74.666664,adequate,5,5,26.40.29,2026-04-01 14:20:07.795263
11051,cia.gov,75.22619,good,5,7,26.40.31,2026-04-02 14:19:14.401201
11196,google.com,69.690475,adequate,5,7,26.41.04,2026-04-03 07:30:12.263412
11197,nlnetlabs.nl,68,adequate,5,6,26.41.04,2026-04-03 07:30:13.084501
11200,schedule.it-help.tech,80.333336,good,5,4,26.41.04,2026-04-03 07:30:16.530577
11201,freebsd.org,86.47619,good,5,7,26.41.04,2026-04-03 07:30:18.210061
11412,cia.gov,76.65476,good,5,7,26.41.04,2026-04-03 14:32:03.053743
11503,dispatchgrid.com,82.666664,good,5,5,26.41.04,2026-04-04 12:08:46.55498
11504,198119799470.xyz,76.666664,good,5,5,26.41.04,2026-04-04 12:10:06.11985
11655,schedule.it-help.tech,80.333336,good,5,4,26.41.04,2026-04-04 15:15:05.543728
11656,schedule.it-help.tech,80.333336,good,5,4,26.41.04,2026-04-04 15:15:12.608116
11697,schedule.it-help.tech,80.333336,good,5,4,26.41.04,2026-04-05 14:15:14.275521
11703,wolfintegrated.com,80.666664,good,5,5,26.41.04,2026-04-05 14:15:43.294075
11855,cool.com,74.666664,adequate,5,5,26.41.04,2026-04-06 04:19:29.934887
11856,cool.com,74.666664,adequate,5,5,26.41.04,2026-04-06 04:23:28.524898
11890,jira.sovanta.com,81.333336,good,5,1,26.42.01,2026-04-06 12:08:35.42992
11894,screen.it-help.tech,73.333336,adequate,5,8,26.42.01,2026-04-06 12:11:38.711157
11895,www.franklinroadacademy.com,60.583332,adequate,5,8,26.42.01,2026-04-06 12:12:22.575829
11940,nlnetlabs.nl,68,adequate,5,6,26.42.12,2026-04-07 04:37:55.266992
11988,thehumphries.org,74.666664,adequate,5,5,26.42.18,2026-04-07 23:39:57.935856
9102,omzcloud.vn,71.75,adequate,5,6,26.38.26,2026-03-24 14:07:28.014938
9103,kisa.org.cy,84.666664,good,5,5,26.38.26,2026-03-24 14:07:33.714756
9106,smlugoj.ro,66.666664,adequate,5,5,26.38.26,2026-03-24 14:07:41.501684
9109,spitalcampina.ro,72.666664,adequate,5,5,26.38.26,2026-03-24 14:07:59.513649
9110,omzcloud.vn,68.833336,adequate,5,6,26.38.26,2026-03-24 14:07:59.705596
9114,omzcloud.vn,69.25,adequate,5,6,26.38.26,2026-03-24 14:08:23.511297
9122,spitalgiurgiu.ro,76.666664,good,5,5,26.38.26,2026-03-24 14:11:54.28063
9893,amazon.com,69.416664,adequate,5,5,26.40.01,2026-03-27 14:26:04.051307
10013,it-help.tech,78.7619,good,5,7,26.40.03,2026-03-28 03:40:01.412086
10015,optonline.net,76.666664,good,5,5,26.40.03,2026-03-28 03:40:27.119784
10017,com.au,72.666664,adequate,5,2,26.40.03,2026-03-28 03:41:07.138498
10024,fluss.top,72.833336,adequate,5,4,26.40.03,2026-03-28 03:43:09.82023
10085,spitalulhuedin.ro,74.666664,adequate,5,5,26.40.18,2026-03-28 14:32:53.907978
10087,blauw-survey.com,72.833336,adequate,5,4,26.40.18,2026-03-28 14:33:10.781986
10101,www.cnn.com,60.583332,adequate,5,8,26.40.18,2026-03-28 14:34:02.040963
10102,dispatchgrid.com,82.666664,good,5,5,26.40.18,2026-03-28 14:34:04.791843
10112,uke.de,68.666664,adequate,5,6,26.40.18,2026-03-28 14:35:08.125674
10114,z1mac.com,69.333336,adequate,5,4,26.40.18,2026-03-28 14:35:13.880837
10117,hegel.org,84.666664,good,5,5,26.40.18,2026-03-28 14:35:39.60785
10118,z1mac.com,71.833336,adequate,5,4,26.40.18,2026-03-28 14:35:44.309816
10119,hegel.net,79.666664,good,5,6,26.40.18,2026-03-28 14:35:47.494648
10209,freebsd.org,82.190475,good,5,7,26.40.19,2026-03-29 14:31:58.079109
10231,sportcommunities.group,82.190475,good,5,7,26.40.19,2026-03-29 14:34:03.367777
10235,hosptm.ro,82.666664,good,5,5,26.40.19,2026-03-29 14:34:38.100227
10347,play.198119799470.xyz,60.833332,adequate,5,8,26.40.19,2026-03-29 15:47:38.182321
10367,it-help.tech,80.190475,good,5,7,26.40.19,2026-03-30 02:05:35.411204
10422,spitalcampina.ro,72.666664,adequate,5,5,26.40.23,2026-03-30 14:31:29.876573
10428,www.franklinroadacademy.com,60.583332,adequate,5,8,26.40.23,2026-03-30 14:32:12.559038
10430,rocket-hd.cc,80.666664,good,5,5,26.40.23,2026-03-30 14:32:22.913744
10571,probe-us-02.dns-observe.com,70.666664,adequate,5,3,26.40.23,2026-03-30 21:18:33.994735
10672,civicpermits.com,70.666664,adequate,5,5,26.40.25,2026-03-31 14:27:51.503259
10679,cisa.gov,67,adequate,5,6,26.40.25,2026-03-31 14:28:35.102964
10688,proton.me,77,good,5,6,26.40.25,2026-03-31 14:29:13.888549
10701,fbi.gov,72.36905,adequate,5,7,26.40.25,2026-03-31 14:30:38.414173
10706,fbi.gov,70.940475,adequate,5,7,26.40.25,2026-03-31 14:31:09.423844
10719,nsa.gov,73.416664,adequate,5,5,26.40.25,2026-03-31 14:32:11.00734
10853,migrateproduction.com,72,adequate,5,6,26.40.29,2026-04-01 14:18:06.441633
10860,reconfirm.com,72.666664,adequate,5,5,26.40.29,2026-04-01 14:18:43.256948
10865,hogwarts.steinr.eu,59.833332,adequate,5,8,26.40.29,2026-04-01 14:19:35.546755
10878,usa.gov,70.666664,adequate,5,5,26.40.29,2026-04-01 14:20:41.608876
11052,web3.foundation,76.666664,good,5,5,26.40.31,2026-04-02 14:35:46.957668
11056,ready-method.com,77.666664,good,5,2,26.40.31,2026-04-02 14:36:28.200659
11057,globalping.io,82.666664,good,5,5,26.40.31,2026-04-02 14:36:28.690846
11058,ready-method.com,72.666664,adequate,5,2,26.40.31,2026-04-02 14:36:34.212844
11198,natashabedingfield.com,67.416664,adequate,5,5,26.41.04,2026-04-03 07:30:13.878235
11205,gotuwired.com,78.666664,good,5,5,26.41.04,2026-04-03 07:31:08.14131
11214,insmc.ro,72.666664,adequate,5,5,26.41.04,2026-04-03 07:34:20.915121
11218,poop.com,72.833336,adequate,5,4,26.41.04,2026-04-03 07:35:09.393082
11415,maltejk.de,76.47619,good,5,7,26.41.04,2026-04-03 14:42:36.523523
11416,reconfirm.com,72.666664,adequate,5,5,26.41.04,2026-04-03 14:42:54.746387
11505,ha.198119799470.xyz,61.666668,adequate,5,2,26.41.04,2026-04-04 13:51:43.115417
11506,ha.198119799470.xyz,61.666668,adequate,5,2,26.41.04,2026-04-04 13:52:35.697367
11507,ha.198119799470.xyz,61.666668,adequate,5,2,26.41.04,2026-04-04 13:52:37.228487
11657,civicpermits.com,70.666664,adequate,5,5,26.41.04,2026-04-04 15:20:53.38654
11698,github.com,64.166664,adequate,5,6,26.41.04,2026-04-05 14:15:17.802681
11699,evdnetworks.com,84.666664,good,5,5,26.41.04,2026-04-05 14:15:18.738413
11701,civicpermits.com,72.666664,adequate,5,5,26.41.04,2026-04-05 14:15:26.375262
11857,cool.com,74.666664,adequate,5,5,26.41.04,2026-04-06 04:23:29.128343
11892,natashabedingfield.com,67.666664,adequate,5,5,26.42.01,2026-04-06 12:10:12.476372
11893,schedule.it-help.tech,80.333336,good,5,4,26.42.01,2026-04-06 12:10:32.458363
11941,cia.gov,76.90476,good,5,7,26.42.12,2026-04-07 04:37:59.889891
11989,apple.com,69.7619,adequate,5,7,26.42.19,2026-04-08 00:34:32.236037
11990,oxidesurvival.com,80.666664,good,5,3,26.42.19,2026-04-08 00:36:06.747119
11991,oxidesurvival.com,80.666664,good,5,3,26.42.19,2026-04-08 00:36:48.900753
9104,clinicbilling.com,72.666664,adequate,5,2,26.38.26,2026-03-24 14:07:35.893586
9111,clinicbilling.com,72.666664,adequate,5,2,26.38.26,2026-03-24 14:08:06.272161
9112,whitehouse.gov,75.416664,good,5,5,26.38.26,2026-03-24 14:08:10.65257
9113,business29.web-hosting.com,71.333336,adequate,5,1,26.38.26,2026-03-24 14:08:12.447642
9117,izvoru.ro,78.666664,good,5,5,26.38.26,2026-03-24 14:11:10.046249
9118,spitalsinaia.ro,74.666664,adequate,5,5,26.38.26,2026-03-24 14:11:12.833935
9119,fette-beute.com,79.416664,good,5,5,26.38.26,2026-03-24 14:11:18.768032
9121,atelier13-usa.com,84.666664,good,5,5,26.38.26,2026-03-24 14:11:54.041154
9123,natashabedingfield.co.uk,75.333336,good,5,4,26.38.26,2026-03-24 14:12:11.07443
9124,maltejk.de,76.47619,good,5,7,26.38.26,2026-03-24 14:12:11.667141
9125,fredduval.com,82.666664,good,5,5,26.38.26,2026-03-24 14:12:16.022237
9126,cisa.gov,66.5,adequate,5,6,26.38.26,2026-03-24 14:12:18.101264
9127,spitalsovata.ro,74.666664,adequate,5,5,26.38.26,2026-03-24 14:12:18.596655
9128,atelier13-usa.com,84.666664,good,5,5,26.38.26,2026-03-24 14:12:27.16552
9129,innbn-bucuresti.ro,76.666664,good,5,5,26.38.26,2026-03-24 14:12:33.511356
9130,thehumphries.org,74.666664,adequate,5,5,26.38.26,2026-03-24 14:12:33.95292
9131,maltejk.de,76.47619,good,5,7,26.38.26,2026-03-24 14:12:34.550742
9132,burghele.ro,74.666664,adequate,5,5,26.38.26,2026-03-24 14:12:34.561428
9133,natashabedingfield.co.uk,75.333336,good,5,4,26.38.26,2026-03-24 14:12:41.45774
9134,spitalulorasenescbaicoi.ro,73,adequate,5,6,26.38.26,2026-03-24 14:12:48.49005
9135,fredduval.com,82.666664,good,5,5,26.38.26,2026-03-24 14:12:49.302255
9136,cisa.gov,70.5,adequate,5,6,26.38.26,2026-03-24 14:12:50.385554
9137,atelier13-usa.com,84.666664,good,5,5,26.38.26,2026-03-24 14:12:57.614622
9138,cnn.com,70.083336,adequate,5,6,26.38.26,2026-03-24 14:13:12.214474
9139,kadse.dev,70.666664,adequate,5,3,26.38.26,2026-03-24 14:13:14.486352
9140,sanatoriulbusteni.ro,74.666664,adequate,5,5,26.38.26,2026-03-24 14:13:20.081001
9141,cisa.gov,70.5,adequate,5,6,26.38.26,2026-03-24 14:13:20.967964
9142,sportcommunities.group,82.190475,good,5,7,26.38.26,2026-03-24 14:13:39.275033
9143,cnn.com,68.416664,adequate,5,6,26.38.26,2026-03-24 14:13:41.368543
9144,sanatoriulbusteni.ro,64.666664,adequate,5,5,26.38.26,2026-03-24 14:13:43.97615
9145,cloudflare.com,70.940475,adequate,5,7,26.38.26,2026-03-24 14:13:46.135654
9146,it-help.tech,79.690475,good,5,7,26.38.26,2026-03-24 14:13:50.184259
9147,cia.gov,76.65476,good,5,7,26.38.26,2026-03-24 14:13:58.120656
9148,apple.com,71.190475,adequate,5,7,26.38.26,2026-03-24 14:14:12.13976
9149,it-help.tech,78.440475,good,5,7,26.38.26,2026-03-24 14:14:19.297147
9150,cloudflare.com,70.940475,adequate,5,7,26.38.26,2026-03-24 14:14:21.680162
9151,cia.gov,75.22619,good,5,7,26.38.26,2026-03-24 14:14:30.007129
9152,example.com,71.333336,adequate,5,6,26.38.26,2026-03-24 14:14:32.070383
9153,dnstool.it-help.tech,85.333336,good,5,4,26.38.26,2026-03-24 14:14:32.6315
9154,nsa.gov,75.416664,good,5,5,26.38.26,2026-03-24 14:14:32.888119
9155,amazon.com,69.416664,adequate,5,5,26.38.26,2026-03-24 14:14:35.891776
9156,2911.us,81.333336,good,5,6,26.38.26,2026-03-24 14:14:43.181546
9157,apple.com,75.22619,good,5,7,26.38.26,2026-03-24 14:14:44.648723
9158,dnstool.it-help.tech,85.333336,good,5,4,26.38.26,2026-03-24 14:14:48.667408
9159,cloudflare.com,70.940475,adequate,5,7,26.38.26,2026-03-24 14:14:52.371513
9160,cia.gov,75.22619,good,5,7,26.38.26,2026-03-24 14:14:53.754051
9161,amazon.com,71.416664,adequate,5,5,26.38.26,2026-03-24 14:14:59.47648
9162,example.com,71.333336,adequate,5,6,26.38.26,2026-03-24 14:15:02.571906
9163,microsoft.com,79.690475,good,5,7,26.38.26,2026-03-24 14:15:10.263764
9164,2911.us,81.333336,good,5,6,26.38.26,2026-03-24 14:15:10.532059
9165,apple.com,72.36905,adequate,5,7,26.38.26,2026-03-24 14:15:15.24332
9166,example.com,71.333336,adequate,5,6,26.38.26,2026-03-24 14:15:31.015349
9167,microsoft.com,85.90476,good,5,7,26.38.26,2026-03-24 14:15:32.673941
9168,2911.us,81.333336,good,5,6,26.38.26,2026-03-24 14:15:35.579895
9169,fugro.com,77.666664,good,5,5,26.38.26,2026-03-24 14:22:37.167819
9170,filantropia.ro,68.666664,adequate,5,5,26.38.26,2026-03-24 14:22:53.313483
9171,fugro.com,77.666664,good,5,5,26.38.26,2026-03-24 14:22:57.932817
9172,blauwsurvey.com,82,good,5,6,26.38.26,2026-03-24 14:23:09.36658
9173,filantropia.ro,68.666664,adequate,5,5,26.38.26,2026-03-24 14:23:11.449284
9174,qualysperiscope.com,62.666668,adequate,5,2,26.38.26,2026-03-24 14:23:22.331857
9175,com,72.666664,adequate,5,2,26.38.26,2026-03-24 14:23:27.024061
9176,blauwsurvey.com,82,good,5,6,26.38.26,2026-03-24 14:23:29.21889
9177,raremaps.com,73,adequate,5,6,26.38.26,2026-03-24 14:23:29.493701
9178,purpleflock.com,82.190475,good,5,7,26.38.26,2026-03-24 14:23:45.523392
9179,surland.de,84.666664,good,5,6,26.38.26,2026-03-24 14:23:52.724281
9180,purpleflock.com,82.190475,good,5,7,26.38.26,2026-03-24 14:23:59.528405
9181,mobilecommercepress.com,73,adequate,5,6,26.38.26,2026-03-24 14:24:05.331711
9182,apavil.ro,68.666664,adequate,5,5,26.38.26,2026-03-24 14:24:13.32819
9183,surland.de,84.666664,good,5,6,26.38.26,2026-03-24 14:24:15.362411
9184,blauw.com,79.666664,good,5,5,26.38.26,2026-03-24 14:24:21.401276
9185,mobilecommercepress.com,73,adequate,5,6,26.38.26,2026-03-24 14:24:24.177269
9186,spitalsighet.ro,76.666664,good,5,5,26.38.26,2026-03-24 14:24:27.336218
9187,apavil.ro,68.666664,adequate,5,5,26.38.26,2026-03-24 14:24:43.84503
9188,blauw.com,78.666664,good,5,5,26.38.26,2026-03-24 14:24:53.82308
9189,spitalsighet.ro,76.666664,good,5,5,26.38.26,2026-03-24 14:24:57.856747
9190,apavil.ro,68.666664,adequate,5,5,26.38.26,2026-03-24 14:25:14.296691
9191,blauw.com,79.666664,good,5,5,26.38.26,2026-03-24 14:25:22.329955
9192,hak5.org,72.666664,adequate,5,5,26.38.26,2026-03-24 14:25:24.396119
9193,spitalsighet.ro,76.666664,good,5,5,26.38.26,2026-03-24 14:25:26.400672
9194,cioviews.com,80.666664,good,5,5,26.38.26,2026-03-24 14:25:39.691169
9195,hirt.dev,75.47619,good,5,7,26.38.26,2026-03-24 14:25:43.813776
9196,hortongroup.com,78.666664,good,5,5,26.38.26,2026-03-24 14:25:58.099122
9197,jue.rs,72.833336,adequate,5,4,26.38.26,2026-03-24 14:26:03.830837
9198,cioviews.com,76.666664,good,5,5,26.38.26,2026-03-24 14:26:10.293867
9199,abyt.es,75.333336,good,5,4,26.38.26,2026-03-24 14:26:11.858733
9200,hirt.dev,75.47619,good,5,7,26.38.26,2026-03-24 14:26:12.275724
9201,hortongroup.com,78.666664,good,5,5,26.38.26,2026-03-24 14:26:26.511453
9202,nasa.gov,72,adequate,5,6,26.38.26,2026-03-24 14:26:27.953959
9203,networksolutions.com,75.666664,good,5,5,26.38.26,2026-03-24 14:26:31.946731
9204,jue.rs,72.833336,adequate,5,4,26.38.26,2026-03-24 14:26:32.711068
9209,swutch.com,84.666664,good,5,5,26.38.26,2026-03-24 14:26:49.906244
9230,spital-breaza.ro,74.666664,adequate,5,5,26.38.26,2026-03-24 14:29:23.054436
9231,westbyforcongress.com,80.666664,good,5,5,26.38.26,2026-03-24 14:29:25.041954
9237,github.com,64.666664,adequate,5,6,26.38.26,2026-03-24 14:30:47.339144
9895,abyt.es,75.333336,good,5,4,26.40.01,2026-03-27 14:26:13.046364
9903,sanatoriulbusteni.ro,74.666664,adequate,5,5,26.40.01,2026-03-27 14:26:35.658823
9906,transbusbuzau.ro,80.666664,good,5,5,26.40.01,2026-03-27 14:26:43.194284
9914,spital-breaza.ro,74.666664,adequate,5,5,26.40.01,2026-03-27 14:27:12.214486
9916,sportcommunities.group,82.190475,good,5,7,26.40.01,2026-03-27 14:27:24.153031
9918,meg.abyt.es,71.666664,adequate,5,2,26.40.01,2026-03-27 14:27:32.68924
9920,sportcommunities.group,80.7619,good,5,7,26.40.01,2026-03-27 14:27:35.453921
9921,purpleflock.net,81.190475,good,5,7,26.40.01,2026-03-27 14:27:40.740559
10014,netcloud.ch,76.90476,good,5,7,26.40.03,2026-03-28 03:40:07.951053
10016,raremaps.com,73,adequate,5,6,26.40.03,2026-03-28 03:40:53.169737
10089,couchmvp.com,77.666664,good,5,2,26.40.18,2026-03-28 14:33:25.413115
10090,poop.com,74,adequate,5,3,26.40.18,2026-03-28 14:33:33.323435
10096,whitehouse.gov,76.666664,good,5,5,26.40.18,2026-03-28 14:33:51.032142
10108,sovanta.com,81.666664,good,5,5,26.40.18,2026-03-28 14:34:40.872594
10111,example.com,69.666664,adequate,5,6,26.40.18,2026-03-28 14:34:45.270857
10116,cia.gov,76.90476,good,5,7,26.40.18,2026-03-28 14:35:31.550705
10210,ietf.org,73,adequate,5,6,26.40.19,2026-03-29 14:32:04.141627
10215,apple.com,76.90476,good,5,7,26.40.19,2026-03-29 14:32:35.998113
10219,apple.com,78.333336,good,5,7,26.40.19,2026-03-29 14:32:58.559432
10225,hosptm.ro,82.666664,good,5,5,26.40.19,2026-03-29 14:33:36.962303
10226,hotmail.com,83,good,5,6,26.40.19,2026-03-29 14:33:42.964893
10369,blauw-survey.com,72.833336,adequate,5,4,26.40.19,2026-03-30 02:11:08.753352
10433,franklinroadacademy.com,74.666664,adequate,5,5,26.40.23,2026-03-30 14:36:53.395556
10435,gdcc.com,82.666664,good,5,5,26.40.23,2026-03-30 14:37:40.600836
10438,spitalul-municipal-timisoara.ro,66.666664,adequate,5,5,26.40.23,2026-03-30 14:38:02.706942
10439,pizazzmusiccamp.org,68.666664,adequate,5,5,26.40.23,2026-03-30 14:38:09.967514
10447,pizazzmusiccamp.org,68.666664,adequate,5,5,26.40.23,2026-03-30 14:39:17.295893
10572,hegel.net,79.666664,good,5,6,26.40.23,2026-03-30 23:11:24.268991
10673,hogwarts.steinr.eu,70.833336,adequate,5,8,26.40.25,2026-03-31 14:28:01.492362
10674,spjslatina.ro,68.666664,adequate,5,5,26.40.25,2026-03-31 14:28:04.329524
10685,tesla.com,65.666664,adequate,5,5,26.40.25,2026-03-31 14:29:07.977173
10692,proton.me,77,good,5,6,26.40.25,2026-03-31 14:29:44.388592
10694,cnn.com,68.416664,adequate,5,6,26.40.25,2026-03-31 14:29:58.415447
10702,it-help.tech,79.690475,good,5,7,26.40.25,2026-03-31 14:30:39.058963
10704,raremaps.com,73,adequate,5,6,26.40.25,2026-03-31 14:30:53.431481
10720,kali.org,77.90476,good,5,7,26.40.25,2026-03-31 14:32:15.917771
10721,dnstool.it-help.tech,82.833336,good,5,4,26.40.25,2026-03-31 14:32:24.039163
10854,spitalgiurgiu.ro,74.666664,adequate,5,5,26.40.29,2026-04-01 14:18:12.14622
10857,example.com,73,adequate,5,6,26.40.29,2026-04-01 14:18:20.7483
10858,spitalgiurgiu.ro,74.666664,adequate,5,5,26.40.29,2026-04-01 14:18:24.771639
10859,microsoft.com,83.04762,good,5,7,26.40.29,2026-04-01 14:18:32.655
10867,spjslatina.ro,68.666664,adequate,5,5,26.40.29,2026-04-01 14:19:40.727939
10868,spitalpoianamare.ro,74.666664,adequate,5,5,26.40.29,2026-04-01 14:19:45.482691
10870,westbyforcongress.com,80.666664,good,5,5,26.40.29,2026-04-01 14:19:49.802007
10872,media.g-my.com,61.333332,adequate,5,1,26.40.29,2026-04-01 14:19:53.939942
11053,web3.foundation,74.666664,adequate,5,5,26.40.31,2026-04-02 14:36:08.51139
11055,2911.us,81.333336,good,5,6,26.40.31,2026-04-02 14:36:24.207382
11202,leeashley.net,82.666664,good,5,5,26.41.04,2026-04-03 07:30:39.651806
11208,wiredsd.com,80.666664,good,5,5,26.41.04,2026-04-03 07:31:26.788976
11210,cia.gov,76.90476,good,5,7,26.41.04,2026-04-03 07:31:38.336475
11417,maltejk.de,76.47619,good,5,7,26.41.04,2026-04-03 14:43:05.161215
11425,aither.cc,66.666664,adequate,5,5,26.41.04,2026-04-03 14:43:39.633259
11428,civicpermits.com,70.666664,adequate,5,5,26.41.04,2026-04-03 14:43:49.591917
11434,civicpermits.com,70.666664,adequate,5,5,26.41.04,2026-04-03 14:44:12.500924
11435,tuta.io,73.61905,adequate,5,7,26.41.04,2026-04-03 14:44:16.801984
11463,leeashley.net,82.666664,good,5,5,26.41.04,2026-04-03 14:46:19.095441
11508,spitalsovata.ro,74.666664,adequate,5,5,26.41.04,2026-04-04 14:18:39.095103
11658,civicpermits.com,70.666664,adequate,5,5,26.41.04,2026-04-04 15:21:08.264785
11700,ready-method.com,72.666664,adequate,5,2,26.41.04,2026-04-05 14:15:24.525725
11705,netcloud.ch,76.65476,good,5,7,26.41.04,2026-04-05 14:15:51.26729
11716,uptimerobot.com,75.22619,good,5,7,26.41.04,2026-04-05 14:17:25.614465
11858,yahoo.com,79.7619,good,5,7,26.41.04,2026-04-06 04:42:35.871805
11896,spital-deva.ro,66.666664,adequate,5,5,26.42.01,2026-04-06 12:13:04.599518
11942,nlnetlabs.nl,68,adequate,5,6,26.42.12,2026-04-07 04:38:27.19572
11992,ha.198119799470.xyz,61.666668,adequate,5,2,26.42.19,2026-04-08 00:54:41.060775
9205,1liner.com,78.666664,good,5,5,26.38.26,2026-03-24 14:26:39.870016
9218,bakr.de,69.666664,adequate,5,6,26.38.26,2026-03-24 14:27:26.215322
9226,kali.org,79.333336,good,5,7,26.38.26,2026-03-24 14:27:59.703648
9897,b621.org,60.666668,adequate,5,3,26.40.01,2026-03-27 14:26:15.813744
9898,izvoru.ro,78.666664,good,5,5,26.40.01,2026-03-27 14:26:20.835201
9908,blauwsurvey.com,82,good,5,6,26.40.01,2026-03-27 14:26:52.127699
9917,spital-breaza.ro,74.666664,adequate,5,5,26.40.01,2026-03-27 14:27:30.58274
10019,ietf.org,73,adequate,5,6,26.40.03,2026-03-28 03:41:58.506
10021,nlnetlabs.nl,68,adequate,5,6,26.40.03,2026-03-28 03:42:10.367807
10022,freebsd.org,86.47619,good,5,7,26.40.03,2026-03-28 03:42:27.844514
10025,com.au,72.666664,adequate,5,2,26.40.03,2026-03-28 03:43:15.61303
10091,whitehouse.gov,75.416664,good,5,5,26.40.18,2026-03-28 14:33:33.754177
10093,mobilecommercepress.com,73,adequate,5,6,26.40.18,2026-03-28 14:33:43.361789
10107,www.cnn.com,59.583332,adequate,5,8,26.40.18,2026-03-28 14:34:29.427041
10212,ietf.org,73,adequate,5,6,26.40.19,2026-03-29 14:32:20.501122
10218,item.org,83,good,5,6,26.40.19,2026-03-29 14:32:50.19517
10236,dns-observe.com,80.666664,good,5,5,26.40.19,2026-03-29 14:34:43.063786
10370,fette-beute.com,79.666664,good,5,5,26.40.19,2026-03-30 02:15:40.875612
10434,fette-beute.com,79.666664,good,5,5,26.40.23,2026-03-30 14:37:11.846683
10437,apple.com,75.47619,good,5,7,26.40.23,2026-03-30 14:37:57.353155
10440,screen.it-help.tech,73.333336,adequate,5,8,26.40.23,2026-03-30 14:38:14.465297
10455,amazon.com,71.666664,adequate,5,5,26.40.23,2026-03-30 14:40:52.442112
10457,dnstool.it-help.tech,85.333336,good,5,4,26.40.23,2026-03-30 14:41:03.285152
10465,microsoft.com,81.61905,good,5,7,26.40.23,2026-03-30 14:41:37.298909
10573,hegel.net,79.666664,good,5,6,26.40.23,2026-03-30 23:12:13.718426
10680,tesla.com,65.666664,adequate,5,5,26.40.25,2026-03-31 14:28:39.608544
10687,rocket-hd.cc,78.666664,good,5,5,26.40.25,2026-03-31 14:29:11.009424
10693,vbabestm.ro,74.666664,adequate,5,5,26.40.25,2026-03-31 14:29:54.667789
10697,raremaps.com,73,adequate,5,6,26.40.25,2026-03-31 14:30:22.895985
10699,cnn.com,68.666664,adequate,5,6,26.40.25,2026-03-31 14:30:26.93924
10700,spital-breaza.ro,74.666664,adequate,5,5,26.40.25,2026-03-31 14:30:29.573161
10707,nsa.gov,73.416664,adequate,5,5,26.40.25,2026-03-31 14:31:10.048101
10710,smlugoj.ro,66.666664,adequate,5,5,26.40.25,2026-03-31 14:31:31.438798
10718,microsoft.com,83.97619,good,5,7,26.40.25,2026-03-31 14:32:10.319485
10722,smlugoj.ro,66.666664,adequate,5,5,26.40.25,2026-03-31 14:32:32.383794
10723,microsoft.com,78.2619,good,5,7,26.40.25,2026-03-31 14:32:40.528672
10726,dnstool.it-help.tech,85.333336,good,5,4,26.40.25,2026-03-31 14:32:54.523698
10856,microsoft.com,81.61905,good,5,7,26.40.29,2026-04-01 14:18:16.118822
10864,rocket-hd.cc,80.666664,good,5,5,26.40.29,2026-04-01 14:19:29.041544
10873,hogwarts.steinr.eu,58.833332,adequate,5,8,26.40.29,2026-04-01 14:20:05.933319
10875,westbyforcongress.com,80.666664,good,5,5,26.40.29,2026-04-01 14:20:09.302047
11054,globalping.io,82.666664,good,5,5,26.40.31,2026-04-02 14:36:12.188168
11061,2911.us,81.333336,good,5,6,26.40.31,2026-04-02 14:36:39.689399
11220,getmsg.ai,73,adequate,5,6,26.41.04,2026-04-03 07:35:23.834776
11418,caolt.ro,76.666664,good,5,5,26.41.04,2026-04-03 14:43:09.210455
11422,mercadopago.com,74.333336,adequate,5,6,26.41.04,2026-04-03 14:43:25.388558
11427,mercadopago.com,72.666664,adequate,5,6,26.41.04,2026-04-03 14:43:46.928217
11437,atelier13-usa.com,84.666664,good,5,5,26.41.04,2026-04-03 14:44:35.520142
11443,markphd.me,76.833336,good,5,4,26.41.04,2026-04-03 14:44:57.898164
11445,dnsstuff.com,73.666664,adequate,5,6,26.41.04,2026-04-03 14:44:59.827456
11448,ehmrealty.com,78.666664,good,5,5,26.41.04,2026-04-03 14:45:16.034764
11451,izvoru.ro,78.666664,good,5,5,26.41.04,2026-04-03 14:45:26.358769
11453,dnsstuff.com,73.666664,adequate,5,6,26.41.04,2026-04-03 14:45:30.281289
11460,gotuwired.com,80.666664,good,5,5,26.41.04,2026-04-03 14:45:58.834024
11509,nlnetlabs.nl,68,adequate,5,6,26.41.04,2026-04-04 14:29:41.639822
11511,freebsd.org,83.61905,good,5,7,26.41.04,2026-04-04 14:29:45.227639
11512,ietf.org,73,adequate,5,6,26.41.04,2026-04-04 14:29:47.212561
11514,ietf.org,73,adequate,5,6,26.41.04,2026-04-04 14:29:59.929588
11515,rg443.click,71.833336,adequate,5,4,26.41.04,2026-04-04 14:30:00.788577
11521,spitalsovata.ro,74.666664,adequate,5,5,26.41.04,2026-04-04 14:30:37.284287
11522,reconfirm.com,72.666664,adequate,5,5,26.41.04,2026-04-04 14:30:38.734314
11540,jira.sovanta.com,81.333336,good,5,1,26.41.04,2026-04-04 14:33:20.53095
11702,insmc.ro,80.666664,good,5,5,26.41.04,2026-04-05 14:15:41.600039
11710,westcappowerequipment.com,80.666664,good,5,5,26.41.04,2026-04-05 14:16:15.130882
11711,evdnetworks.com,78.666664,good,5,5,26.41.04,2026-04-05 14:16:16.017212
11713,gotuwired.com,78.666664,good,5,5,26.41.04,2026-04-05 14:16:48.02389
11859,yahoo.com,78.333336,good,5,7,26.41.04,2026-04-06 04:42:58.280668
11897,spital-breaza.ro,74.666664,adequate,5,5,26.42.01,2026-04-06 12:13:47.475922
11943,cia.gov,76.90476,good,5,7,26.42.12,2026-04-07 04:38:48.205621
11993,whitehouse.gov,76.666664,good,5,5,26.42.19,2026-04-08 03:13:27.36616
9206,abyt.es,75.333336,good,5,4,26.38.26,2026-03-24 14:26:42.323417
9210,hortongroup.com,78.666664,good,5,5,26.38.26,2026-03-24 14:26:56.985387
9225,swutch.com,84.666664,good,5,5,26.38.26,2026-03-24 14:27:57.252269
9227,monologue.to,73,adequate,5,6,26.38.26,2026-03-24 14:28:17.139751
9899,blauwsurvey.com,81.75,good,5,6,26.40.01,2026-03-27 14:26:21.746698
9912,meg.abyt.es,71.666664,adequate,5,2,26.40.01,2026-03-27 14:27:04.202982
9915,blauwsurvey.com,82,good,5,6,26.40.01,2026-03-27 14:27:23.520088
9919,purpleflock.net,79.7619,good,5,7,26.40.01,2026-03-27 14:27:34.244745
10020,com.au,72.666664,adequate,5,2,26.40.03,2026-03-28 03:41:59.825693
10026,com.au,72.666664,adequate,5,2,26.40.03,2026-03-28 03:44:19.540788
10092,blauw-survey.com,72.833336,adequate,5,4,26.40.18,2026-03-28 14:33:36.260926
10103,mobilecommercepress.com,73,adequate,5,6,26.40.18,2026-03-28 14:34:06.00812
10104,blauw-survey.com,72.833336,adequate,5,4,26.40.18,2026-03-28 14:34:06.125897
10105,poop.com,70.666664,adequate,5,3,26.40.18,2026-03-28 14:34:08.865694
10213,google.com,68.7619,adequate,5,7,26.40.19,2026-03-29 14:32:21.302141
10220,anva.ch,85.04762,good,5,7,26.40.19,2026-03-29 14:33:13.908374
10224,github.com,72.666664,adequate,5,6,26.40.19,2026-03-29 14:33:31.840417
10230,spitalulorasenescbaicoi.ro,73,adequate,5,6,26.40.19,2026-03-29 14:33:54.752723
10371,it-help.tech,78.7619,good,5,7,26.40.19,2026-03-30 02:19:22.11131
10436,screen.it-help.tech,73.333336,adequate,5,8,26.40.23,2026-03-30 14:37:47.425406
10441,apple.com,71.190475,adequate,5,7,26.40.23,2026-03-30 14:38:27.7862
10444,smlugoj.ro,66.666664,adequate,5,5,26.40.23,2026-03-30 14:38:42.253675
10450,cloudflare.com,71.190475,adequate,5,7,26.40.23,2026-03-30 14:40:24.003307
10453,fbi.gov,72.61905,adequate,5,7,26.40.23,2026-03-30 14:40:33.192441
10574,spitalmoldovanoua.ro,74.666664,adequate,5,5,26.40.23,2026-03-31 01:15:06.716563
10711,raremaps.com,73,adequate,5,6,26.40.25,2026-03-31 14:31:31.923135
10861,sovanta.com,81.666664,good,5,5,26.40.29,2026-04-01 14:18:45.140591
10862,hogwarts.steinr.eu,59.333332,adequate,5,5,26.40.29,2026-04-01 14:19:03.953586
10866,usa.gov,72.666664,adequate,5,5,26.40.29,2026-04-01 14:19:40.545563
11059,squareup.com,65.666664,adequate,5,5,26.40.31,2026-04-02 14:36:34.273179
11221,couchmvp.com,72.666664,adequate,5,2,26.41.04,2026-04-03 07:35:25.234196
11227,spital-izvoru.ro,76.666664,good,5,5,26.41.04,2026-04-03 07:35:54.830599
11419,reconfirm.com,72.666664,adequate,5,5,26.41.04,2026-04-03 14:43:11.727889
11421,maltejk.de,75.04762,good,5,7,26.41.04,2026-04-03 14:43:25.044855
11424,caolt.ro,76.666664,good,5,5,26.41.04,2026-04-03 14:43:37.464547
11430,aither.cc,66.666664,adequate,5,5,26.41.04,2026-04-03 14:43:58.991246
11436,den9s.dk,65.333336,adequate,5,4,26.41.04,2026-04-03 14:44:35.371933
11441,neildegrassetyson.com,74,adequate,5,3,26.41.04,2026-04-03 14:44:54.314025
11459,izvoru.ro,78.666664,good,5,5,26.41.04,2026-04-03 14:45:56.822851
11462,dnsstuff.com,73.666664,adequate,5,6,26.41.04,2026-04-03 14:46:00.857689
11465,schedule.it-help.tech,80.333336,good,5,4,26.41.04,2026-04-03 14:46:52.094231
11510,google.com,70.190475,adequate,5,7,26.41.04,2026-04-04 14:29:43.587456
11513,google.com,70.190475,adequate,5,7,26.41.04,2026-04-04 14:29:57.30513
11519,maltejk.de,76.47619,good,5,7,26.41.04,2026-04-04 14:30:23.586954
11538,198119799470.xyz,76.666664,good,5,5,26.41.04,2026-04-04 14:32:48.792839
11539,jira.sovanta.com,81.333336,good,5,1,26.41.04,2026-04-04 14:32:52.01786
11707,leeashley.net,82.666664,good,5,5,26.41.04,2026-04-05 14:15:54.183666
11717,uptimerobot.com,73.79762,adequate,5,7,26.41.04,2026-04-05 14:17:56.075796
11723,openai.com,68.666664,adequate,5,6,26.41.04,2026-04-05 14:20:39.502802
11860,yahoo.com,79.7619,good,5,7,26.41.04,2026-04-06 04:49:56.971712
11898,leidos.com,73.666664,adequate,5,6,26.42.01,2026-04-06 12:34:00.282977
11944,cia.gov,75.47619,good,5,7,26.42.12,2026-04-07 04:38:54.179238
11945,nlnetlabs.nl,68,adequate,5,6,26.42.12,2026-04-07 04:40:16.650486
11946,cia.gov,75.47619,good,5,7,26.42.12,2026-04-07 04:40:17.102446
11947,cia.gov,75.47619,good,5,7,26.42.12,2026-04-07 04:40:17.575896
9207,cioviews.com,78.666664,good,5,5,26.38.26,2026-03-24 14:26:42.647319
9214,1liner.com,78.666664,good,5,5,26.38.26,2026-03-24 14:27:10.405998
9215,abyt.es,75.333336,good,5,4,26.38.26,2026-03-24 14:27:12.757548
9216,monologue.to,73,adequate,5,6,26.38.26,2026-03-24 14:27:16.144994
9219,kali.org,79.333336,good,5,7,26.38.26,2026-03-24 14:27:29.234712
9221,networksolutions.com,73.666664,adequate,5,5,26.38.26,2026-03-24 14:27:32.782884
9222,1liner.com,78.666664,good,5,5,26.38.26,2026-03-24 14:27:40.829296
9902,meg.abyt.es,71.416664,adequate,5,2,26.40.01,2026-03-27 14:26:33.792918
9907,spital-breaza.ro,74.666664,adequate,5,5,26.40.01,2026-03-27 14:26:43.705955
9910,sportcommunities.group,82.190475,good,5,7,26.40.01,2026-03-27 14:26:55.67501
10023,google.com,70.190475,adequate,5,7,26.40.03,2026-03-28 03:42:41.033767
10098,sap.com,69.416664,adequate,5,5,26.40.18,2026-03-28 14:33:59.736637
10099,poop.com,74,adequate,5,3,26.40.18,2026-03-28 14:34:01.791603
10121,steinr.eu,72,adequate,5,6,26.40.18,2026-03-28 14:36:02.759938
10125,netcloud.ch,76.90476,good,5,7,26.40.18,2026-03-28 14:37:26.066122
10214,freebsd.org,83.61905,good,5,7,26.40.19,2026-03-29 14:32:22.181529
10222,microsoft.com,80.190475,good,5,7,26.40.19,2026-03-29 14:33:24.745958
10223,sap.com,73.666664,adequate,5,5,26.40.19,2026-03-29 14:33:28.415347
10228,hortongroup.com,78.666664,good,5,5,26.40.19,2026-03-29 14:33:47.297968
10232,gmg-attendorn.de,82.666664,good,5,5,26.40.19,2026-03-29 14:34:04.500294
10233,hosptm.ro,82.666664,good,5,5,26.40.19,2026-03-29 14:34:06.860123
10234,www.cnn.com,60.833332,adequate,5,8,26.40.19,2026-03-29 14:34:26.498912
10241,www.cnn.com,60.583332,adequate,5,8,26.40.19,2026-03-29 14:35:30.47523
10372,it-help.tech,80.190475,good,5,7,26.40.19,2026-03-30 02:23:38.520511
10442,tuta.io,73.61905,adequate,5,7,26.40.23,2026-03-30 14:38:32.620502
10448,example.com,71.333336,adequate,5,6,26.40.23,2026-03-30 14:39:51.238449
10458,nsa.gov,75.666664,good,5,5,26.40.23,2026-03-30 14:41:10.166916
10460,amazon.com,71.666664,adequate,5,5,26.40.23,2026-03-30 14:41:21.374012
10462,cloudflare.com,71.190475,adequate,5,7,26.40.23,2026-03-30 14:41:26.861955
10463,2911.us,79.666664,good,5,6,26.40.23,2026-03-30 14:41:30.003909
10575,amazon.com,69.666664,adequate,5,5,26.40.23,2026-03-31 02:05:05.975652
10712,microsoft.com,81.11905,good,5,7,26.40.25,2026-03-31 14:31:40.443958
10716,kali.org,79.333336,good,5,7,26.40.25,2026-03-31 14:31:44.58581
10717,smlugoj.ro,66.666664,adequate,5,5,26.40.25,2026-03-31 14:32:01.878613
10729,mtadistributors.com,76.666664,good,5,5,26.40.25,2026-03-31 14:33:04.280921
10733,dnsstuff.com,73.416664,adequate,5,6,26.40.25,2026-03-31 14:33:22.401554
10736,den9s.dk,65.333336,adequate,5,4,26.40.25,2026-03-31 14:33:29.586699
10738,mtadistributors.com,74.666664,adequate,5,5,26.40.25,2026-03-31 14:33:34.726144
10741,fredduval.com,82.666664,good,5,5,26.40.25,2026-03-31 14:33:48.680293
10747,aither.cc,66.666664,adequate,5,5,26.40.25,2026-03-31 14:34:15.04452
10748,fredduval.com,82.666664,good,5,5,26.40.25,2026-03-31 14:34:19.415353
10749,dnsstuff.com,73.666664,adequate,5,6,26.40.25,2026-03-31 14:34:23.575677
10863,restretail.com,82.666664,good,5,5,26.40.29,2026-04-01 14:19:12.885423
10876,usa.gov,70.666664,adequate,5,5,26.40.29,2026-04-01 14:20:10.968676
10877,media.g-my.com,61.333332,adequate,5,1,26.40.29,2026-04-01 14:20:12.180716
10879,apple.com,72.61905,adequate,5,7,26.40.29,2026-04-01 14:23:25.922731
11060,cisa.gov,71,adequate,5,6,26.40.31,2026-04-02 14:36:36.411479
11222,cisa.gov,70.5,adequate,5,6,26.41.04,2026-04-03 07:35:27.346148
11231,swutch.com,84.666664,good,5,5,26.41.04,2026-04-03 07:36:03.762022
11232,apavil.ro,70.666664,adequate,5,5,26.41.04,2026-04-03 07:36:05.724855
11420,civicpermits.com,70.666664,adequate,5,5,26.41.04,2026-04-03 14:43:21.119061
11423,dns-observe.com,80.666664,good,5,5,26.41.04,2026-04-03 14:43:35.471395
11438,ehmrealty.com,78.666664,good,5,5,26.41.04,2026-04-03 14:44:45.637064
11440,fredduval.com,82.666664,good,5,5,26.41.04,2026-04-03 14:44:53.781007
11442,izvoru.ro,78.666664,good,5,5,26.41.04,2026-04-03 14:44:55.83989
11444,wiredsd.com,80.666664,good,5,5,26.41.04,2026-04-03 14:44:59.092483
11447,den9s.dk,60.333332,adequate,5,4,26.41.04,2026-04-03 14:45:06.173052
11449,tuta.io,73.61905,adequate,5,7,26.41.04,2026-04-03 14:45:18.160424
11456,ehmrealty.com,78.666664,good,5,5,26.41.04,2026-04-03 14:45:46.523519
11464,schedule.it-help.tech,80.333336,good,5,4,26.41.04,2026-04-03 14:46:21.599927
11516,nlnetlabs.nl,68,adequate,5,6,26.41.04,2026-04-04 14:30:03.248088
11518,freebsd.org,86.47619,good,5,7,26.41.04,2026-04-04 14:30:08.834246
11523,markphd.me,76.833336,good,5,4,26.41.04,2026-04-04 14:31:09.523978
11525,kadse.dev,70.666664,adequate,5,3,26.41.04,2026-04-04 14:31:10.590675
11718,cia.gov,76.90476,good,5,7,26.41.04,2026-04-05 14:20:13.997159
11725,cloudflare.com,69.7619,adequate,5,7,26.41.04,2026-04-05 14:20:56.015912
11727,cloudflare.com,71.190475,adequate,5,7,26.41.04,2026-04-05 14:21:26.715411
11737,cisa.gov,70.5,adequate,5,6,26.41.04,2026-04-05 14:22:48.795961
11747,ifacforl.ro,68.666664,adequate,5,5,26.41.04,2026-04-05 14:23:22.245088
11861,yahoo.com,76.90476,good,5,7,26.41.04,2026-04-06 04:49:57.211329
11899,leidos.com,73.666664,adequate,5,6,26.42.01,2026-04-06 12:34:20.722572
11948,red.com,72.666664,adequate,5,6,26.42.12,2026-04-07 04:45:19.263483
9208,hirt.dev,74.04762,adequate,5,7,26.38.26,2026-03-24 14:26:42.74267
9211,nasa.gov,75.333336,good,5,6,26.38.26,2026-03-24 14:26:59.871279
9212,networksolutions.com,73.666664,adequate,5,5,26.38.26,2026-03-24 14:27:02.331142
9217,swutch.com,84.666664,good,5,5,26.38.26,2026-03-24 14:27:20.616413
9223,monologue.to,73,adequate,5,6,26.38.26,2026-03-24 14:27:46.633369
9904,hirt.dev,75.47619,good,5,7,26.40.01,2026-03-27 14:26:37.017655
9905,rg443.click,71.833336,adequate,5,4,26.40.01,2026-03-27 14:26:42.243716
9909,sanatoriulbusteni.ro,74.666664,adequate,5,5,26.40.01,2026-03-27 14:26:53.67811
9911,fbi.gov,72.61905,adequate,5,7,26.40.01,2026-03-27 14:26:59.260082
10027,it-help.tech,77.333336,good,5,7,26.40.05,2026-03-28 04:00:34.742784
10109,z1mac.com,71.833336,adequate,5,4,26.40.18,2026-03-28 14:34:43.505143
10120,cia.gov,75.47619,good,5,7,26.40.18,2026-03-28 14:35:52.560517
10122,gmg-attendorn.de,82.666664,good,5,5,26.40.18,2026-03-28 14:36:05.09454
10123,bakr.de,69.666664,adequate,5,6,26.40.18,2026-03-28 14:36:05.302186
10124,kali.org,79.333336,good,5,7,26.40.18,2026-03-28 14:36:12.897031
10126,netcloud.ch,76.90476,good,5,7,26.40.18,2026-03-28 14:37:53.895483
10217,hortongroup.com,78.666664,good,5,5,26.40.19,2026-03-29 14:32:48.202369
10373,apple.com,73.79762,adequate,5,7,26.40.19,2026-03-30 02:26:43.777651
10443,pizazzmusiccamp.org,68.666664,adequate,5,5,26.40.23,2026-03-30 14:38:40.771285
10451,cia.gov,76.90476,good,5,7,26.40.23,2026-03-30 14:40:25.074044
10454,microsoft.com,81.61905,good,5,7,26.40.23,2026-03-30 14:40:45.967643
10456,cloudflare.com,71.190475,adequate,5,7,26.40.23,2026-03-30 14:40:56.424555
10467,openai.com,68.666664,adequate,5,6,26.40.23,2026-03-30 14:41:54.819587
10576,amazon.com,73.666664,adequate,5,5,26.40.23,2026-03-31 02:05:55.600432
10714,fbi.gov,72.36905,adequate,5,7,26.40.25,2026-03-31 14:31:40.684885
10728,spital-izvoru.ro,74.666664,adequate,5,5,26.40.25,2026-03-31 14:33:00.281531
10739,leeashley.com,80.333336,good,5,4,26.40.25,2026-03-31 14:33:40.736235
10742,dnsstuff.com,73.666664,adequate,5,6,26.40.25,2026-03-31 14:33:53.176915
10745,mtadistributors.com,76.666664,good,5,5,26.40.25,2026-03-31 14:34:05.2343
10746,leeashley.com,80.333336,good,5,4,26.40.25,2026-03-31 14:34:11.722917
10880,ibm.com,67,adequate,5,6,26.40.29,2026-04-01 14:23:34.661055
10884,github.com,67,adequate,5,6,26.40.29,2026-04-01 14:24:26.636976
11062,netcloud.ch,76.90476,good,5,7,26.40.31,2026-04-02 14:36:53.354645
11223,2911.us,81.333336,good,5,6,26.41.04,2026-04-03 07:35:29.352073
11226,getmsg.ai,73,adequate,5,6,26.41.04,2026-04-03 07:35:51.916128
11426,dns-observe.com,80.666664,good,5,5,26.41.04,2026-04-03 14:43:40.045391
11429,benav.cc,77.666664,good,5,2,26.41.04,2026-04-03 14:43:55.796013
11431,caolt.ro,76.666664,good,5,5,26.41.04,2026-04-03 14:44:02.877615
11432,den9s.dk,65.333336,adequate,5,4,26.41.04,2026-04-03 14:44:04.702437
11433,benav.cc,77.666664,good,5,2,26.41.04,2026-04-03 14:44:11.227264
11446,atelier13-usa.com,84.666664,good,5,5,26.41.04,2026-04-03 14:45:04.107474
11517,misconfigured.com,77.333336,good,5,3,26.41.04,2026-04-04 14:30:06.103484
11529,198119799470.xyz,76.666664,good,5,5,26.41.04,2026-04-04 14:31:47.943627
11719,apple.com,72.36905,adequate,5,7,26.41.04,2026-04-05 14:20:17.104847
11728,cloudflare.com,71.190475,adequate,5,7,26.41.04,2026-04-05 14:21:57.166524
11729,dnstool.it-help.tech,85.333336,good,5,4,26.41.04,2026-04-05 14:22:09.433021
11738,dnstool.it-help.tech,85.333336,good,5,4,26.41.04,2026-04-05 14:22:51.349115
11740,nsfnow.com,80.666664,good,5,5,26.41.04,2026-04-05 14:22:59.046972
11743,apavil.ro,58.666668,adequate,5,5,26.41.04,2026-04-05 14:23:13.027362
11862,atelier13-usa.com,84.666664,good,5,5,26.41.04,2026-04-06 05:02:44.032213
11900,leidos.com,73.666664,adequate,5,6,26.42.01,2026-04-06 12:35:07.590386
11901,leidos.com,73.666664,adequate,5,6,26.42.01,2026-04-06 12:35:09.349519
11949,nlnetlabs.nl,68,adequate,5,6,26.42.12,2026-04-07 04:48:26.969485
9213,jue.rs,71.833336,adequate,5,4,26.38.26,2026-03-24 14:27:02.699312
9220,nasa.gov,75.333336,good,5,6,26.38.26,2026-03-24 14:27:30.375349
9224,bakr.de,69.666664,adequate,5,6,26.38.26,2026-03-24 14:27:56.660282
9228,bakr.de,69.666664,adequate,5,6,26.38.26,2026-03-24 14:28:27.068666
9229,kali.org,76.47619,good,5,7,26.38.26,2026-03-24 14:28:30.537927
9232,openai.com,70.333336,adequate,5,6,26.38.26,2026-03-24 14:29:29.653486
9233,openai.com,70.333336,adequate,5,6,26.38.26,2026-03-24 14:29:50.54515
9234,ibm.com,67,adequate,5,6,26.38.26,2026-03-24 14:29:58.242684
9235,ibm.com,71,adequate,5,6,26.38.26,2026-03-24 14:30:30.696959
9236,github.com,72.666664,adequate,5,6,26.38.26,2026-03-24 14:30:34.310682
9238,ibm.com,65.333336,adequate,5,6,26.38.26,2026-03-24 14:31:03.079101
9239,web-hosting.com,74.666664,adequate,5,5,26.38.26,2026-03-24 14:36:46.257708
9240,web-hosting.com,74.666664,adequate,5,5,26.38.26,2026-03-24 14:37:12.134936
9241,contractvault.com,72.833336,adequate,5,4,26.38.26,2026-03-24 14:41:33.68275
9242,schedule.it-help.tech,80.333336,good,5,4,26.38.26,2026-03-24 14:41:36.012364
9243,weather.gov,67.666664,adequate,5,5,26.38.26,2026-03-24 14:41:53.721161
9244,schedule.it-help.tech,80.333336,good,5,4,26.38.26,2026-03-24 14:41:54.205193
9245,www.mercadopago.com,59.333332,adequate,5,8,26.38.26,2026-03-24 14:42:01.997403
9246,contractvault.com,72.833336,adequate,5,4,26.38.26,2026-03-24 14:42:07.470334
9247,weather.gov,67.416664,adequate,5,5,26.38.26,2026-03-24 14:42:13.274948
9248,www.mercadopago.com,58.083332,adequate,5,8,26.38.26,2026-03-24 14:42:25.993521
9249,contractvault.com,72.833336,adequate,5,4,26.38.26,2026-03-24 14:42:38.087709
9250,dispatchgrid.com,82.666664,good,5,5,26.38.26,2026-03-24 14:54:28.13208
9251,dispatchgrid.com,82.666664,good,5,5,26.38.26,2026-03-24 14:54:42.949146
9252,izvoru.ro,76.666664,good,5,5,26.38.26,2026-03-24 14:58:06.539449
9253,spitalsinaia.ro,74.666664,adequate,5,5,26.38.26,2026-03-24 14:58:13.024368
9254,spitalulhuedin.ro,76.666664,good,5,5,26.38.26,2026-03-24 14:58:18.914293
9255,binaryflix.space,77.333336,good,5,3,26.38.26,2026-03-24 16:12:32.631774
9256,contractvault.com,72.833336,adequate,5,4,26.38.26,2026-03-24 16:14:39.171183
9257,weather.gov,69.666664,adequate,5,5,26.38.26,2026-03-24 18:09:47.862182
9258,freebsd.org,86.47619,good,5,7,26.38.26,2026-03-24 18:24:00.585962
9259,omniware.de,69.666664,adequate,5,6,26.38.26,2026-03-24 19:29:57.39325
9260,omniware.de,69.666664,adequate,5,6,26.38.26,2026-03-24 19:31:55.235268
9261,omniware.de,69.666664,adequate,5,6,26.38.26,2026-03-24 19:32:55.629561
9262,omniware.de,69.666664,adequate,5,6,26.38.26,2026-03-24 19:33:13.046723
9263,omniware.de,69.666664,adequate,5,6,26.38.26,2026-03-24 19:33:38.676685
9264,omniware.de,69.666664,adequate,5,6,26.38.26,2026-03-24 19:34:12.367442
9265,omniware.de,69.666664,adequate,5,6,26.38.26,2026-03-24 19:34:41.559273
9266,omniware.de,69.666664,adequate,5,6,26.38.26,2026-03-24 19:35:15.175808
9267,google.com,68.7619,adequate,5,7,26.38.26,2026-03-24 19:36:18.452847
9268,ietf.org,73,adequate,5,6,26.38.26,2026-03-24 19:36:23.720734
9269,freebsd.org,86.47619,good,5,7,26.38.26,2026-03-24 19:36:45.840316
9270,kali.org,79.333336,good,5,7,26.38.26,2026-03-24 19:51:59.316637
9271,hortongroup.com,78.666664,good,5,5,26.38.26,2026-03-24 19:52:48.599899
9272,westcappowerequipment.com,80.666664,good,5,5,26.38.26,2026-03-24 19:52:49.703896
9273,kali.org,79.333336,good,5,7,26.38.26,2026-03-24 21:27:57.232945
9274,abyt.es,75.333336,good,5,4,26.38.26,2026-03-24 21:28:20.826615
9275,spital-izvoru.ro,74.666664,adequate,5,5,26.38.26,2026-03-24 21:28:29.166997
9276,couchmvp.com,77.666664,good,5,2,26.38.26,2026-03-24 21:56:07.941714
9277,ietf.org,73,adequate,5,6,26.38.26,2026-03-24 22:33:51.754618
9278,ietf.org,71.333336,adequate,5,6,26.38.26,2026-03-24 22:33:56.776764
9279,freebsd.org,86.47619,good,5,7,26.38.26,2026-03-24 22:33:57.175898
9280,nlnetlabs.nl,68,adequate,5,6,26.38.26,2026-03-24 22:33:58.181063
9281,google.com,70.190475,adequate,5,7,26.38.26,2026-03-24 22:33:59.005671
9282,ietf.org,73,adequate,5,6,26.38.26,2026-03-24 22:33:59.963154
9283,nlnetlabs.nl,68,adequate,5,6,26.38.26,2026-03-24 22:34:01.876164
9284,freebsd.org,86.47619,good,5,7,26.38.26,2026-03-24 22:34:03.154261
9285,ietf.org,73,adequate,5,6,26.38.26,2026-03-24 22:34:04.651826
9286,google.com,69.690475,adequate,5,7,26.38.26,2026-03-24 22:34:05.212416
9287,nlnetlabs.nl,68,adequate,5,6,26.38.26,2026-03-24 22:34:05.915093
9288,freebsd.org,85.22619,good,5,7,26.38.26,2026-03-24 22:34:06.24156
9289,ietf.org,71.333336,adequate,5,6,26.38.26,2026-03-24 22:34:07.067988
9290,google.com,69.690475,adequate,5,7,26.38.26,2026-03-24 22:34:07.267565
9291,nlnetlabs.nl,68,adequate,5,6,26.38.26,2026-03-24 22:34:07.657563
9292,freebsd.org,83.61905,good,5,7,26.38.26,2026-03-24 22:34:08.192806
9293,google.com,69.690475,adequate,5,7,26.38.26,2026-03-24 22:34:09.968572
9294,ietf.org,71.333336,adequate,5,6,26.38.26,2026-03-24 22:34:10.237617
9295,nlnetlabs.nl,68,adequate,5,6,26.38.26,2026-03-24 22:34:10.257988
9296,nlnetlabs.nl,66.75,adequate,5,6,26.38.26,2026-03-24 22:34:10.786045
9297,freebsd.org,83.61905,good,5,7,26.38.26,2026-03-24 22:34:10.977927
9298,google.com,69.690475,adequate,5,7,26.38.26,2026-03-24 22:34:12.633684
9299,freebsd.org,86.47619,good,5,7,26.38.26,2026-03-24 22:34:17.016616
9300,ietf.org,71.333336,adequate,5,6,26.38.26,2026-03-24 22:34:17.557223
9301,nlnetlabs.nl,68,adequate,5,6,26.38.26,2026-03-24 22:34:18.078627
9302,freebsd.org,86.47619,good,5,7,26.38.26,2026-03-24 22:34:18.657538
9303,google.com,68.2619,adequate,5,7,26.38.26,2026-03-24 22:34:18.718434
9304,nlnetlabs.nl,68,adequate,5,6,26.38.26,2026-03-24 22:34:20.695963
9305,ietf.org,71.333336,adequate,5,6,26.38.26,2026-03-24 22:34:21.118471
9306,google.com,68.2619,adequate,5,7,26.38.26,2026-03-24 22:34:22.209739
9307,freebsd.org,85.04762,good,5,7,26.38.26,2026-03-24 22:34:22.53387
9308,ietf.org,70.083336,adequate,5,6,26.38.26,2026-03-24 22:34:23.389332
9309,freebsd.org,86.47619,good,5,7,26.38.26,2026-03-24 22:34:24.801559
9310,google.com,68.2619,adequate,5,7,26.38.26,2026-03-24 22:34:25.073519
9311,ietf.org,71.333336,adequate,5,6,26.38.26,2026-03-24 22:34:26.290585
9312,ietf.org,71.333336,adequate,5,6,26.38.26,2026-03-24 22:34:34.159969
9313,google.com,68.2619,adequate,5,7,26.38.26,2026-03-24 22:34:40.815915
9314,nlnetlabs.nl,68,adequate,5,6,26.38.26,2026-03-24 22:34:41.294004
9315,freebsd.org,86.47619,good,5,7,26.38.26,2026-03-24 22:34:41.426328
9316,nlnetlabs.nl,68,adequate,5,6,26.38.26,2026-03-24 22:34:42.01685
9317,ietf.org,71.333336,adequate,5,6,26.38.26,2026-03-24 22:34:43.203569
9318,google.com,68.2619,adequate,5,7,26.38.26,2026-03-24 22:34:43.808729
9326,google.com,68.2619,adequate,5,7,26.38.26,2026-03-24 22:34:48.224804
9341,kali.org,76.47619,good,5,7,26.38.26,2026-03-24 22:35:08.757038
9344,abyt.es,74.083336,adequate,5,4,26.38.26,2026-03-24 22:35:16.239834
9349,omniware.de,71.333336,adequate,5,6,26.38.26,2026-03-24 22:35:25.009783
9352,westcappowerequipment.com,80.666664,good,5,5,26.38.26,2026-03-24 22:35:29.137935
9355,westcappowerequipment.com,80.666664,good,5,5,26.38.26,2026-03-24 22:35:35.077823
9365,weather.gov,67.416664,adequate,5,5,26.38.26,2026-03-24 22:35:49.419452
9390,spitalmciuc.ro,73.416664,adequate,5,5,26.38.26,2026-03-24 22:36:38.855796
9405,glendun.com.au,82.666664,good,5,5,26.38.26,2026-03-24 22:36:55.94359
9407,binaryflix.space,77.333336,good,5,3,26.38.26,2026-03-24 22:36:56.590115
9436,hak5.org,72.666664,adequate,5,5,26.38.26,2026-03-24 22:37:38.276761
9440,blauwsurvey.com,81.75,good,5,6,26.38.26,2026-03-24 22:38:00.222508
9441,poop.com,74,adequate,5,3,26.38.26,2026-03-24 22:38:01.66363
9913,purpleflock.net,81.190475,good,5,7,26.40.01,2026-03-27 14:27:05.845468
10028,it-help.tech,78.7619,good,5,7,26.40.08,2026-03-28 04:30:17.810579
10113,fredduval.com,82.666664,good,5,5,26.40.18,2026-03-28 14:35:08.764626
10115,nsa.gov,75.666664,good,5,5,26.40.18,2026-03-28 14:35:22.296957
10221,hortongroup.com,78.666664,good,5,5,26.40.19,2026-03-29 14:33:17.175826
10227,psihiatrietulghes.ro,74.666664,adequate,5,5,26.40.19,2026-03-29 14:33:47.292561
10229,github.com,69.333336,adequate,5,6,26.40.19,2026-03-29 14:33:50.165704
10239,www.cnn.com,59.333332,adequate,5,8,26.40.19,2026-03-29 14:35:07.444178
10240,cloudflare.com,70.940475,adequate,5,7,26.40.19,2026-03-29 14:35:18.054708
10374,sovanta.com,81.666664,good,5,5,26.40.19,2026-03-30 02:37:35.094734
10445,it-help.tech,80.190475,good,5,7,26.40.23,2026-03-30 14:38:42.938572
10446,apple.com,72.61905,adequate,5,7,26.40.23,2026-03-30 14:38:58.285408
10449,amazon.com,69.666664,adequate,5,5,26.40.23,2026-03-30 14:40:19.991439
10466,2911.us,81.333336,good,5,6,26.40.23,2026-03-30 14:41:45.024216
10577,guarinoadvisors.com,72.666664,adequate,5,5,26.40.23,2026-03-31 02:25:34.677985
10724,kali.org,77.90476,good,5,7,26.40.25,2026-03-31 14:32:46.211688
10725,blauw-survey.com,72.833336,adequate,5,4,26.40.25,2026-03-31 14:32:52.044992
10730,leeashley.com,80.333336,good,5,4,26.40.25,2026-03-31 14:33:10.280951
10731,aither.cc,66.666664,adequate,5,5,26.40.25,2026-03-31 14:33:14.184871
10740,aither.cc,66.666664,adequate,5,5,26.40.25,2026-03-31 14:33:44.627312
10881,apple.com,75.47619,good,5,7,26.40.29,2026-04-01 14:23:46.970253
10886,dnstool.it-help.tech,85.333336,good,5,4,26.40.29,2026-04-01 14:25:09.280559
10889,amazon.com,69.666664,adequate,5,5,26.40.29,2026-04-01 14:25:25.055449
10896,cloudflare.com,71.190475,adequate,5,7,26.40.29,2026-04-01 14:26:13.095787
11063,me,72.666664,adequate,5,2,26.40.31,2026-04-02 14:36:53.482591
11224,poop.com,72.833336,adequate,5,4,26.41.04,2026-04-03 07:35:37.969671
11225,switch.com,69.416664,adequate,5,5,26.41.04,2026-04-03 07:35:48.02916
11237,ready-method.com,77.666664,good,5,2,26.41.04,2026-04-03 07:36:23.769694
11241,mtadistributors.com,76.666664,good,5,5,26.41.04,2026-04-03 07:36:47.931057
11242,squareup.com,71.416664,adequate,5,5,26.41.04,2026-04-03 07:36:49.935647
11246,ibm.com,64.666664,adequate,5,6,26.41.04,2026-04-03 07:39:59.038915
11439,tuta.io,75.04762,good,5,7,26.41.04,2026-04-03 14:44:47.297711
11450,fredduval.com,82.666664,good,5,5,26.41.04,2026-04-03 14:45:24.294218
11452,markphd.me,76.833336,good,5,4,26.41.04,2026-04-03 14:45:28.476854
11461,markphd.me,74.333336,adequate,5,4,26.41.04,2026-04-03 14:45:59.037454
11520,dev.lms.fullmindlearning.com,59.583332,adequate,5,8,26.41.04,2026-04-04 14:30:25.01113
11532,evilhacker.com,70.666664,adequate,5,3,26.41.04,2026-04-04 14:32:04.339751
11533,dispatchgrid.com,82.666664,good,5,5,26.41.04,2026-04-04 14:32:15.327488
11535,ha.198119799470.xyz,61.416668,adequate,5,2,26.41.04,2026-04-04 14:32:27.966521
11537,livearchive.net,73,adequate,5,6,26.41.04,2026-04-04 14:32:39.37396
11720,amazon.com,71.666664,adequate,5,5,26.41.04,2026-04-05 14:20:31.617414
11736,sra.io,75.416664,good,5,5,26.41.04,2026-04-05 14:22:43.290988
11863,sjv.ro,74.666664,adequate,5,5,26.42.01,2026-04-06 05:37:45.608935
11902,nlnetlabs.nl,68,adequate,5,6,26.42.01,2026-04-06 14:21:01.86468
11950,cia.gov,75.22619,good,5,7,26.42.12,2026-04-07 05:00:15.021128
9319,couchmvp.com,76.416664,good,5,2,26.38.26,2026-03-24 22:34:44.047645
9324,westcappowerequipment.com,80.666664,good,5,5,26.38.26,2026-03-24 22:34:47.027534
9327,abyt.es,77.833336,good,5,4,26.38.26,2026-03-24 22:34:53.913171
9332,ietf.org,71.333336,adequate,5,6,26.38.26,2026-03-24 22:35:00.05356
9335,westcappowerequipment.com,80.666664,good,5,5,26.38.26,2026-03-24 22:35:01.285033
9336,spital-izvoru.ro,73.416664,adequate,5,5,26.38.26,2026-03-24 22:35:02.724187
9339,ietf.org,71.333336,adequate,5,6,26.38.26,2026-03-24 22:35:07.574722
9374,contractvault.com,72.833336,adequate,5,4,26.38.26,2026-03-24 22:36:11.501368
9388,binaryflix.space,77.333336,good,5,3,26.38.26,2026-03-24 22:36:33.582271
9403,fbi.gov,72.36905,adequate,5,7,26.38.26,2026-03-24 22:36:54.418379
9404,omzcloud.vn,70.5,adequate,5,6,26.38.26,2026-03-24 22:36:54.537414
9439,poop.com,74,adequate,5,3,26.38.26,2026-03-24 22:37:58.637831
9922,ortopedieazuga.ro,74.666664,adequate,5,5,26.40.01,2026-03-27 14:40:58.253558
9928,reconfirm.com,72.666664,adequate,5,5,26.40.01,2026-03-27 14:41:34.335565
9934,kisa.org.cy,84.666664,good,5,5,26.40.01,2026-03-27 14:42:09.81282
10029,it-help.tech,78.7619,good,5,7,26.40.09,2026-03-28 05:35:10.385064
10030,it-help.tech,79.190475,good,5,7,26.40.09,2026-03-28 05:35:10.951441
10127,amazon.com,71.666664,adequate,5,5,26.40.18,2026-03-28 14:40:51.929515
10131,amazon.com,73.666664,adequate,5,5,26.40.18,2026-03-28 14:41:13.002148
10138,izvoru.ro,78.666664,good,5,5,26.40.18,2026-03-28 14:41:41.667559
10164,sportcommunities.group,82.190475,good,5,7,26.40.18,2026-03-28 14:43:23.830493
10242,netcloud.ch,76.90476,good,5,7,26.40.19,2026-03-29 14:39:24.380914
10243,spitalgiurgiu.ro,74.666664,adequate,5,5,26.40.19,2026-03-29 14:39:33.810965
10245,steinr.eu,71.75,adequate,5,6,26.40.19,2026-03-29 14:39:39.795838
10375,screen.it-help.tech,73.333336,adequate,5,8,26.40.19,2026-03-30 03:03:48.666636
10452,dnstool.it-help.tech,85.333336,good,5,4,26.40.23,2026-03-30 14:40:30.974925
10461,openai.com,72,adequate,5,6,26.40.23,2026-03-30 14:41:26.723651
10578,guarinoadvisors.com,72.666664,adequate,5,5,26.40.23,2026-03-31 02:26:26.013302
10727,den9s.dk,65.333336,adequate,5,4,26.40.25,2026-03-31 14:32:58.306767
10732,fredduval.com,82.666664,good,5,5,26.40.25,2026-03-31 14:33:18.23257
10737,spital-izvoru.ro,74.666664,adequate,5,5,26.40.25,2026-03-31 14:33:30.737515
10882,ibm.com,64.666664,adequate,5,6,26.40.29,2026-04-01 14:23:56.577477
10887,dnstool.it-help.tech,85.333336,good,5,4,26.40.29,2026-04-01 14:25:14.358002
10892,nsa.gov,73.666664,adequate,5,5,26.40.29,2026-04-01 14:25:40.973676
10894,nsa.gov,75.666664,good,5,5,26.40.29,2026-04-01 14:26:03.846651
11064,squareup.com,65.666664,adequate,5,5,26.40.31,2026-04-02 14:36:54.622715
11071,spital-izvoru.ro,74.666664,adequate,5,5,26.40.31,2026-04-02 14:40:22.440115
11072,patientreminder.com,82.666664,good,5,5,26.40.31,2026-04-02 14:40:26.281582
11075,spital-izvoru.ro,74.666664,adequate,5,5,26.40.31,2026-04-02 14:40:36.343228
11080,cnn.com,70.333336,adequate,5,6,26.40.31,2026-04-02 14:41:00.789907
11081,it-help.tech,80.190475,good,5,7,26.40.31,2026-04-02 14:41:13.444276
11228,poop.com,72.833336,adequate,5,4,26.41.04,2026-04-03 07:35:55.965794
11229,2911.us,81.333336,good,5,6,26.41.04,2026-04-03 07:35:57.057554
11234,swutch.com,84.666664,good,5,5,26.41.04,2026-04-03 07:36:17.177094
11236,getmsg.ai,73,adequate,5,6,26.41.04,2026-04-03 07:36:22.161589
11454,atelier13-usa.com,84.666664,good,5,5,26.41.04,2026-04-03 14:45:34.974224
11455,evdnetworks.com,84.666664,good,5,5,26.41.04,2026-04-03 14:45:36.571518
11457,schedule.it-help.tech,80.333336,good,5,4,26.41.04,2026-04-03 14:45:50.582813
11458,fredduval.com,82.666664,good,5,5,26.41.04,2026-04-03 14:45:55.628362
11524,surland.de,84.666664,good,5,6,26.41.04,2026-04-04 14:31:10.408677
11721,example.com,71.333336,adequate,5,6,26.41.04,2026-04-05 14:20:32.599374
11722,ibm.com,67,adequate,5,6,26.41.04,2026-04-05 14:20:38.694518
11731,hegel.net,79.666664,good,5,6,26.41.04,2026-04-05 14:22:21.507526
11741,jue.rs,72.833336,adequate,5,4,26.41.04,2026-04-05 14:23:03.749729
11742,sovanta.com,81.416664,good,5,5,26.41.04,2026-04-05 14:23:06.725898
11864,oxidesurvival.com,80.666664,good,5,3,26.42.01,2026-04-06 07:57:19.236659
11903,monologue.to,73,adequate,5,6,26.42.01,2026-04-06 15:05:34.623267
11951,cia.gov,75.47619,good,5,7,26.42.12,2026-04-07 05:00:48.81264
9320,freebsd.org,83.61905,good,5,7,26.38.26,2026-03-24 22:34:44.076818
9362,weather.gov,65.416664,adequate,5,5,26.38.26,2026-03-24 22:35:44.72424
9392,omniware.de,71.333336,adequate,5,6,26.38.26,2026-03-24 22:36:40.181126
9406,binaryflix.space,77.333336,good,5,3,26.38.26,2026-03-24 22:36:55.9577
9413,westbyforcongress.com,80.666664,good,5,5,26.38.26,2026-03-24 22:37:02.105805
9424,sanatoriulbusteni.ro,74.666664,adequate,5,5,26.38.26,2026-03-24 22:37:16.360048
9429,cloudflare.com,70.940475,adequate,5,7,26.38.26,2026-03-24 22:37:17.712725
9431,cloudflare.com,70.940475,adequate,5,7,26.38.26,2026-03-24 22:37:27.744234
9445,blauwsurvey.com,81.75,good,5,6,26.38.26,2026-03-24 22:38:06.839424
9453,cioviews.com,78.666664,good,5,5,26.38.26,2026-03-24 22:38:14.846808
9456,purpleflock.com,82.190475,good,5,7,26.38.26,2026-03-24 22:38:16.575388
9923,dnstool.it-help.tech,85.333336,good,5,4,26.40.01,2026-03-27 14:40:58.709479
9927,hahnover.land,76.666664,good,5,5,26.40.01,2026-03-27 14:41:32.423929
9929,dns-observe.com,80.666664,good,5,5,26.40.01,2026-03-27 14:41:38.432938
9941,microsoft.com,81.36905,good,5,7,26.40.01,2026-03-27 14:42:43.541542
9949,kisa.org.cy,84.666664,good,5,5,26.40.01,2026-03-27 14:43:10.647851
9953,spitalulorasenescbaicoi.ro,73,adequate,5,6,26.40.01,2026-03-27 14:43:38.672478
9957,uke.de,68.666664,adequate,5,6,26.40.01,2026-03-27 14:45:18.607894
10031,it-help.tech,79.690475,good,5,7,26.40.09,2026-03-28 05:36:50.361277
10128,fbi.gov,74.04762,adequate,5,7,26.40.18,2026-03-28 14:41:03.563386
10161,sportcommunities.group,82.190475,good,5,7,26.40.18,2026-03-28 14:42:56.198149
10244,b621.org,60.666668,adequate,5,3,26.40.19,2026-03-29 14:39:37.697694
10258,hirt.dev,75.47619,good,5,7,26.40.19,2026-03-29 14:40:39.857707
10264,purpleflock.net,80.940475,good,5,7,26.40.19,2026-03-29 14:41:32.203612
10270,cia.gov,73.79762,adequate,5,7,26.40.19,2026-03-29 14:41:50.298655
10376,spitalul-municipal-timisoara.ro,66.666664,adequate,5,5,26.40.19,2026-03-30 03:03:53.746814
10459,microsoft.com,78.7619,good,5,7,26.40.23,2026-03-30 14:41:14.691778
10464,dnstool.it-help.tech,85.333336,good,5,4,26.40.23,2026-03-30 14:41:31.815313
10579,apple.com,75.47619,good,5,7,26.40.23,2026-03-31 03:53:04.144905
10734,blauw-survey.com,72.833336,adequate,5,4,26.40.25,2026-03-31 14:33:22.968276
10735,dnstool.it-help.tech,85.333336,good,5,4,26.40.25,2026-03-31 14:33:24.951926
10752,gdcc.com,71.416664,adequate,5,5,26.40.25,2026-03-31 14:38:14.759166
10883,github.com,69.333336,adequate,5,6,26.40.29,2026-04-01 14:24:13.003474
11065,schedule.it-help.tech,80.333336,good,5,4,26.40.31,2026-04-02 14:37:02.884441
11066,cisa.gov,67,adequate,5,6,26.40.31,2026-04-02 14:37:06.834625
11074,cnn.com,70.333336,adequate,5,6,26.40.31,2026-04-02 14:40:32.444052
11077,cloudflare.com,71.190475,adequate,5,7,26.40.31,2026-04-02 14:40:48.631103
11078,leeashley.com,82.666664,good,5,5,26.40.31,2026-04-02 14:40:50.677188
11079,nsfnow.com,80.666664,good,5,5,26.40.31,2026-04-02 14:40:54.636813
11230,cisa.gov,64.833336,adequate,5,6,26.41.04,2026-04-03 07:35:57.082593
11238,web3.foundation,76.666664,good,5,5,26.41.04,2026-04-03 07:36:33.813552
11239,apavil.ro,58.666668,adequate,5,5,26.41.04,2026-04-03 07:36:34.201159
11240,ready-method.com,77.666664,good,5,2,26.41.04,2026-04-03 07:36:45.003711
11466,cloudflare.com,71.190475,adequate,5,7,26.41.04,2026-04-03 14:56:24.267164
11526,ha.198119799470.xyz,61.666668,adequate,5,2,26.41.04,2026-04-04 14:31:25.945434
11527,evilhacker.com,70.666664,adequate,5,3,26.41.04,2026-04-04 14:31:31.88809
11528,steinr.eu,71.75,adequate,5,6,26.41.04,2026-04-04 14:31:42.093171
11541,jira.sovanta.com,81.333336,good,5,1,26.41.04,2026-04-04 14:33:52.162023
11724,amazon.com,71.666664,adequate,5,5,26.41.04,2026-04-05 14:20:47.194092
11732,ha.198119799470.xyz,61.666668,adequate,5,2,26.41.04,2026-04-05 14:22:22.882918
11865,swutch.com,84.666664,good,5,5,26.42.01,2026-04-06 09:01:43.546648
11904,leeashley.net,82.666664,good,5,5,26.42.02,2026-04-06 17:10:38.726021
11952,cia.gov,75.22619,good,5,7,26.42.12,2026-04-07 05:01:02.893686
9321,weather.gov,67.416664,adequate,5,5,26.38.26,2026-03-24 22:34:44.871087
9337,hortongroup.com,78.666664,good,5,5,26.38.26,2026-03-24 22:35:05.187397
9340,kali.org,76.47619,good,5,7,26.38.26,2026-03-24 22:35:08.226187
9343,spital-izvoru.ro,76.666664,good,5,5,26.38.26,2026-03-24 22:35:15.408744
9346,spital-izvoru.ro,74.666664,adequate,5,5,26.38.26,2026-03-24 22:35:19.967188
9351,spital-izvoru.ro,74.666664,adequate,5,5,26.38.26,2026-03-24 22:35:28.085121
9380,it-help.tech,78.2619,good,5,7,26.38.26,2026-03-24 22:36:19.82811
9386,it-help.tech,78.2619,good,5,7,26.38.26,2026-03-24 22:36:28.008355
9397,it-help.tech,78.2619,good,5,7,26.38.26,2026-03-24 22:36:47.075803
9400,glendun.com.au,82.666664,good,5,5,26.38.26,2026-03-24 22:36:53.365946
9402,omniware.de,69.666664,adequate,5,6,26.38.26,2026-03-24 22:36:54.30985
9411,binaryflix.space,74,adequate,5,3,26.38.26,2026-03-24 22:36:59.575164
9414,spital-breaza.ro,74.666664,adequate,5,5,26.38.26,2026-03-24 22:37:02.580468
9421,mobilecommercepress.com,73,adequate,5,6,26.38.26,2026-03-24 22:37:11.67265
9427,westbyforcongress.com,80.666664,good,5,5,26.38.26,2026-03-24 22:37:16.88949
9455,blauwsurvey.com,81.75,good,5,6,26.38.26,2026-03-24 22:38:16.320909
9924,reconfirm.com,72.666664,adequate,5,5,26.40.01,2026-03-27 14:41:09.151296
9926,ortopedieazuga.ro,74.666664,adequate,5,5,26.40.01,2026-03-27 14:41:19.744813
9936,microsoft.com,82.54762,good,5,7,26.40.01,2026-03-27 14:42:20.216177
9937,2911.us,81.333336,good,5,6,26.40.01,2026-03-27 14:42:27.951808
10032,knoxminerals.com,72.666664,adequate,5,5,26.40.09,2026-03-28 05:43:36.708441
10129,cloudflare.com,71.190475,adequate,5,7,26.40.18,2026-03-28 14:41:05.575223
10134,fbi.gov,71.190475,adequate,5,7,26.40.18,2026-03-28 14:41:33.969981
10144,izvoru.ro,78.666664,good,5,5,26.40.18,2026-03-28 14:42:02.221736
10145,abyt.es,75.333336,good,5,4,26.40.18,2026-03-28 14:42:04.028115
10162,ortopedieazuga.ro,74.666664,adequate,5,5,26.40.18,2026-03-28 14:43:02.597046
10246,amazon.com,71.416664,adequate,5,5,26.40.19,2026-03-29 14:39:51.40394
10247,netcloud.ch,76.65476,good,5,7,26.40.19,2026-03-29 14:39:53.998987
10248,spitalgiurgiu.ro,74.666664,adequate,5,5,26.40.19,2026-03-29 14:39:55.682938
10257,kali.org,77.90476,good,5,7,26.40.19,2026-03-29 14:40:32.947744
10263,cia.gov,75.22619,good,5,7,26.40.19,2026-03-29 14:41:24.627428
10266,rg443.click,71.583336,adequate,5,4,26.40.19,2026-03-29 14:41:38.738544
10272,hahnover.land,75.666664,good,5,5,26.40.19,2026-03-29 14:42:03.439005
10377,pizazzmusiccamp.org,68.666664,adequate,5,5,26.40.19,2026-03-30 03:04:28.692932
10468,ibm.com,65.333336,adequate,5,6,26.40.23,2026-03-30 14:49:06.634898
10469,spital-breaza.ro,74.666664,adequate,5,5,26.40.23,2026-03-30 14:49:14.36234
10476,kali.org,79.333336,good,5,7,26.40.23,2026-03-30 14:49:53.458482
10487,purpleflock.net,81.190475,good,5,7,26.40.23,2026-03-30 14:50:43.629731
10516,steinr.eu,72,adequate,5,6,26.40.23,2026-03-30 14:53:40.889224
10519,qualysperiscope.com,62.666668,adequate,5,2,26.40.23,2026-03-30 14:54:13.386343
10580,cioviews.com,80.666664,good,5,5,26.40.23,2026-03-31 05:39:48.251819
10743,blauw-survey.com,72.833336,adequate,5,4,26.40.25,2026-03-31 14:33:53.698346
10744,spital-izvoru.ro,73.666664,adequate,5,5,26.40.25,2026-03-31 14:34:01.127466
10751,spitalul-municipal-timisoara.ro,66.666664,adequate,5,5,26.40.25,2026-03-31 14:38:12.804461
10756,fette-beute.com,79.666664,good,5,5,26.40.25,2026-03-31 14:38:41.953299
10885,openai.com,70.333336,adequate,5,6,26.40.29,2026-04-01 14:24:57.084209
10888,openai.com,72,adequate,5,6,26.40.29,2026-04-01 14:25:17.655269
10895,cia.gov,76.90476,good,5,7,26.40.29,2026-04-01 14:26:10.908685
10899,fbi.gov,72.61905,adequate,5,7,26.40.29,2026-04-01 14:26:46.106452
10900,fbi.gov,72.61905,adequate,5,7,26.40.29,2026-04-01 14:27:06.598719
11067,netcloud.ch,76.90476,good,5,7,26.40.31,2026-04-02 14:37:14.452348
11068,cisa.gov,69.333336,adequate,5,6,26.40.31,2026-04-02 14:37:29.148675
11069,schedule.it-help.tech,80.333336,good,5,4,26.40.31,2026-04-02 14:37:35.381418
11233,switch.com,69.416664,adequate,5,5,26.41.04,2026-04-03 07:36:14.043977
11243,globalping.io,82.666664,good,5,5,26.41.04,2026-04-03 07:36:51.312787
11244,mtadistributors.com,76.666664,good,5,5,26.41.04,2026-04-03 07:37:11.231198
11245,squareup.com,67.416664,adequate,5,5,26.41.04,2026-04-03 07:37:14.19237
11249,github.com,68.833336,adequate,5,6,26.41.04,2026-04-03 07:40:38.279706
11467,openai.com,70.333336,adequate,5,6,26.41.04,2026-04-03 14:56:49.571752
11471,amazon.com,71.666664,adequate,5,5,26.41.04,2026-04-03 14:58:29.478188
11530,guarinoadvisors.com,72.666664,adequate,5,5,26.41.04,2026-04-04 14:31:49.345762
11531,ha.198119799470.xyz,61.416668,adequate,5,2,26.41.04,2026-04-04 14:31:59.51347
11726,openai.com,70.333336,adequate,5,6,26.41.04,2026-04-05 14:21:01.528662
11730,sra.io,75.666664,good,5,5,26.41.04,2026-04-05 14:22:14.828815
11733,whitehouse.gov,75.416664,good,5,5,26.41.04,2026-04-05 14:22:28.166883
11734,jue.rs,72.833336,adequate,5,4,26.41.04,2026-04-05 14:22:30.94592
11735,dnstool.it-help.tech,85.333336,good,5,4,26.41.04,2026-04-05 14:22:37.349572
11739,ha.198119799470.xyz,61.416668,adequate,5,2,26.41.04,2026-04-05 14:22:51.42843
11744,sra.io,77.416664,good,5,5,26.41.04,2026-04-05 14:23:13.768128
11905,it-help.tech,78.7619,good,5,7,26.42.02,2026-04-06 17:38:18.646892
11953,cia.gov,75.22619,good,5,7,26.42.12,2026-04-07 05:12:15.184027
9322,ietf.org,71.333336,adequate,5,6,26.38.26,2026-03-24 22:34:45.036188
9333,abyt.es,80.333336,good,5,4,26.38.26,2026-03-24 22:35:00.25672
9345,abyt.es,75.333336,good,5,4,26.38.26,2026-03-24 22:35:19.18646
9356,spital-izvoru.ro,76.666664,good,5,5,26.38.26,2026-03-24 22:35:35.330522
9379,fbi.gov,72.36905,adequate,5,7,26.38.26,2026-03-24 22:36:18.886211
9389,omniware.de,71.333336,adequate,5,6,26.38.26,2026-03-24 22:36:33.606712
9393,smlugoj.ro,66.666664,adequate,5,5,26.38.26,2026-03-24 22:36:41.580436
9394,smlugoj.ro,66.666664,adequate,5,5,26.38.26,2026-03-24 22:36:43.287591
9395,omniware.de,71.333336,adequate,5,6,26.38.26,2026-03-24 22:36:44.359501
9396,fbi.gov,70.940475,adequate,5,7,26.38.26,2026-03-24 22:36:45.125634
9415,spitalulhuedin.ro,78.666664,good,5,5,26.38.26,2026-03-24 22:37:03.586418
9417,westbyforcongress.com,80.666664,good,5,5,26.38.26,2026-03-24 22:37:06.659342
9419,hak5.org,72.666664,adequate,5,5,26.38.26,2026-03-24 22:37:11.051407
9422,spital-breaza.ro,74.666664,adequate,5,5,26.38.26,2026-03-24 22:37:11.701568
9428,hak5.org,72.666664,adequate,5,5,26.38.26,2026-03-24 22:37:16.889626
9430,hak5.org,70.666664,adequate,5,5,26.38.26,2026-03-24 22:37:19.621941
9434,westbyforcongress.com,80.666664,good,5,5,26.38.26,2026-03-24 22:37:33.721069
9437,cioviews.com,80.666664,good,5,5,26.38.26,2026-03-24 22:37:46.144025
9925,dnstool.it-help.tech,85.333336,good,5,4,26.40.01,2026-03-27 14:41:17.51424
9932,2911.us,81.333336,good,5,6,26.40.01,2026-03-27 14:41:57.589421
9944,2911.us,81.333336,good,5,6,26.40.01,2026-03-27 14:42:48.148899
9948,spitalulorasenescbaicoi.ro,73,adequate,5,6,26.40.01,2026-03-27 14:43:10.210174
10033,co.uk,67.666664,adequate,5,2,26.40.09,2026-03-28 06:01:15.538065
10130,hirt.dev,75.47619,good,5,7,26.40.18,2026-03-28 14:41:11.905947
10132,spital-breaza.ro,74.666664,adequate,5,5,26.40.18,2026-03-28 14:41:21.526902
10136,hahnover.land,76.666664,good,5,5,26.40.18,2026-03-28 14:41:37.324361
10142,rg443.click,71.833336,adequate,5,4,26.40.18,2026-03-28 14:41:49.665193
10143,sanatoriulbusteni.ro,74.666664,adequate,5,5,26.40.18,2026-03-28 14:41:51.653009
10154,abyt.es,75.333336,good,5,4,26.40.18,2026-03-28 14:42:32.514028
10156,ortopedieazuga.ro,74.666664,adequate,5,5,26.40.18,2026-03-28 14:42:40.10742
10160,rg443.click,69.083336,adequate,5,4,26.40.18,2026-03-28 14:42:48.564772
10249,steinr.eu,70.083336,adequate,5,6,26.40.19,2026-03-29 14:40:10.288601
10252,izvoru.ro,78.666664,good,5,5,26.40.19,2026-03-29 14:40:14.482233
10256,reconfirm.com,72.666664,adequate,5,5,26.40.19,2026-03-29 14:40:29.218618
10259,transbusbuzau.ro,80.666664,good,5,5,26.40.19,2026-03-29 14:41:08.151473
10268,sanatoriulbusteni.ro,74.666664,adequate,5,5,26.40.19,2026-03-29 14:41:40.757633
10378,smlugoj.ro,66.666664,adequate,5,5,26.40.19,2026-03-30 03:37:12.606352
10470,kali.org,79.333336,good,5,7,26.40.23,2026-03-30 14:49:18.456296
10493,bakr.de,69.666664,adequate,5,6,26.40.23,2026-03-30 14:51:08.348745
10512,play.198119799470.xyz,60.833332,adequate,5,8,26.40.23,2026-03-30 14:53:09.079416
10513,blauw-survey.com,72.833336,adequate,5,4,26.40.23,2026-03-30 14:53:21.890865
10514,leeashley.com,80.333336,good,5,4,26.40.23,2026-03-30 14:53:31.49373
10581,cioviews.com,80.666664,good,5,5,26.40.23,2026-03-31 05:40:38.488063
10750,franklinroadacademy.com,74.666664,adequate,5,5,26.40.25,2026-03-31 14:38:10.795812
10754,franklinroadacademy.com,74.666664,adequate,5,5,26.40.25,2026-03-31 14:38:40.146508
10755,spitalul-municipal-timisoara.ro,66.666664,adequate,5,5,26.40.25,2026-03-31 14:38:41.271776
10757,gdcc.com,71.666664,adequate,5,5,26.40.25,2026-03-31 14:38:43.177291
10759,spitalpoianamare.ro,74.666664,adequate,5,5,26.40.25,2026-03-31 14:38:58.492607
10761,spitalul-municipal-timisoara.ro,66.666664,adequate,5,5,26.40.25,2026-03-31 14:39:11.753825
10765,spitalpoianamare.ro,74.666664,adequate,5,5,26.40.25,2026-03-31 14:39:18.072487
10766,screen.it-help.tech,72.083336,adequate,5,8,26.40.25,2026-03-31 14:39:24.982932
10767,www.franklinroadacademy.com,60.583332,adequate,5,8,26.40.25,2026-03-31 14:39:35.167637
10770,www.franklinroadacademy.com,60.583332,adequate,5,8,26.40.25,2026-03-31 14:40:05.569479
10890,cloudflare.com,71.190475,adequate,5,7,26.40.29,2026-04-01 14:25:29.065158
11070,schedule.it-help.tech,80.333336,good,5,4,26.40.31,2026-04-02 14:38:03.826642
11073,patientreminder.com,82.666664,good,5,5,26.40.31,2026-04-02 14:40:31.390441
11083,fbi.gov,74.04762,adequate,5,7,26.40.31,2026-04-02 14:41:16.677611
11084,cloudflare.com,71.190475,adequate,5,7,26.40.31,2026-04-02 14:41:19.105639
11086,nsfnow.com,80.666664,good,5,5,26.40.31,2026-04-02 14:41:25.11139
11089,spitalmoldovanoua.ro,74.666664,adequate,5,5,26.40.31,2026-04-02 14:41:45.282326
11094,hegel.org,84.666664,good,5,5,26.40.31,2026-04-02 14:41:54.718205
11095,nsfnow.com,78.666664,good,5,5,26.40.31,2026-04-02 14:41:55.479522
11235,squareup.com,67.416664,adequate,5,5,26.41.04,2026-04-03 07:36:19.590652
11468,ibm.com,71,adequate,5,6,26.41.04,2026-04-03 14:57:22.37369
11534,198119799470.xyz,76.666664,good,5,5,26.41.04,2026-04-04 14:32:18.479148
11536,evilhacker.com,70.666664,adequate,5,3,26.41.04,2026-04-04 14:32:32.817009
11745,cisa.gov,68.833336,adequate,5,6,26.41.04,2026-04-05 14:23:19.774042
11906,yutaika.ru,70.666664,adequate,5,3,26.42.02,2026-04-06 18:21:01.350605
11954,cia.gov,76.90476,good,5,7,26.42.12,2026-04-07 05:17:19.849032
9323,nlnetlabs.nl,68,adequate,5,6,26.38.26,2026-03-24 22:34:46.495685
9358,spital-izvoru.ro,74.666664,adequate,5,5,26.38.26,2026-03-24 22:35:39.04678
9359,contractvault.com,72.833336,adequate,5,4,26.38.26,2026-03-24 22:35:40.533257
9361,kali.org,76.65476,good,5,7,26.38.26,2026-03-24 22:35:40.919924
9363,spital-izvoru.ro,74.666664,adequate,5,5,26.38.26,2026-03-24 22:35:45.616246
9369,weather.gov,67.416664,adequate,5,5,26.38.26,2026-03-24 22:35:56.022353
9370,spital-izvoru.ro,74.666664,adequate,5,5,26.38.26,2026-03-24 22:35:57.164341
9375,spital-izvoru.ro,74.666664,adequate,5,5,26.38.26,2026-03-24 22:36:14.351943
9377,fbi.gov,70.940475,adequate,5,7,26.38.26,2026-03-24 22:36:16.937377
9416,hak5.org,72.666664,adequate,5,5,26.38.26,2026-03-24 22:37:04.853608
9423,spitalulhuedin.ro,76.666664,good,5,5,26.38.26,2026-03-24 22:37:12.091877
9930,monologue.to,73,adequate,5,6,26.40.01,2026-03-27 14:41:46.490415
9931,hahnover.land,76.666664,good,5,5,26.40.01,2026-03-27 14:41:48.971835
9938,www.cnn.com,60.833332,adequate,5,8,26.40.01,2026-03-27 14:42:37.61953
9939,kisa.org.cy,84.666664,good,5,5,26.40.01,2026-03-27 14:42:40.205567
9951,psihiatrietulghes.ro,74.666664,adequate,5,5,26.40.01,2026-03-27 14:43:19.585583
9960,cia.gov,76.90476,good,5,7,26.40.01,2026-03-27 14:45:36.737277
10034,google.com,69.690475,adequate,5,7,26.40.10,2026-03-28 06:24:25.364282
10133,abyt.es,75.333336,good,5,4,26.40.18,2026-03-28 14:41:33.689351
10155,purpleflock.net,80.940475,good,5,7,26.40.18,2026-03-28 14:42:36.095969
10158,transbusbuzau.ro,80.666664,good,5,5,26.40.18,2026-03-28 14:42:43.761119
10250,kali.org,79.333336,good,5,7,26.40.19,2026-03-29 14:40:11.888517
10262,sanatoriulbusteni.ro,74.666664,adequate,5,5,26.40.19,2026-03-29 14:41:15.662128
10379,gdcc.com,72.666664,adequate,5,5,26.40.19,2026-03-30 03:54:18.402632
10471,rg443.click,71.583336,adequate,5,4,26.40.23,2026-03-30 14:49:36.790711
10477,hahnover.land,76.666664,good,5,5,26.40.23,2026-03-30 14:49:57.780063
10478,ibm.com,70.5,adequate,5,6,26.40.23,2026-03-30 14:50:01.315279
10481,kali.org,75.04762,good,5,7,26.40.23,2026-03-30 14:50:17.52487
10483,transbusbuzau.ro,80.666664,good,5,5,26.40.23,2026-03-30 14:50:21.169712
10484,hahnover.land,76.666664,good,5,5,26.40.23,2026-03-30 14:50:28.244812
10494,hosptm.ro,82.666664,good,5,5,26.40.23,2026-03-30 14:51:16.742395
10495,transbusbuzau.ro,80.666664,good,5,5,26.40.23,2026-03-30 14:51:24.793754
10499,nsfnow.com,80.666664,good,5,5,26.40.23,2026-03-30 14:51:44.624643
10505,aither.cc,66.666664,adequate,5,5,26.40.23,2026-03-30 14:52:10.691128
10509,play.198119799470.xyz,60.833332,adequate,5,8,26.40.23,2026-03-30 14:52:39.638683
10582,apple.com,74.04762,adequate,5,7,26.40.25,2026-03-31 08:48:37.984098
10753,spitalpoianamare.ro,74.666664,adequate,5,5,26.40.25,2026-03-31 14:38:27.73073
10763,franklinroadacademy.com,74.666664,adequate,5,5,26.40.25,2026-03-31 14:39:12.618081
10764,gdcc.com,72.666664,adequate,5,5,26.40.25,2026-03-31 14:39:13.690844
10769,screen.it-help.tech,73.333336,adequate,5,8,26.40.25,2026-03-31 14:39:53.493937
10891,amazon.com,73.666664,adequate,5,5,26.40.29,2026-04-01 14:25:40.701319
10893,cloudflare.com,71.190475,adequate,5,7,26.40.29,2026-04-01 14:25:59.491177
10897,fbi.gov,72.61905,adequate,5,7,26.40.29,2026-04-01 14:26:14.035628
10904,kali.org,79.333336,good,5,7,26.40.29,2026-04-01 14:30:16.315954
11076,it-help.tech,78.7619,good,5,7,26.40.31,2026-04-02 14:40:44.993507
11087,cnn.com,70.333336,adequate,5,6,26.40.31,2026-04-02 14:41:31.284395
11090,it-help.tech,79.690475,good,5,7,26.40.31,2026-04-02 14:41:45.853468
11091,fbi.gov,72.61905,adequate,5,7,26.40.31,2026-04-02 14:41:49.123444
11093,leeashley.com,82.666664,good,5,5,26.40.31,2026-04-02 14:41:51.59458
11247,ibm.com,67,adequate,5,6,26.41.04,2026-04-03 07:40:29.602961
11264,cloudflare.com,69.5119,adequate,5,7,26.41.04,2026-04-03 07:42:14.283271
11265,nsa.gov,75.416664,good,5,5,26.41.04,2026-04-03 07:42:16.223211
11270,nsa.gov,75.666664,good,5,5,26.41.04,2026-04-03 07:42:44.754285
11277,benav.cc,77.666664,good,5,2,26.41.04,2026-04-03 07:43:39.962761
11285,izvoru.ro,78.666664,good,5,5,26.41.04,2026-04-03 07:44:20.902557
11298,markphd.me,76.833336,good,5,4,26.41.04,2026-04-03 07:45:23.703944
11469,amazon.com,69.666664,adequate,5,5,26.41.04,2026-04-03 14:57:27.951148
11542,leeashley.net,82.666664,good,5,5,26.41.04,2026-04-04 14:36:13.271886
11544,ibm.com,70.5,adequate,5,6,26.41.04,2026-04-04 14:36:20.912344
11546,openai.com,71.75,adequate,5,6,26.41.04,2026-04-04 14:36:35.532887
11548,ibm.com,70.5,adequate,5,6,26.41.04,2026-04-04 14:36:51.162333
11553,ibm.com,67,adequate,5,6,26.41.04,2026-04-04 14:37:21.594683
11746,ha.198119799470.xyz,61.416668,adequate,5,2,26.41.04,2026-04-05 14:23:21.903194
11748,jue.rs,72.833336,adequate,5,4,26.41.04,2026-04-05 14:23:32.195808
11751,cisa.gov,70.5,adequate,5,6,26.41.04,2026-04-05 14:23:49.746915
11907,yutaika.ru,70.666664,adequate,5,3,26.42.02,2026-04-06 18:21:23.690105
11955,cia.gov,75.47619,good,5,7,26.42.12,2026-04-07 05:17:48.139092
9325,nlnetlabs.nl,68,adequate,5,6,26.38.26,2026-03-24 22:34:47.286007
9330,couchmvp.com,77.666664,good,5,2,26.38.26,2026-03-24 22:34:56.741514
9334,westcappowerequipment.com,80.666664,good,5,5,26.38.26,2026-03-24 22:35:00.588693
9348,spital-izvoru.ro,76.666664,good,5,5,26.38.26,2026-03-24 22:35:24.964188
9368,omniware.de,71.333336,adequate,5,6,26.38.26,2026-03-24 22:35:54.758285
9372,omniware.de,73,adequate,5,6,26.38.26,2026-03-24 22:36:02.759173
9381,filerequestpro.com,73,adequate,5,6,26.38.26,2026-03-24 22:36:20.637375
9384,glendun.com.au,82.666664,good,5,5,26.38.26,2026-03-24 22:36:24.229933
9385,omniware.de,71.333336,adequate,5,6,26.38.26,2026-03-24 22:36:26.495064
9933,dns-observe.com,80.666664,good,5,5,26.40.01,2026-03-27 14:42:08.918503
9935,monologue.to,73,adequate,5,6,26.40.01,2026-03-27 14:42:16.882813
9940,dns-observe.com,80.666664,good,5,5,26.40.01,2026-03-27 14:42:41.307484
10035,google.com,68.2619,adequate,5,7,26.40.10,2026-03-28 06:24:27.30455
10135,cloudflare.com,71.190475,adequate,5,7,26.40.18,2026-03-28 14:41:35.996726
10151,sanatoriulbusteni.ro,74.666664,adequate,5,5,26.40.18,2026-03-28 14:42:20.61432
10251,amazon.com,73.416664,adequate,5,5,26.40.19,2026-03-29 14:40:14.331817
10253,ortopedieazuga.ro,74.666664,adequate,5,5,26.40.19,2026-03-29 14:40:14.828342
10254,netcloud.ch,76.65476,good,5,7,26.40.19,2026-03-29 14:40:17.490055
10267,bakr.de,69.666664,adequate,5,6,26.40.19,2026-03-29 14:41:39.640932
10380,tuta.io,75.04762,good,5,7,26.40.19,2026-03-30 04:13:41.387696
10472,ibm.com,65.25,adequate,5,6,26.40.23,2026-03-30 14:49:36.955641
10475,hirt.dev,75.22619,good,5,7,26.40.23,2026-03-30 14:49:50.38359
10490,transbusbuzau.ro,78.666664,good,5,5,26.40.23,2026-03-30 14:50:54.350717
10491,hahnover.land,76.666664,good,5,5,26.40.23,2026-03-30 14:50:58.674155
10492,cnn.com,70.333336,adequate,5,6,26.40.23,2026-03-30 14:51:05.192604
10496,sanatoriulbusteni.ro,74.666664,adequate,5,5,26.40.23,2026-03-30 14:51:27.464309
10511,steinr.eu,70.333336,adequate,5,6,26.40.23,2026-03-30 14:53:08.707303
10515,den9s.dk,65.333336,adequate,5,4,26.40.23,2026-03-30 14:53:34.897778
10518,dnsstuff.com,73.666664,adequate,5,6,26.40.23,2026-03-30 14:53:56.736634
10583,apple.com,76.90476,good,5,7,26.40.25,2026-03-31 08:49:27.530409
10758,screen.it-help.tech,73.083336,adequate,5,8,26.40.25,2026-03-31 14:38:52.515001
10762,fette-beute.com,79.666664,good,5,5,26.40.25,2026-03-31 14:39:12.384566
10898,cia.gov,76.65476,good,5,7,26.40.29,2026-04-01 14:26:33.169076
10901,it-help.tech,80.190475,good,5,7,26.40.29,2026-04-01 14:29:04.876221
10902,it-help.tech,80.190475,good,5,7,26.40.29,2026-04-01 14:29:18.417424
10903,leeashley.com,80.333336,good,5,4,26.40.29,2026-04-01 14:30:10.165378
11082,spitalmoldovanoua.ro,74.666664,adequate,5,5,26.40.31,2026-04-02 14:41:15.336736
11085,leeashley.com,82.666664,good,5,5,26.40.31,2026-04-02 14:41:21.173538
11088,spital-deva.ro,66.666664,adequate,5,5,26.40.31,2026-04-02 14:41:34.964538
11092,cloudflare.com,70.940475,adequate,5,7,26.40.31,2026-04-02 14:41:49.948899
11098,blauw-survey.com,72.833336,adequate,5,4,26.40.31,2026-04-02 14:42:10.71714
11100,kali.org,79.333336,good,5,7,26.40.31,2026-04-02 14:42:16.770496
11114,kali.org,76.47619,good,5,7,26.40.31,2026-04-02 14:43:17.638631
11115,red.com,72.166664,adequate,5,6,26.40.31,2026-04-02 14:43:27.182328
11125,optonline.net,76.666664,good,5,5,26.40.31,2026-04-02 14:45:11.726112
11126,dispatchgrid.com,82.666664,good,5,5,26.40.31,2026-04-02 14:45:19.936996
11127,steinr.eu,71.75,adequate,5,6,26.40.31,2026-04-02 14:45:23.829646
11248,apple.com,72.61905,adequate,5,7,26.41.04,2026-04-03 07:40:33.980294
11251,apple.com,73.79762,adequate,5,7,26.41.04,2026-04-03 07:41:03.237253
11252,github.com,66.5,adequate,5,6,26.41.04,2026-04-03 07:41:05.05118
11253,it-help.tech,78.2619,good,5,7,26.41.04,2026-04-03 07:41:09.767192
11261,dnstool.it-help.tech,85.333336,good,5,4,26.41.04,2026-04-03 07:41:53.558524
11262,fbi.gov,74.04762,adequate,5,7,26.41.04,2026-04-03 07:42:04.408558
11263,openai.com,70.083336,adequate,5,6,26.41.04,2026-04-03 07:42:08.178671
11268,openai.com,70.083336,adequate,5,6,26.41.04,2026-04-03 07:42:38.616443
11278,spitalmoldovanoua.ro,74.666664,adequate,5,5,26.41.04,2026-04-03 07:43:52.640758
11283,benav.cc,72.666664,adequate,5,2,26.41.04,2026-04-03 07:44:10.402073
11291,benav.cc,77.666664,good,5,2,26.41.04,2026-04-03 07:44:40.869362
11297,izvoru.ro,78.666664,good,5,5,26.41.04,2026-04-03 07:45:21.802047
11470,amazon.com,69.666664,adequate,5,5,26.41.04,2026-04-03 14:57:58.998024
11543,benav.cc,77.666664,good,5,2,26.41.04,2026-04-04 14:36:18.468892
11545,wiredsd.com,80.666664,good,5,5,26.41.04,2026-04-04 14:36:34.960358
11551,natashabedingfield.com,67.416664,adequate,5,5,26.41.04,2026-04-04 14:37:14.269979
11556,aither.cc,66.666664,adequate,5,5,26.41.04,2026-04-04 14:37:27.203655
11565,switch.com,69.416664,adequate,5,5,26.41.04,2026-04-04 14:37:51.901617
11572,evdnetworks.com,78.666664,good,5,5,26.41.04,2026-04-04 14:38:15.26534
11749,sovanta.com,81.416664,good,5,5,26.41.04,2026-04-05 14:23:36.970475
11750,apavil.ro,58.666668,adequate,5,5,26.41.04,2026-04-05 14:23:39.249346
11908,yutaika.ru,70.666664,adequate,5,3,26.42.02,2026-04-06 18:21:26.293045
11956,cia.gov,75.22619,good,5,7,26.42.12,2026-04-07 05:33:47.053572
9328,kali.org,79.333336,good,5,7,26.38.26,2026-03-24 22:34:54.106176
9329,spital-izvoru.ro,74.666664,adequate,5,5,26.38.26,2026-03-24 22:34:56.092896
9342,couchmvp.com,77.666664,good,5,2,26.38.26,2026-03-24 22:35:10.6917
9347,hortongroup.com,78.666664,good,5,5,26.38.26,2026-03-24 22:35:20.437792
9350,contractvault.com,71.583336,adequate,5,4,26.38.26,2026-03-24 22:35:25.488943
9364,kali.org,76.47619,good,5,7,26.38.26,2026-03-24 22:35:49.066552
9367,kali.org,76.47619,good,5,7,26.38.26,2026-03-24 22:35:52.203125
9371,spital-izvoru.ro,74.666664,adequate,5,5,26.38.26,2026-03-24 22:36:01.697381
9378,weather.gov,67.416664,adequate,5,5,26.38.26,2026-03-24 22:36:17.813656
9382,omzcloud.vn,68,adequate,5,6,26.38.26,2026-03-24 22:36:21.244219
9401,spitalsinaia.ro,74.666664,adequate,5,5,26.38.26,2026-03-24 22:36:53.968542
9412,omniware.de,71.333336,adequate,5,6,26.38.26,2026-03-24 22:37:00.973762
9438,cioviews.com,80.666664,good,5,5,26.38.26,2026-03-24 22:37:53.86745
9449,blauwsurvey.com,81.75,good,5,6,26.38.26,2026-03-24 22:38:09.010857
9461,github.com,68.833336,adequate,5,6,26.38.26,2026-03-24 22:38:17.115201
9942,psihiatrietulghes.ro,74.666664,adequate,5,5,26.40.01,2026-03-27 14:42:45.686121
9943,monologue.to,73,adequate,5,6,26.40.01,2026-03-27 14:42:47.292474
9945,mx1.blauwsurvey.com,81.333336,good,5,1,26.40.01,2026-03-27 14:42:57.613422
9946,fredduval.com,82.666664,good,5,5,26.40.01,2026-03-27 14:43:00.116719
10036,dnstool.it-help.tech,85.333336,good,5,4,26.40.11,2026-03-28 07:17:06.120861
10037,dnstool.it-help.tech,85.333336,good,5,4,26.40.11,2026-03-28 07:17:08.017658
10137,hirt.dev,74.04762,adequate,5,7,26.40.18,2026-03-28 14:41:40.662021
10141,purpleflock.net,81.190475,good,5,7,26.40.18,2026-03-28 14:41:47.657588
10147,cloudflare.com,70.940475,adequate,5,7,26.40.18,2026-03-28 14:42:06.400931
10150,purpleflock.net,81.190475,good,5,7,26.40.18,2026-03-28 14:42:16.143369
10152,rg443.click,71.833336,adequate,5,4,26.40.18,2026-03-28 14:42:22.954697
10153,b621.org,60.666668,adequate,5,3,26.40.18,2026-03-28 14:42:24.678983
10255,steinr.eu,72,adequate,5,6,26.40.19,2026-03-29 14:40:20.397121
10260,bakr.de,69.666664,adequate,5,6,26.40.19,2026-03-29 14:41:08.598843
10261,spital-breaza.ro,74.666664,adequate,5,5,26.40.19,2026-03-29 14:41:13.990072
10269,hahnover.land,76.666664,good,5,5,26.40.19,2026-03-29 14:41:46.710955
10381,couchmvp.com,77.666664,good,5,2,26.40.19,2026-03-30 05:07:52.466694
10473,spital-breaza.ro,74.666664,adequate,5,5,26.40.23,2026-03-30 14:49:42.350306
10479,rg443.click,71.583336,adequate,5,4,26.40.23,2026-03-30 14:50:06.832805
10503,sanatoriulbusteni.ro,74.666664,adequate,5,5,26.40.23,2026-03-30 14:52:06.586278
10510,schedule.it-help.tech,80.333336,good,5,4,26.40.23,2026-03-30 14:53:01.117137
10584,example.co.uk,72.833336,adequate,5,4,26.40.25,2026-03-31 10:16:40.046104
10760,www.franklinroadacademy.com,60.583332,adequate,5,8,26.40.25,2026-03-31 14:39:07.241163
10768,fette-beute.com,79.666664,good,5,5,26.40.25,2026-03-31 14:39:43.065303
10905,leeashley.com,80.333336,good,5,4,26.40.29,2026-04-01 14:30:25.890242
10906,kali.org,79.333336,good,5,7,26.40.29,2026-04-01 14:30:38.036662
10909,hegel.net,76.333336,good,5,6,26.40.29,2026-04-01 14:30:50.082155
10913,hegel.net,74.666664,adequate,5,6,26.40.29,2026-04-01 14:31:11.462391
10939,guarinoadvisors.com,69.666664,adequate,5,5,26.40.29,2026-04-01 14:33:55.520744
11096,hegel.net,73,adequate,5,6,26.40.31,2026-04-02 14:41:59.206801
11104,spital-deva.ro,66.666664,adequate,5,5,26.40.31,2026-04-02 14:42:33.875713
11110,hegel.net,73,adequate,5,6,26.40.31,2026-04-02 14:42:59.71971
11113,example.com,71.333336,adequate,5,6,26.40.31,2026-04-02 14:43:12.814865
11116,microsoft.com,81.11905,good,5,7,26.40.31,2026-04-02 14:43:34.929111
11117,apple.com,75.22619,good,5,7,26.40.31,2026-04-02 14:43:39.736646
11121,red.com,72.166664,adequate,5,6,26.40.31,2026-04-02 14:43:57.617292
11123,example.com,71.333336,adequate,5,6,26.40.31,2026-04-02 14:44:13.740651
11131,optonline.net,74.666664,adequate,5,5,26.40.31,2026-04-02 14:46:12.698183
11250,ibm.com,72.166664,adequate,5,6,26.41.04,2026-04-03 07:41:00.70346
11255,apple.com,74.04762,adequate,5,7,26.41.04,2026-04-03 07:41:24.327429
11257,example.com,73,adequate,5,6,26.41.04,2026-04-03 07:41:32.616467
11258,dnstool.it-help.tech,85.333336,good,5,4,26.41.04,2026-04-03 07:41:39.807706
11259,cloudflare.com,69.7619,adequate,5,7,26.41.04,2026-04-03 07:41:43.798682
11260,nsa.gov,75.666664,good,5,5,26.41.04,2026-04-03 07:41:45.788367
11282,probe-us-02.dns-observe.com,70.666664,adequate,5,3,26.41.04,2026-04-03 07:44:08.787847
11287,guarinoadvisors.com,72.666664,adequate,5,5,26.41.04,2026-04-03 07:44:25.534783
11288,g-my.com,72.666664,adequate,5,5,26.41.04,2026-04-03 07:44:30.96604
11289,probe-us-02.dns-observe.com,70.666664,adequate,5,3,26.41.04,2026-04-03 07:44:37.247466
11290,optonline.net,74.666664,adequate,5,5,26.41.04,2026-04-03 07:44:40.300023
11301,markphd.me,76.833336,good,5,4,26.41.04,2026-04-03 07:45:54.018378
11472,natashabedingfield.com,67.666664,adequate,5,5,26.41.04,2026-04-03 15:03:44.029662
11474,red.com,72.666664,adequate,5,6,26.41.04,2026-04-03 15:05:21.451681
11475,red.com,72.666664,adequate,5,6,26.41.04,2026-04-03 15:05:52.473824
11547,leeashley.net,82.666664,good,5,5,26.41.04,2026-04-04 14:36:37.285044
11554,switch.com,69.666664,adequate,5,5,26.41.04,2026-04-04 14:37:23.41845
11562,natashabedingfield.com,67.416664,adequate,5,5,26.41.04,2026-04-04 14:37:46.469831
11752,maltejk.de,76.47619,good,5,7,26.41.04,2026-04-05 14:29:17.230152
11755,maltejk.de,76.47619,good,5,7,26.41.04,2026-04-05 14:29:36.736347
11757,rg443.click,71.833336,adequate,5,4,26.41.04,2026-04-05 14:29:43.248762
11758,rg443.click,71.833336,adequate,5,4,26.41.04,2026-04-05 14:29:49.016246
11768,steinr.eu,70.333336,adequate,5,6,26.41.04,2026-04-05 14:30:56.64225
11769,jira.sovanta.com,81.333336,good,5,1,26.41.04,2026-04-05 14:30:57.761311
11770,markphd.me,76.833336,good,5,4,26.41.04,2026-04-05 14:31:04.02972
11775,benav.cc,77.666664,good,5,2,26.41.04,2026-04-05 14:31:29.482327
11778,markphd.me,74.333336,adequate,5,4,26.41.04,2026-04-05 14:31:39.656174
11782,spital-izvoru.ro,74.666664,adequate,5,5,26.41.04,2026-04-05 14:31:58.705891
11783,jira.sovanta.com,81.333336,good,5,1,26.41.04,2026-04-05 14:32:00.92614
11785,dispatchgrid.com,82.666664,good,5,5,26.41.04,2026-04-05 14:32:07.378023
11786,livearchive.net,71.333336,adequate,5,6,26.41.04,2026-04-05 14:32:18.66573
11788,aither.cc,66.666664,adequate,5,5,26.41.04,2026-04-05 14:32:44.274006
11789,mercadopago.com,72.666664,adequate,5,6,26.41.04,2026-04-05 14:32:47.776995
11909,filantropia.ro,68.666664,adequate,5,5,26.42.02,2026-04-06 18:38:29.636265
11957,cia.gov,76.65476,good,5,7,26.42.12,2026-04-07 05:36:51.196307
9331,weather.gov,67.416664,adequate,5,5,26.38.26,2026-03-24 22:34:59.507844
9338,weather.gov,67.416664,adequate,5,5,26.38.26,2026-03-24 22:35:05.473384
9354,westcappowerequipment.com,80.666664,good,5,5,26.38.26,2026-03-24 22:35:32.476359
9360,omniware.de,73,adequate,5,6,26.38.26,2026-03-24 22:35:40.678792
9391,omzcloud.vn,70.5,adequate,5,6,26.38.26,2026-03-24 22:36:39.217738
9408,spitalulhuedin.ro,76.666664,good,5,5,26.38.26,2026-03-24 22:36:58.361446
9409,spitalulhuedin.ro,76.666664,good,5,5,26.38.26,2026-03-24 22:36:58.42236
9410,spitalulhuedin.ro,76.666664,good,5,5,26.38.26,2026-03-24 22:36:58.754464
9425,sanatoriulbusteni.ro,74.666664,adequate,5,5,26.38.26,2026-03-24 22:37:16.437611
9426,mobilecommercepress.com,73,adequate,5,6,26.38.26,2026-03-24 22:37:16.742642
9463,blauwsurvey.com,81.75,good,5,6,26.38.26,2026-03-24 22:38:18.075683
9464,github.com,64.416664,adequate,5,6,26.38.26,2026-03-24 22:38:18.753299
9466,github.com,70.5,adequate,5,6,26.38.26,2026-03-24 22:38:19.244922
9468,blauwsurvey.com,81.75,good,5,6,26.38.26,2026-03-24 22:38:29.112469
9481,cioviews.com,76.666664,good,5,5,26.38.26,2026-03-24 22:38:38.727733
9486,cioviews.com,78.666664,good,5,5,26.38.26,2026-03-24 22:38:42.124931
9488,cioviews.com,78.666664,good,5,5,26.38.26,2026-03-24 22:38:42.94149
9491,cioviews.com,76.666664,good,5,5,26.38.26,2026-03-24 22:38:48.431674
9947,www.cnn.com,60.583332,adequate,5,8,26.40.01,2026-03-27 14:43:07.456441
9950,fredduval.com,82.666664,good,5,5,26.40.01,2026-03-27 14:43:19.198561
9955,mx1.blauwsurvey.com,81.333336,good,5,1,26.40.01,2026-03-27 14:44:04.588559
9956,spitalulorasenescbaicoi.ro,73,adequate,5,6,26.40.01,2026-03-27 14:44:09.058346
9961,uke.de,70.333336,adequate,5,6,26.40.01,2026-03-27 14:45:48.877748
9965,gmg-attendorn.de,82.666664,good,5,5,26.40.01,2026-03-27 14:46:11.291108
9969,ibm.com,65.083336,adequate,5,6,26.40.01,2026-03-27 14:46:31.253564
9970,openai.com,68.666664,adequate,5,6,26.40.01,2026-03-27 14:46:50.438357
9971,openai.com,68.666664,adequate,5,6,26.40.01,2026-03-27 14:47:22.881421
10038,westbyforcongress.com,80.666664,good,5,5,26.40.12,2026-03-28 08:35:43.483637
10039,westbyforcongress.com,80.666664,good,5,5,26.40.12,2026-03-28 08:36:33.505606
10139,spital-breaza.ro,74.666664,adequate,5,5,26.40.18,2026-03-28 14:41:43.130228
10140,reconfirm.com,72.666664,adequate,5,5,26.40.18,2026-03-28 14:41:43.612484
10148,reconfirm.com,70.666664,adequate,5,5,26.40.18,2026-03-28 14:42:09.139102
10149,ortopedieazuga.ro,74.666664,adequate,5,5,26.40.18,2026-03-28 14:42:11.591429
10265,transbusbuzau.ro,80.666664,good,5,5,26.40.19,2026-03-29 14:41:36.298884
10382,franklinroadacademy.com,74.666664,adequate,5,5,26.40.19,2026-03-30 06:06:14.201381
10474,purpleflock.net,80.940475,good,5,7,26.40.23,2026-03-30 14:49:42.48604
10480,purpleflock.net,79.5119,good,5,7,26.40.23,2026-03-30 14:50:13.196349
10482,hirt.dev,75.47619,good,5,7,26.40.23,2026-03-30 14:50:20.776078
10500,spital-deva.ro,66.666664,adequate,5,5,26.40.23,2026-03-30 14:51:44.630272
10502,schedule.it-help.tech,80.333336,good,5,4,26.40.23,2026-03-30 14:52:00.254514
10585,media.g-my.com,61.333332,adequate,5,1,26.40.25,2026-03-31 10:24:26.086719
10771,usa.gov,72.666664,adequate,5,5,26.40.25,2026-03-31 14:52:06.863502
10907,cnn.com,70.333336,adequate,5,6,26.40.29,2026-04-01 14:30:44.070425
10908,aither.cc,66.666664,adequate,5,5,26.40.29,2026-04-01 14:30:48.160623
10912,aither.cc,66.666664,adequate,5,5,26.40.29,2026-04-01 14:31:07.879482
10915,den9s.dk,65.333336,adequate,5,4,26.40.29,2026-04-01 14:31:18.834993
10917,mtadistributors.com,76.666664,good,5,5,26.40.29,2026-04-01 14:31:22.877979
10924,hegel.org,84.666664,good,5,5,26.40.29,2026-04-01 14:32:05.102911
10927,fredduval.com,82.666664,good,5,5,26.40.29,2026-04-01 14:32:17.011172
10929,hegel.org,84.666664,good,5,5,26.40.29,2026-04-01 14:32:28.986312
10930,dnsstuff.com,73.666664,adequate,5,6,26.40.29,2026-04-01 14:32:33.491323
11097,spital-deva.ro,66.666664,adequate,5,5,26.40.31,2026-04-02 14:42:03.287787
11101,fbi.gov,72.36905,adequate,5,7,26.40.31,2026-04-02 14:42:17.527033
11103,hegel.net,71.333336,adequate,5,6,26.40.31,2026-04-02 14:42:29.288416
11107,kali.org,75.04762,good,5,7,26.40.31,2026-04-02 14:42:47.220892
11108,hegel.org,84.666664,good,5,5,26.40.31,2026-04-02 14:42:55.757683
11111,apple.com,75.22619,good,5,7,26.40.31,2026-04-02 14:43:09.235368
11254,it-help.tech,80.190475,good,5,7,26.41.04,2026-04-03 07:41:22.758705
11269,cloudflare.com,71.190475,adequate,5,7,26.41.04,2026-04-03 07:42:44.70095
11272,amazon.com,69.666664,adequate,5,5,26.41.04,2026-04-03 07:42:55.109138
11273,openai.com,70.333336,adequate,5,6,26.41.04,2026-04-03 07:43:07.441619
11286,spitalmoldovanoua.ro,74.666664,adequate,5,5,26.41.04,2026-04-03 07:44:23.087622
11293,spitalmoldovanoua.ro,74.666664,adequate,5,5,26.41.04,2026-04-03 07:44:53.543802
11295,g-my.com,72.666664,adequate,5,5,26.41.04,2026-04-03 07:45:01.461144
11296,optonline.net,74.666664,adequate,5,5,26.41.04,2026-04-03 07:45:10.768011
11473,red.com,72.666664,adequate,5,6,26.41.04,2026-04-03 15:04:51.987828
11549,caolt.ro,76.666664,good,5,5,26.41.04,2026-04-04 14:36:53.054174
11550,openai.com,70.083336,adequate,5,6,26.41.04,2026-04-04 14:37:06.049064
11552,gotuwired.com,78.666664,good,5,5,26.41.04,2026-04-04 14:37:15.136027
11563,evdnetworks.com,84.666664,good,5,5,26.41.04,2026-04-04 14:37:49.793542
11753,misconfigured.com,77.333336,good,5,3,26.41.04,2026-04-05 14:29:27.127227
11756,reconfirm.com,72.666664,adequate,5,5,26.41.04,2026-04-05 14:29:37.259516
11760,reconfirm.com,72.666664,adequate,5,5,26.41.04,2026-04-05 14:29:54.950402
11762,kadse.dev,70.666664,adequate,5,3,26.41.04,2026-04-05 14:29:58.364046
11772,neildegrassetyson.com,74,adequate,5,3,26.41.04,2026-04-05 14:31:12.808214
11910,usa.gov,72.666664,adequate,5,5,26.42.02,2026-04-06 19:21:41.385114
11958,cia.gov,75.22619,good,5,7,26.42.12,2026-04-07 05:38:49.1958
9353,kali.org,76.47619,good,5,7,26.38.26,2026-03-24 22:35:30.424971
9357,hortongroup.com,78.666664,good,5,5,26.38.26,2026-03-24 22:35:36.041205
9366,spital-izvoru.ro,76.666664,good,5,5,26.38.26,2026-03-24 22:35:51.384917
9373,smlugoj.ro,66.666664,adequate,5,5,26.38.26,2026-03-24 22:36:07.080486
9376,smlugoj.ro,66.666664,adequate,5,5,26.38.26,2026-03-24 22:36:15.023406
9383,glendun.com.au,82.666664,good,5,5,26.38.26,2026-03-24 22:36:21.385049
9387,contractvault.com,72.833336,adequate,5,4,26.38.26,2026-03-24 22:36:29.029207
9398,fbi.gov,72.36905,adequate,5,7,26.38.26,2026-03-24 22:36:47.750017
9399,binaryflix.space,77.333336,good,5,3,26.38.26,2026-03-24 22:36:53.147863
9418,spital-breaza.ro,74.666664,adequate,5,5,26.38.26,2026-03-24 22:37:08.105487
9420,westbyforcongress.com,79.416664,good,5,5,26.38.26,2026-03-24 22:37:11.648338
9432,hak5.org,70.666664,adequate,5,5,26.38.26,2026-03-24 22:37:29.356151
9433,hak5.org,72.666664,adequate,5,5,26.38.26,2026-03-24 22:37:33.511242
9435,hak5.org,70.666664,adequate,5,5,26.38.26,2026-03-24 22:37:38.065769
9442,poop.com,74,adequate,5,3,26.38.26,2026-03-24 22:38:05.264241
9443,poop.com,74,adequate,5,3,26.38.26,2026-03-24 22:38:05.605081
9444,blauwsurvey.com,81.75,good,5,6,26.38.26,2026-03-24 22:38:06.779678
9446,cioviews.com,80.666664,good,5,5,26.38.26,2026-03-24 22:38:07.064545
9447,purpleflock.com,82.190475,good,5,7,26.38.26,2026-03-24 22:38:08.587341
9448,poop.com,74,adequate,5,3,26.38.26,2026-03-24 22:38:08.829625
9450,cioviews.com,76.666664,good,5,5,26.38.26,2026-03-24 22:38:10.522491
9451,github.com,70.5,adequate,5,6,26.38.26,2026-03-24 22:38:13.282146
9452,purpleflock.com,82.190475,good,5,7,26.38.26,2026-03-24 22:38:14.684929
9454,purpleflock.com,82.190475,good,5,7,26.38.26,2026-03-24 22:38:15.273824
9457,blauwsurvey.com,82,good,5,6,26.38.26,2026-03-24 22:38:16.623635
9458,github.com,71,adequate,5,6,26.38.26,2026-03-24 22:38:16.682584
9459,blauwsurvey.com,81.75,good,5,6,26.38.26,2026-03-24 22:38:16.865459
9460,blauwsurvey.com,81.75,good,5,6,26.38.26,2026-03-24 22:38:16.983305
9462,purpleflock.com,80.7619,good,5,7,26.38.26,2026-03-24 22:38:17.783711
9465,blauwsurvey.com,82,good,5,6,26.38.26,2026-03-24 22:38:18.754413
9467,github.com,70.5,adequate,5,6,26.38.26,2026-03-24 22:38:23.532692
9469,github.com,69.083336,adequate,5,6,26.38.26,2026-03-24 22:38:30.269875
9470,cioviews.com,80.666664,good,5,5,26.38.26,2026-03-24 22:38:30.634163
9471,blauwsurvey.com,82,good,5,6,26.38.26,2026-03-24 22:38:31.236682
9472,github.com,71,adequate,5,6,26.38.26,2026-03-24 22:38:31.710543
9473,github.com,66.75,adequate,5,6,26.38.26,2026-03-24 22:38:31.837974
9474,github.com,69.083336,adequate,5,6,26.38.26,2026-03-24 22:38:33.190495
9475,cioviews.com,80.666664,good,5,5,26.38.26,2026-03-24 22:38:33.33073
9476,blauwsurvey.com,82,good,5,6,26.38.26,2026-03-24 22:38:34.665749
9477,cioviews.com,76.666664,good,5,5,26.38.26,2026-03-24 22:38:34.787198
9478,blauwsurvey.com,81.75,good,5,6,26.38.26,2026-03-24 22:38:34.959652
9479,github.com,68.416664,adequate,5,6,26.38.26,2026-03-24 22:38:35.302078
9480,cioviews.com,76.666664,good,5,5,26.38.26,2026-03-24 22:38:35.825317
9482,cioviews.com,78.666664,good,5,5,26.38.26,2026-03-24 22:38:39.539067
9483,blauwsurvey.com,81.75,good,5,6,26.38.26,2026-03-24 22:38:41.687885
9484,github.com,71,adequate,5,6,26.38.26,2026-03-24 22:38:41.855473
9485,github.com,71,adequate,5,6,26.38.26,2026-03-24 22:38:42.023886
9487,cioviews.com,78.666664,good,5,5,26.38.26,2026-03-24 22:38:42.750121
9489,cioviews.com,77.416664,good,5,5,26.38.26,2026-03-24 22:38:42.945429
9490,cioviews.com,78.666664,good,5,5,26.38.26,2026-03-24 22:38:47.324212
9492,github.com,66.75,adequate,5,6,26.38.26,2026-03-24 22:38:49.062826
9493,github.com,65.333336,adequate,5,6,26.38.26,2026-03-24 22:38:50.311025
9494,westcappowerequipment.com,80.666664,good,5,5,26.38.26,2026-03-24 23:04:34.579459
9495,hortongroup.com,78.666664,good,5,5,26.38.26,2026-03-24 23:04:47.485139
9496,co.uk,67.666664,adequate,5,2,26.38.26,2026-03-24 23:38:05.142348
9497,apavil.ro,68.666664,adequate,5,5,26.38.26,2026-03-24 23:41:07.93685
9498,co.uk,67.666664,adequate,5,2,26.38.29,2026-03-25 00:42:57.883487
9499,com.au,72.666664,adequate,5,2,26.38.30,2026-03-25 02:04:52.367515
9500,mtadistributors.com,76.666664,good,5,5,26.38.30,2026-03-25 02:41:35.382309
9501,transbusbuzau.ro,80.666664,good,5,5,26.38.30,2026-03-25 02:41:37.858782
9502,spitalgiurgiu.ro,74.666664,adequate,5,5,26.38.30,2026-03-25 03:58:34.8719
9503,monologue.to,73,adequate,5,6,26.38.34,2026-03-25 05:35:29.103844
9504,izvoru.ro,78.666664,good,5,5,26.38.35,2026-03-25 05:56:20.751724
9505,clinicbilling.com,62.666668,adequate,5,2,26.38.35,2026-03-25 06:05:59.082407
9506,psihiatrietulghes.ro,74.666664,adequate,5,5,26.38.35,2026-03-25 06:32:09.898969
9507,rg443.click,71.833336,adequate,5,4,26.38.35,2026-03-25 06:32:12.329817
9508,dns-observe.com,80.666664,good,5,5,26.38.35,2026-03-25 07:06:59.474526
9509,spitalulhuedin.ro,74.666664,adequate,5,5,26.38.35,2026-03-25 07:30:26.058867
9510,spitalsinaia.ro,74.666664,adequate,5,5,26.38.35,2026-03-25 08:22:08.340234
9511,blauw-survey.com,72.833336,adequate,5,4,26.38.35,2026-03-25 08:59:35.866239
9512,blauw-survey.com,72.833336,adequate,5,4,26.38.35,2026-03-25 09:00:25.537056
9513,198119799470.xyz,76.666664,good,5,5,26.38.35,2026-03-25 09:29:01.580384
9514,198119799470.xyz,74.666664,adequate,5,5,26.38.35,2026-03-25 09:30:28.804689
9515,198119799470.xyz,76.666664,good,5,5,26.38.35,2026-03-25 09:30:29.538989
9516,198119799470.xyz,76.666664,good,5,5,26.38.35,2026-03-25 09:31:29.009613
9517,198119799470.xyz,74.666664,adequate,5,5,26.38.35,2026-03-25 09:31:34.294365
9518,198119799470.xyz,74.666664,adequate,5,5,26.38.35,2026-03-25 09:32:30.756327
9519,198119799470.xyz,74.666664,adequate,5,5,26.38.35,2026-03-25 09:32:31.746227
9520,spital-izvoru.ro,74.666664,adequate,5,5,26.38.35,2026-03-25 10:22:44.723047
9521,com.au,72.666664,adequate,5,2,26.38.35,2026-03-25 10:23:07.421977
9522,co.uk,67.666664,adequate,5,2,26.38.35,2026-03-25 10:57:44.849818
9523,co.uk,67.666664,adequate,5,2,26.38.35,2026-03-25 10:58:36.693951
9524,westbyforcongress.com,80.666664,good,5,5,26.38.35,2026-03-25 11:03:26.290144
9525,spitalpoianamare.ro,74.666664,adequate,5,5,26.38.35,2026-03-25 11:19:43.922741
9526,nsfnow.com,80.666664,good,5,5,26.38.35,2026-03-25 11:21:19.637165
9527,knoxminerals.com,72.666664,adequate,5,5,26.38.35,2026-03-25 11:21:21.382583
9528,izvoru.ro,78.666664,good,5,5,26.38.35,2026-03-25 11:33:30.764348
9529,usa.gov,72.666664,adequate,5,5,26.38.36,2026-03-25 12:26:06.61902
9530,usa.gov,72.666664,adequate,5,5,26.38.36,2026-03-25 12:26:56.136845
9531,caolt.ro,76.666664,good,5,5,26.38.36,2026-03-25 12:42:30.56249
9532,sportcommunities.group,82.190475,good,5,7,26.38.36,2026-03-25 13:02:15.84023
9533,neildegrassetyson.com,74,adequate,5,3,26.38.36,2026-03-25 13:08:39.229949
9534,neildegrassetyson.com,74,adequate,5,3,26.38.36,2026-03-25 13:09:28.60451
9535,ehmrealty.com,78.666664,good,5,5,26.38.36,2026-03-25 13:17:59.031451
9536,ehmrealty.com,78.666664,good,5,5,26.38.36,2026-03-25 13:18:48.761494
9537,abyt.es,75.333336,good,5,4,26.38.36,2026-03-25 13:49:59.677631
9538,kali.org,77.90476,good,5,7,26.38.36,2026-03-25 13:54:03.626329
9539,mta-sts.purpleflock.com,78.666664,good,5,5,26.38.36,2026-03-25 14:12:43.260726
9540,mta-sts.purpleflock.com,78.666664,good,5,5,26.38.36,2026-03-25 14:13:24.490739
9541,b621.org,60.666668,adequate,5,3,26.38.36,2026-03-25 14:24:39.66289
9542,b621.org,60.666668,adequate,5,3,26.38.36,2026-03-25 14:25:28.911218
9543,microsoft.com,81.61905,good,5,7,26.38.36,2026-03-25 14:27:12.381555
9544,microsoft.com,80.190475,good,5,7,26.38.36,2026-03-25 14:28:02.328175
9545,nlnetlabs.nl,68,adequate,5,6,26.38.36,2026-03-25 14:34:25.080655
9546,google.com,68.7619,adequate,5,7,26.38.36,2026-03-25 14:34:25.992756
9547,ietf.org,73,adequate,5,6,26.38.36,2026-03-25 14:34:29.695802
9548,freebsd.org,79.333336,good,5,7,26.38.36,2026-03-25 14:34:29.956142
9549,neildegrassetyson.com,74,adequate,5,3,26.38.36,2026-03-25 14:34:51.139856
9550,ietf.org,73,adequate,5,6,26.38.36,2026-03-25 14:34:55.327839
9551,nlnetlabs.nl,68,adequate,5,6,26.38.36,2026-03-25 14:34:55.95631
9552,ehmrealty.com,78.666664,good,5,5,26.38.36,2026-03-25 14:34:56.844964
9553,google.com,68.2619,adequate,5,7,26.38.36,2026-03-25 14:34:56.96508
9554,freebsd.org,82.36905,good,5,7,26.38.36,2026-03-25 14:34:59.845263
9555,mta-sts.purpleflock.com,78.666664,good,5,5,26.38.36,2026-03-25 14:35:14.393487
9556,google.com,69.690475,adequate,5,7,26.38.36,2026-03-25 14:35:27.448932
9557,ehmrealty.com,78.666664,good,5,5,26.38.36,2026-03-25 14:35:27.738412
9558,freebsd.org,83.61905,good,5,7,26.38.36,2026-03-25 14:35:29.218115
9559,nlnetlabs.nl,68,adequate,5,6,26.38.36,2026-03-25 14:35:29.687141
9560,nsfnow.com,79.416664,good,5,5,26.38.36,2026-03-25 14:35:31.060414
9561,co.uk,67.666664,adequate,5,2,26.38.36,2026-03-25 14:35:36.694282
9562,kali.org,79.333336,good,5,7,26.38.36,2026-03-25 14:35:40.928502
9563,mta-sts.purpleflock.com,78.666664,good,5,5,26.38.36,2026-03-25 14:35:44.85583
9564,knoxminerals.com,72.666664,adequate,5,5,26.38.36,2026-03-25 14:35:47.572797
9565,b621.org,60.666668,adequate,5,3,26.38.36,2026-03-25 14:35:50.158603
9566,ehmrealty.com,78.666664,good,5,5,26.38.36,2026-03-25 14:35:57.745474
9567,microsoft.com,75.583336,good,5,7,26.38.36,2026-03-25 14:35:59.035322
9568,co.uk,67.666664,adequate,5,2,26.38.36,2026-03-25 14:36:07.164004
9569,kali.org,79.333336,good,5,7,26.38.36,2026-03-25 14:36:10.893115
9570,mta-sts.purpleflock.com,78.666664,good,5,5,26.38.36,2026-03-25 14:36:15.277848
9571,izvoru.ro,78.666664,good,5,5,26.38.36,2026-03-25 14:36:16.777425
9572,sportcommunities.group,82.190475,good,5,7,26.38.36,2026-03-25 14:36:25.129391
9573,microsoft.com,76.833336,good,5,7,26.38.36,2026-03-25 14:36:30.362189
9574,kali.org,76.47619,good,5,7,26.38.36,2026-03-25 14:36:41.177661
9575,co.uk,67.666664,adequate,5,2,26.38.36,2026-03-25 14:36:42.581332
9576,izvoru.ro,78.666664,good,5,5,26.38.36,2026-03-25 14:36:44.083171
9577,abyt.es,72.833336,adequate,5,4,26.38.36,2026-03-25 14:36:48.881751
9578,sportcommunities.group,80.7619,good,5,7,26.38.36,2026-03-25 14:36:52.508152
9579,usa.gov,72.666664,adequate,5,5,26.38.36,2026-03-25 14:36:56.848489
9580,microsoft.com,78.2619,good,5,7,26.38.36,2026-03-25 14:36:58.453405
9581,westbyforcongress.com,80.666664,good,5,5,26.38.36,2026-03-25 14:37:01.877194
9582,usa.gov,72.666664,adequate,5,5,26.38.36,2026-03-25 14:37:27.364586
9583,usa.gov,72.666664,adequate,5,5,26.38.36,2026-03-25 14:37:57.783815
9584,com.au,72.666664,adequate,5,2,26.38.36,2026-03-25 14:40:54.593606
9585,psihiatrietulghes.ro,74.666664,adequate,5,5,26.38.36,2026-03-25 14:40:57.076429
9586,monologue.to,73,adequate,5,6,26.38.36,2026-03-25 14:41:05.379749
9587,com.au,72.666664,adequate,5,2,26.38.36,2026-03-25 14:41:24.699445
9588,blauw-survey.com,72.833336,adequate,5,4,26.38.36,2026-03-25 14:41:41.235702
9589,spitalsinaia.ro,74.666664,adequate,5,5,26.38.36,2026-03-25 14:41:41.551611
9590,clinicbilling.com,65.166664,adequate,5,2,26.38.36,2026-03-25 14:41:46.776954
9591,com.au,67.666664,adequate,5,2,26.38.36,2026-03-25 14:41:55.374809
9592,spitalulhuedin.ro,68.666664,adequate,5,5,26.38.36,2026-03-25 14:41:57.664446
9593,spital-izvoru.ro,74.666664,adequate,5,5,26.38.36,2026-03-25 14:42:02.336552
9594,spitalsinaia.ro,74.666664,adequate,5,5,26.38.36,2026-03-25 14:42:03.13437
9595,clinicbilling.com,72.666664,adequate,5,2,26.38.36,2026-03-25 14:42:16.101
9596,spitalulhuedin.ro,76.666664,good,5,5,26.38.36,2026-03-25 14:42:18.913623
9597,dns-observe.com,80.666664,good,5,5,26.38.36,2026-03-25 14:42:20.693673
9598,198119799470.xyz,76.666664,good,5,5,26.38.36,2026-03-25 14:42:22.521093
9599,rg443.click,71.583336,adequate,5,4,26.38.36,2026-03-25 14:42:33.174261
9600,clinicbilling.com,72.666664,adequate,5,2,26.38.36,2026-03-25 14:42:46.649148
9601,198119799470.xyz,76.666664,good,5,5,26.38.36,2026-03-25 14:42:58.040062
9602,198119799470.xyz,74.666664,adequate,5,5,26.38.36,2026-03-25 14:43:33.733762
9603,purpleflock.net,81.190475,good,5,7,26.38.36,2026-03-25 14:47:37.056169
9604,purpleflock.net,81.190475,good,5,7,26.38.36,2026-03-25 14:48:27.211417
9605,ibm.com,67,adequate,5,6,26.38.36,2026-03-25 14:49:29.117661
9606,apple.com,78.333336,good,5,7,26.38.36,2026-03-25 14:49:35.135868
9607,apple.com,75.47619,good,5,7,26.38.36,2026-03-25 14:49:56.820437
9608,ibm.com,67,adequate,5,6,26.38.36,2026-03-25 14:49:59.517011
9609,cia.gov,76.90476,good,5,7,26.38.36,2026-03-25 14:50:09.37482
9610,ibm.com,71,adequate,5,6,26.38.36,2026-03-25 14:50:30.881808
9611,cia.gov,75.47619,good,5,7,26.38.36,2026-03-25 14:50:32.615834
9612,openai.com,68.666664,adequate,5,6,26.38.36,2026-03-25 14:50:43.190359
9613,github.com,65.333336,adequate,5,6,26.38.36,2026-03-25 14:50:45.190291
9614,github.com,65.333336,adequate,5,6,26.38.36,2026-03-25 14:50:59.761424
9615,openai.com,70.333336,adequate,5,6,26.38.36,2026-03-25 14:51:11.626614
9616,rg443.click,71.833336,adequate,5,4,26.38.36,2026-03-25 14:51:27.408831
9617,openai.com,70.333336,adequate,5,6,26.38.36,2026-03-25 14:51:32.416982
9618,dnstool.it-help.tech,85.333336,good,5,4,26.38.36,2026-03-25 14:53:51.736892
9619,fbi.gov,70.940475,adequate,5,7,26.38.36,2026-03-25 14:53:56.051685
9622,amazon.com,71.416664,adequate,5,5,26.38.36,2026-03-25 14:54:13.649108
9952,mx1.blauwsurvey.com,81.333336,good,5,1,26.40.01,2026-03-27 14:43:31.30471
9954,psihiatrietulghes.ro,74.666664,adequate,5,5,26.40.01,2026-03-27 14:43:50.126341
9958,ibm.com,67,adequate,5,6,26.40.01,2026-03-27 14:45:30.669648
9959,example.com,71.333336,adequate,5,6,26.40.01,2026-03-27 14:45:33.830469
9967,uke.de,70.333336,adequate,5,6,26.40.01,2026-03-27 14:46:18.337703
9968,gmg-attendorn.de,82.666664,good,5,5,26.40.01,2026-03-27 14:46:26.090609
10040,198119799470.xyz,76.666664,good,5,5,26.40.12,2026-03-28 08:38:08.083456
10146,fbi.gov,72.36905,adequate,5,7,26.40.18,2026-03-28 14:42:04.513486
10163,transbusbuzau.ro,80.666664,good,5,5,26.40.18,2026-03-28 14:43:13.041788
10271,bakr.de,69.666664,adequate,5,6,26.40.19,2026-03-29 14:42:02.028382
10383,spitalpoianamare.ro,74.666664,adequate,5,5,26.40.19,2026-03-30 06:32:23.213487
10387,spitalpoianamare.ro,74.666664,adequate,5,5,26.40.19,2026-03-30 06:33:22.35092
10485,bakr.de,69.666664,adequate,5,6,26.40.23,2026-03-30 14:50:37.939147
10486,rg443.click,71.833336,adequate,5,4,26.40.23,2026-03-30 14:50:39.255527
10488,hirt.dev,75.47619,good,5,7,26.40.23,2026-03-30 14:50:51.369118
10489,sanatoriulbusteni.ro,74.666664,adequate,5,5,26.40.23,2026-03-30 14:50:54.008707
10497,raremaps.com,73,adequate,5,6,26.40.23,2026-03-30 14:51:33.305034
10498,bakr.de,69.666664,adequate,5,6,26.40.23,2026-03-30 14:51:38.727055
10586,media.g-my.com,61.333332,adequate,5,1,26.40.25,2026-03-31 10:24:55.184144
10588,media.g-my.com,61.333332,adequate,5,1,26.40.25,2026-03-31 10:25:20.927653
10772,red.com,72.666664,adequate,5,6,26.40.25,2026-03-31 14:59:41.774625
10774,red.com,72.666664,adequate,5,6,26.40.25,2026-03-31 15:00:12.17139
10775,hortongroup.com,78.666664,good,5,5,26.40.25,2026-03-31 15:00:18.227295
10910,spital-deva.ro,66.666664,adequate,5,5,26.40.29,2026-04-01 14:31:02.938793
10919,den9s.dk,60.333332,adequate,5,4,26.40.29,2026-04-01 14:31:44.356868
10933,cioviews.com,80.666664,good,5,5,26.40.29,2026-04-01 14:33:03.417182
10940,cioviews.com,80.666664,good,5,5,26.40.29,2026-04-01 14:34:18.443732
10942,g-my.com,72.666664,adequate,5,5,26.40.29,2026-04-01 14:34:22.292155
10944,g-my.com,70.666664,adequate,5,5,26.40.29,2026-04-01 14:35:21.042731
11099,spitalmoldovanoua.ro,74.666664,adequate,5,5,26.40.31,2026-04-02 14:42:15.759202
11120,microsoft.com,78.7619,good,5,7,26.40.31,2026-04-02 14:43:54.884543
11122,github.com,64.666664,adequate,5,6,26.40.31,2026-04-02 14:44:11.323647
11124,github.com,64.666664,adequate,5,6,26.40.31,2026-04-02 14:44:43.822433
11130,steinr.eu,71.75,adequate,5,6,26.40.31,2026-04-02 14:45:50.501734
11256,example.com,73,adequate,5,6,26.41.04,2026-04-03 07:41:25.827288
11266,amazon.com,71.416664,adequate,5,5,26.41.04,2026-04-03 07:42:26.623545
11271,dispatchgrid.com,82.666664,good,5,5,26.41.04,2026-04-03 07:42:54.794322
11279,dispatchgrid.com,82.666664,good,5,5,26.41.04,2026-04-03 07:43:53.696936
11281,g-my.com,72.666664,adequate,5,5,26.41.04,2026-04-03 07:44:00.513653
11284,optonline.net,74.666664,adequate,5,5,26.41.04,2026-04-03 07:44:10.739406
11300,civicpermits.com,70.666664,adequate,5,5,26.41.04,2026-04-03 07:45:45.829308
11302,rg443.click,71.833336,adequate,5,4,26.41.04,2026-04-03 07:46:00.020044
11476,rg443.click,71.833336,adequate,5,4,26.41.04,2026-04-03 15:18:46.888932
11478,198119799470.xyz,76.666664,good,5,5,26.41.04,2026-04-03 15:19:09.696347
11555,caolt.ro,76.666664,good,5,5,26.41.04,2026-04-04 14:37:24.15201
11558,spital-izvoru.ro,74.666664,adequate,5,5,26.41.04,2026-04-04 14:37:33.435328
11559,openai.com,70.083336,adequate,5,6,26.41.04,2026-04-04 14:37:36.506072
11561,gotuwired.com,78.666664,good,5,5,26.41.04,2026-04-04 14:37:43.843768
11566,spital-izvoru.ro,72.666664,adequate,5,5,26.41.04,2026-04-04 14:37:57.017055
11569,switch.com,69.416664,adequate,5,5,26.41.04,2026-04-04 14:38:13.886713
11754,misconfigured.com,77.333336,good,5,3,26.41.04,2026-04-05 14:29:32.71546
11761,natashabedingfield.com,67.666664,adequate,5,5,26.41.04,2026-04-05 14:29:57.525031
11776,jira.sovanta.com,81.333336,good,5,1,26.41.04,2026-04-05 14:31:30.417741
11784,livearchive.net,73,adequate,5,6,26.41.04,2026-04-05 14:32:02.049956
11791,caolt.ro,76.666664,good,5,5,26.41.04,2026-04-05 14:33:08.348201
11911,github.com,67,adequate,5,6,26.42.02,2026-04-06 19:49:13.739134
11959,abc.com,66.166664,adequate,5,5,26.42.12,2026-04-07 05:52:09.591945
11960,it-help.tech,80.190475,good,5,7,26.42.12,2026-04-07 05:52:39.637267
9620,dnstool.it-help.tech,85.333336,good,5,4,26.38.36,2026-03-25 14:54:11.185084
9621,2911.us,81.333336,good,5,6,26.38.36,2026-03-25 14:54:13.417498
9623,it-help.tech,78.2619,good,5,7,26.38.36,2026-03-25 14:54:26.883528
9624,fbi.gov,73.79762,adequate,5,7,26.38.36,2026-03-25 14:54:30.24579
9626,cloudflare.com,70.940475,adequate,5,7,26.38.36,2026-03-25 14:54:41.640542
9628,2911.us,81.333336,good,5,6,26.38.36,2026-03-25 14:54:43.648401
9632,fbi.gov,72.36905,adequate,5,7,26.38.36,2026-03-25 14:55:02.234587
9962,example.com,69.666664,adequate,5,6,26.40.01,2026-03-27 14:46:02.672283
10041,198119799470.xyz,76.666664,good,5,5,26.40.12,2026-03-28 08:38:57.717547
10157,b621.org,60.666668,adequate,5,3,26.40.18,2026-03-28 14:42:42.777576
10159,sanatoriulbusteni.ro,74.666664,adequate,5,5,26.40.18,2026-03-28 14:42:46.73115
10273,openai.com,70.333336,adequate,5,6,26.40.19,2026-03-29 14:51:47.89572
10275,openai.com,72,adequate,5,6,26.40.19,2026-03-29 14:52:15.756484
10276,ibm.com,66.5,adequate,5,6,26.40.19,2026-03-29 14:52:31.737605
10278,ibm.com,63.166668,adequate,5,6,26.40.19,2026-03-29 14:52:57.210691
10282,2911.us,81.333336,good,5,6,26.40.19,2026-03-29 14:53:10.093224
10283,nsa.gov,75.416664,good,5,5,26.40.19,2026-03-29 14:53:10.553938
10286,2911.us,81.333336,good,5,6,26.40.19,2026-03-29 14:53:34.322985
10384,spitalpoianamare.ro,74.666664,adequate,5,5,26.40.19,2026-03-30 06:32:54.156072
10385,spitalcampina.ro,72.666664,adequate,5,5,26.40.19,2026-03-30 06:32:57.045929
10501,hosptm.ro,82.666664,good,5,5,26.40.23,2026-03-30 14:51:47.811101
10504,play.198119799470.xyz,61.833332,adequate,5,8,26.40.23,2026-03-30 14:52:08.446921
10508,steinr.eu,72,adequate,5,6,26.40.23,2026-03-30 14:52:38.270367
10520,qualysperiscope.com,62.666668,adequate,5,2,26.40.23,2026-03-30 14:54:41.17446
10587,media.g-my.com,61.333332,adequate,5,1,26.40.25,2026-03-31 10:25:20.665889
10773,hortongroup.com,78.666664,good,5,5,26.40.25,2026-03-31 14:59:48.343247
10776,red.com,72.666664,adequate,5,6,26.40.25,2026-03-31 15:00:43.690825
10911,blauw-survey.com,72.833336,adequate,5,4,26.40.29,2026-04-01 14:31:06.693565
10914,cnn.com,68.666664,adequate,5,6,26.40.29,2026-04-01 14:31:11.778421
10916,spital-deva.ro,66.666664,adequate,5,5,26.40.29,2026-04-01 14:31:20.177404
10920,mtadistributors.com,76.666664,good,5,5,26.40.29,2026-04-01 14:31:46.279874
10922,spital-izvoru.ro,76.666664,good,5,5,26.40.29,2026-04-01 14:31:52.858947
10935,guarinoadvisors.com,72.666664,adequate,5,5,26.40.29,2026-04-01 14:33:09.761756
11102,hegel.org,84.666664,good,5,5,26.40.31,2026-04-02 14:42:25.291342
11105,apple.com,72.36905,adequate,5,7,26.40.31,2026-04-02 14:42:38.76291
11106,blauw-survey.com,72.833336,adequate,5,4,26.40.31,2026-04-02 14:42:41.360729
11109,red.com,72.666664,adequate,5,6,26.40.31,2026-04-02 14:42:56.737341
11112,blauw-survey.com,72.833336,adequate,5,4,26.40.31,2026-04-02 14:43:11.755031
11118,github.com,68.166664,adequate,5,6,26.40.31,2026-04-02 14:43:40.877794
11119,example.com,71.333336,adequate,5,6,26.40.31,2026-04-02 14:43:43.281705
11128,optonline.net,76.666664,good,5,5,26.40.31,2026-04-02 14:45:42.121956
11129,dispatchgrid.com,82.666664,good,5,5,26.40.31,2026-04-02 14:45:50.325554
11132,dispatchgrid.com,82.666664,good,5,5,26.40.31,2026-04-02 14:46:20.919514
11267,fbi.gov,73.79762,adequate,5,7,26.41.04,2026-04-03 07:42:33.787718
11274,dispatchgrid.com,82.666664,good,5,5,26.41.04,2026-04-03 07:43:23.290606
11275,amazon.com,71.666664,adequate,5,5,26.41.04,2026-04-03 07:43:25.555974
11276,probe-us-02.dns-observe.com,70.666664,adequate,5,3,26.41.04,2026-04-03 07:43:36.001539
11294,guarinoadvisors.com,72.666664,adequate,5,5,26.41.04,2026-04-03 07:44:55.993387
11299,dnsstuff.com,73.666664,adequate,5,6,26.41.04,2026-04-03 07:45:35.681357
11303,dnsstuff.com,73.666664,adequate,5,6,26.41.04,2026-04-03 07:46:06.086942
11477,rg443.click,69.333336,adequate,5,4,26.41.04,2026-04-03 15:18:52.595579
11557,neildegrassetyson.com,70.666664,adequate,5,3,26.41.04,2026-04-04 14:37:27.23848
11570,civicpermits.com,70.666664,adequate,5,5,26.41.04,2026-04-04 14:38:14.374107
11571,natashabedingfield.com,67.416664,adequate,5,5,26.41.04,2026-04-04 14:38:14.965937
11759,kadse.dev,70.666664,adequate,5,3,26.41.04,2026-04-05 14:29:53.745004
11763,wiredsd.com,80.666664,good,5,5,26.41.04,2026-04-05 14:30:35.674654
11771,neildegrassetyson.com,74,adequate,5,3,26.41.04,2026-04-05 14:31:07.950542
11774,dns-observe.com,80.666664,good,5,5,26.41.04,2026-04-05 14:31:26.203804
11779,spital-izvoru.ro,74.666664,adequate,5,5,26.41.04,2026-04-05 14:31:39.919911
11787,mercadopago.com,74.333336,adequate,5,6,26.41.04,2026-04-05 14:32:26.097941
11790,aither.cc,66.666664,adequate,5,5,26.41.04,2026-04-05 14:33:03.111877
11793,caolt.ro,76.666664,good,5,5,26.41.04,2026-04-05 14:33:21.425778
11795,fbi.gov,74.04762,adequate,5,7,26.41.04,2026-04-05 14:33:44.368918
11799,fbi.gov,71.190475,adequate,5,7,26.41.04,2026-04-05 14:34:44.560111
11912,openai.com,70.333336,adequate,5,6,26.42.02,2026-04-06 23:45:37.377919
11961,it-help.tech,80.190475,good,5,7,26.42.12,2026-04-07 05:52:58.803046
9625,example.com,73,adequate,5,6,26.38.36,2026-03-25 14:54:37.777111
9627,amazon.com,71.416664,adequate,5,5,26.38.36,2026-03-25 14:54:43.18408
9629,nsa.gov,75.416664,good,5,5,26.38.36,2026-03-25 14:54:51.792632
9630,it-help.tech,78.2619,good,5,7,26.38.36,2026-03-25 14:54:55.343177
9631,example.com,73,adequate,5,6,26.38.36,2026-03-25 14:54:55.646043
9633,cloudflare.com,70.940475,adequate,5,7,26.38.36,2026-03-25 14:55:12.186563
9634,amazon.com,73.416664,adequate,5,5,26.38.36,2026-03-25 14:55:13.103853
9635,2911.us,81.333336,good,5,6,26.38.36,2026-03-25 14:55:14.215567
9636,nsa.gov,75.416664,good,5,5,26.38.36,2026-03-25 14:55:25.270168
9637,cloudflare.com,70.940475,adequate,5,7,26.38.36,2026-03-25 14:55:40.88662
9638,nsa.gov,75.416664,good,5,5,26.38.36,2026-03-25 14:55:54.021975
9639,blauwsurvey.com,83,good,5,6,26.38.36,2026-03-25 14:58:59.131013
9640,hak5.org,72.666664,adequate,5,5,26.38.36,2026-03-25 14:59:07.078211
9641,poop.com,74,adequate,5,3,26.38.36,2026-03-25 14:59:22.337096
9642,blauwsurvey.com,80.5,good,5,6,26.38.36,2026-03-25 14:59:24.473714
9643,purpleflock.com,82.190475,good,5,7,26.38.36,2026-03-25 14:59:27.192417
9644,cioviews.com,80.666664,good,5,5,26.38.36,2026-03-25 14:59:29.194043
9645,hak5.org,72.666664,adequate,5,5,26.38.36,2026-03-25 14:59:35.709856
9646,purpleflock.com,82.190475,good,5,7,26.38.36,2026-03-25 14:59:56.458314
9647,cioviews.com,78.666664,good,5,5,26.38.36,2026-03-25 14:59:59.712888
9648,cioviews.com,78.666664,good,5,5,26.38.36,2026-03-25 15:00:31.037399
9649,hortongroup.com,78.666664,good,5,5,26.38.36,2026-03-25 15:04:02.719302
9650,transbusbuzau.ro,80.666664,good,5,5,26.38.36,2026-03-25 15:04:03.461443
9651,mtadistributors.com,76.666664,good,5,5,26.38.36,2026-03-25 15:04:21.175462
9652,spitalgiurgiu.ro,74.666664,adequate,5,5,26.38.36,2026-03-25 15:04:32.292157
9653,transbusbuzau.ro,80.666664,good,5,5,26.38.36,2026-03-25 15:04:32.349407
9654,hortongroup.com,78.666664,good,5,5,26.38.36,2026-03-25 15:04:33.185235
9655,mtadistributors.com,76.666664,good,5,5,26.38.36,2026-03-25 15:04:50.161813
9656,spitalgiurgiu.ro,74.666664,adequate,5,5,26.38.36,2026-03-25 15:04:53.769745
9657,hortongroup.com,78.666664,good,5,5,26.38.36,2026-03-25 15:05:02.637226
9658,mtadistributors.com,76.666664,good,5,5,26.38.36,2026-03-25 15:05:23.409843
9659,sportcommunities.group,79.333336,good,5,7,26.38.36,2026-03-25 15:12:34.837128
9660,mobilecommercepress.com,73,adequate,5,6,26.38.36,2026-03-25 15:15:50.418651
9661,spital-breaza.ro,74.666664,adequate,5,5,26.38.36,2026-03-25 15:15:52.813633
9662,mobilecommercepress.com,71.333336,adequate,5,6,26.38.36,2026-03-25 15:16:04.068457
9663,spital-breaza.ro,74.666664,adequate,5,5,26.38.36,2026-03-25 15:16:09.466996
9664,sanatoriulbusteni.ro,74.666664,adequate,5,5,26.38.36,2026-03-25 15:16:12.832198
9665,sanatoriulbusteni.ro,74.666664,adequate,5,5,26.38.36,2026-03-25 15:16:34.440612
9666,whitehouse.gov,76.666664,good,5,5,26.38.36,2026-03-25 15:49:42.467763
9667,whitehouse.gov,74.666664,adequate,5,5,26.38.36,2026-03-25 15:49:47.732749
9668,couchmvp.com,77.666664,good,5,2,26.38.36,2026-03-25 17:24:31.904544
9669,freebsd.org,86.47619,good,5,7,26.38.36,2026-03-25 17:25:02.717156
9670,gmg-attendorn.de,82.666664,good,5,5,26.38.36,2026-03-25 17:59:48.001754
9671,meg.abyt.es,71.666664,adequate,5,2,26.38.36,2026-03-25 19:08:00.940569
9672,meg.abyt.es,71.666664,adequate,5,2,26.38.36,2026-03-25 19:08:49.848649
9673,hirt.dev,75.47619,good,5,7,26.38.36,2026-03-25 19:37:21.57249
9674,hirt.dev,74.04762,adequate,5,7,26.38.36,2026-03-25 19:38:11.226228
9675,fredduval.com,82.666664,good,5,5,26.38.36,2026-03-25 20:18:29.977028
9676,monologue.to,71.333336,adequate,5,6,26.38.36,2026-03-25 20:33:03.097503
9677,dns-observe.com,80.666664,good,5,5,26.38.36,2026-03-25 20:45:43.474185
9678,2911.us,81.333336,good,5,6,26.38.36,2026-03-25 20:57:46.300389
9679,mx1.blauwsurvey.com,81.333336,good,5,1,26.38.36,2026-03-25 21:19:38.714974
9680,mx1.blauwsurvey.com,81.333336,good,5,1,26.38.36,2026-03-25 21:20:15.394445
9681,google.com,68.7619,adequate,5,7,26.38.36,2026-03-25 21:28:55.55172
9682,dnstool.it-help.tech,85.333336,good,5,4,26.38.36,2026-03-25 21:37:38.685507
9683,dnstool.it-help.tech,85.333336,good,5,4,26.38.36,2026-03-25 21:37:43.106272
9684,psihiatrietulghes.ro,74.666664,adequate,5,5,26.38.36,2026-03-25 21:42:51.093956
9685,reconfirm.com,72.666664,adequate,5,5,26.38.36,2026-03-25 21:46:37.328517
9686,spitalulorasenescbaicoi.ro,73,adequate,5,6,26.38.36,2026-03-25 22:00:06.372586
9687,ortopedieazuga.ro,74.666664,adequate,5,5,26.38.36,2026-03-25 22:23:51.612265
9688,psihiatrietulghes.ro,72.666664,adequate,5,5,26.38.36,2026-03-25 22:33:55.757549
9689,microsoft.com,80.190475,good,5,7,26.38.36,2026-03-25 22:33:58.068616
9690,kisa.org.cy,84.666664,good,5,5,26.38.36,2026-03-25 22:40:42.254932
9691,www.cnn.com,59.583332,adequate,5,8,26.38.37,2026-03-26 00:32:38.476887
9692,google.com,70.190475,adequate,5,7,26.38.37,2026-03-26 00:35:35.467218
9693,hahnover.land,76.666664,good,5,5,26.38.37,2026-03-26 00:37:24.562094
9694,hahnover.land,76.666664,good,5,5,26.38.37,2026-03-26 00:37:58.619937
9695,hahnover.land,74.666664,adequate,5,5,26.38.37,2026-03-26 00:38:23.343807
9696,hahnover.land,74.666664,adequate,5,5,26.38.37,2026-03-26 00:38:23.787371
9697,gmg-attendorn.de,82.666664,good,5,5,26.38.39,2026-03-26 01:34:03.754776
9698,qualysperiscope.com,62.666668,adequate,5,2,26.38.39,2026-03-26 01:38:20.477011
9699,cloudflare.com,69.7619,adequate,5,7,26.38.39,2026-03-26 01:44:18.666967
9700,com.au,72.666664,adequate,5,2,26.38.39,2026-03-26 02:27:37.666269
9701,spitalulorasenescbaicoi.ro,73,adequate,5,6,26.38.39,2026-03-26 02:31:16.030431
9702,com.au,72.666664,adequate,5,2,26.38.39,2026-03-26 03:56:40.011797
9703,uke.de,68.666664,adequate,5,6,26.38.39,2026-03-26 04:09:10.557573
9704,spital-izvoru.ro,74.666664,adequate,5,5,26.38.39,2026-03-26 06:21:47.745582
9705,fg9.eu,81.333336,good,5,6,26.38.39,2026-03-26 09:21:52.546636
9706,fg9.eu,81.333336,good,5,6,26.38.39,2026-03-26 09:23:07.201613
9707,fg9.eu,81.333336,good,5,6,26.38.39,2026-03-26 09:23:08.044682
9708,fg9.eu,81.333336,good,5,6,26.38.39,2026-03-26 09:24:06.923611
9709,fg9.eu,81.333336,good,5,6,26.38.39,2026-03-26 09:24:08.226961
9710,fg9.eu,81.333336,good,5,6,26.38.39,2026-03-26 09:25:08.681486
9711,fg9.eu,81.333336,good,5,6,26.38.39,2026-03-26 09:25:10.017893
9712,google.com,68.7619,adequate,5,7,26.38.39,2026-03-26 14:06:59.346102
9713,ietf.org,73,adequate,5,6,26.38.39,2026-03-26 14:07:00.239657
9714,nlnetlabs.nl,68,adequate,5,6,26.38.39,2026-03-26 14:07:09.237844
9715,freebsd.org,86.47619,good,5,7,26.38.39,2026-03-26 14:07:12.72724
9716,spital-izvoru.ro,74.666664,adequate,5,5,26.38.39,2026-03-26 14:07:35.410635
9728,qualysperiscope.com,62.666668,adequate,5,2,26.38.39,2026-03-26 14:09:28.396226
9732,qualysperiscope.com,62.666668,adequate,5,2,26.38.39,2026-03-26 14:10:28.243292
9963,ibm.com,65.333336,adequate,5,6,26.40.01,2026-03-27 14:46:03.176848
9964,example.com,71.333336,adequate,5,6,26.40.01,2026-03-27 14:46:08.505245
9966,openai.com,68.666664,adequate,5,6,26.40.01,2026-03-27 14:46:13.710131
9972,nsa.gov,71.666664,adequate,5,5,26.40.01,2026-03-27 14:48:14.711831
9973,nsa.gov,75.666664,good,5,5,26.40.01,2026-03-27 14:48:34.778806
10042,apple.com,78.333336,good,5,7,26.40.12,2026-03-28 09:08:01.730722
10043,nsfnow.com,80.666664,good,5,5,26.40.12,2026-03-28 09:09:06.608453
10165,red.com,72.166664,adequate,5,6,26.40.18,2026-03-28 14:49:56.445897
10168,spitalgiurgiu.ro,74.666664,adequate,5,5,26.40.18,2026-03-28 14:50:36.045418
10274,ibm.com,65.333336,adequate,5,6,26.40.19,2026-03-29 14:52:01.642286
10386,www.franklinroadacademy.com,60.583332,adequate,5,8,26.40.19,2026-03-30 06:33:02.831074
10506,hosptm.ro,82.666664,good,5,5,26.40.23,2026-03-30 14:52:24.38207
10507,schedule.it-help.tech,80.333336,good,5,4,26.40.23,2026-03-30 14:52:30.663677
10517,qualysperiscope.com,62.666668,adequate,5,2,26.40.23,2026-03-30 14:53:43.046066
10589,g-my.com,72.666664,adequate,5,5,26.40.25,2026-03-31 10:25:43.234994
10590,g-my.com,70.666664,adequate,5,5,26.40.25,2026-03-31 10:26:07.142353
10591,g-my.com,72.666664,adequate,5,5,26.40.25,2026-03-31 10:26:22.844788
10777,hortongroup.com,78.666664,good,5,5,26.40.25,2026-03-31 15:00:48.994702
10918,blauw-survey.com,72.833336,adequate,5,4,26.40.29,2026-04-01 14:31:29.33756
10931,spital-izvoru.ro,74.666664,adequate,5,5,26.40.29,2026-04-01 14:32:35.712158
10932,patientreminder.com,82.666664,good,5,5,26.40.29,2026-04-01 14:32:55.432151
10937,spitalmoldovanoua.ro,74.666664,adequate,5,5,26.40.29,2026-04-01 14:33:39.638126
11133,dnstool.it-help.tech,85.333336,good,5,4,26.40.31,2026-04-02 14:49:17.848744
11149,nsa.gov,71.416664,adequate,5,5,26.40.31,2026-04-02 14:50:34.770798
11150,spjslatina.ro,68.666664,adequate,5,5,26.40.31,2026-04-02 14:50:39.146328
11161,spjslatina.ro,67.416664,adequate,5,5,26.40.31,2026-04-02 14:51:40.0841
11162,ibm.com,70.5,adequate,5,6,26.40.31,2026-04-02 14:51:44.052175
11280,guarinoadvisors.com,72.666664,adequate,5,5,26.41.04,2026-04-03 07:43:55.161578
11292,izvoru.ro,78.666664,good,5,5,26.41.04,2026-04-03 07:44:51.332907
11479,monologue.to,73,adequate,5,6,26.41.04,2026-04-03 15:19:19.977266
11480,198119799470.xyz,76.666664,good,5,5,26.41.04,2026-04-03 15:19:40.321788
11560,mercadopago.com,73.833336,adequate,5,6,26.41.04,2026-04-04 14:37:43.308237
11764,guarinoadvisors.com,72.666664,adequate,5,5,26.41.04,2026-04-05 14:30:40.035601
11765,steinr.eu,72,adequate,5,6,26.41.04,2026-04-05 14:30:45.868704
11767,wiredsd.com,80.666664,good,5,5,26.41.04,2026-04-05 14:30:53.172064
11781,dispatchgrid.com,82.666664,good,5,5,26.41.04,2026-04-05 14:31:50.032135
11796,nsa.gov,75.666664,good,5,5,26.41.04,2026-04-05 14:34:07.862957
11797,fbi.gov,71.190475,adequate,5,7,26.41.04,2026-04-05 14:34:14.214753
11913,leeashley.net,82.666664,good,5,5,26.42.02,2026-04-06 23:51:39.911638
11962,bitch.com,67.833336,adequate,5,4,26.42.12,2026-04-07 06:47:21.412206
11963,bitch.com,67.833336,adequate,5,4,26.42.12,2026-04-07 06:47:26.95235
9717,fg9.eu,81.333336,good,5,6,26.38.39,2026-03-26 14:08:10.782123
9974,spital-izvoru.ro,74.666664,adequate,5,5,26.40.01,2026-03-27 14:52:44.594129
9981,qualysperiscope.com,62.666668,adequate,5,2,26.40.01,2026-03-27 14:53:43.600285
10044,nsfnow.com,78.666664,good,5,5,26.40.12,2026-03-28 09:09:56.411598
10166,spitalgiurgiu.ro,74.666664,adequate,5,5,26.40.18,2026-03-28 14:50:14.188467
10167,red.com,72.166664,adequate,5,6,26.40.18,2026-03-28 14:50:26.486823
10277,nsa.gov,75.416664,good,5,5,26.40.19,2026-03-29 14:52:45.745203
10288,example.com,69.666664,adequate,5,6,26.40.19,2026-03-29 14:53:46.206144
10289,example.com,71.333336,adequate,5,6,26.40.19,2026-03-29 14:54:03.767558
10388,spitalpoianamare.ro,74.666664,adequate,5,5,26.40.19,2026-03-30 06:33:23.442238
10521,spital-izvoru.ro,74.666664,adequate,5,5,26.40.23,2026-03-30 14:59:29.247619
10592,patientreminder.com,82.666664,good,5,5,26.40.25,2026-03-31 12:55:25.416166
10778,spitalcampina.ro,72.666664,adequate,5,5,26.40.25,2026-03-31 15:10:06.757383
10779,pizazzmusiccamp.org,68.666664,adequate,5,5,26.40.25,2026-03-31 15:10:14.798531
10781,pizazzmusiccamp.org,68.666664,adequate,5,5,26.40.25,2026-03-31 15:10:45.32474
10782,spitalcampina.ro,72.666664,adequate,5,5,26.40.25,2026-03-31 15:11:05.596013
10921,nsfnow.com,80.666664,good,5,5,26.40.29,2026-04-01 14:31:48.338741
10925,nsfnow.com,80.666664,good,5,5,26.40.29,2026-04-01 14:32:10.0104
10928,spital-izvoru.ro,74.666664,adequate,5,5,26.40.29,2026-04-01 14:32:21.048924
10941,guarinoadvisors.com,72.666664,adequate,5,5,26.40.29,2026-04-01 14:34:19.48562
11134,spital-breaza.ro,74.666664,adequate,5,5,26.40.31,2026-04-02 14:49:25.98317
11158,ibm.com,59.166668,adequate,5,6,26.40.31,2026-04-02 14:51:11.593305
11159,westbyforcongress.com,80.666664,good,5,5,26.40.31,2026-04-02 14:51:12.346138
11304,civicpermits.com,70.666664,adequate,5,5,26.41.04,2026-04-03 07:46:16.410991
11305,fredduval.com,82.666664,good,5,5,26.41.04,2026-04-03 07:46:25.110107
11307,rg443.click,69.333336,adequate,5,4,26.41.04,2026-04-03 07:46:30.517956
11310,den9s.dk,65.333336,adequate,5,4,26.41.04,2026-04-03 07:46:37.06106
11315,maltejk.de,76.47619,good,5,7,26.41.04,2026-04-03 07:47:01.681407
11321,fredduval.com,82.666664,good,5,5,26.41.04,2026-04-03 07:47:26.06992
11323,198119799470.xyz,76.666664,good,5,5,26.41.04,2026-04-03 07:47:36.02776
11327,reconfirm.com,72.666664,adequate,5,5,26.41.04,2026-04-03 07:47:50.607686
11481,monologue.to,73,adequate,5,6,26.41.04,2026-04-03 15:19:50.466347
11564,caolt.ro,76.666664,good,5,5,26.41.04,2026-04-04 14:37:50.106755
11567,mercadopago.com,72.166664,adequate,5,6,26.41.04,2026-04-04 14:38:04.989256
11568,dns-observe.com,80.666664,good,5,5,26.41.04,2026-04-04 14:38:10.030486
11766,guarinoadvisors.com,70.666664,adequate,5,5,26.41.04,2026-04-05 14:30:53.13089
11773,it-help.tech,80.190475,good,5,7,26.41.04,2026-04-05 14:31:13.695439
11777,markphd.me,76.833336,good,5,4,26.41.04,2026-04-05 14:31:34.428053
11780,switch.com,69.666664,adequate,5,5,26.41.04,2026-04-05 14:31:45.327886
11792,microsoft.com,81.61905,good,5,7,26.41.04,2026-04-05 14:33:18.311386
11794,nsa.gov,75.666664,good,5,5,26.41.04,2026-04-05 14:33:39.332302
11914,leeashley.net,82.666664,good,5,5,26.42.02,2026-04-07 00:33:23.121089
11964,bitch.com,67.833336,adequate,5,4,26.42.12,2026-04-07 06:47:55.801206
11965,bitch.com,67.833336,adequate,5,4,26.42.12,2026-04-07 06:47:56.759584
9718,spitalulorasenescbaicoi.ro,73,adequate,5,6,26.38.39,2026-03-26 14:08:18.043781
9719,com.au,72.666664,adequate,5,2,26.38.39,2026-03-26 14:08:23.070706
9721,hahnover.land,76.666664,good,5,5,26.38.39,2026-03-26 14:08:39.517232
9725,www.cnn.com,60.833332,adequate,5,8,26.38.39,2026-03-26 14:09:07.510767
9726,fg9.eu,81.333336,good,5,6,26.38.39,2026-03-26 14:09:13.571091
9727,com.au,72.666664,adequate,5,2,26.38.39,2026-03-26 14:09:24.615696
9730,qualysperiscope.com,62.666668,adequate,5,2,26.38.39,2026-03-26 14:09:58.768353
9731,www.cnn.com,58.083332,adequate,5,8,26.38.39,2026-03-26 14:10:05.863491
9975,fg9.eu,81.333336,good,5,6,26.40.01,2026-03-27 14:53:02.322031
9976,spital-izvoru.ro,74.666664,adequate,5,5,26.40.01,2026-03-27 14:53:12.708387
10045,nlnetlabs.nl,68,adequate,5,6,26.40.12,2026-03-28 09:19:35.691228
10169,red.com,72.166664,adequate,5,6,26.40.18,2026-03-28 14:51:03.291935
10279,it-help.tech,79.690475,good,5,7,26.40.19,2026-03-29 14:52:58.19581
10280,dnstool.it-help.tech,85.333336,good,5,4,26.40.19,2026-03-29 14:53:03.357677
10281,dnstool.it-help.tech,85.333336,good,5,4,26.40.19,2026-03-29 14:53:08.576046
10291,fbi.gov,70.940475,adequate,5,7,26.40.19,2026-03-29 14:54:15.218965
10389,civicpermits.com,70.666664,adequate,5,5,26.40.19,2026-03-30 07:15:06.641828
10522,hegel.org,84.666664,good,5,5,26.40.23,2026-03-30 14:59:32.539097
10529,knoxminerals.com,72.666664,adequate,5,5,26.40.23,2026-03-30 15:00:24.11286
10547,optonline.net,76.666664,good,5,5,26.40.23,2026-03-30 15:01:25.403415
10593,me,72.666664,adequate,5,2,26.40.25,2026-03-31 13:01:15.24547
10780,spitalcampina.ro,72.666664,adequate,5,5,26.40.25,2026-03-31 15:10:35.756824
10923,fredduval.com,82.666664,good,5,5,26.40.29,2026-04-01 14:31:56.675478
10938,cioviews.com,80.666664,good,5,5,26.40.29,2026-04-01 14:33:41.252148
10943,g-my.com,70.666664,adequate,5,5,26.40.29,2026-04-01 14:34:53.343797
11135,nsa.gov,75.416664,good,5,5,26.40.31,2026-04-02 14:49:33.914866
11136,rocket-hd.cc,76.666664,good,5,5,26.40.31,2026-04-02 14:49:46.170586
11137,dnstool.it-help.tech,85.333336,good,5,4,26.40.31,2026-04-02 14:49:48.241218
11140,amazon.com,71.416664,adequate,5,5,26.40.31,2026-04-02 14:50:01.014899
11141,nsa.gov,75.416664,good,5,5,26.40.31,2026-04-02 14:50:04.333567
11143,rocket-hd.cc,80.666664,good,5,5,26.40.31,2026-04-02 14:50:16.469085
11147,amazon.com,69.416664,adequate,5,5,26.40.31,2026-04-02 14:50:31.494176
11148,media.g-my.com,61.333332,adequate,5,1,26.40.31,2026-04-02 14:50:33.200652
11151,ibm.com,65.666664,adequate,5,6,26.40.31,2026-04-02 14:50:41.169127
11153,rocket-hd.cc,76.666664,good,5,5,26.40.31,2026-04-02 14:50:46.994479
11155,amazon.com,73.416664,adequate,5,5,26.40.31,2026-04-02 14:51:01.911793
11306,markphd.me,76.833336,good,5,4,26.41.04,2026-04-03 07:46:25.468669
11308,198119799470.xyz,76.666664,good,5,5,26.41.04,2026-04-03 07:46:35.09448
11309,dnsstuff.com,73.666664,adequate,5,6,26.41.04,2026-04-03 07:46:36.594638
11311,civicpermits.com,70.666664,adequate,5,5,26.41.04,2026-04-03 07:46:48.755405
11316,198119799470.xyz,76.666664,good,5,5,26.41.04,2026-04-03 07:47:05.516749
11322,maltejk.de,76.47619,good,5,7,26.41.04,2026-04-03 07:47:32.195192
11328,maltejk.de,75.04762,good,5,7,26.41.04,2026-04-03 07:48:02.61371
11329,monologue.to,73,adequate,5,6,26.41.04,2026-04-03 07:48:10.930822
11331,purpleflock.com,82.190475,good,5,7,26.41.04,2026-04-03 07:50:51.526184
11333,dns-observe.com,80.666664,good,5,5,26.41.04,2026-04-03 07:51:11.018844
11482,198119799470.xyz,76.666664,good,5,5,26.41.04,2026-04-03 15:20:10.808413
11573,fullmindlearning.com,69.666664,adequate,5,5,26.41.04,2026-04-04 14:44:00.236766
11798,nsa.gov,75.666664,good,5,5,26.41.04,2026-04-05 14:34:34.579996
11915,leeashley.net,80.666664,good,5,5,26.42.02,2026-04-07 00:33:58.931552
11966,cia.gov,76.90476,good,5,7,26.42.15,2026-04-07 07:05:29.388953
9720,gmg-attendorn.de,82.666664,good,5,5,26.38.39,2026-03-26 14:08:30.409824
9722,fg9.eu,81.333336,good,5,6,26.38.39,2026-03-26 14:08:41.340886
9723,uke.de,68.666664,adequate,5,6,26.38.39,2026-03-26 14:08:50.978875
9724,com.au,72.666664,adequate,5,2,26.38.39,2026-03-26 14:08:54.118933
9729,www.cnn.com,58.083332,adequate,5,8,26.38.39,2026-03-26 14:09:37.725575
9733,microsoft.com,75.90476,good,5,7,26.38.39,2026-03-26 14:13:05.178288
9734,kisa.org.cy,84.666664,good,5,5,26.38.39,2026-03-26 14:13:17.782369
9735,dnstool.it-help.tech,85.333336,good,5,4,26.38.39,2026-03-26 14:13:23.700283
9736,psihiatrietulghes.ro,74.666664,adequate,5,5,26.38.39,2026-03-26 14:13:31.730547
9737,kisa.org.cy,84.666664,good,5,5,26.38.39,2026-03-26 14:13:48.10123
9738,monologue.to,73,adequate,5,6,26.38.39,2026-03-26 14:13:49.091564
9739,dnstool.it-help.tech,85.333336,good,5,4,26.38.39,2026-03-26 14:13:54.171394
9740,fredduval.com,82.666664,good,5,5,26.38.39,2026-03-26 14:13:55.655187
9741,psihiatrietulghes.ro,74.666664,adequate,5,5,26.38.39,2026-03-26 14:14:02.883772
9742,2911.us,81.333336,good,5,6,26.38.39,2026-03-26 14:14:06.870102
9743,monologue.to,73,adequate,5,6,26.38.39,2026-03-26 14:14:10.554724
9744,psihiatrietulghes.ro,74.666664,adequate,5,5,26.38.39,2026-03-26 14:14:17.172156
9745,kisa.org.cy,84.666664,good,5,5,26.38.39,2026-03-26 14:14:17.364375
9746,reconfirm.com,72.666664,adequate,5,5,26.38.39,2026-03-26 14:14:22.956927
9747,dnstool.it-help.tech,85.333336,good,5,4,26.38.39,2026-03-26 14:14:24.650851
9748,ortopedieazuga.ro,74.666664,adequate,5,5,26.38.39,2026-03-26 14:14:26.490302
9749,2911.us,81.333336,good,5,6,26.38.39,2026-03-26 14:14:29.554078
9750,mx1.blauwsurvey.com,81.333336,good,5,1,26.38.39,2026-03-26 14:14:32.698673
9751,ortopedieazuga.ro,74.666664,adequate,5,5,26.38.39,2026-03-26 14:14:43.56841
9752,dns-observe.com,80.666664,good,5,5,26.38.39,2026-03-26 14:15:01.011485
9753,mx1.blauwsurvey.com,81.333336,good,5,1,26.38.39,2026-03-26 14:15:01.211784
9754,dns-observe.com,80.666664,good,5,5,26.38.39,2026-03-26 14:15:11.112306
9755,mx1.blauwsurvey.com,81.333336,good,5,1,26.38.39,2026-03-26 14:15:31.689902
9756,apple.com,71.190475,adequate,5,7,26.38.39,2026-03-26 14:17:12.348276
9757,openai.com,75.333336,good,5,6,26.38.39,2026-03-26 14:17:12.7287
9758,example.com,71.333336,adequate,5,6,26.38.39,2026-03-26 14:17:15.077583
9759,ibm.com,71,adequate,5,6,26.38.39,2026-03-26 14:17:35.742465
9760,cia.gov,76.90476,good,5,7,26.38.39,2026-03-26 14:17:40.953771
9761,openai.com,70.333336,adequate,5,6,26.38.39,2026-03-26 14:17:46.640161
9762,cloudflare.com,71.190475,adequate,5,7,26.38.39,2026-03-26 14:18:18.230952
9763,it-help.tech,80.190475,good,5,7,26.38.39,2026-03-26 14:18:38.531891
9764,nsa.gov,75.666664,good,5,5,26.38.39,2026-03-26 14:18:48.467982
9765,fbi.gov,72.61905,adequate,5,7,26.38.39,2026-03-26 14:18:56.496827
9766,amazon.com,71.666664,adequate,5,5,26.38.39,2026-03-26 14:18:59.319142
9767,b621.org,60.666668,adequate,5,3,26.38.39,2026-03-26 14:25:13.51502
9768,usa.gov,72.666664,adequate,5,5,26.38.39,2026-03-26 14:25:20.32504
9769,abyt.es,75.333336,good,5,4,26.38.39,2026-03-26 14:25:22.403211
9770,sportcommunities.group,82.190475,good,5,7,26.38.39,2026-03-26 14:25:41.908606
9771,mta-sts.purpleflock.com,78.666664,good,5,5,26.38.39,2026-03-26 14:25:43.606066
9772,abyt.es,75.333336,good,5,4,26.38.39,2026-03-26 14:25:43.807286
9773,usa.gov,72.666664,adequate,5,5,26.38.39,2026-03-26 14:25:53.079371
9774,sportcommunities.group,82.190475,good,5,7,26.38.39,2026-03-26 14:26:09.999318
9775,mta-sts.purpleflock.com,78.666664,good,5,5,26.38.39,2026-03-26 14:26:14.685406
9776,izvoru.ro,78.666664,good,5,5,26.38.39,2026-03-26 14:26:15.580285
9777,ehmrealty.com,78.666664,good,5,5,26.38.39,2026-03-26 14:26:17.474879
9778,sportcommunities.group,80.7619,good,5,7,26.38.39,2026-03-26 14:26:20.556925
9779,usa.gov,72.666664,adequate,5,5,26.38.39,2026-03-26 14:26:23.730235
9780,neildegrassetyson.com,74,adequate,5,3,26.38.39,2026-03-26 14:26:38.324735
9781,mta-sts.purpleflock.com,78.666664,good,5,5,26.38.39,2026-03-26 14:26:45.022886
9782,neildegrassetyson.com,74,adequate,5,3,26.38.39,2026-03-26 14:26:45.14502
9783,ehmrealty.com,78.666664,good,5,5,26.38.39,2026-03-26 14:26:47.951724
9784,ehmrealty.com,78.666664,good,5,5,26.38.39,2026-03-26 14:27:22.656893
9785,blauwsurvey.com,82,good,5,6,26.38.39,2026-03-26 14:28:09.476107
9786,github.com,69.333336,adequate,5,6,26.38.39,2026-03-26 14:28:21.948458
9787,purpleflock.net,81.190475,good,5,7,26.38.39,2026-03-26 14:28:39.605047
9788,rg443.click,71.833336,adequate,5,4,26.38.39,2026-03-26 14:28:44.888024
9789,rg443.click,69.333336,adequate,5,4,26.38.39,2026-03-26 14:28:51.008891
9790,poop.com,74,adequate,5,3,26.38.39,2026-03-26 14:29:16.635347
9791,poop.com,74,adequate,5,3,26.38.39,2026-03-26 14:29:22.329172
9792,couchmvp.com,77.666664,good,5,2,26.38.39,2026-03-26 14:29:51.579568
9793,meg.abyt.es,71.666664,adequate,5,2,26.38.39,2026-03-26 14:29:51.778085
9794,couchmvp.com,77.666664,good,5,2,26.38.39,2026-03-26 14:29:57.274118
9795,transbusbuzau.ro,80.666664,good,5,5,26.38.39,2026-03-26 14:30:01.668044
9796,mobilecommercepress.com,73,adequate,5,6,26.38.39,2026-03-26 14:30:17.895093
9797,transbusbuzau.ro,80.666664,good,5,5,26.38.39,2026-03-26 14:30:20.124126
9798,spital-breaza.ro,74.666664,adequate,5,5,26.38.39,2026-03-26 14:30:36.400306
9799,mtadistributors.com,76.666664,good,5,5,26.38.39,2026-03-26 14:30:41.067808
9800,sanatoriulbusteni.ro,74.666664,adequate,5,5,26.38.39,2026-03-26 14:30:48.566679
9801,hirt.dev,75.47619,good,5,7,26.38.39,2026-03-26 14:30:54.338672
9802,mtadistributors.com,76.666664,good,5,5,26.38.39,2026-03-26 14:30:58.313212
9803,whitehouse.gov,75.666664,good,5,5,26.38.39,2026-03-26 14:31:03.109536
9804,spitalgiurgiu.ro,74.666664,adequate,5,5,26.38.39,2026-03-26 14:31:12.296331
9805,spitalgiurgiu.ro,74.666664,adequate,5,5,26.38.39,2026-03-26 14:31:24.621106
9806,cnn.com,68.666664,adequate,5,6,26.38.39,2026-03-26 14:31:42.368686
9807,cnn.com,68.666664,adequate,5,6,26.38.39,2026-03-26 14:32:10.918745
9808,cnn.com,67,adequate,5,6,26.38.39,2026-03-26 14:32:41.392886
9809,spitalsinaia.ro,74.666664,adequate,5,5,26.38.39,2026-03-26 14:33:24.007495
9810,knoxminerals.com,72.666664,adequate,5,5,26.38.39,2026-03-26 14:33:24.988449
9811,westbyforcongress.com,80.666664,good,5,5,26.38.39,2026-03-26 14:33:27.076214
9812,blauw-survey.com,72.833336,adequate,5,4,26.38.39,2026-03-26 14:33:30.999965
9813,blauw-survey.com,72.833336,adequate,5,4,26.38.39,2026-03-26 14:33:45.564806
9814,spitalulhuedin.ro,74.666664,adequate,5,5,26.38.39,2026-03-26 14:33:48.445922
9815,nsfnow.com,80.666664,good,5,5,26.38.39,2026-03-26 14:33:48.890133
9816,knoxminerals.com,72.666664,adequate,5,5,26.38.39,2026-03-26 14:33:55.95006
9977,qualysperiscope.com,62.666668,adequate,5,2,26.40.01,2026-03-27 14:53:13.312096
9978,com.au,72.666664,adequate,5,2,26.40.01,2026-03-27 14:53:16.691589
9979,spital-izvoru.ro,74.666664,adequate,5,5,26.40.01,2026-03-27 14:53:27.116733
9983,fg9.eu,81.333336,good,5,6,26.40.01,2026-03-27 14:54:03.209234
10046,aither.cc,66.666664,adequate,5,5,26.40.12,2026-03-28 10:07:55.803404
10048,aither.cc,65.666664,adequate,5,5,26.40.12,2026-03-28 10:08:31.337623
10170,hortongroup.com,78.666664,good,5,5,26.40.18,2026-03-28 15:11:25.59802
10171,hortongroup.com,78.666664,good,5,5,26.40.18,2026-03-28 15:11:50.975161
10284,fbi.gov,72.36905,adequate,5,7,26.40.19,2026-03-29 14:53:12.555523
10285,it-help.tech,80.190475,good,5,7,26.40.19,2026-03-29 14:53:13.330701
10290,2911.us,81.333336,good,5,6,26.40.19,2026-03-29 14:54:12.873463
10390,spjslatina.ro,68.666664,adequate,5,5,26.40.19,2026-03-30 07:15:09.003014
10523,fredduval.com,82.666664,good,5,5,26.40.23,2026-03-30 14:59:53.540198
10783,pizazzmusiccamp.org,68.666664,adequate,5,5,26.40.25,2026-03-31 15:11:15.846975
10926,dnsstuff.com,73.416664,adequate,5,6,26.40.29,2026-04-01 14:32:15.586842
10934,patientreminder.com,82.666664,good,5,5,26.40.29,2026-04-01 14:33:04.17362
11138,spitalpoianamare.ro,74.666664,adequate,5,5,26.40.31,2026-04-02 14:49:56.248639
11142,westbyforcongress.com,80.666664,good,5,5,26.40.31,2026-04-02 14:50:11.512244
11144,dnstool.it-help.tech,85.333336,good,5,4,26.40.31,2026-04-02 14:50:18.736293
11146,spital-breaza.ro,76.666664,good,5,5,26.40.31,2026-04-02 14:50:27.060015
11156,media.g-my.com,61.333332,adequate,5,1,26.40.31,2026-04-02 14:51:03.613943
11160,media.g-my.com,61.333332,adequate,5,1,26.40.31,2026-04-02 14:51:34.084846
11312,reconfirm.com,72.666664,adequate,5,5,26.41.04,2026-04-03 07:46:51.701086
11313,fredduval.com,82.666664,good,5,5,26.41.04,2026-04-03 07:46:55.680497
11314,rg443.click,71.833336,adequate,5,4,26.41.04,2026-04-03 07:47:01.321621
11317,den9s.dk,60.333332,adequate,5,4,26.41.04,2026-04-03 07:47:07.54352
11319,caolt.ro,76.666664,good,5,5,26.41.04,2026-04-03 07:47:11.686879
11320,reconfirm.com,72.666664,adequate,5,5,26.41.04,2026-04-03 07:47:20.039142
11326,caolt.ro,76.666664,good,5,5,26.41.04,2026-04-03 07:47:42.098222
11330,caolt.ro,76.666664,good,5,5,26.41.04,2026-04-03 07:48:12.548753
11332,tuta.io,73.61905,adequate,5,7,26.41.04,2026-04-03 07:51:04.674936
11483,monologue.to,73,adequate,5,6,26.41.04,2026-04-03 15:20:21.032698
11574,fullmindlearning.com,69.666664,adequate,5,5,26.41.04,2026-04-04 14:44:29.034784
11800,web3.foundation,76.666664,good,5,5,26.41.04,2026-04-05 14:37:52.797951
11801,me,72.666664,adequate,5,2,26.41.04,2026-04-05 14:37:57.178598
11802,red.com,72.666664,adequate,5,6,26.41.04,2026-04-05 14:38:03.003573
11916,screen.it-help.tech,73.333336,adequate,5,8,26.42.02,2026-04-07 00:55:57.915293
11917,screen.it-help.tech,73.333336,adequate,5,8,26.42.02,2026-04-07 00:56:03.341462
11967,apple.com,76.90476,good,5,7,26.42.15,2026-04-07 07:06:26.856844
9817,westbyforcongress.com,80.666664,good,5,5,26.38.39,2026-03-26 14:33:59.515777
9980,fg9.eu,81.333336,good,5,6,26.40.01,2026-03-27 14:53:32.818189
9984,qualysperiscope.com,62.666668,adequate,5,2,26.40.01,2026-03-27 14:54:11.160846
10047,aither.cc,66.666664,adequate,5,5,26.40.12,2026-03-28 10:08:30.571849
10172,item.org,83,good,5,6,26.40.18,2026-03-28 15:18:02.740515
10173,usa.gov,72.666664,adequate,5,5,26.40.18,2026-03-28 15:19:11.791229
10287,fbi.gov,74.04762,adequate,5,7,26.40.19,2026-03-29 14:53:42.467417
10391,rocket-hd.cc,80.666664,good,5,5,26.40.19,2026-03-30 07:58:49.17686
10524,spital-izvoru.ro,74.666664,adequate,5,5,26.40.23,2026-03-30 14:59:54.650508
10526,hegel.net,74.666664,adequate,5,6,26.40.23,2026-03-30 15:00:07.228746
10530,uke.de,68.416664,adequate,5,6,26.40.23,2026-03-30 15:00:24.457366
10537,uke.de,68.416664,adequate,5,6,26.40.23,2026-03-30 15:00:52.517951
10540,fluss.top,72.833336,adequate,5,4,26.40.23,2026-03-30 15:01:03.075301
10543,spitalulhuedin.ro,70.666664,adequate,5,5,26.40.23,2026-03-30 15:01:16.508074
10784,dns-observe.com,80.666664,good,5,5,26.40.25,2026-03-31 15:25:29.936251
10936,spitalmoldovanoua.ro,74.666664,adequate,5,5,26.40.29,2026-04-01 14:33:18.045376
11139,spital-breaza.ro,74.666664,adequate,5,5,26.40.31,2026-04-02 14:49:56.75193
11145,spitalpoianamare.ro,74.666664,adequate,5,5,26.40.31,2026-04-02 14:50:26.614613
11152,westbyforcongress.com,80.666664,good,5,5,26.40.31,2026-04-02 14:50:42.136233
11154,spitalpoianamare.ro,74.666664,adequate,5,5,26.40.31,2026-04-02 14:50:57.086572
11157,spjslatina.ro,68.666664,adequate,5,5,26.40.31,2026-04-02 14:51:09.651106
11318,monologue.to,73,adequate,5,6,26.41.04,2026-04-03 07:47:09.767603
11324,den9s.dk,65.333336,adequate,5,4,26.41.04,2026-04-03 07:47:38.021888
11325,monologue.to,73,adequate,5,6,26.41.04,2026-04-03 07:47:40.48219
11575,fullmindlearning.com,69.666664,adequate,5,5,26.41.04,2026-04-04 14:44:49.018292
11803,swutch.com,84.666664,good,5,5,26.41.04,2026-04-05 14:38:07.248015
11804,patientreminder.com,82.666664,good,5,5,26.41.04,2026-04-05 14:38:13.42225
11918,screen.it-help.tech,72.333336,adequate,5,8,26.42.03,2026-04-07 01:05:06.761963
11968,it-help.tech,80.190475,good,5,7,26.42.15,2026-04-07 07:10:04.398783
