analysis_id,total_duration_ms,phase_count,sha3_512,created_at
7841,120161,27,f4fdef87dd4b8eec9ef81b84f772c9e17ad4d49f86932a8c4b68e0ca43ac75092417c27430c76a8a59314cca7e0f75ddb64badc4fee1304d556933c0e446e3f7,2026-03-14 17:18:07.252751
7842,120008,27,6017d714b46151f8dd9d6b39169b1989c0b27af8bd6bddae8ccc8a969faafbe028a85346377e94f75a7e385516bc206599431e0c52a8492d777d6ff19206f79b,2026-03-14 17:18:57.639461
7843,72980,27,b34fb3b0a37de9ad19eee46a69ded15a0b52d4eb8df3cacc81d7feb0037847207cd5ae6637f57bde690bd46e69b048ef186c387cd131f81f9a6b76f7f085a288,2026-03-14 17:39:07.468492
7844,73785,27,86ed65d6f0052f3935fca57e10b32f5f1f1cccfe619c479cd148c46ba5f52e94d7c635c7f0b838bec15c4cc45b0d3599010ff8a82ecd7bf078b96c79219d6a4a,2026-03-14 20:05:42.776638
7845,19636,27,08cdb30c527ca8a02f39d4f0729d5da1721f37191df366bea7aa8a5f1a93ecb76443057401119d0eddde84dc30944f3dc6509010e533508b40d01596bce14193,2026-03-14 21:09:31.166827
7846,60518,27,73e60cd3115d56e3d87fb17b3f327e1d1640821d47dc909d52ac9ea534bcecd7ace26d1059cdbdd33f03e6bf58704fe16c5993f50bd100a22d8d235f0de1d384,2026-03-14 23:04:03.031095
7847,60613,27,5d1db9db12c59007574e5b030d7923cbbb4cdd98014387b32242a2b98c02e453a3f1510b5908b5e0ada3e2d920632a570387b803e2f92076f217413c1b8fd0a8,2026-03-14 23:04:08.107269
7848,60623,27,47a14cab18aa604eb680fec2b1df17613884aa4d86ee6eba17ccf92a5f798dcabf0ead20425d4365541fc589d73bf3a2846706de7719a0f0a3d463bf36f2954d,2026-03-14 23:04:13.005825
7849,59881,27,de59a82fd5ee1f7d02945d438550e409b880c8bbbe654b78ada3b5d0f81d25593dd55fc28a7fed3652a5a740f24ca62d1a7915f108e9caf5a02407c807844786,2026-03-14 23:04:20.658956
7850,56274,27,69cff35b7de475497cba2d45c56b0b2f65f30651b7b92d93671788198a2f104eb07ed69d547cc97be4643946209a822085a92c81181c2fb9acf539115ec9d69e,2026-03-14 23:04:22.182421
7851,59648,27,aba9d3899c1afa0df9a5cd194b1d888ea63459e6300ca1e0f375537d9e57de5e168e816a5666c8d5afc3fe91268a3cd6e24487bfa2b7f2ecf0f26516f7f377ef,2026-03-14 23:04:30.818423
7852,59986,27,fb0efeed91586e17557570acaadfd379d820014490bb1665fea192db4d6ac9fdd055ef987ec7a3a8cfcb292c4cfe1f7fc6dd13b993f9a533d0243cc162c1f138,2026-03-14 23:04:36.771111
7853,60000,27,d7907137bd54e37bdca9c3c8afc320de2fb51e9e0ab3bb1d0665de60f92c1611975b212bd2c18f80b4eb69936edf3ea71ab06f07099d3dce4c14ae89f3cc8aef,2026-03-14 23:05:10.015479
7854,22715,27,4eef20543579e49f3d4cb076a48711b18e2bbd043113d8414f398424ccae8850e9adfa27ec3115dc8440e61bd9b81c57c7592f8ed3b16c5324ee746e545d18dd,2026-03-14 23:05:18.270319
7855,105116,27,cc280dc7a1c6f72bd9e1bfb6e656029ea3549b371784c426ca35552000ef1b178d69f6787f42a723fad54740977ffa7b9368c5890f86668b3872748398822b73,2026-03-14 23:05:31.92983
7856,58859,27,d124263bd6546452ecaa774989c94e0f9d3446402dd88011630d34d0181f86dc3b3e933e2eeeda32dd3a125c1e6e81b397a30518f7b58d8363e517f6c0dfaf22,2026-03-14 23:05:38.84967
7857,120006,27,702039c2ec4d371f236a1c11a2f40a0f29cdc591fcd2c1dc754f3543a26b02554c72935585828ddeaa2edc5350a6154291c9bf1637007e9e81ccb87e5588c849,2026-03-14 23:05:41.221603
7858,59859,27,cee2157020b34834785fae4258fff5f26fa531a78194fe89da212b621c09211b4df3fde46ff9b6d774936b01ad27e02dff2715b841a81ab560a22c8554c7c380,2026-03-14 23:05:45.024826
7859,60766,27,dcef79df2eed89b66d4794b5f172527d4901117c915db52d94a8838b578e54b931c820e9b24415d80ab1c4e5c29f171180146faaed7b430211ccc5849105442b,2026-03-14 23:05:50.827614
7860,90542,27,68ff16765b9ad168ab64254edb84a008523039cb6477681543598fb3c09dc78b9e5d43dfed4ab19d54138eb7e9e89368eb7ea04dc2123bc2ce610f4102754ecf,2026-03-14 23:06:00.178161
7862,120009,27,26c38f3088e7a9c0b6aa7b3213160275784548af5d099b8128a2da871856aa689ac37e55d1c09a53e75c5d50594ca681e214a1e42e3f38e565593a9dfe59b4b4,2026-03-14 23:06:04.817286
7861,90339,27,17892d6f6b72bdfd0860e72a7b209f3e4a9f8fde2bd40d3e497c331442e133d65867d5cf81764951dfa6ad568faa5eb19b995cdc0c5ba80cb6453dca4d62765c,2026-03-14 23:06:04.844653
7863,120011,27,c9483a0496bd8b2f6eca4b913807f98b7f895c3a984dfc6f55b6a7a06088d3d00208bbc0fa1440a9dbc1e5ab32a9aadeb63fa3211d838545fd19e510151b58e3,2026-03-14 23:06:15.487205
7864,120021,27,dbe3a447ecbdf0eef369bc0d080f79907e91b0e9032fb7ef9621e182067ca44d693b7e42ca72e97bef35738c25a53e2e9e918567ea9212948c8e29f29badd162,2026-03-14 23:44:18.465988
7865,68579,27,6a897b498e7417d5eee15c08c654d34bada94821c5bd7155aa986635a53a72d8a3c665d14539afc16bceb2b726dad623f781586bf92a7d208fe8d345683c22da,2026-03-15 00:27:44.853014
7866,102029,27,9487a11024a5f420c9096050a7cddad39d8627b451939da209c6bdbcf048b1b5f4b966699a33b95d9568066a114905b4a3e77a1d4fb97523fc6208bf3a4c4b4a,2026-03-15 06:25:22.992371
7867,8230,27,ebfe1ede990b975671785fde7a198e38671393d0d2c1bc33130b5274deaf29ac51f37f55012dd7413b02c113addf68a3898a411e69d5afb18bd414ab449b7a8a,2026-03-15 08:56:22.586061
7868,2186,27,6e8e157a0438258c730a21a33a8b35cf8f45b5f562d56aab1940e61a625fbcf5d6cb609570bfc1d968d24e88cb8c49507c4d0077a9c7422f349c347465f68766,2026-03-15 09:05:04.579404
7869,97938,27,1d69d6263470e977be9c136143dfcf36d709b4767f8c966bf6a77745bcd3d2d1cec8f8fa4a8d32bb17f09df56a480a3352e263da3757d8a32286ee9b4fe26127,2026-03-15 09:11:29.896289
7870,34106,27,12555656ff4e72d4d0327e7ac5449a4d0573dd62cd14be0681cab5814e2dc38c3e0d584eb284872f8a39d2216e233ed0c4771599535a460c003caef824dccfa6,2026-03-15 11:37:50.343533
7871,20870,27,f431b47555ff0b6bbddac5918a1fca485a4f1de275d7aa48ce3755f80558591179940676ef5789b3ad954e3ca1357b778adc7a44eb8919f6b1d5468a24397e5d,2026-03-15 17:19:11.810055
7872,28792,27,a4c312929505fb29b0427a5c81065693a46583f9c2ef6757eeb25dcde1fe6e7dddfb4df445ce103abf445bdc29fbcf9b357b1994c59ec2f264c696791576e894,2026-03-15 17:19:19.620568
7873,1386,27,b5198466afebf5a546629403deb69eedad0f93082b844d9f418b756ebe628bbbef92f06cc8d1d59733894afe4ec9ef470eaaf807ae65a50b1f1e24413150249b,2026-03-15 17:19:41.170635
7874,9807,27,529d994f88a715cf2e4cb639d2609c397ed30a6b218a4938dfe41f2f57d020f231e246441e7f0485babf50a126ded3740678a8aa4b7947a67748b3c6f4e94bff,2026-03-15 17:19:50.059253
7875,60005,27,cf4933702c81afd5cdb9a9cd18045db3c4573df1cb7888bea8259865a18f0d9938416caa1e6770bad195a5c7eea48ff4186b207b2d334b8b2bd11a12ac4fb42c,2026-03-15 17:19:50.523377
7876,60002,27,caec76543c53525e447f7258e6c534a6e2d8dfd3915384424a3933d42973a9fbc4ec54a0b356130abd65b9d7158d0532726f30f9ec2ec424d6950de02d2d7363,2026-03-15 17:20:39.556677
7877,60040,27,b931faa1514f114ceabb7a8762dbde27ff39e36dbcc13a6cc231521ba0bfdb6715626486f3fcbd1308bbedb85652d4c379cf1db3254c9a6732b19fb73916a117,2026-03-15 17:22:16.1337
7878,60006,27,7abebd656a84cbb6cd5e196ba6aebd4055115048e505402c88204ca98942632c708550bd5e166f15c04e3c6c088c2c402ef2456a0dbe55269569f7563655c467,2026-03-15 17:23:14.863235
7879,59988,27,3f16e67c02aeb60b2ba07004270b7f0d380782a4218f19069707bde4c55b7164bd8f5a7235d914f5472394af59a0fc5fcd375b87a4cadc819af578548a7910d5,2026-03-15 17:24:17.052904
7880,60058,27,31748c8ce5b6d862a59f3f0e45308499ddb322477bc517d19c6fb70665d1fdc96425c116840e9a392ecc7dbc6cf1582e093ed4edcc31a263bc0c19628a729060,2026-03-15 17:25:32.637814
7881,59989,27,c645bcb7bb9d3a88f9af9fc7db34eb76064b1194302b061573f3587176f27d4aa7a6b6ab32c856d6b559cbfa5e563979164f86d0b92a61fd1a62fd3a6aa9aad3,2026-03-15 17:25:34.350443
7882,59975,27,b24ca9c0ae52dd70f55b446fd99dbd2817e646888e6c598f52cebcc52f7c677de2a9865e16eee7144736b4257becb96c1bc78c785982b31d35e7a5bee57bd8c4,2026-03-15 17:26:33.122282
7883,60080,27,8986cc58529c6e40c92b45823b238c2779b5bc9820c321398498a7431c46e17a59fa62dc3f0b417508a1d148220cfd8291c4422dde2de79caacb35e1dd0d29e3,2026-03-15 17:26:33.664781
7884,60005,27,d1326026a3418b7042e5f9178eb3bc7d1ff9d1969b50376d140809e5e561218bc80877123ede65fff72c1c6be9f9b1f3789de7e682e46a9c2a7e00f098773596,2026-03-15 17:27:35.362135
7885,60002,27,00f66d0107125419d65662c83cf85ddea32f912dec58d5c79cb259c905fd3567383581521fab6f98dabce94d8f10dca93775823a98b3d4f8ea9e393abc865bfe,2026-03-15 17:27:35.540942
7886,26046,27,951fbbbadd45dd4fe1dc18b97c515ce68b3fd7d4237cac4b29670f8832a5791998883faa092aeb8797c54f9a9bb4591a39fcf1812b8d816a94427081af837dc3,2026-03-15 20:32:50.081157
7887,10651,27,190cd4cda1ffb1dd1c76dbbacdf271379425a49b7c56df0b1e96c373fc20e645d3098a9adb0f1d4a61052319604f84f44dbcb26d822cedbe78c26c95552746f7,2026-03-15 21:01:56.648443
7888,13130,27,6865b52fb1e423bacfda5956e386d2925822653baa69183799510a66e8dbb6e29c926927f264e5f0b155bf9ff463a11ef26a9cd34649f12fe0ca4239db0ffd5a,2026-03-15 21:01:59.358739
7890,15245,27,fb3e9b0d44ac48cd7519965a0137347239cfe036a974f43aaa2da524c46e6916f1a5f9e6b3e699fe1bcb52b3d6b29693b7bef04ac491ca574f78ade1cd53f822,2026-03-15 21:02:00.484156
7889,20080,27,7524bd8dc49895ad83b8e061a05de3112613cbd150cf4bef9af54f356407cff1baa7bad38bf17da79768da776a7237c6f663582a89635cdbaf1d97724a3adb45,2026-03-15 21:02:00.718692
7891,21433,27,b0c037b2ab8b916662efd3b7bf012da6a84a86e0b69dcb57a9164f8c232d70e101ae4ef28e83b1753472e43ad76af84098e1e3b7acbad7345a83454e4f12b72a,2026-03-15 21:02:01.584189
7892,15008,27,d310e7f16934b185e97533bd27e3933553616946b41bca8cf1e2bbbceaaac222646122d8f5d5b9442912e721669b1b2bfa96681458878f70d9b8484a06195c30,2026-03-15 21:02:01.645479
7893,26001,27,2c14f91c7bb79998a1357d13fedfff77659e1133bb79eabb715cf5ef389b7a5f0b704b6f11568ad3e211a9ee33ab5be8399e4caf065f7de5e3c5b9f7edbcb277,2026-03-15 21:02:02.406193
7894,26951,27,9f1732b5d9963a19ccc21e31805ab7a6b838f3dbe714de6c375daa361f96ed2121b9362c8b6d6017ff6626e299482a47703338a142c9f6d965a7f415eae4aaf9,2026-03-15 21:02:03.097134
7895,8977,27,63dfa53c5b3aa84306475c394776723aafac16315a52024e66c64e2aeb7e6dcdc4567d6201e439e1bf4888642e601aee8fdeee503488e6b7fea6c96a08fd6b69,2026-03-15 21:02:04.611606
7896,5498,27,306f619f1615909d401c6937b22295e3beddf945c3605bbeb1d60fdab35b592f4650952ea30fe5415e23d02f2b5560f78e9f59141baea82227da2076ad1cb22c,2026-03-15 21:02:04.816986
7897,24334,27,34e149b08a418ced7265c2c014d4480130a80e61703579beb74e955d6a54bded4b18e7c2a0c930deab2fea4bc20b1b5ae09d982b42da5b92154514406f820b70,2026-03-15 21:02:05.313324
7898,30567,27,01b63ac3b2f5fa5c5a4689202baf191f9ee549b4438af61da7c575c444ab51d770464a64acd1b7e6cb637b9cd0d5e36313546347d9331044e92b2e6d36b45be5,2026-03-15 21:02:06.700741
7899,28347,27,aa6fbc6141bb300fecb495184c4da8156ca7e19b3e6d9b8a1fc9696c6ef74e68432a6776393915b00d204a6ada2c3e2f4b5f08db8a7c5c32e9bfb53728c93a15,2026-03-15 21:02:08.20967
7900,8557,27,2311e47546c298a461ed1c1cd2d40f4dfcf7ebd82a939da7f709e465730735db8b2f6059a881d53127da2ee10936bf47a4ebd2e71d77f517b8f1062e47c1bfeb,2026-03-15 21:02:08.521998
7901,10901,27,86a11137e1d420eec7a4aef03134b33edde6ed750c81bea479049c95201d7c948a174f7c874b4dbabbda016dc1552db31fd7bc180a918cd057e11044f2a5485e,2026-03-15 21:02:10.493468
7902,35664,27,547d06c1f011937b4bc8526bd0a7a35ff48507403c504fa78f6f8f03a4de6e3d56abe1ef8f4331514728e5cfce253c20ba6fdf36b6a54ab199fee606c4d2dcd3,2026-03-15 21:02:11.204036
7903,30905,27,afebdc83772f6bfc700145cbfc1b5e53f23ca701bb190a16d3ed00082e37bfb7cfb6088a1c55ea6e295844f5166e017c1e84e27e341d39c7ee6fa41801309c8e,2026-03-15 21:02:11.652263
7904,30212,27,80accfa2e7e6127bf0307584480c05ccb1b98e664450a3c72043e249f3f3965610dc871bc7dc40c003c8056df9a74eae79753f93d71981352da78b81880a20ba,2026-03-15 21:02:11.665651
7905,28353,27,c8d64db6970f2f1675ba4219f8df8c6968ba1370e09ca3aa8556e3ade1c18e8b22ca2a596626412c8a3d2a355a30940cd2f22bba178554ce18b5285fde85b822,2026-03-15 21:02:13.424195
7906,35315,27,5e366869102ba8130571ee9392a9080c1b51021026f12f34553e304af9c0b0045e2df7da56b0f53633d7fede878a6d5993bc471c7a54d83725d40a2f25aab1e2,2026-03-15 21:02:14.712285
7907,28964,27,bfc7f614e759656b3db012a7bcab9b22826593c6ad4d743789bc3b4ae76cdc3b2781d67c4e721b740a61f944c3e2815cd3ede8f3b3aa4dce6d693bd9d9f8d024,2026-03-15 21:02:15.508132
7908,34390,27,580769f2453dd2c1b47731bc623ad930d608e83aa41db4b4d59d1915a3d425961be9610737946ed84d51db1ea9b6682d96022b7dd709702c8b7e63241fd3a4eb,2026-03-15 21:02:15.753257
7909,29763,27,0c6e2162ceb24001a29c420c4a565ae8463a0422f9f73066b69ebff0c1a2abd8bed5569c66bbfc9f8757ec7c4291543514bf3b29bcce1dfa39a8aa86a5401c13,2026-03-15 21:02:16.201842
7910,31957,27,258f8d622b66178466856ab17e057e55702ac4fbfad2aada4e284591c079cf8b38931e17a1e9f32165fd566c39ab9baa591217713950ef08cc4d88703313a85d,2026-03-15 21:02:17.477678
7911,31148,27,06b0fe30bff9b898eaa2b70abca96c1c19e407a29ac622b8127ed257d508abf2408f0d388e14fb29157d7ad53744c52ef63c114fbc3a1b60d83eff34ab12cdbd,2026-03-15 22:06:13.158264
7912,38792,27,740e05a2efce6a1875683a915d4a57565e197faeaee37f22bbd3c85246a61775e422e7aa838755cdee996484d1d53156aec5aae3d69648bffcc8a59cf337cf2a,2026-03-15 22:22:27.984893
7913,23703,27,69f235721fd6c49bf8fa8d43c3d7354cd51c110a90a41c53d40d049c284654a6f6b8dc236ebfe026b59e4c5cb20af17245a1d9240f932460780439b2b3ab605b,2026-03-15 23:10:04.382776
7914,25013,27,295aedfcc3d42248b1121351d1dbe2cbafed33b04a25d79fcaac184389eaa0b0346d2bca2a8b185be268eb176df0fbc3f8a2ed911f1a35d610711afe300da52b,2026-03-16 00:52:38.896084
7915,20807,27,ccbeb58a2f61f78eee42712d4c4186aa10f2d9401928962f03ac7c60cd69263ab742a3532a22211cb7f88d828a09ac88213134cbd2e4a2a5aa1fc19c4532ff29,2026-03-16 05:31:24.652527
7916,23059,27,a69e8a56cd9986ab24d9c8e70813641b4045a8524325ff373f68becb0cff894100ab46f6bec68840de445f2e05f1357a7ae7f0b1bdf7eed659d274c7b29b1825,2026-03-16 06:16:09.366433
7917,35281,27,6f5b955bab3b96326527c4e102df2cc3e343cfae3f2e446908da7dc7be0f5b0e0fd47ba699e17390cb18b1f11a2b85eef9fca00a452c6370a62aa41253169b60,2026-03-16 07:46:11.356724
7918,26504,27,b60d7520ec07adb58e724337da340a920cf633f8f0b521c67c6094a0e93b31ef38200600608057f4a4cb687c3d4e0156c755ada9874e9ae5f975499ec74eeb65,2026-03-16 08:04:45.34283
7919,4807,27,143499cc6f23934a6525ad639a72a13707d1acb31cbe2d686ff3829438446bf6bc1199809f656e5bc0a3fcbefe9cf59c59a6de9c941122c29d8a23c991819ea3,2026-03-16 09:01:25.896772
7920,3781,27,e37946dd56f32eeff8c8aae09b25b81b28834a89aeddf6bd7ff3f7c22453a1cb2bb783091dc6319351e99a642aee33aa33aa2ab3ac122ed6b7eda4c6147846cb,2026-03-16 13:53:55.654292
7921,27437,27,972906f0e216e1ac3dc83445acd19becd7a0b130dae4410302dea81e602983d2c4a9365c38f72dc9937230da8630c3ec58cbb64706eb22f2c7e752cf42b31b26,2026-03-16 14:31:05.814216
7922,2016,27,a96170d37adaab3d418ed6d61b7fa3d13195fb0c7f90a57d9a3b08dac1ee0f7e80c871c3db72a170361e415e3582e3300c95abfe71b8d6fbbe727a1e70b7be08,2026-03-16 14:31:07.074993
7923,4588,27,f2aa4b02fb0258b98bea689adfecaaa7bd7145b9d321a413ed759e603cafea83b46415da608eec07bf23c9f7c604fc129a26a64b46921c3e82e3a88d2f62cb80,2026-03-16 14:31:07.960317
7924,4418,27,ee6a174e7e8349753a8fb336b102718d646efa56124aa977ac24c94849abb452929658a4dfad3f7a1477da1d34ebc13b07ae9782bbed8058bcf99db378c88f99,2026-03-16 14:31:13.251686
7925,9443,27,cf052ab2d96b0fa1081c865efcc4c3f0b7925751122b49e4747583556012028af4b6afb69e039c40799853e119af939cf06175642ca536f8de2ebd3dc47da4a9,2026-03-16 14:31:14.435938
7926,18577,27,63ebe387fe0736eb9bb6aba901a15e3638971c531ed023343d6f98d78b88aa0dc9af44443826c688fc55f46409d9cfa41cc179ee29eec47b8ee93a36424d4a57,2026-03-16 14:31:19.577357
7927,18323,27,918b4818e19c815061a7a2fba71717c10a5c62d89ae2ba68cd9c7b46657e7a1ca755c1e54ca04e2c19653306801082b76cc1bf87eb3825f884cab66bc35c552a,2026-03-16 14:31:20.723917
7928,17724,27,fc3599e34f25781b0bd406c517e72688d7e5f690535242702c961944e604edf412d5e35265ae5554287a734a7f9d8dba09e0da999a09e2355de5b88442941652,2026-03-16 14:32:23.026089
7929,25354,27,c812c6e6f229f6179ad9412fd07b7faef8419b28a7612a71150645438c6297d793a091fd673f91cc76c69590686d6c420d3ceb9f9e1c675600e811755b862612,2026-03-16 14:32:30.641863
7930,27605,27,c9a29798b69ad925de3001b1e7b4b758d82b15c469c4c5946eb989f1662adc0118ff039d861d14435f5d4767ca28e631ac8d832244c1142f85df7cbc56881329,2026-03-16 14:32:42.50441
7931,21054,27,0da80fefcef292b5dd6d1515b5ed0038ade3d1bef3a7937763bbd3f097902795b36c0377d410e17eed3316535dfd29ed3161015720d1ed31b4ef6282d211f7f6,2026-03-16 14:32:52.270837
9064,22062,28,b11bb46fd9b69a7e796bd6bd4a351b902bed04191dccfca5883bff31832087526f0941bb6f1b6eede8aff45351e5318c14f2c898ceae5653d70adf9f760f9953,2026-03-21 14:22:59.597824
9129,23689,28,a8ec3ed83243d4a3bd55c815c26436932426ecc2db0740ac1d08d647a0590195a732febe9e43569c83a3fe2df5cb59f4d3ef212bf3117696f24f92d36f8e8243,2026-03-21 18:59:17.640746
9130,26668,28,b70130b07c627bd1647df7556764421c4b9fd212dca99dc6252c9f66ca4fe29b2960fc2d5069afd0deb6f2c106141ada8e2153a4d233c4c64880ed62dd3e28a5,2026-03-21 19:02:18.069485
9163,23527,28,95ec455ffce0caaf51d3c34eb5401614be6a0869590884e1970a8ca1c793f8828fc442e4d4237bc5e5fb478ca0bc637153bf4031bbf25dd54c553a143a94f41e,2026-03-22 14:21:30.546456
9168,7427,28,1d9190b662ee662239780577531a3c6170859c91d574af6800b5246fb55784b03dffbc7ec9ac426282895aac007d82fa6b0fd8d34b11f7593fadb677e2014e5f,2026-03-22 14:22:02.396872
9171,25480,28,fe7ed3d094f1aac3b24c103ad5782ff57498d4624a55d4f2141ff6173388b2594f6d52d36bbfb9de4d4af1ecbdbc8a4f739e34fc8fa98cee2c59411f9440476f,2026-03-22 14:22:55.868709
9228,20178,28,fcf5eb337d126b90ea8f995e0b834fd5c6e51a1ed6bfb042b54264ff975fff511b45f9debf74ba41c653098f80046bb120a3de405dfc24471d04a63743c050c6,2026-03-22 14:52:44.485822
9274,14565,28,cc7a4908e861839c4d72c52bbd4a7c8d6ebbf1e8c2b43a9b5e3ed24785452501ed55a00b68bf315f03ba88b055ddd21ed94226ba78d037fcacbf91c7ba7828a5,2026-03-22 20:48:14.466393
9276,19121,28,8404c4fc65f6b75771826803f86526595cb9ad99239be53975a16845337d2fa715043c9be7a66c923ac7052112248c2ccf827dab58ffc853224a52bbe498a663,2026-03-22 20:48:17.045488
9282,2467,28,7691b5b2bad23b0c42146842036eae1ff5cc4f4f70d1decd857f986231f8e112a912a84a1fa09fce72913b25aaeb8b5713b33a208d23e1fe8d570ece510fe3bb,2026-03-22 20:49:16.897836
9287,13430,28,658a807e4336e65ab08624bd5004908420571df87894890de7b153179803865539bf1fceb79fc98a2f535bb5ad2384e721c61449696cacaf7221e346799499ea,2026-03-22 20:49:32.364401
9356,27219,28,3ddd3c3a993764e9da568b17d0478c4b6ca76cee1c85adc651f97863b68fa5123ed4b08a2e2fc969b1cb8ba3d2f5a93c9f8033678075c231399c28d188b01c2b,2026-03-22 21:26:00.366833
9391,32546,28,4dc6691f1a67489d7173d8c75dfb14abc2456b736b59092da238b7f3d5d96fad2d2d89c2b4830940553b503d89d6582c9aa1a60d76cf2bf357264eaf18fe8be2,2026-03-23 03:14:00.95092
9428,59807,28,56d384b4ed4c5b87ff4b91cf7ead68e7fe4138339ecafebe5dae72a057b1785d4c755d9cd9bde67aa7f766018c15ffaa41dd75d3bf746e0d902d562ebcf61b8a,2026-03-24 02:58:20.198383
9472,59721,28,ad38116e2892905f30bd6b0f17313f34e5663e06f31ccc8afab1bf797a162840f704e0a1818cd0869cb68c47de802ab5a043d1103022e8ad009d43036ae3dbf9,2026-03-24 14:11:09.552477
9526,26088,28,4d3fba3152d64e147ff48a49570dc9b89692378ca213113f2c360facd67c8db83328b01b03facfef691e0dd79741c7fc15e31fa437c0e12715f7af5e18847842,2026-03-24 18:23:59.53198
9646,23363,28,dd25bf245a319f0c9dd479b2c37c1b6baff6840905092dea846998b60a501c1038c6bbc4308a7a842270214a5878223fd3ed72ead3c7c161fba11285077dd351,2026-03-24 22:36:17.50018
9650,19674,28,02a8ceb1d04122a3240781e9bfb0e00ed2d20a886458b02aa24e931c5be4ef9b040f76fd624cf7929cf6fb01bdea680ff96ff6cbd76407e16edae66a1c25bad9,2026-03-24 22:36:18.812118
9656,14318,28,10b2029854da402fe694b7544c54e94c0ae4105e5934790b8a5f2172d7e055c7232a2617759b6c09b8030207ded5d084ca3643ab98650760e0e814c6e2ed8f44,2026-03-24 22:36:31.384243
9667,24142,28,553c2026525136d607f35f3f0ea8d24d42475670c685f4ea7854fa0530e494df2a62d8ba84d69bec11c284c2080629a2d9433b74114c6bb00ed73b52d8e254bb,2026-03-24 22:36:50.439839
9678,14223,28,f3a21cfac85a4e7e3f105d94cf725ba86faed8004c2c2ba99c292f3dfb45709a213a7aa4aba1cbeca7a95d328e3533fe83498b8f56195a28137efa0663f7acf1,2026-03-24 22:36:57.884752
9679,60872,28,2c5a03884c9441573f06010778427fd8f988f437384b7ac0981ec0f59e3bc1b0553e20384000210d227b233ea2e614a35f12cf667d586f0ec338e6e3bd90fd6b,2026-03-24 22:36:59.284662
9685,21521,28,64067188c204781f648a62a5885dcf1a5231fedfd4bf61ba1df547411bf930ee42f704fd524a7c13d1a3d1da8679d5e336232186cc152f2b178ac77362170040,2026-03-24 22:37:06.9382
9708,59957,28,0751d362343245f55f9ab50219450a59e71d21674171f8e964bc6f0111d84ba206b6fc0eaa8bbd084ee43fc36c47ad5f3f6fc5d02c977985b42c4716c498bc68,2026-03-24 22:37:59.492793
9710,51820,28,ec89610215083823e50ced6e1f9ddb8b2eeb1468ddf722a9cc4cd08bca32ef369d097aa3be75bb1a33e86b04d825d40bf603700499012d584ade52f7408c6d37,2026-03-24 22:38:03.911482
9727,9919,28,2c4be3592b1b08692d87dbda80b1dc538be12ec84147d690918a2ac1602e63d4642da264e86de694efb397c7a7509bec433580cc158b3b20decee3451eeefe06,2026-03-24 22:38:14.894449
9780,59990,28,db31d9e3d02f6b7bf914b1eb4c2cabb3ce18506c740cb2e4f437fe4e3536b079943215e41a0a5b1c779cb954407810f8de1f1372fa7569fbd8b769c596fa91fd,2026-03-25 09:30:28.216591
9783,59975,28,aafc52c0452c3e0d13d85dca2a31363b204651d56d2e07e54a4e56d22a6e98d07c887054c648127d49eb1bf443b9f68b83ff000778bc8400f35ee3f0dce62ffd,2026-03-25 09:31:33.890946
9827,13719,28,30fec5b516a050368e010115029daecf8f1c542105eca4f50e207c04b45275cdbcedf072b0bb30bb3bc8c7f4abf1b0e780a976935818e6f649b0ac6d52ad955e,2026-03-25 14:40:56.318646
9829,21073,28,e3ae803cdcbbb5dec88eb67a973b7a91583b45abf73963742b897578c0d3f8656642d8bb2b721a9313c240f68c3f6319481ea5f0a82089585df0ef4a3c324e0a,2026-03-25 14:41:39.521418
9832,17983,28,6860ab45a2a345eec64be4c446f469f27acf5943f556760d430ee30f3bdcedbaa20debc713c6bf9fbef76e6d2d0c108ecc53a58325e13071e65ec88e17cdea5b,2026-03-25 14:42:18.292518
9872,59951,28,6183eb72bc812a635f2b0df91d22c38d2f556ee28543187c968ed78634f1d7cd34d3953b5e0ba49c15ead733690394e90a347fbb77b8a54555d7b26705949e68,2026-03-25 20:18:28.988121
9955,13934,28,6f2fa445f69f94c45e8c8ce93555b1f8f76770574dc76d5117432aeca98d9ec053a5fe59611a990c0ba1c7dc40f440d0f016613e41f78a9e73a4c357cac57793,2026-03-26 14:30:57.772617
10021,19551,28,8288b9400eeeab60438c3db854653c36ce7e82c3bdd031e6594a2c29d155fb0fbe5f19427daa3b915fa7a5db9d3ac55cde090e7238156889e07ecffe12a40f2a,2026-03-27 14:42:42.855702
10025,19175,28,4d330b873428df97e8417dc74418fa430e4a92f87ec32fe6c9b0bd0f0a09330f55c89ce4ba50a6a92a8c68606ed93f8b62c92dd9bd9df4fb123bdecc4028d149,2026-03-27 14:45:36.198709
10072,19642,28,07e9a78c94f250e73560ddb1cdf89a72520dd04065981303e97eb1e2dd249db6c45e65752a4aa66a27e7c81c5d8dc42c96ea46b05f38c251dd6edf87d7a797dc,2026-03-28 05:35:08.925552
10108,12294,28,86ca27fba0cc89a1a548f6205b7da24d472ccb3f8072388b3b13168cf3941fbee657d9368a251cf0ce919c9653ac90b38e186d1de236b777d413e32c326bd24f,2026-03-28 14:26:17.139796
10155,906,28,13b11dfe621851c29381085607e33fde31b2c0572277783a3af48540b09d16597fdf32ecd0dc0b61a4c33fea5d4b57f124c2c01a825234eb883b96ee6034ca5c,2026-03-28 15:37:49.991198
10157,4703,28,2d5fd83cfacaa77b75a0a9167152cc83685cfbb04b1b72805d379f179202dc42e1ef4f701e0026eeddfea2b3bcedaf90bdab7b0e17b349fd939a3b78b3006ae5,2026-03-28 15:38:22.701623
10184,15567,28,883da011d0a4832377ca2d3a93d9cda4c7c70508e16d11fa36b13b9c5e5e2ce9aa475c3a517cdce49537df691b04eb92679a0741a769b1e2705313f39d39e043,2026-03-29 14:33:46.693573
10185,29086,28,493086aa986f947bfb4df88bf9583acb6eeb09106183b99ccce7a2dee8dc2d07de2054686fb256a93a9dfcfdd3af760f37376e53fa70b741fbf90e6bfd70800d,2026-03-29 14:33:48.884092
10188,12331,28,aabd053b9565e425976f6cd873baa343ee74f3c0e5ae30f27c0815c5e64d0fc88f2784cb8687cc32c32ed55748c3797ea8d2f1074cebe16980505c4dd61b255c,2026-03-29 14:34:02.77536
10227,25418,28,d102c2c2fe342ffbd4a0da7ad6c3104c0c995dfe6315ff9b3fc6e51936e44d4d1f768102c515f4956afc8fdb38274d08029c4d958c2306eddc20103b4863cf7b,2026-03-29 14:59:14.72169
10238,15199,28,09f518296bf47dc5ee360078bcd40f834d37fa09dd0ee407d9ad838b90256c8abbe7415c11defc0d2fe2d1f65c8178690e3625b18083c2b9f65ca82e96a213f4,2026-03-29 15:02:38.065232
7932,7860,27,a8e779b5426ff7f2005826b2e3fa5b6ea9785a267aef14abee403ddcbb222eaae327c31fb1862984a93bd0fa08e6c1a367ce435c0879b8f95d24a8e7be3f056c,2026-03-16 14:32:53.431185
9065,20406,28,7fbcbb0f93ca93fa17a1408036c6d3e8422530b76df6468980527cc55d36415db16ebb77259eee209a33707f2cdc3832525552153235244c11ab0656b760595a,2026-03-21 14:23:25.912299
9131,39400,28,9e964daf67fe8becb878e427529f7f60a162f5eed89681cbfbe5d312e4f42a778e6477562b75f2ebe824df4f877a8d11f6e9c98963dce84ed4e651b35e7948b3,2026-03-21 19:02:53.164035
9165,5158,28,e44b09215ae031710a3730a6e5e7294e9d70326d7f92fd15b9bdf6301a145c3b29b9afcbdaeac9da6c4933a6705ec0c439150cc1ee1f2148abf8035eac46f09d,2026-03-22 14:21:32.341378
9173,1435,17,c7b601eab8f54836d9e62d04cabdcff9773e13f0a340a2f7457dcda9240948085a5875d1a65df415712c263eeb58d27719471df3d100b069b642ef7f6a630b8d,2026-03-22 14:23:19.616192
9174,26957,28,a30fe7d0edaa87c43b57add7676d9e3cef0a22622c3caa0fd969764a3fa5e611c9e9dcba0c162785b6c699e63b98961cba9f2668539b510107075f5f86e2f99a,2026-03-22 14:23:23.440654
9230,20168,28,6eaa051cffb8b1e98ec090b44d50847322513fa01a2e5d4ca2b9f09073059863f1d3ff5e07a71417d5c4238a8295ad4779fe619bad7d49f728bb961a1d0dffa6,2026-03-22 14:52:51.138285
9237,23584,28,e87328d470d400658bbc900fc0147269aa3ea12708edc86cb9ed4a1a55b2776ed4ac1241c5c847dc12e8734601816283a1b432f5d43fc0ddd417d9a51aee395a,2026-03-22 14:53:58.419644
9238,8790,28,7f3e6552bafe7ff2117a642be67cc8a731c879ed68cc67e526cc09cc9ee1b74ae44c01a36301b5d4165c8731d8bd9a1f07f2e33ac70081a7eca70f4667da7ec8,2026-03-22 14:54:05.590287
9239,20290,28,3cfd088f1ea28a1163ec83a9d55e5e57b804564fa12837dbadf090fb9f7d82ee420ec09b1d277dbdce94e6b8cd77217ae85395113e3e77b20267455d8aa775d0,2026-03-22 14:54:11.054798
9240,18114,28,4d9016d43dc2d191d03260a067cd9e6cc089d1bd493c0d81bcba34157ce824bcca93272be8d3d7b4e9e6f03036442e673409c43484c62a3559463f430f47a387,2026-03-22 14:54:21.642815
9275,5021,28,fc9f4ee7ae268bd076b8f26ea2a5658ca24b18e20a15e601149e3974f2a41ea91632bf37f8dfae1ee3a8417a22618bc4dc744492801c16185c2f6bc285543acc,2026-03-22 20:48:15.112897
9357,24656,28,71aa3fc5fe02e4ccf04d1838a6749b3757ce0184b30f5a4dbfad8cd141ea6f17d64b5b88e0a429d53a131b02abb8ebce511b6d3c9574b5ff8b253156157b624b,2026-03-22 21:26:08.023498
9392,41246,28,6b874ed558b65586247e1d907d061141d4f04038ef85b110f30674ebbe3fa6937f064540d2d1c3010664800f396e25bfeabd52e23add1ef1c78f5f1ad78289c4,2026-03-23 04:11:02.900768
9429,59977,28,c9fd99d0ef8e49d6a6e670aa4498d5bb243a0465e2dfec44019e746d27ac222d13a27059eab87512105848bd3dcd23b5d8cf4f2a21da86b14e9af686127d1303,2026-03-24 03:57:02.200486
9473,59572,28,ed0960e5cfd8dd7def45ea524b7b584cb4242df6c29dbb7ffad2cab510921e6650e7c375e95e7b4fd0fe83aef1bfad7c46883afb0b8ebb130dd51efc18445580,2026-03-24 14:11:12.405617
9527,59815,28,43cea97acb55d8248ab902e90e9b7d35346b84684fefb12c9ef7b89b12053cbf5900887f7b86dabb167e0e185e756a3be27500d38ddc8be084b456fb1fc20be8,2026-03-24 19:29:56.405455
9528,59850,28,2d6f3a5a65535d0f5bb7d173a791abc10c2212c4c9c3bab6c9a48fc6ce3023a5e5f89033694216a7bc568100bd4accf623482e5118d1dd4227d74a59480ab42f,2026-03-24 19:31:54.656242
9649,32769,28,f1f22ed8fea57d291c055d73d33e1312b7c65a5924451911f010693967d220b963b928552cdedbedde591bc7a1fa5b7c55cbfbf15f5adac832d71786d21f1730,2026-03-24 22:36:18.659193
9654,59999,28,0601fca74392df43be2a0c3fdf3a188568c65d25bc8ca2aeb22f753f6e6f20c0b9c47bc9f8cc28e93fc8fcb0d21109911d71b4e345c9fd2f15aa4dfdbdfdedc0,2026-03-24 22:36:27.195278
9659,60001,28,28e59e0323d6c2ccd8ba055b5355b250b1b0153325a5a370b175675c3850492e6ad8c813505a771cd975a43b396e3b118d0be1e0c49d591495ac46b0bc962c66,2026-03-24 22:36:37.39395
9689,21567,28,4b50dac7442fa2b822a3d75a409a16444f0f39c3010d1288aee7a7865bcc92a649f73da6bb79562451b2bd3e31d0d43089722645a2156627b1347309ca2b0cc5,2026-03-24 22:37:09.879106
9691,35313,28,d02e6658429452e7e1c0bcc49f6c1bae67d0b140304ccae03e80d98a772d8d5dc9753f4c1a92d57c7ec33796dc8051ccf76423f0d96ea1c5a27cb03bb31ce16d,2026-03-24 22:37:14.806463
9711,16664,28,dd17dba5d0a2890c9a43abd3ae1a9aff54d9de6d9b5d7035c34e887a330c7863276f46bb1194a273a1813e190f8b07d8e01a497eadc7fde971cb798e236bc76f,2026-03-24 22:38:04.749331
9714,21253,28,334890de306d2324d73368830566c00d978a4ae48d7225ca8ee41d6126258959364563c0484a6faef7b020ffe1eba15d5d77177cce3bbdeda96f8a57d57619aa,2026-03-24 22:38:05.961956
9717,55874,28,899cee4c4826f8b51333df08e46ac1f4c5243ccb1399ea2b013d05fb471308d96d6824bbc711d9a03000d81e050899ae50d12c727ca8145278490358f650e851,2026-03-24 22:38:07.868109
9720,56291,28,01193967d10196dff11bee8fdbfb47b7766edb59f36748d86e8ee738e9cc7d948ac2155a1f4cb42cc81d8788ede7ff33a7837558aef929a282342077e0bf2aef,2026-03-24 22:38:13.029297
9781,59989,28,71fd955a69f1f8817e6437bf49577cd6f28f626c66290929fdd318c4d39c3dc40071ea2f10155a5a381b4e28e5a9365882b3b077f208fe69201f4b1efb2e17cb,2026-03-25 09:30:29.087789
9782,60022,28,39424fe5eb45013728486f30a0287c07561a6ab9f144727a09a4fa5f906b02bb5453da5f1d26dd6443cb969bd5ac57f8ee6ec9b4c264b1e08ab1eb684f3d8150,2026-03-25 09:31:28.354018
9828,8848,28,b7bdba43dcf31e4fccf837ed2fc2f370a9f626a916f2212d6871b1ada8ed17b82dc4145dd198ccf141232f60ee5035481da27db1e18ac2b1599b92df6a03c75b,2026-03-25 14:41:04.816263
9833,8427,28,3f8412cc2072e0fa377d618514cdf4eaecb024a0cf6f860840a16ecd73f6b5a2c56012e52108cf2ae79a79d854a507a92467ba92aa63a2d0617ceb6987406aeb,2026-03-25 14:42:19.553631
9873,21198,28,bf8adef9a746d64ca72318d5e5868acb51c2dcf8e6be74b103edb9c3c1bd3375c8ac2dfd644d78999bfc13e12e9621b8386235d5c82c39834bf5894856c363ae,2026-03-25 20:33:02.098764
9957,8960,28,f67e090d5564aa7e77758f62c7dc8df78bfcc2fc36a4f631fb6169a127fa71266fe8c0ee5b4451adc3be6ce9dd598e28978c5d74715f57a175714fefe5ecada7,2026-03-26 14:31:24.068132
10022,17150,28,c32762ee76add26399f0f40986b750aa7c0224a41688c3e23d6f8f2f311c8bc17c0360ff73aa04048364227db3c5a36efd035cef7e0f859d0b89111efea84f6d,2026-03-27 14:42:47.737447
10073,19733,28,92e8d2594bafc1ba5f68bbf1ea651513ce1abb1a75e406034b4ca653e39a5bb4a479613c3aef0018dd75079442764061896df963022598153a1257f749689900,2026-03-28 05:35:10.352656
10109,16989,28,87fc54275eedf5fd9189baf66f2546862266ba48b5c7d56d59c805c6febb0e9a53ab5eceb4bb914fbd9351996281ca89013054d524cb1fa687fd8998ee9924f4,2026-03-28 14:26:19.983036
10111,19628,28,65237b3eb7fdb3517b2eec27e41106b7085251a701cfbb17d7f67c98aa4ca0ab6f4ae092759b0db429d18a4a832ac86119e401f4f0643fbd8abfb4d9592011c7,2026-03-28 14:26:44.56415
10156,5941,28,d0fa2b9c400b5691ed160a4123012766cd72d0b7e5ac4457480b0f552abf71f14b6b16e9e511f536ba4e0f9c932ec8b967eeede1720d1ecc11e4670e619281b6,2026-03-28 15:37:59.415188
10187,15195,28,bf7ca87950c4327a6aef5b6eb8f7bd96006457139dd27701960ae0c5d6f61e2b8a21caa6f1921c46a867f15de899617ca6cbcf6817cbc43b2465370a6d087863,2026-03-29 14:33:54.193055
10192,21236,28,362c5cca95e9d887933508e077649a80737f67209f38cef61d93af3aa4e97f0d809311f64b482e7b13a7f9d2a3fd08848f1f3e5d0d49fc4d053579b31ea68fdd,2026-03-29 14:35:30.043025
10228,24673,28,64826073af15769036b5ed59224bffd3a558d897cda908f5c51ea7f347b7ea58b2d9a550e61cfcdc974909c3c38216393945ff3de84ee9ee9b59dbf5dc62c4f3,2026-03-29 14:59:48.477673
10235,7467,28,65332cb0f633cfeae2da842039bdbf6577fc398e3a8ac55bce706304cf92348c4ffcf00a2ea14affda690ad263e61352f6393920bfaa9a408d11f6927ff6bdba,2026-03-29 15:02:20.95185
10249,60002,28,23deafa0e3ebd01c517ae5760bee856a3a27f1438245933e7fb272d03637cf9f0bcfa7de52aec3f44df1bf1c0f5823c77704e10af40bac8b3969250014cde243,2026-03-29 15:45:35.813532
10251,59987,28,c63a8c8c66a03ace0f0b4c94b279aec10175f70f85813691e7e3df84e5cfbee8ea6589a008a176fd0883752f2ee034fd8c33e39d61e0408913400a9cf762c6e7,2026-03-29 15:46:35.460845
10266,20129,28,15812f22932bb1aaf99c1278c8d3f49384d32920bad6bd1847d65c95d54c71805c9fade3c5f7019fc556ee361014c3b222d068135ef8090fa73663c8323eb779,2026-03-30 00:56:48.392136
7933,17094,27,ee7cf4409f670ddda8a01c5358ee7eb4529299ebe0d2cc0a7b8cdacc9d7b4f82e1559bbb2da41edbdb1169e955cd809a3bc2ea959c06b4b9302303d4c6f1f2db,2026-03-16 14:33:31.263402
7934,15461,27,c0f6fa4827689fabbdab267bdd72a876e8b748492a880f4aaba47faf9b6e2da3f7352a4e3ddca0484305dc1fdd98d5509a14b571c30f4ad1b3d8f0b899d47dc1,2026-03-16 14:37:25.481985
7935,16004,27,9f436ea6291c32c6cfa1a0a5ebc5588671acb86f645279b1c3e7e4bf5c641cb3c36e95eb58af1e601164e147b111088e2cc4f21b06d237a4017ffb3f5030b79e,2026-03-16 14:37:29.90416
7936,20850,27,626c4f4dfe79d30b4895b430801677a157a374f11b102675000567f269bc769714f8d966d4457254c6338a3200bf9db918ff62c5a11c959b804dc7e790e51c40,2026-03-16 14:37:34.466814
7937,16655,27,af2ecaa0e1654dca7af74d6c4985f00940fdd4f4b220aadc62d0eabedfa162d13307bf4007bc80c76348fc6a1adcc787c2d222762a213f53d975561c16cefc67,2026-03-16 14:37:46.049759
7938,17988,27,77568eba821be85353becb71bef9db790e099886cc0115e7ef314ff1779bde68668ce70ef6934ab4cefc5233f4f3800260fadc259dcfe0c52d2d4276d5c39950,2026-03-16 14:38:07.949845
7939,8906,27,6d1185762356154df37199869a6d5024c07d31c3db662825fc49ec7c0b71e7a59d75af28e706dac3df44fdc81b2e5650836abbaf4ca579c73ebf24b4adac7209,2026-03-16 14:38:40.599748
7940,11272,27,e8c58d87ea33129bd51fde9a84d04448ea6e463ead44679fa9f8d5a8bd13bdd769e9450e2af978def2bfa36c3e481e6b849e8f2928ccd1a505f767ec1826b778,2026-03-16 14:40:19.986295
7941,11683,27,cc091dfbf2ae890b8502a03beda68d00df5ff4c54cefdf6f2fe846c71f2102d7d18476b34deba5af14db4b15cf6c687c7a8e45280fb4bc73b19c76a122110de0,2026-03-16 14:40:47.71018
7942,18318,27,ed0c7e3328666ab638276a981cb11600ae2c10ec16794d1add7b54873c8c49bfe61591664b974b4ea4dbfb3f0bcfe89db75ac5ceb6b700365caf041c890f607f,2026-03-16 14:40:48.27613
7943,26215,27,d657d222415313bf506685f9560a08a26f8d49db663b3c2d2d8c7ae5e854018ecdf4f24626c22b3fe0bc2dc83340a4c3e7ef8250db2acd2f7c452da20d25e033,2026-03-16 14:41:02.059511
7944,17408,27,3347c594f0a2baa125bde77c21927c51e2aa671651d6dbaf4e096c43d649cc613946509e83a8245193e6193ccb1876991b984101fcb0a47e959cc1d112e40668,2026-03-16 14:41:10.145569
7945,18175,27,4dbdfb4aed221d3d870090dd303dc26c2f9650820402dc7ed0303fa0d5a465442ffcbc05b8dcc3f288330ae9c1bb7f8a86fe3970dd440a27ce13de38667d2474,2026-03-16 14:41:16.628633
7946,23401,27,469819a98a8ea41ab05ed0e8a8ac724bc71b7ad0e5e13eab8b129f2aa3206a8c159668a13f16b341fcfb6ad2ab7b51ca3f4270e89f9dbe638f05d49cf8c5097b,2026-03-16 14:47:00.373663
7947,24797,27,5c372e74b1042c4d20722984319d18009e2828a2c233919df5da6d3e686f3db116607ce06dea56a4e4e168e0ffabb32a8a76bcc392c3e4bc194320d04dedbfb1,2026-03-16 14:47:09.012454
7948,24079,27,6ff1389cf9cd03a4a1783d07f720bfa45bb1d19783bd9fe072067a6bf8d9d1878a454d529b9146aeeb96815cbd5abeddfe2b55422f626cd0ec7c1c2f6d6827d7,2026-03-16 14:47:32.9106
7949,27328,27,3b558d6f4bb3235cc158baf72c6218f4ebb0743ace413c7d3f45207edfb5f6511b55791e138032bfa6c358279e94659d3a8ca188961c785ac618347e174d99f3,2026-03-16 14:47:33.386125
7950,27277,27,eda443a81753fdb4c5779d0a9ba54198e26d3da976281fd97c6b8478efadba7f91b6be499031e86889edc196edb649825765c4c0a85c05ecce058bbb64e9eef1,2026-03-16 14:47:41.461762
7951,25823,27,4d35e36caeddd0ec6f5a99d32ea2b5c240595186c3cea1b2aed6ccf575ff5dad3618ca975b00af14059f3ba5f91b96db2a2edd531a3aedcc6c2fa0ca1da917e2,2026-03-16 14:47:43.892855
7952,12961,27,a8be8c270938d0b3f62c54fcbbd2679eaef796affcd7b5cea6f0ff1a4f2e4dea1399500b1282b29d1433278ee7202686afc2fe6318afe595e129a259f8c85912,2026-03-16 14:47:49.134732
7954,8196,27,7f179be522b749c35cafe00dcd74c47209ec1a879147c98effc3f819f9343c807af005aff5cf7364407475ced91e06ac1504e2c7410d3389adf6777cae43fb54,2026-03-16 14:47:56.746327
7953,11597,27,0a130650569e068effa6296495e9229224fa61c1acedc2cc99e36658b40d60e9c8a605b5aa7060387c46f74e401d6da10321d991478ee7751122439d12bb80f4,2026-03-16 14:47:57.09767
7955,16649,27,21d3459624465785dddcf93ecd9e715e0f9cc8108f95c35c3753a52c624fb9c39cfc2e32e395f93ce61968a92baa7fc51ae23fb24f32f8afe16e22d06f40763c,2026-03-16 14:48:03.004961
7956,14287,27,9ff3bff7c2ec43b11e4aed1ae062e5141b732b53ac69285972c90eb12decdb10ec49794fc520806379c1e70f825eaa29464b9333df05effcb64dc9d4efc6d0b8,2026-03-16 14:48:07.901563
7957,22573,27,d7f1248e7f115c25636b352d82ab7ff622e00f3322467906e72ed9aaf42e9b999513f84e4d701e9daba350cadfacba562cefd91a937b4e6f96ffd5f0da7fa3cc,2026-03-16 14:48:20.632715
7958,2642,27,6dd11f99d1b1bff9c2075f3be1bbfd4e4329d3ba85d57a1f7d821eb9f9a91a94ced165ab4a0c73342bb017c9789841250e847ba42d31d8582001de6ff92b1a8b,2026-03-16 14:48:20.70034
7959,25850,27,03152f3c4b3c4da8b6dff61d721166e4b4629c63eea8d6c4451d18d854df2494989f31b15c1cbc90ee1cb19d3a7fd9ee9d844f5385eb8d2318f92a1f50de9e2b,2026-03-16 14:48:24.367815
7961,20410,27,fefde1d126b1979f9fd204714eb2cebba70ee84abaf0c18a5a88da14d98bbe5d891adf634d1386d35af969e7c28dede16340b77500bc89eb44be96b0084b3267,2026-03-16 14:48:36.589904
7960,22562,27,03d93b060376488867ab4d83d06055bbc781b36d69ebadcf8bdc7e63648c2c79447ea03e5966f3476439847ca61b6ede3f16cedb34fe727abdaaf0159540fb58,2026-03-16 14:48:37.027979
7962,14486,27,65dc4a85c0afbdb3f7726e21d38707a10a9111e18cbcd7ba38f66b04f939a53d75a5192f68300ea546ffce5292d37149ee0f51b0f4d886ef2fc4aefac33e0935,2026-03-16 14:48:46.707067
7963,22489,27,740d743544e80b723f218fd3c5daf7ecc953b425eefdd244d45c72095f18fc241e9b25d42a6f8bf20c2750f139b46228ca1c9f1d1f7ad32c9fa0c507cdd03bd9,2026-03-16 14:49:00.560148
7964,17698,27,a890a92ff14f4ed8f44e1ceb0dad1d74f998cff64eb3a9494ec18fd52ab1086ca35ba5f646dcf09296e3a43e9b6bb104209a2520e9d7fcebcc061a673377aa6c,2026-03-16 14:49:39.070639
7965,14253,27,08fb2c5ee5277e07eb3fc71b739086248a9140344829497efbf3863946c347b7d6c7952b78eb9a8770562f8aab6381f26f2629ef27c1a8e7f7baa9ced9d8636b,2026-03-16 14:49:47.298151
7966,25175,27,16027cb655733e0480777d9132cf34819d897297ff30dd0d12baac586d27341d0a80490222782887a3add61326afe73cb773c0d3e6c80cdc31bdc181c1c8be58,2026-03-16 14:55:22.192937
7967,21632,27,d009df14040c197b65c186249d17c9f19bc975e39c506be93212a28b311473e328cad23f8de1867168dc88a97e3729d9b46f4a2543ff42ef9f12f6c6348e091c,2026-03-16 14:57:49.290864
7968,20487,27,3f3ef76817a21bfb5fbef8c8021def5e17b7fa148bb2c36b8cde95d9e5bcbe28fd64305233db403475b341888e04bd0b60a32c653dce15125b6ab3940e4eab3d,2026-03-16 14:57:51.66089
7969,16762,27,f0ff3b1372e178fcf7ddab678bdab48758b5987c5c6adea1eca7b92f535cab991903af59ce15f1a038ecbf32ef29dff0072cad0e49bb0ef3107b68cdcfa8281b,2026-03-16 14:57:56.318278
7970,14301,27,510468f77e3f1a1ffceb9a168828b7bcb920c244033a0e123ea5d030d63a193480b327efd57bd4fd122cce1d5a1d34bac2fb7d65f475f2093362ee9c487c62fe,2026-03-16 14:57:59.712772
7971,12211,27,d6c042bab4b75d6109501017421e99bc6a8fcaf0e63a0027465e2da827646018dcd157def3fb0927d1ba605a1d100cee643a188b142c49bf68f77db1b888f45b,2026-03-16 14:58:19.940045
7972,20600,27,dfcee3ca458a87ae9e29cc578e54602ca154d5371ef14fbc56d3d9a8d46661d9024a8591e75e7c9fb5697bc6c22ae2222d1e7c86807de6ced4052a4f16382d48,2026-03-16 14:58:32.029022
7973,15943,27,7fcc7452fe4acddbc461fbd57ed0f6130381976bd0ee8920861b822febea3c8c55c399b0352c09df72e34dcce14a651cee713b360e3eca3f38d2570ddede3eed,2026-03-16 14:58:33.719224
7974,24432,27,1bf2893b487cb513b04d7a034af316da7902493ec62394a25979685f6426d255b4bf2552717264082575d98d559aa6533adf826b4ecaa7b703742c5e79a6ff99,2026-03-16 14:59:08.453096
7975,21482,27,b871f8d68f7b2ab6c69bad62767d66dd1c60a7597f80b3aecc5c1470f6bbf4c221114b32b06a5948a54b81ae1e6d3769e3d7076982acd876a7677d77b2cbea10,2026-03-16 15:00:15.680843
7976,21180,27,58b9b64ea7a72b8505beb8c27c2a7ed58d35a606eaf8d57a6408cbbfc87a8e9106b682a3aac55f8d93f16766fdd35632653ae50a673c9f227bc2eac365cca6d2,2026-03-16 15:00:16.075051
7977,9556,27,fa8ca791851f731287bee107e8fa6a3bd59a965b6efd75878879e6b4fbe44b99a9b6518724f70d20e214584f72b005ca19d086ba3c80f99feed6d4fed5d110d0,2026-03-16 15:55:42.886698
7978,22163,27,83f6a5d06af77510825287882f7f7df2dcd2c1fdd1767589b18a88cbfc2750b509de4f256329653cc3048827b723ac2be95b20f6b21d48b58d54a6501e46d802,2026-03-16 15:56:39.430752
7979,8530,27,95b57d59e2bb9bbf6dbd0a3aa4b75da958c405e44f7db02648b516568ca5313875230d5b5db30634068b0de7cb1e5fb5897619563c6ed46b9b5aea26b151ed6b,2026-03-16 15:56:50.67901
7980,23394,27,d7050fd47a7302ff94c03cdef6bf9b42c847ad1fa4fff1336ad390eb11ebbc03d6f22a85535d6a969d4b6c1bc9e9198d3980f0c85b60c7d05378b54c03f2ba32,2026-03-16 15:56:54.978134
7981,19703,27,75b99dc2a45a1d4db649774a6966753e3f1da6fcff0fcadd20f0ea1380f9726f8189de968a8f7ad666882383b03083e0ca0ed2351e88621bdffe2b18a811ca4e,2026-03-16 15:56:55.5915
7982,19754,27,dad1ad9d7d30dc383e38c8b239f4cfb891347d9616c002c880ab300e9214e2d251c8477fa563042f8839259028e56c8bd6c1a832a2f047773755e43fccc5caa3,2026-03-16 15:57:15.92466
7983,28307,27,46c9f13fdb762afa428b90d4713057100ebcc4d28000a1d2e40af4ffadcd96f277ad5e4886fc9c910e6fc66ed29b825a2baa683a354c7d94aa203e6c181bfa3c,2026-03-16 15:57:19.965722
7984,11264,27,786f23ec2384c0226980467a9abbace0515b834f3d7fd5f2336fbd13398f5ffa163ceb08b41e87e918dfff162659d81c6b4aae799d36319744234df494734d5a,2026-03-16 15:57:44.110184
7987,4932,27,87b21af4c91df849304482c23bbe2fec4a63b91e0e140f6905ae22e4d8ef3a660ef34a7c1562266e574ade01a6c3c65ae2dd793ee62f749d9cedb611309aa187,2026-03-16 15:57:44.768469
7985,21121,27,b5ed89c43bceeba1aca78f28d2b9f745e09c3307907994f9ec1747e97d465d60215bfe66cdf5e14b74e19f2437d14562fb2d1f596b00a1ca820f6147842d2c59,2026-03-16 15:57:44.97533
7986,23016,27,4eb428ccfba15a1ae9dbdc69e046cd91ee7de398f0206ed6d01511683d49ddb97f280c05295c0d94ee563b2e38a778e944d06c0a17c42b6083a3c2ebbb25b11e,2026-03-16 15:57:45.145712
7988,26123,27,2918edce0d4f6f53a9a229e37faee09a60d7d2a73e93a7479e1317e66b8569ba7dc7e3e62c11983c7016a0d064864768a21bad8350c0e546de24e1009a115e93,2026-03-16 15:58:07.64831
7989,22507,27,a56846fd9701389c6956afb6acc94247ccd52b560a5e7cd5d47a45d6b66790e3c474cd39e5c8729cc43e8ac66abf7ab2b830ab54df26f76d268d505994ab3422,2026-03-16 15:58:10.268588
7990,17881,27,08e520563b93562375c37e6d378cdedf36c98c0dfe5b0ee6ef90dec85c110d0b7bddf9432746b74ccd1c35b24dc3de9e1cf67f60f60de4e391f2cc0e046eece3,2026-03-16 15:58:11.118066
7991,16822,27,b347bda3d07e925c5758cf216ca2b39669f6198c76619f01a017baeccac24c15709d4b400ddcaac886bec069874f710a6edfe4501a7e2d87c1fba4704f8974d2,2026-03-16 15:58:18.128425
7992,22389,27,ce6d3e9092456a830c70ff9b6fc243b638af673a08408a5e6a6709f2e608acc13ac5f93824a3db7f3330cc6c87db1da8cb710ab811e80803386ba10cf525b24e,2026-03-16 15:58:36.227059
7994,26635,27,720012e7f42df6f547509a1eadec806fb368a9ea05f09e3aa7b3d65b57e23e7c19480e5fa487bf3dc36836c350d196b3380ba4dfb30bba54e23542a4f1783d04,2026-03-16 15:58:50.323821
7995,20115,27,73398b2e4bf084f0ffe838340b7ef1a3f004470bc7ae96cd962c5fb6e4ec49ddaf4a740579e826d1423eee874a543daa91c54411f2148476b03185b08a09e45a,2026-03-16 15:58:52.696301
7996,6520,27,5a22a1682ac7468217daa0ea3ba60ff379526ec036a03cf0efbbf55d44c6f08a1e0cd5e7e3d10f1ee2eaa2c7292f8ff2df02bbc8c87a5019df4333b6d2f8ff31,2026-03-16 15:59:00.818606
7997,15608,27,f82f9b5c1f2b64b14b6b7d56449eea38c280a67251c8c3515cf03cecb8ccbbb5b38d5c8b9f1b43449b22a8793c997f60d5729dc17592f0828a51399c5f91bc1a,2026-03-16 15:59:09.920074
7998,20694,27,239d1f89f2bea6363f227dd2184da6274791f469f4119224b9addf81d5250ff8bbfb09e17d6d991a8ddf644d62914c120de82a31763f559e205c1caa031546a5,2026-03-16 17:08:54.517275
7999,36103,27,27ae393dcc3c4dea1f7b1792a3a883c43016fbbf8067c8ee1d661d03882bc1d279e01b0f49509af759afbbf6743eb0df334120ebe22f63767803f6f2c8403622,2026-03-16 17:20:30.641134
8000,34839,27,7508add26d62a901bb391c2ec991506dec8af40bb479fe9ed24f9c38721d694ae633c41470b14aa28c8b6d562928d431ede3d89cd4f8b2e481ee5da41d53ea7d,2026-03-16 17:21:34.059633
8001,37225,27,d414c16f5284dc854e7edb8e9d29f07281a5f659537affbd86334a0b8b009077aa341739388775afb0abd9e6dfa781bb801f3d68ba4947a8a57ca1b3f97cfb42,2026-03-16 17:33:06.805366
8002,38059,27,bedc32ecd8af4c73f40aa74c79d9b84ff2e79f586c006cd0bb893ebba1f1392ae1e7ba7d702872618a5355df0c0d424e70fa635899ac16f1f6ad1f3f98fd70c8,2026-03-16 22:41:11.467769
8003,18181,27,8967b70d9019c8c8c1ffd86b6455a956229294258e73e711ae8a1c3a141d1ad43dbf2e5a5b1cb725a8cf79e927450f1494884478c365f4074cfea9905f7e27fd,2026-03-16 22:41:46.494274
8004,17589,27,4f7e25ec9b0168c4fafeaf7e1dbbdd234f1cb85a5104af8ab3a2c74f33b3a1000e5d2c9f5219aea6360a5e2be5ed958063192c4c87e952c5e68a84520cd0264c,2026-03-16 22:42:19.243815
8005,19527,27,3fd677a147b7db59a75221831badc6b9e3944f213397518dd1b9b6523f153da9f7eb1ad8448538941658b78a7b0ab8bc57cca1a836625c4d0bdbd7f2deffd9d5,2026-03-16 22:42:22.056658
8006,12441,16,6d7e905ffacafa6fb6ae17aeb7d4a49f63e35322721cc40d72057177429d2d54f2d890cc6cfcadf23238a333e9fb5c505c548d940e365ec8e7a4857493bf2497,2026-03-17 02:05:06.574275
8007,36839,27,5e8b84d85fea283e7df485f389556e45c91c4f2af6d691c5c607630a0f8c1a5d387986b4a44668b02afd48b5ba0af389e29caee9f7df6fda88cbb114fbc05ae1,2026-03-17 02:34:19.075486
8008,31788,27,168e705061971c134717917fb8d84cad0597dd8c21862ec128ae1559ebcc071178bf37a5858029b8d05ed0996d285c7eed0d2d0e30c0df20119d4db125db50a3,2026-03-17 02:39:30.524737
8009,28067,27,2cf8f923e1e8b7007d5f9ef9e80db17e9d8dfbf2bfe95f8b3b279bae2943182fb5050159519f66d588a9083b8a25303c74443f215d595b84f73873538ffa7343,2026-03-17 04:15:57.35027
8010,32201,27,d15e455bdfe4628cd3da9655cc9df64329f3a767ed5650c7f67b58279931aeed6917de28cdba667e012603d912e5d981b33de832e239b1f320045cec3885c21c,2026-03-17 04:16:01.551406
8011,32794,27,24cdf960d4232763fe994704d8158dbe1da7409bb8d554a02cd030a2ad30c6c7e2705c8565d4461e06ffb3b50bb19e80a580d68644c566e085b8b8d90579e54d,2026-03-17 04:16:02.147531
8012,34753,27,194ce7b88da51f277f540600b82300b5406cd44905bf2aa5067e15f3e2c64aae0afab8a570e305861a75b443d80c0b305b6933430c8820e2b4c6ed5dc9402b45,2026-03-17 04:16:02.933066
8013,34741,27,e0472cfe7285ad41f19b0d532e77c8cb184996fddea5617b03e1dc2db2bf323b3d646820bd70668ac460708aa2c777b607e53909de6edeb60967c11b447785b1,2026-03-17 04:16:05.951296
8014,38606,27,4a10b6120ecfe47d0220d8de628290823514963a2e82ea510e5bcc324a3df825ffb5f51192f6f58f37058a91da828d83934819fdb40f03ce80a2841abfa13c32,2026-03-17 04:34:42.869304
8015,29243,27,504a6e4bfff337a0d22bb22fbe4aea0a883a4f93c6c6cc732d05c2a0ed27e4077a82febc247d3ca5956dfee09b7154c644d437777baa074ec427cf0eece0e044,2026-03-17 04:38:07.117239
8016,6760,16,dfa580947e61f35f99f28755f8ac908e144ba9f24fc90e30834756296785d0900cb5b181f9cc99a9032e208ed9e5b047b71c5cbb92963d61457ee3beab220ba4,2026-03-17 04:57:18.192138
8017,29686,27,3a14d2674ef79f409573335362292ed74d2de8cf6b2068d7375498053e71fae5c728dd4f495c7c011ad94b89ad2c7015cf5839d37ba9ccd829b0bcd62cc905d6,2026-03-17 05:16:23.270081
8018,6004,27,f264a20d00970a9ccedb5aa44cb66d12fa78e41f1d7839d14fe328fcf54ecbeef54756b9deee6d5e099547b2707230f64e664579c198497371f6f78673a89667,2026-03-17 05:18:21.036936
8019,16755,27,843299c5ddfdb6a92004c11f1f9b9c4f6bbf11152e891f6dcf240bf38af982860664e15da6d77e9fdc3d1bad0dc4228ea672232b8b3e14057bbf7cc0a9deeb9b,2026-03-17 05:49:05.654818
8020,27321,27,de09b1229ac4983aaa7917c1423df6be0d0471216b3ff0e1c7d2ec00172685929e89e33c2fc42147f34839f441621f31a033828f3bc1de2147d1b834c183dd9e,2026-03-17 06:43:57.295313
8021,2459,27,cc626b434b27d5fe576a1d5369808c4585a591a07bb3deec57cd57ff09a5477cbd00d1d8c2a2c5923cce66aa1c9f04224621a844f24c1368f2d9798f11369b41,2026-03-17 06:54:56.221503
8022,28927,27,052f5b8c701a1641ddf9eb6b8d874885ce0744cfd791565e15d0cfaa7262ecc6d3394983d241f20de1c0fa4a1270d7dce3898c083fec19d76158684ed6e5af24,2026-03-17 07:12:59.965456
8023,24184,27,bed434d5253f8d480e7296a386484ce1e1044a391c855464f5415cdf3c8861cc36168034e3f36169de6e0cb38164e786c6a070cf501efa52546c1fddf6084d36,2026-03-17 07:35:14.032032
8024,6183,27,d540b7e3e22bf72ca0cdbbad606696495a4eb433505d6fe6bf91a52f5b93723866d507cef6f95fc44aac8fdfdc9e68d27351d528c21616bf8886a1a78a1a5177,2026-03-17 07:41:34.974051
8025,18235,27,4108aa89401ede5ed5bb531d37edefd4f8110be8cbb31a4f04c7e6d129a9705de27d79f0bd478ed22277ead07f16b274c9d9849f7f343c9a473ecd494731fab6,2026-03-17 09:07:35.00407
8026,39628,27,cf04c62b52e517fb4698f59fc3bf08c2fcd53b24dd39df7ce8bc035ecb7753653bdaf20de21e457c212e544a85bff4de6056e4b0bcce5e8dc322629e7f087682,2026-03-17 10:07:00.958439
8027,26784,27,5a97699acd6640ffb45d42d0db69d36bd1e84730eb4e6c4928b6429bf28fc61493a67efbde4d9ed1cda311227ec769b3ec6886d6d1d4df864e0f7b9249031a48,2026-03-17 11:04:17.965262
8028,37522,27,7369aca39cc1e942760624a3a6c63cbda050e7b01bafd15c9789d14b86d446da4d13ec783de8ad75f456b6be12c3eb63a825edead75378975bb7795f7060c1f1,2026-03-17 11:05:42.88238
8029,12025,27,117dc2db6bcfd7aa9bca0a500e14dc4a815ecaa941f12a146d01126aad6091c7d86dad6f2d0ee7d51dc506b2ef0e03df3c128e270304d597c6843dfc6e2c7079,2026-03-17 14:34:19.789311
8030,18571,27,4b696dcfee6ec903e9314faa7a260dfd985a1625de87d179f28f33773a5915d72e32f50a0dededde1b0133ab06dffe5921c1f23e34de58ca3227c572c6924664,2026-03-17 14:34:27.985633
8031,16872,27,47601b39dacf47e166c63acd1927d54baa7ffdd7e0cbaa01cdb92e9c7b091065f2c687c3d19c6b44a528d592d1be33c56cd7576854dbd3d4d2d34621d0e8b18e,2026-03-17 14:34:28.80186
8032,16630,27,8a5ca6892e29172519fbf9f9f31ec928bf726a85520a83acd6cd384025cab8d0722a7d2993b818eb2c7904e2baa2352bfd8e30bf2958e48308c242b943b250ea,2026-03-17 14:34:29.7915
8033,14986,27,67914aba9b00c6cc5fcc0df0eb4dc16ac8b954f4302cb59260283a39b283941eb4e55a811f932e87513b26db0a48343bf38e5f21afa5f38da3c70e5fd8cc14b4,2026-03-17 14:34:30.778191
8034,27562,27,b59b575fe25b5b4e5649559586e83dbeadb015fa897b9344d476244a7be7a763328b8f05cee331e95501c43a3d2f0d95e65a7a819090174407129a84780d0c89,2026-03-17 14:34:40.631791
8035,22276,27,2e010b65f1de6f08c8dc13a90a71394a215deb57604722bf861d413a735503368ddd95309337490214e1a9f242e231c80519d0db505091628daca6729edcc0e4,2026-03-17 14:35:05.497851
8036,20240,27,97c97727956169aacac153ab0a79f7c433fbe554e12bf40ecb5a79f85b3c5d08ab8ef8ff64d5acd5cb0ea0f9948c26a90f0d23c5e5883bfa70b5492dd88f20f1,2026-03-17 14:35:29.187987
8037,15737,27,4cd2642cf1c62f99cca61e020abcdd32b88e09f46c34a2592f5ff7ac62f7a59b13bb38885e9f230dc465e71174af1f3c24a16783e042ef55264841784b63e714,2026-03-17 14:35:30.599696
8038,1282,16,59e13b5153092fbd39f226b3316600109ee515bd20f12ae65dc00e515671dc1b665d015c5f30d25558937c74f86c62d1dac87aad9d6bb3fc5de837dbac305535,2026-03-17 14:35:54.087664
8039,19126,27,0d12f2c57a616089ebebfba8b8505d723602bcb18ee3ab844bd6d907aa1ed764621748e630c01af2737996cbb71983488061d52ce3594086c2c09e896fca5071,2026-03-17 14:36:14.751612
8040,23280,27,d9e5c77bca0278d24b793d7bf66dd3fc4543bfdf11bf3ff0d18db625da55edcefae39a29163bc60f0ee74e3c60cf618e5792725205e736399a81d0a377522e2f,2026-03-17 14:36:17.612463
8041,17776,27,aa507d23a9a251db6519093735dc04eb42b5440a2add518969c3e65a6d26b1abdcf62fc4fe0dd5d281f51fe0bce68b8ffd30fe8dc34b32d54edc2ed3bc9a2c8d,2026-03-17 14:36:25.188048
8042,21806,27,d080972b0a5d0785a4191a5707c12762d1c8c1ee2ee6367081f6a02dc05ada1a14183090418bf90f25971e626f4b2423b58159f3b0360720b558e788aab18aae,2026-03-17 14:36:55.5601
8043,19815,27,d25cd40ec12a79100b1cafac5d275cb2c1654e225b61d0969d942459b41b952619f2a7f4dbd60e5d4769bd35a89b1cec344d6230f69576c3e6a650a1de50ddbe,2026-03-17 14:37:01.476715
8044,10344,27,899e27125c72409576103595e94c4812380fbe0886243831c8f4e796df2ceb2294ca8765f2ea97f0173879d1cb61eb8a2bde5bf9b7c87d4560c9b360192ed76c,2026-03-17 14:37:14.055859
8045,19244,27,972e60625c7679b4d6f57f3ef63ba360229c1d18d5d285ea5fbd0e6a9c387c4186a1c9f56926263d53b23e97df56a8d8759ee82da7a1b045cf65b6455d83811c,2026-03-17 14:39:02.706243
8046,20569,27,9130314105fb8d606d7cffbeb762d6a3c0123b6619ab1f0e6cb5f4c5490ef2cb5088196ea2eee49e948aaf64b2f741d691e043d6d260a60d1b6d92803a3cc828,2026-03-17 14:39:03.861251
8047,27689,27,ac0526e3a24a7a374e481e50058071c86b17f7a92f696755249b977f21285b2d0b0dcbf57ad88cececb67875472033b392ae1253179ff73ae8737c7c2e406e80,2026-03-17 14:39:15.408851
8048,3851,27,312dc26174cd5b8ffe73b28d1dac9036ff83cd2870c210d29681c40431528a183eb0bf9e33d82ba96a4ee296a9b767b419988421cd61c85123efd5249f3c0898,2026-03-17 14:39:21.739299
8049,26717,27,71a761d928351ace0139691d64140aab803b3d1947170219e5e7b74ed74c199fa138c4912099437bcd5f484cd9478e5986472c94174cfc47fcb6061f7231ca8c,2026-03-17 14:39:22.460131
8050,2637,27,03c692ad0a9c1e658427b64d70d873108587f9066ffbc4afec45908d9fdf38b9aba2e5887b33ee178723b18ee3dac5d2defb10be531bedfb3b0547e2d7ac812e,2026-03-17 14:39:24.32065
8051,7592,27,3da94741a655532770d5d78e66ab14fb8bc8d4971b3ddb90c2d8958c7e8034db3c0394fd2f42ffa692287dcae23463f85222db25d671ddb1887198f35e29a252,2026-03-17 14:39:31.792153
8052,28672,27,3cd5cb7c470ae7367a17d207105041b456e66d31dd6e8eb527157807ba292d978c4738e1577d610005f9f148130d7b1f5a0494b6d6420ac0c50b1cf466e6fb3a,2026-03-17 14:39:34.102051
8053,10726,27,50e4a6b33f53e3f54b90d451fbcae42837f386d1a7027ed9ed3f451977160744ec00e4d329ecd9a99ddadb2c3e8a85b1aca1f7e06f8d07a1862d9d5ca39bd1bc,2026-03-17 14:39:36.831977
8054,2367,16,128f0f2c873abf155b2aa0d96f241013ec52ccf1615edb90d53d28699a346bc493fddc198ce5353c9a52042ecf2fa7eb5b83f98b8528913334b83c73a036a8ff,2026-03-17 14:39:39.069903
8055,16865,27,bfadb0a017bdb22617dcd6275987409fd9673ebb7c364248862258e3926ca344dfb32cf98c54b8c8e681d6ed9259caa0f8ebd2bc3b2230d80e3e7027ff7ff9e3,2026-03-17 14:39:52.917566
8056,26772,27,a93ab8d96e771d0c5713d72771b8e6622e08607e24a0c9e62ee6cd2495450cb0afa3d9bc5a52ec4b52fe65247172bc3643e6079562b19ac29b1a5df2332b64cc,2026-03-17 14:39:53.983325
8057,11171,27,f2e2f7f136ffcd66741dab1295d81d1e460aff135793a1dc35082a519047381980e6dc7c5702ddf0e742769958ed73b6b45993ccb318a111a66c19a6e07e34fc,2026-03-17 14:40:02.855603
8058,11539,27,080b2bdca559a1bc5719f1c8588d307019b3630f3c5d390fc38df628c43ac54416f81d792ba03ba626c0fad16f04518fd74bde1c230fd81d323f8dc790f83674,2026-03-17 14:40:09.797042
8059,23832,27,8086405a7c8fe5b7f041abbc430e17cd50895341d79a281b0b588e16fc87eebe0095009cfb601d9005677198a10942146adb70da87dd3d0b418e85cc07d7b539,2026-03-17 14:40:13.455832
8060,17514,27,077603ba0e8b92fd35d5863092ff5247c8bd74bf24d1d0e226ff7daf12665e1b533caaef9fd5345066f0f074629c583a758dc120859d6bbb39fe1ea2a8a0e5b9,2026-03-17 14:40:29.790679
8061,11808,27,8ea54e38ce67e429be5760298f1cd1e330d809ba93e421e2fd155c5491f377ed10c5ef7e287b7aaab39340d5ff41b03a1979255f60ec2f87d78de18a8154cd24,2026-03-17 14:41:17.929707
8062,12048,27,1e2fa2cdf927a0a64484616727a8a8328ad7ac9ad1b55eea306ce9bff699d7c1b496a30cac318b6a0dbf0d57e64b98558e6d89cf41b8586c662b666e3515b4d3,2026-03-17 14:41:44.079306
8063,22683,27,37ba0993dbb006a0be69f005a2d2756b77f2ee3c065e4217b89abb6d138d8219bf17fd55c941e2b7dbe3d9d96541b71aad99029bfbaefb80f512103696ec9aa9,2026-03-17 14:41:51.996251
8064,17203,27,c373550d0830d5aca3d2f4171965b3c69a948fcc44a2b3829c9f78554648705429d037c738799b41ac18d9ac806d566738f9894f05201af4b3344cefc021c767,2026-03-17 14:42:03.042733
8065,18834,27,f9d9b556444da017bbc666b71029115dd3ca889e93deeed98a370eab9261779f679315cbc9a0c22c9a7801332d8d34cbe842ba1ddc1d2f1ac3a7ec855ebff95d,2026-03-17 14:42:09.11794
8066,19386,27,ce9dbfa1e20af27c9b1c09b250dfe58f7bbfeedb6727276a8f76eec955c4c6ea21d60f5a2f821ed5c5cc2c8f910d568c014a9aa5870f72dc2540499a165623fe,2026-03-17 14:42:20.309258
8067,18986,27,265dc757e2ba58324412b0cf00236b710eb9000444ba5c62dcffad1f7a98fac577deaaca587988b6bad5df2b5b97f40724b37361196714f62524ee0c11515a5c,2026-03-17 14:42:21.264467
8068,18571,27,ec44aee5dbc997a80028f0e4afd62a3e7b9b8f7874ad510390f1e8b7ea70155fba7f7628f0dc30579c2dbdd0cbcf086cb5b9eb8ef17d7d5b33a3340437305cc3,2026-03-17 14:42:26.220298
8069,17007,27,c499e911717c9c31ec2f6953c7c6b67aaae5d070df0b5a07bdbdab3a46f53401790dca147ddd6d769b38a65f562d46bff71f91716caebc6b2855eec3a10a624b,2026-03-17 14:42:28.915306
8070,26567,27,82e53d66c6d2f5a095c09fc84c2bdac7ad650e876041fcf4b47df366238d7f2239a0f471ced3bfd8ad35ff61ee34f889c6142a7e5f4b9fdd9f165a9ef44ba13b,2026-03-17 14:48:06.736254
8071,6973,27,ca270f3f2f682c0699e0dcc5f6083e209df14b937d6ccda0f2bfc065a94884885205b3bc4b480fe36782ecb388db5d7fbbbefcfec07ecbbf5abf62a3e79c93dd,2026-03-17 14:48:17.984409
8072,18177,27,88d51561e18d4b08fafb53b93397c7bbd8c607232b4a73fc51f35e38aae81e99b7718eb26082048d796a81d114e0a3e1f185c98e1efdd6a510568d803380f31f,2026-03-17 14:48:23.055025
8073,19572,27,06583f5f014327287e2014b36a7d12f3a6a8cd804f6cc07db4167e00ae27167206be363a87340cf3f38ac9f3ab4574f0712f6e38cfa5db903b19bcab123a58fc,2026-03-17 14:48:52.42221
8074,16505,27,0b9f202d2877839c59c19c4777744579d79789b21fa4fdc8b160850b3c8b138274d75acb81c98a4d263431a592961925912afe07152c4b72f27cc566971756c7,2026-03-17 14:50:01.201399
8075,27174,27,5adae09fe1e78920f8a21d91888069eb821e0eaa900913f208281f6b8ae28916ae0c16a427d9416018818a1fee4ebcbdb937205fcee82089c2019a3bb56b4329,2026-03-17 14:50:07.715499
8076,10076,27,f8d6caef26b1e4878eb365c4cc608393890da13a22f54c36e764fd6e45cfbed598d43163dfe5399eb90b75c1c24f691315054088318337621bdf6210e30f45e9,2026-03-17 14:50:21.067083
8077,20859,27,b1ab33db72cb648d499b3fd6303b20caaa831af2486bda726c69057b69f1169e61d1792544841e919e6441b9fdbf7ea8812d56a7717e5129c7c058c1c967dcf0,2026-03-17 14:50:23.134558
8078,14320,27,aca2c2ca84a2497f216985f19545111198b855eebe7f3cea80c0499daa2fda5f6f6be4963cd600e182cc2a78bd4c55b2b7a732a01b0059d7d44012e79a5dd70e,2026-03-17 14:50:38.508725
8079,18213,27,dd69203999c0657bef8aa24ee57cc7093012dae6d7f5670fbc1abc9501c3f274e787c56502ed6d85cf3d3b1571757cb2ad31f9e163341b36180716683e29d46d,2026-03-17 14:50:42.946059
8080,2415,27,96650821deb240655c8d89d7d74db4b13f51417a044103a2bad03e72eb93952f6a963d61b1e3dd5799cb599769510b135b092c2274e0d9d1027d396d2299872b,2026-03-17 14:50:53.084953
8081,20500,27,fbe7cd9c7f1b167c76e0cd5090408de6fcaf93adfb4a2216e3c5361e47918a6bd35911f5a01c4aa4b3b590cc747b1642817db86cb36b1b6923c9cb11ba4b2dae,2026-03-17 14:50:59.220155
8082,20579,27,76c2431b1a3c30b248586c038d3f65023c709bd23af04a58ffbf3e03664206688949722080133e3e126216f573531a82aebcf75c12591821f6020e973541dc98,2026-03-17 14:51:03.349029
8083,24027,27,e81c6fd491ddb1f659369f7605c8fd6bf07dab9cf722e88af2fe068434fc762b3698be7ea2a78243ba351b226e752722db261026376244aee256401cc9458c63,2026-03-17 14:51:13.168932
8084,6817,27,064992d466410c9aa179f4f41e7bc65d49225b78f191ca92c00b05cac4c6c8221b820dd6f9cade770348205d9048b7736e2908715daeacf869f8fe5ddacbc0b0,2026-03-17 14:51:13.789288
8085,22300,27,adc3343d48c9d073198b77e614fbbd49812822d6397b107192c34d782d8d81468432ea4133bdd5f9c1069ca4e68d5e5731dd96bf4e9a57bb9816e1b40c504820,2026-03-17 14:51:16.871072
8086,27131,27,99f211014cc29a0d72a17483dc12d6ccf4a12a3f62b26ec9dfec16f0bcd27336aeb109feae962dc6e67890905642a68131160349f8787568b340e4a74d0970a6,2026-03-17 14:51:23.912417
8087,23905,27,6cad88827cb51bce1ebfe3b3a3771e6b4f3601864a0b744d6a0c03f4c8a0961b681fc78032df25bc1822c50fc4f85f7a2398aea25f5788f0f7390e3ee7817ebd,2026-03-17 14:51:26.864926
8088,6683,27,8499d7a7857e6ba454690bdf6d5dc92f3791ad694b676e2c995e1ae034755e8befe6aeca9b56cb5355b5e98bced8dcccab2c67a3589988e9792c40072663ec0a,2026-03-17 14:51:29.511497
8089,2257,27,2ab283fb7583a1e57129801225450dd33fa497edb6df077d2c719b85d87da355cfb77ca1990c1faa6a26543d4b2ad66457758727097b845f6bd21a58e8e19b66,2026-03-17 14:51:35.446371
8090,6578,27,8c9919810f2f57f8572a438e2e6355e6e302c7efae61f15a5c6fa3f7df6b186f6ed595dfa62f612cc50cf268932d27c573a9192106e1bffecd7565b0c26bd868,2026-03-17 14:51:35.58202
8091,23128,27,fccc20953951120f77e8cfa89d6ba7934baf772c4f1fcc0461d91e6173804c34db864c16e64368ab4d34c4144010a4b3ea8401aa136b85d94db532ba30829e56,2026-03-17 14:51:50.331552
8092,14504,27,7514695a1488eb4fdcb1fd6845df52ac32ca1399129908b7ffb012d4e4820acc970588da16f547e1b71245e3b2b70adfd8661f0c1436238c00b39a3446e39dc4,2026-03-17 14:51:55.297051
8093,16041,27,3f204c824d9aa5b11b9b6315bebe9da04a8f0cf94a59802b373248556876b872c3a54ddf1bb3cb748a05716f6ab0f03149944c3ad365506a38a007f87829f258,2026-03-17 14:52:35.538993
8094,21203,27,077d74031e4d275a3794ef98d4e7ebac2fe3078ad8516113a8926d848b4a07086a8e990b36e472a2106b2876088b65b3a8668b0ee425805e04e8a042e91c7d95,2026-03-17 14:52:44.440218
8095,16942,27,eee2df2dd00e3476777198b4104c535f44dec2215fba6a87ea4e8cfc220065407548191a6a1ef3ea22680c28217b627acefa0b1cd04502473fc73b13d06677f4,2026-03-17 14:53:48.383146
8096,20138,27,065da2745d8bd00352ec90a5015e396ea9ff585068b23f37f0e2b86ba28e797e427fb10726e0387791bb6a5cc13cafe4125d7fbf3f4fe66dc994c92dd8b59423,2026-03-17 14:59:04.002173
8097,22248,27,74d96b7a6318d073595fd5b41e71e3f2a68909ec2b3af97a8eacc766cc67d7ea449755c508691453804d1daaf66dfb8ab96c5ce005da503b4f05b56c8d9a41e8,2026-03-17 14:59:09.076073
8098,25720,27,9aaac78dd44976959c3f6f35b8d5c462a2a18f649351cbf0fdb4f8c11d3a405223d81801d645f501ec43fba61255b6378f9c5a428984acec2062c7f4f5961c6c,2026-03-17 14:59:28.780601
8099,24273,27,38fb3da5e213f3f2b38d8b9bb5869b57dfe6a73ce5c53fb16aff04afa0fd75419153d99e5f72adb6f4d71e38d8385563da1d3d44e57e9702c6e286f9cd4884f4,2026-03-17 14:59:29.392626
8100,10482,27,4806c17ab1d480e5b482dfc39bddaabee7a22495c642532df73405019e05debacd8d46eaff8be901ebe70f35269a35a26a1183e7d698937aba7b2547b711a2d8,2026-03-17 14:59:31.973025
8101,2149,27,45a8d6a598485974fa95f43a414c39dff4eeec9ef8d52054013d561427ac2fe8070ff65ff0b8776e3536363f461760f7989c2968b3f21962995c3bd37fba9010,2026-03-17 14:59:32.970416
8102,23695,27,354fe8d52b5b06c438634950fddaf1f5885630334fcda92611dfb44a0ae53c3cb4fd2fe50a7945abec5f2acfe181a901c3c14ea4b2d23aa942867a39c424711e,2026-03-17 14:59:34.595043
8103,14483,27,b4992f518de0c45520c8bbf5ddfab646f3d53378ac065c8df64d50b6bcfec09cd874645e5cb26b8f7f7ef6d63d746c8249e675d33e32e40551556a73f1a8c4a5,2026-03-17 15:03:11.881467
8104,20852,27,58cdc8c58d4c23df72aedc7e543ce505b888e7b7db20df534994d963a8d28d8ca16d369a94951aabc919d24891431d09205cd1e0af1ad65bd2c198a97b74c391,2026-03-17 15:03:38.648427
8105,8699,27,b1a0b2de49d574509fa0cd7a4e2d0b24264a7fa4f5416afa4a0ddef6aba3690ced08cc8d14eaa3b6fdd69f2f86f8d8db969dbea937cb88270380c982a5efb871,2026-03-17 15:03:47.219487
8106,26135,27,fba195a808c60c450c6354bf4c75b41fdd6e7a97fba5832596987a7c91e44b995353a8f46e1b68a9ddad8d7838ce1e34178ba0415169707610abda14944e786d,2026-03-17 15:04:01.998796
8107,25307,27,2f58a17bf656dc0d1a5c5ff0476a7dd83c273f99f1251bbc2f52309d3b02a92c6ea63db1236f4041579888a3c1497ad6e5d882d20e703946e5e5b64916690e98,2026-03-17 15:04:04.037565
8108,19657,27,95f476ffaa898874a3116ff00397eca24a90926cf401a75490847de11f984de7c432284434b18724b6393c175812deb7df1b494f6b8428afc2dc2a4696044484,2026-03-17 15:11:35.477613
8109,26337,27,5628b45e4e040ad2f93d23f3f9e53dcdd81da68e9ec9402ea60510aefb99d635a2aeee71a9ed5f3f07c364becc4d8a3c3b5a85efc50a48f0d703ec773c01ac65,2026-03-17 15:37:44.918417
8110,47285,27,c9dd27a4181631e69922e730c82425e4f66f328d37cf0c22b2ef04a91f5db105fd7267fbd2f473ef0902f4ae3ab59aa9c861a8d084d2bd1a08b23509eb55225e,2026-03-17 17:40:14.803841
8111,19889,27,3a6614a0f13ca6af52494705d0e3a122047d5ecf20be0c7331760b252d57adafb8b398f9b1bdd33682731584f5adb24621c2fc1b7d16ddaab02ef3abccdca739,2026-03-17 17:41:53.655554
8112,20344,27,0dc637af9edce971073369094e84a156967f0f73c940f174d00f603ae95ccd1071cdbaffad19a6a1589cdc3efaa836f99a5589dad78cb0b7dab38fe29c3e1a8d,2026-03-17 17:41:54.450585
8113,28924,27,27fcca595342656e6725ec6c45ded36ae89a22bd5975425c87aa3b682e5f6f0685fca5ecbfb2d5f35e2755b8f873bae507690233f07e4a8e59c11e1ab492ac9a,2026-03-17 17:50:06.96626
8114,15880,27,6d1a7c9a3d3b44ad92462edf82351b3ae49f3e2625d5466e14622d82b365c02a484614cf5d7786b2940ed3fad24620d6145c7a13cecce58d759d2d314a569872,2026-03-17 17:51:18.074231
8115,17196,27,9e647ffe90f7ca5cfc6b357421f32cb098c74ba4705246c069cd2880485d383cc5f2a4209308e3d052ae25898c2d7163cc4454061825c42a5e6b8d0526402a0c,2026-03-17 17:52:50.917227
9066,26194,28,1174c7cf53e46907b22c1e80820e03f3fb3ef9b732470892cdc418c8d7ea5c37bf6747459d4fff9db6a81f5c8232d4d172a239ed0b234b6679a6a3f4f2f6b31d,2026-03-21 14:30:59.979533
9070,18889,28,c5f29f0daf5a844cfd73a5eaf30749224eed2aaf1c8e6fff2e9cd92224401e36db21716491b7053bbcb201783f1b56c5ae9f64e575008cdedbc94b92cda9d15d,2026-03-21 14:31:56.629519
9075,12790,28,055a5853d8030d88e574483197e058248c42f6c2345e1f81df59dd540cabe4f8ff9bf7a7080d5be135ac6ecfdb122a6a976f2ceef3b1e8e62e7f5a0f8aacd3bd,2026-03-21 14:32:22.535206
9077,20245,28,400d536dded6aea1ad3b8db3a7b0e9e5d9e01be7357b593c79f32f995fccaed049d48be3dbcb3decc35685a50c0bbad76ce2c974338c50c075a4f69259d54996,2026-03-21 14:33:14.352313
9132,59703,28,77e3edace29e109ebd833944c9fa829484074c1f046e95d3f2ccc13b58717918fc65da229a87b27309f966585ed82e40fbc5df3f4b42125e092da7d7a92fdc01,2026-03-21 19:49:17.207475
9166,8182,28,f1909f67103ab9bcd6f8e601055eeb31b64391f830596c768e8167b5b319f78f26483b25421f9ff51e026454ce05aab01fa70b481b2b30c2ee4136f4c83acce3,2026-03-22 14:21:40.413468
9172,22278,28,5fc51e54facd6ad605014f07f943114ba6d6b2dcebec7bcf8717b8d83ba965c8fc8c5661636917b75c15337115accd8032dcbfc0dc07618ddd77e23da151c7f1,2026-03-22 14:23:06.919977
9232,28678,28,ad2505e32277071ff5ff5282454f6c5d337c14e51a946ec66d98148c784f68c296d77e7cd879fc526e705aea1a23200222594b5c2237001279f1ad902141b4af,2026-03-22 14:53:21.353801
9280,27170,28,644901e35a5ac8475050e1f80f91fe6e51f80937040745324f05b4d2cd8365a07c9ea2ff40849aba77c39fb3d8e9d34786f292c99c53423a3c8f8c3aa169bc11,2026-03-22 20:49:05.434552
9283,28630,28,fde46c17c98745665d06c6dcfdcb5c73d247a1082518acc72d9a8cdab3201ca9da7e3d282e68ac31a68b8763bd4b5a323a2007850d0fbdbc9a2c3a1bad452be1,2026-03-22 20:49:16.986474
9358,22937,28,3ad018c75dba09fb912e178fbfef3cdc0754bfba7afd41888526f6b92274180da28ba421613126bea2bd31683b16e8d0bbee5bbba942b52d7c5e7df54a725cdd,2026-03-22 21:33:21.163345
9393,36369,28,9a00a20e06190e9f82284fe21d5e2cd4e0025d5630e962da41d7eb50679df26508b79a023b97ba5315ca0875e29773a894dc94f6945c6ac2d4d34a099f7a205a,2026-03-23 04:58:27.93073
9394,59989,28,cc2b39c0500700d2e002be4e008f8a1493d0edba685724fcdc197357b32ad912e0c3a3683531ff02c94453fbd7b994091260c378a8f31fa1e2c943e5295cf360,2026-03-23 22:15:30.419872
9430,59731,28,9a207874c971c9732ce05cd7c6d89e84e53d578be9e35e677529189da3dce90225481cf387613f8f56625b361dddca502e742b9a6532b6f18da63fed27018bce,2026-03-24 03:59:57.977175
9431,60048,28,dfa6cc9c0ca08b358f97f63ef96731fffe264e0cdcbd7ec3685420ed670145ff9c111de6e71cddf3aa7639c5068ca4322a861d7e9f645d8b16479832f2369066,2026-03-24 04:00:28.440811
9475,26993,28,8b85955e34ad3fdb04cd91dc5cdc8572c7732da8b1adc08b42240fb116e89603afbbbfa377b0e00e87f56efe10999d1801ceeed325c0675bea46f41398b7a4fc,2026-03-24 14:11:53.921764
9478,22985,28,4233c75e7a932a6837d8ff88cba66e7ae96ccdd0b75a2a1ec074fe22a5a1663253d76b88a308adc89e81290010e14fc79b94c7d338f252ffcb52e528c3047d9c,2026-03-24 14:12:17.944881
9529,59981,28,743e70ea3ef1553b95b4b9c08ec858444ea06a1331660494ec44ae008276775bf38b3d86c092335165bddbd35c4b2469dd7d88e7e0c7db40bd56bffa5c4c2d21,2026-03-24 19:32:55.468423
9531,60003,28,f8dbbb8ad0fbfd55b6a008160606d017eab885269afb5700f1d10247e605195ecba09580ea64a541f89fe1fb7aacd5800874483253e572bd7f919c47a5ba5e3b,2026-03-24 19:34:12.236285
9532,60000,28,a59ab234493e1ea4c9e936f751cf7b38e650bf9af4e784c65abf01ea8e2fc5061729c204e0f49df391a7ac47a285742445283ed8dc617e1526c164c88caeb2c6,2026-03-24 19:34:41.633498
9655,59876,28,c693fc9606498354a3c9d0c15bf40af74ce62682c6b78cd764c68cb5a10ce7cf3ba320f56e930e5390e49688abb715ae7e6dfd9855365c8d550aaa317f05e109,2026-03-24 22:36:31.370156
9673,14236,28,12373450e381b42658c55d55220cab76f83930b05aa24c2145ec69121831e52be33a10d11f32e1b98d81af72c7c44fa4e8d2d596705ad049a197896d1b10eb83,2026-03-24 22:36:53.30884
9683,23175,28,5354ac8b9e6285d9337e27f8f2a6f4bfcddad5b1e740e105f36fc08c3ec5dc1c05bfb4fd2a07cc23ef80fdd4bf7a53910cc4845e4bdcc2a8994a7887ef84da50,2026-03-24 22:37:03.589731
9684,20849,28,be52f6cf77c3f39f4b667f7856c93caf7ec694f44ab35453699a4832805591810a29a3fdf0d0a28424462b277ad39dc0ad2eeb092ba8bc52f7120bcc5d97970b,2026-03-24 22:37:04.812142
9690,17658,28,f96f9795e3f12d3f09ba68fe2fb97273ff88580577307f3d7f49370428dc8c481d873d9068c7b49c21ef11d481d2e180511c917d9a1b48943a6e2a2f10ee7e2c,2026-03-24 22:37:10.346273
9695,20723,28,ed8aaad392011ce2e52a24c2ffd83e65c8a8651b42e011430da929be947e56e5b163bc29bbe41822bcf16c39d93bfa4ec9452e85f05a5c0838bdfe7d4922881f,2026-03-24 22:37:15.506915
9696,61946,28,66ff356288ad2820cd8ba2387a8ed6b0d78992d49f6a076b170b67af1f05bec056898ece90d09d3878ebeccf337305ac6454c4c963611cdc9962088bece8ea65,2026-03-24 22:37:17.150146
9707,17023,28,b86b7ffd21a1053f9d048e9d35ee78b048845aab691c4662bcdc58f4aaea93a77550f235cfcb53de38c4612c760d232d23527f625218149581efb7ad45f48ac5,2026-03-24 22:37:58.324484
9709,52130,28,812f001f0b59e0ef1e52477814f91364ad7a2bf24cce496d10ac618850646c5012554d70d71a89a5ab900d8b8f11712f23c267279802f6df488e58aebcf17ae7,2026-03-24 22:38:03.377161
9724,7624,28,beca335e95ca0a68f291d5963431ac9f34ec1e94053532a58870562712bb48b6d5a634a535bdf273fe65f6da2ee2d4028a2167820c927f16116241d026ccf9a9,2026-03-24 22:38:14.374303
9731,6405,28,df11105a41a44d06b401b67170777202fe9e60da141febe48997660a5793435069c26ccda997c41e750f6397f52ae678a5741c01dd540184fbd9a418d68cb37e,2026-03-24 22:38:18.144108
9734,14360,28,193172aa0f5bd4730aa6b794dbb36e0472ac725a262daa59068e512c3678d0131c9361a25887d11d285c16487688bcc0b13a0898f7269954a79cc0c5b11bbdec,2026-03-24 22:38:22.962964
9745,15167,28,c9e800f70e413e92b2d0df6f4f7900f0173c2b201992cb34941caa2fc8a4039f9ea5c0fc67f43edb05bc11a35b84cfb7270054ee10d8d8b0ea84ed98bf8bff80,2026-03-24 22:38:34.184974
9754,33122,28,a7d590a9825ec7784aa8c16cea0bf887d96246e1400eb4682b25fc95cfcdec796295b18c8dacdc9bc10c668db4dc94e8fbf08f6340611efbd7b958e157143741,2026-03-24 22:38:42.184125
9760,9142,28,769fd162b3b7eaa3ad9a6553189e82587dc388551f959dfc92262de5168c7ef59ba2bf302c0e232ad858f5106731307fdf552caeec988323f30531fc7f108cab,2026-03-24 22:38:49.765705
9784,60050,28,fc7d1b46e919673e1dd6dac7820f9bede43eaca71ee60553f79651e5781451f5fa7c6fdc9dba1ac972a3e4046455296923bf6f7dab4cb149cf7fab447fd5a543,2026-03-25 09:32:30.038866
9830,19905,28,bdc22d5520dbd36ca694e682e62f3aade052c7668b84776cfbc8dab0d3fd7eeea60b8fed40ec5f18bccc0de49f503e9ff79ce2ecd048a4c97dc444b63b747d0a,2026-03-25 14:42:01.202496
9874,1308,28,33949cdafdb5fb0926a901af48e305efe86bb5fda9eb6434bc232aeed4477c168e5661b408258a9d81f4bc63c0de0341d93078b517c9cc19c0f27f9083fe5f48,2026-03-25 20:45:42.537508
10023,26793,28,3762d4fe35e685c9ffe4aa442ff1ba80311bb5a57b8c703fcdd9ac4786b2eb8e83b3b5481fe24f3b5242d020a8b5f52a6ffa32a313267e61fab0068ec389eea5,2026-03-27 14:43:06.97039
10027,18827,28,180ea3b69af5d7454b30d6f17c40b1bfd9badc9f8ffbbd4a8979682bf347a6314f6c08b2e271e499dd38d2607c842a232927aac8403827666c7e817d9025baf5,2026-03-27 14:46:17.8038
10074,24808,28,509d6a00f0b1b87de69e28126af77c0c4b2b4ba769f044af3058946127889ccd9b6e946fdc3d1fbe5797099f1c30c8ed777d3615179d5093844a61f9a6a53daf,2026-03-28 05:36:49.845729
10110,13342,28,32ea8bdacc813ec21787e413cfa934a8945cf454bba2fa640d0a838062a427a5ef3d0c3c234f4d80aa260090d0799b963e018efe46293b4c8593102a0819f0c3,2026-03-28 14:26:28.048157
10158,10610,28,de689b29123225f4baa60cfd07eee1ecf2242c9c50a3c4e47aea95a2d0b7006114b221bf1b918380275b17b047094d6f3d5d1c39e606cdcd3498d025ebeb710c,2026-03-28 15:38:49.512295
8116,17254,27,cb2afd067d8342fa6d64621ebc2ede3064ad4e475569b1400b7a03fb0d14aff78c1991e2d36b6f9fd53d2bae9456171a4e3b0350fa6f4e9c7fd397ef90b33530,2026-03-17 17:52:51.877527
8117,31307,27,2a43dbd8104949a17171a829f24bece71b27ded8e7cac4921736405b60fbf9726815427f894c5bb50e9af221e0a89022ef3159a43b42a6b01a872d3c06789df0,2026-03-17 18:26:38.667708
8118,30135,27,49d755a66a688c777a4a89daec7f1d7da1a0f3fc4b3952b6ce46023b457016cc94729792fedd66f11f0919300115245dfe56891e3ce9242cc5bbeacf47f8a2c0,2026-03-17 19:38:43.257862
8119,37754,27,6941262248f6862efc98bafe5dc8774ea5768f9c457564a16361d9e4e35f5ce2ddfb7b8983fead155d96c1c0d500168efbd31b861295f699c326e113706e79f6,2026-03-17 19:39:45.48381
8120,41264,27,8b4d10ed9b0179f3bda9d258ebdeb13e70e226b12c9929a8537be26415d9d7cd2a3f064f6b58ed73a2f5ad724355af1aded947609a5753769ba546d731a1890b,2026-03-17 19:52:19.884999
8121,30126,27,0f128c657a1c10c75ceb81d21038ded54178b7d6803663e01458fcaa21b2bcc2462073d1aecbc0874a1381fc4a4a52f73bc85e4489227dcad3bc158d00e7fd63,2026-03-17 21:10:38.215232
8122,15286,27,082a3d7cd0af7fc5e6b22330fefb40f46452449bf1448c0ba0435235b4a7b7afbe07e4e36e95fac0757b95bf60a75105863afe1aae760dc9d02cbb5a57753961,2026-03-17 21:27:30.041151
8123,28305,27,41a2cbac96edd456016bfab6e47677ebc71c8da16c3a299b0e58ef36c2fe8cee279ffa1070df0af9299ca87869e7ede76e87aa3800ba7ef7bcf55a9d5c866401,2026-03-17 21:47:37.364421
8124,1976,27,c5dfb3c2bb421c33b822272362643c704a912ec74cbc57b9fcdba0d648fffe032c834b1270939a835c55b6ed0874548e0979ca382d2a59c2ecefe60bbd78988d,2026-03-17 21:54:44.916323
8125,1704,27,ad40ff793065bc1b5013b5d10346a1ea2d4c3274c6fd58fb27154a299e74a759c0cd16c27810b138af38c47117c848f2254589ab7849e2a5eb715a90b8477f21,2026-03-17 22:55:20.082453
8126,28794,27,104a11e5c71d506b92f2cb49f0a450231e95f9e04d82eae94ffe730e2b44b2367f8c013a8b8acf1e55eec11952f4fc4f8e77826faf20dcfd855f007fccc9a61e,2026-03-18 00:10:36.725378
8127,60038,27,87f767a0592eeb4236f39e1f6358ca1e09cac48fd10a73d83193013b9d34788d8d7cb178c6b495dda0901be2cf9a0ef47d2d2a3187ee54c7a78dc7c9ecda2fef,2026-03-18 01:07:14.694836
8128,34195,27,c26faff844fb66740bbdb615207ecc1034dfcc4f27d33acc88b2b0dbbd00c6da64d434cd988d4915dce4953a1078397238a49779e5ce17b6f7162489e1fd8f71,2026-03-18 01:35:54.937962
8129,39076,27,7f616f6439d472d75d7c73fb21f748b0f482e642c5846c21274df1f4c3b3aeeae197d15d4696a4cee5535fd839ed445f379bc97281106b715543695b9ab3e159,2026-03-18 01:46:27.542803
8130,40015,27,a1e8dc859252659462f8d906167ce73e52136089b7e86530336edb970c701b35979c1822fd4a6fd589eca11af9a5cd527768db7dd76e2b6a94e58468c976baca,2026-03-18 01:47:11.068893
8131,28400,27,605838b7f544fcb08d88ad45685c64ee82b190219277fc395aee01d4926a8473c2629048c7db481873720ed541cf7b60045e9b7043982b44a077393302c9ab3d,2026-03-18 01:47:42.339138
8132,17011,27,c59992033831abc2b0b790b784ec0078eee7a6a1f57f54e75951d001ec817161b1fb90dec59aa4e6b28b4042b576adbb7c63cdce3b6f51619cec7c4317d4d403,2026-03-18 01:48:06.328934
8133,26646,27,00f53bf53936f463f4554488a22cc81931879c2aa3eb557e5f94d95378a49ec4981bcf15ed77cb2f5ade1674630a20fe76d541d8d46ea989b0662f7d189387d4,2026-03-18 01:48:40.238932
8134,35391,27,e310fab99eafbac93879e305f7b323b227bc73d193f043b7aee0935afaa0f21a6fedb635814a97cfdba83fbb02228b2a3b7740853436ebc49b64af17680f4a7e,2026-03-18 01:49:24.675986
8135,35602,27,b514ff8a28e20c6c7b7a2f41c498339467ebef632a2ba7b784bd41ca0a51efd3adff10b9e8e6ba932042b9a065fe39ca4628b7478410670da1d70051990c23a0,2026-03-18 01:50:06.118422
8136,35687,27,6feef4c5dbc52a0c346176af800b818a7e0c0561ec955f9e0ffe1ef9ca7413243f52cec4c8a9b20f2849396352da5e88b6f2a3c3569686574967278ab8c81c50,2026-03-18 01:50:48.876413
8137,45929,27,26d250eb213db88985f1a129047e0b4f13ba1f1bff949f556353ad6e293d33ce90f6c1ad2fae03c392311dd0bff1322d72f62797694e109a00a3d9e52fe0708c,2026-03-18 01:51:41.845525
8138,35963,27,8ac97fe533aef299080367114b533c8ad36a0f2a9197b4d43055b38a2181e173c82969b7839ca387a5c32418352e345ffea60d517e626a1c33d2a34fa2e90e53,2026-03-18 02:10:11.904634
8139,36054,27,d51b397e4573c26743b695eccc364682fcbf73887a93e3e325b3ce87d855afad43bc1ab7c33b5e918d8d0c254eb51fc2a3c3be75114be05efbcaae1dc6bb0162,2026-03-18 02:42:41.857697
8140,20867,27,2cf2c3ea82a9e04a374ae2393e9b93466bcc65064550889805af4720c34c4cebaa81b6e67861e0fc45564c6ce45379ff0de7e88d57c0ce368e7289ec06e55484,2026-03-18 02:50:44.090169
8141,41189,27,ae3c21f1b4649997b1db3ec5496ef37c51676b6b176cdb4207f2a395fc17c560df0a2b05c9640a506230d96d4ac046dc5a6a82ad3880b75b4a69af461c3d5506,2026-03-18 03:04:01.19067
8142,43599,27,53afaf60113b0e30a9bf7df262ef961fc10d3f2ae6704fd62f21faf7b1234d38f95e6534e3d6dd1bb4d68d737a3e7601955c5a01f019e77f8e4647ee5a3590dc,2026-03-18 03:04:21.957947
8143,19809,27,de9a58fe6543b45af059314d35afae7a2cd9c6f2479f03c5af536638f51b68dc6cdbb04b5a0d97a57ae58c0b115cf20f6fa67f3781a468785fc927a5c6bef0b8,2026-03-18 03:04:51.315299
8144,32517,27,e7d04a40b2bb4c5a3f9f6be2810c32b50504fab39ab70a5836e2214f8b4dc56b658f46d9b2cb71e6ca2959676e7a891349c0deea18f153c0451d14337a07934e,2026-03-18 03:06:06.907614
8145,35929,27,ba3bf6ea1534b84b55fa793c98aeba7d91c18f13edc0fed54530930ff772ac18f7d1ca0d959732275f482a74557c6a2c1ae2a285823f6c77af4350e4603c864b,2026-03-18 03:06:18.404354
8146,7630,27,fb1d54848c998d0a0efd44a427a42db343f4af111a88c3e21372ef2c3073007f40705b41be56504b694584270fe4823a0c400e7153a9d3da9216f06a40dd8246,2026-03-18 03:09:53.41936
8147,7896,27,b8dc3a53b966666b017739211a72d53fe1b52ab7b40f824d5132fc97a1994324ad889058c20d0f6d7dfd9fbd6df85d79f3b961b3bd3bb9202f23bcbdd933d07d,2026-03-18 03:10:04.587426
8148,19031,27,1529ded46fb9340b81b715ad30fdc11963a06a4ba650a0e440b28f646f60abc32b6f5cb09a810a61cce2f3825e5e354ae7eb023eb849086cb9558477ff05cba6,2026-03-18 03:10:06.572809
8149,19160,27,7d3e8832cd309056d842c2d13febb24e47f14a38e2b82f8f35f5e433a6ffbdcf9f9a1e6e6c9dbbd979d16aa0d488a626daedce438ad04f1a39ae4f863388f293,2026-03-18 03:10:07.21559
8150,23761,27,e4599844b84c08a75199beb012c641e766fa507a04a0278363f89c9a3a0154cafcc74670511690e01cce87656e5a14b129143058b47a563f979f919290108f16,2026-03-18 03:10:34.318989
8151,24742,27,c3693680c5f6db094bffaa7a604448392252e23c935718a70d9aea4a66ea4a473dcb509e4864143d94e6faeb4501b20ca2db223fd63936e08f967cb971879f2f,2026-03-18 03:10:35.078593
8152,18336,27,683696a62bc444a43d4c8d1bb948f40da60594c4972a21e70e42dac09222a818793fb5e5bdab2649f57d0abbc6c833de134b9decea5bdd793df687c34a95709a,2026-03-18 03:17:26.127499
8153,23708,27,8e276ab3587a1965aa7035b8b762fcfb1266914d6d4a0d1476ab8f36af16f3e8a23033f552fab9ca3fa73953cf698e93d1ca1c04712f51e07b610240871c7bd7,2026-03-18 03:17:53.619145
8154,23508,27,6f24ff62e36a9c78ade9a499699bb744dfe72d1512b0d10a8c8dd2365254dffc474336bb75eaec23cc06224eb0ebbae3588fd49116a32d447b280b8a0b737f0b,2026-03-18 03:17:53.982817
8155,19864,27,7d34c8641a93acf02c72918f6da9124b2c3fc5d40bc02f5375a11dc02932e4c423eed88da4132d12989a9fbf96909af6bf8222d952991c59367ea8b35423360b,2026-03-18 03:18:17.181615
8156,18353,27,7a73276d928aeac86b2aaea2b12f41dd71dc64985de5e4499c67d7c2a5ce30ac5750848f223ab238f01220eb83a29ad7fa358eecbbf4961f4ac3490f753af65f,2026-03-18 03:18:38.291401
8157,19974,27,93efd5342655bbfb96ce4b793478136656dd97baad972cbbf5b35757fa9e922a388815dae3c94136962ab836bb05857fbf0b2b593ab80b6673fb4906e49f4a2e,2026-03-18 03:18:49.11798
8158,17751,27,ec2df3e113b62c5b075e360c29028abf1f7adc9cf4f252ee0c2c865c726f87c70fe5776c6f200472037edff653a2393b8533943f39c3a087644663564286acfd,2026-03-18 03:18:59.677705
8159,17788,27,9ab8f595e81c59a94e2fa3e05be9380a3113941150e0d97c1a1313479a4819992ff29d53a12e95c65dc71495fb22d707197294edda61f03f74b61321728d3742,2026-03-18 03:19:20.673254
8160,17943,27,f91eef2523b31d7e3636c06e2d158d9be1f3bd35b648cf8d662293e209de2e12e0590c2bd5566eb4f8272ccaf43d7a1d45aaaf29d6def10e720ccb5db6acce17,2026-03-18 03:19:40.036046
8161,17847,27,7226faf629f552c201d3e355c86e95f1344565b4c1f9d714f36a7a0eb9c12f76578174c1fd815166a830011407ffd2a4abe72ac01e711c4895d2218e96d31dd0,2026-03-18 03:19:41.463045
9067,17074,28,c86ac318c9ab1334530a81e3d0bb13e41621c851e46fd49f77d86c6b1ece344f6e5dfd71f09ad14352c9c71e6bc0c065f66038f32ebe41cfa6981643a8a64b92,2026-03-21 14:31:08.467864
9069,24517,28,bc20ebef0d06a916bbc383aa351a7e2b417aabdbbe5f4d5cba1f8823fb76fe089f738cfdce2abb648c2786b46df0e9fc89f6bacfe926bb5727331ff0c831ef5e,2026-03-21 14:31:31.845389
9133,38139,28,1cfff9591bb98cd6c22807e24c4640493d4f6b524faad535931e570f08cfb525dd2474e52554fe65e0bd03b031b7e37936ce6dc3a8e8f9067b37a3cbf8529610,2026-03-21 22:03:51.471959
9167,10749,28,488054500d711e96e3f791a8f88168d65ff01ce17212eafcef7eddc05f93db91f553b4e821b8631aec34784af7c8c243562f1e64575b92408adb59eec1b9542a,2026-03-22 14:21:43.675754
9177,12048,28,a093fb83256f3afc3e2a970973a958cf87e8988c5f6add750443bb281520eb6edd702210c8f35e91d6278a34990d7850a902be4a7c086154d0118a67451d6d00,2026-03-22 14:23:39.306167
9233,21760,28,e23968f5dcf523970ef2c81bbaee26a1ad4d3a04b93e0af443c03f6533d85a8a359d0c2e7f6260fb39db3608c717ae0ce5f59cce28f88e4ce52f4128a157a6b8,2026-03-22 14:53:21.850332
9234,16250,28,5b1ec14238c3bcf2bb75109c1d5c072bb5d57e7d21fec8ca50a6e19db8dcb4b99cd44b721c8ce70fd45642e461302dd1814bd827da3f36071f2fc001c5f74154,2026-03-22 14:53:31.240802
9236,28189,28,2dafea2f8e3c5dfa26bfa0950c44257dd2a4e82dff39dd4c32fac5d71500ef9a3cd1847e542b4bd1326c3070f14dab03255e2ab1382cdaac0464335edc8a7561,2026-03-22 14:53:54.530743
9290,28410,28,976d8fb2ae402c697f60650c0ea71380aee6ae41cb2469f0bb716170fa6dcc7d42f94e5d68484e0c65c309b259b9d1ad4d81fd3e08fe19b0b3646f1a7c59f0f6,2026-03-22 20:52:33.305337
9294,1828,28,405f4d1f3d1d7a49a6a161fb545d8d352f8ed1bec6b15febf02307954dde050ba36f8bc76a8b0dff3c6711cca18ea88949344e4826be9391c582b7041ccc13e2,2026-03-22 20:52:55.764159
9295,11415,28,5e4f53626000891d55b673bbd2862874ec3499f309460b07a54465fb8e410ce1586975b005c4d246cfb22f1a99ef83792d8a92bec3030cca2ec847ee93f8413e,2026-03-22 20:53:08.932477
9359,2050,28,aef3805ddb1c397a95e70fd7f064b25d6a5d0a211852984a66aa153c6174a157b5736b2acfe1b0db4a19b06ed2b8e67a2957738782b6f2a3eb75cc60906089a4,2026-03-22 21:38:43.710033
9395,59975,28,2c535dd2091a4d97e4dbcf8a4b02167608bc98090133aaae6b02e82906a2f6798a47003eb4871bab96a11b5849ace2816800e0e32ab14e0cf060c115e8a5bb81,2026-03-23 22:16:10.049372
9432,59587,28,2621afb714bf1e995473d27ee4a242c3e91ab1db02fc9c3ae626140bb4cc496845341be2ff38c91a80c6a1a224c49d1958c552ada4c644b1ac2e3c93a48ae3d5,2026-03-24 04:36:23.027792
9480,14373,28,6b887d194c0894ae95aa2929b302cf2aa97e6cc354876bb7698c827543de4b06f1a4bd500e85a84aaa546ee5511f93811a41c47558e1f263081c77dfaa6bdc08,2026-03-24 14:12:32.848551
9487,14758,28,2ed9d1f67f5c24c77ae0da905dd21d3dec172901d7924776dd9708ec5efdd10eb5ea69f1488a9de6d67772b6ea3886e412026e6e42e029ae8f22095d38f20065,2026-03-24 14:13:13.071439
9488,26373,28,9a68f6b87c95053dd012de173d7ce19940fa0a8a42da7727c3248da6fa0cf53131af94843902f1ac3b1cf09925683e912d534465ad561a2321663d9bf131c60c,2026-03-24 14:13:38.636464
9489,25864,28,fc850dbbfce2ca7df0c490dda5092445ecb4fe9675dc1e49949083007bd2d27f5f8cc3ec0471a68d722b7a4298797111da2fa523fef901e424608d448914192f,2026-03-24 14:13:40.699646
9493,27770,28,ff51071171ccbf7b14497dee322477253cce5edfe0ddee0966f53131f298bb4340a69f0486ff153e73e65456a1f59a9c684deb8573d11aee6a735c984c846cd0,2026-03-24 14:14:37.089097
9530,60002,28,f2b34877d819d18139781bb00e795976fd90fd214a75064101979f95f7da8a8862a66c2865ddeb818ddcd235fd35b6e3943fbc1856c26743a0c383c1cb1007f6,2026-03-24 19:33:11.739856
9657,22799,28,663b6fc2a783d55d5cd9d33bb7adc6c7d612c8cb3fea217527cd1f729b51be1d95306b50b1b9d52ef77d136dd698a33ef27c8f186745213ad7b869d2c0348a95,2026-03-24 22:36:35.931888
9658,32674,28,7cebde97ff9bcd0438fa3cfbae5f9513b2986e5abb41ae7e11527074588293afc3297fefa7ba85e3bb97e3c958c4ed69f48fa1c7bf4995a7b4f64654b47556b3,2026-03-24 22:36:36.048992
9668,19130,28,55fb6d9ed39b7a7b006e1717442eb78f9eac7d93a35bec0ab2ecec986785cb0fed615af95f9a0d97e2171167f1e119954a6778147a04991560139435c83c9b77,2026-03-24 22:36:51.202071
9669,60002,28,4a261b32f59f4ad50c22002d6af69ed573ffc37085cd504303adb7a3b02d80d4bdee8fb4a37061c5114617ab5f1581b0a560836fcea48138f813c0a398be6542,2026-03-24 22:36:51.555435
9686,22694,28,f3f7e1c0127a9dc61fe569612d2783ca37d0f8280c0948e33b412a44a61abada317e161eb6761bd50936aa0f0c1585304ab74fcb4d4b575448878f97b6553851,2026-03-24 22:37:09.104984
9693,22870,28,c727ff3ce5a3a855a1fc62719d710359d2de67f2086b59995bc4ed481503e0a28169fd68ba2085877dcf50f1abcd522892f1862d82a6af69a35872f0a7c29554,2026-03-24 22:37:15.26824
9713,59997,28,0e68549f3486e96378813e46bc3392dbfc542ede15ca8e6ce206a9235a295a40d692b11c48a285c42fce813af0f038c10074da1beb831a80636e3680fc85a409,2026-03-24 22:38:04.881979
9728,12840,28,42ac00e72d01580456566e12e13ed0c50a259cffc926609cb50344bf824f209ede8075c5e11e9b3d0f1a84b72425b2a2c426860b419cc623287478e421f37f3d,2026-03-24 22:38:15.13713
9730,5911,28,c53f306ecc1643ccc6af4c5405278288fc48dabfd96ff394107483223ddc0dd797e0fa30432a2ca0dab067e14afbd23ec9bfb55ec57d5769894c825fde5ef8d0,2026-03-24 22:38:17.447609
9785,60000,28,522a7afea188bc90e934f490e74d8d337e4e73e6a7ec941608a55a9f9037a5adac6f39920025d48392e6e3fd78edf45ce5cae97521b9171e501d2325629be1c8,2026-03-25 09:32:30.876135
9831,18102,28,8de428c7e079d2c715baa3ac97c730462a100f79a2382e543736e113ee5f8b7aa2b5ef5aa5aa8f63209f4800c7c0791ffc511b7e703caa3dad1c48066884b130,2026-03-25 14:42:02.731115
9875,20686,28,b2b4203d9c0b65f64193d6caa20c040595fdfc9db47107753db819324565c899509ce5d9c7812ac7d1db5ccc88bec8a960561d00986d525126b0361aa8f7943d,2026-03-25 20:57:45.318966
10024,15930,28,2c0fcdd8fec4f62d3308d56b4514f347eef9abe9adc85625c4c97c26402a23e86fb0160dd7bf6440b370ff3f1e437c1c0ebb51c8dd1479b3a013837294fd8c7b,2026-03-27 14:43:18.733715
10075,59906,28,0d11591a30920bdfb0a19c46597c4d9a3ec6e06076d4cb5decc34604fd355bef98071446e8ecebd8158784c5640b9adc979fb2b411a15fd0f696c9fd9680a040,2026-03-28 05:43:35.763382
10112,18457,28,5af44c28e48c7272a0e2d398cf3e1c558f7e9f69d45da14b76b8ff7b02ea808ac87356438721486ccccc4d39f3529477ebf8c8ae3498e41ca25607c389a71bb4,2026-03-28 14:32:53.241492
10113,17735,28,138f8d2de62731b7f2a1c14040ed385e11ba6cae21dd28d049d6422f7cc674c71c529506b318dc573b0df771ba2ea0983116ac9ac8d9101048ba0920361ca9db,2026-03-28 14:33:03.213519
10116,24527,28,9416964c462e2f66668b1b0a9823bac96592a2efa9bb198bdcb29ea201901671093e40ce0b9b74d42b21195110f696635df5427e626c34462a27d2326f0e2b90,2026-03-28 14:33:48.654273
10159,60000,28,bb40681e524577f60590c9b68c9550437c3e59ea392f53f13619e0e8ad309d15882913a9f6b470a90077a2782a0e4e96df163c550e8ef0cd15617b1e9b3fbda3,2026-03-28 20:43:36.603922
10193,18503,28,1596752b74cb97143cfbf9f452c9d19ebf9eec81e5788ffdd2615117f8e06d857b868575f55a5b8cff4a7c527f759a72078e1b1f49d84093671771c2a923c436,2026-03-29 14:39:36.587046
10205,16529,28,ec66a3a45651d9fab58c46677f054b33ceef8a68749f226c9824556d40196fea624e468294d6c4831bc1dc9d9986faab08028b4d7383ea0c744b78e4758a9d55,2026-03-29 14:40:39.178585
10208,16533,28,ffc7ca337da63305b85e5530655547f3918889e7400676600a07b3745cd34907398a5a9a0d2c4edfba139377ffb6b78a6b58d4a640607be4a02f24d19c58a1bc,2026-03-29 14:41:31.513219
10213,22540,28,d11c67970c135aaabba56681a7b9089132c2ff716aa269771b484d2e4b372f6623c801bc8591773132a4c7f01d90b859196f53277e97980ca8ba7f93e4e559e3,2026-03-29 14:41:49.78139
10229,19262,28,75d853607a15c910af06a2e9f97491c5e224182cd93bd039647b6c6f2b92a259abc635d2a68a11eb72d662263693a8ca7ea25be55f8cb7a8e10fb405b65756bc,2026-03-29 15:01:30.418062
10250,59972,28,bcaffe19fe0812aebd7207e7012ae141d55f1e7bd5b7519ce74f8886599d3ed4e09261a865e833a5d7a6276cad73dc0a42ab3a426b7ec7466b16dc562520caac,2026-03-29 15:46:34.309132
8162,17754,27,93928eff66862be7f71e6bf3f94141c92ed9cb9ddb6158986fe70dd155c4c743cf3f2f4e1babb837a8d25f539e5529497b1ead79213dcaaeb5e804e42a5fc185,2026-03-18 03:20:03.449396
8165,17705,27,fed71f4b654f460adebb041fa44dacb37e221dfa2a7236d0b1338c95a789b98435229ffdadb65208329e511a8eea35ecb21fbd75cbe430113bf008e6565a4ee3,2026-03-18 03:20:45.262679
9068,18857,28,bdaebb5566d10cc6c41ecc2eccff9bd5c1c152a86b764cef6fe51d9b2537fc84b42e75a96a7e9b83109e915068349cc31701290dcff760a4692c26e934c4c852,2026-03-21 14:31:22.671351
9071,18833,28,4ffb551c5c14eb7d8e492e8de300272b4a87b73cde0d8d60a8ce38469b1a009c4ed7bf11764937fd7ef2e5854d43d941d33b564ee0e6235d3e9d6f3141e0c33a,2026-03-21 14:32:02.355267
9072,25314,28,32f7e0823529e4b4678525bd3781c81ac348aa5b7cd60bd8fdd27416486c736b1006ed0cd75a9a2490c01274fcd19876209876b9b9294e81ec054547f2c2573f,2026-03-21 14:32:05.093431
9074,15977,28,a52892f61006f3e0cf55e028ef0d20a74105ebe0a99d7bcd46fb75141fc668081faa44a6add07396b367cdc61815ae985e85b91c321ea881bbefbf556e521aa4,2026-03-21 14:32:13.380705
9078,23746,28,e70187c3cb3a4d19039847d47e5b9cfa52490e37a7b1f04c58265c79c167b26163ffc2c9a0125465bd053e67a9d48d4121b7801024c7215d280757a6ca96de51,2026-03-21 14:33:15.458249
9079,2485,28,ea1b5e773f37791356906c4f3af4f91610991fb66a0e0458be9018be5e6f583a49b95bb225d26f81bf32c4ef79812e1b039a7424cb107c8eb32c00416c0fe10e,2026-03-21 14:34:15.596775
9134,32906,28,c3bac8488a1927be2dc035c2ba25f08a825358f6cbc05bc3e883ae680c5a85c1a132975c1070ed6759d034c11feeb2157fdd580b0e94d8e7f31846552bfbeb52,2026-03-21 23:06:52.48656
9135,49334,28,abfd077d9f18d82d327709db3ab545dde9b21dc432064251899dd6158080d0aea907abbfaa404bb6ae58979eb14acf03fe955537fe9a6de3342aeec3bc02c912,2026-03-21 23:07:04.840601
9169,2288,28,c84b84732417b9be0c9f2048cb4680510cd0683ba634f299664956d8ed628b80d489ced29b18ca7ec320a542779e0d6e0e8a900b5a2c63cde960277d7dc7c19a,2026-03-22 14:22:42.790139
9176,22722,28,609c729637b5901daf2a66ef7484c64bc73d0c3cfe72bce494555cb6ddee976b3f21531b642b71b4fb11676ba808d1eead634d557392bae945b794ae2e66ad94,2026-03-22 14:23:39.214879
9179,7379,28,2f99556b0e0bee7323413946d5418dbc0b339bdf9cb1e64e511f033128032ffb80dfec35eae9d63fff2b7d165c8ea7a4530d9b339da2f6aa82ad3129ad30d122,2026-03-22 14:23:41.690469
9241,20275,28,0d672d77d031896bab9eff3f895c69ced3210ead33ef6c91a92bba8503a88b0a3a463b1bc3f09e8cc595c9c4ea21aa37c4d3c1a67aa8615081da07a32d8432d3,2026-03-22 15:00:36.344308
9291,16767,28,6929476f0188339a17f3bf6e3495494b3588233fbc9f7d4d53019000f630bb9f12dbcb7c4e28900ab8d280938dfebfc94476b73a9b11b0ba087c729f2376c5ba,2026-03-22 20:52:40.670172
9292,7448,28,0d4da7743e2fc88f5703de8241cae494e7d6475a13fe87ca6074d4fce59b1d95160295e8d76f4414c6c179c748f292c605af8ace11aa16ffd0778be13b523228,2026-03-22 20:52:42.911148
9293,13520,28,e0df8b58c5a7a0a04fc649919b79e5e7087728bc9b95aa7908e3afb29bbf6eaf0111ff8c61b9521967c8337a48e2f4d4ecc8a70708382a27ed0cc28ee17c984f,2026-03-22 20:52:48.802497
9301,17849,28,26457ae0047ddd7b90ae0e9d172cf432f1b3f8c384aef8d63fddcb0fda6047049a441b04041e4f83b4d7318fa4a0023970219125a305c81c8c7dbb5fb5ff8257,2026-03-22 20:54:13.35565
9360,18270,28,d5d94b8187a2796f337b9fd6d1ec8734d121e2868c79e4498499cc91b11231ae458a551878450afcabb6e1a1707a2e6f21480ec49846143a6613405808cc4979,2026-03-22 22:01:01.713041
9361,28762,28,13e86537a91bfb627c7cadd23ec1e1f90caef14e304e9227815a16dfc3942cf62bcdf352e31ce88e25cda32e36bf33efc06b14cb6d878019a7a0b02543641bc9,2026-03-22 22:01:04.912622
9396,60084,28,d6b75fd620f3e14e4def562dbac4f247c322642134514824cf18326915190c122e9fca075b592b611272a6a55ddde6799fbf8e01457d44ab4cfc967a1e52a019,2026-03-23 22:27:49.307305
9433,59996,28,edd453e14f9a42ce0fd3c210e227d13acd21236d236f09672a5affd65c7f228280df829a38b2c81eddbe55a0d2e1ea6b889ab5c4c94b882d45334ad8d8f991af,2026-03-24 04:42:50.82313
9479,16020,28,bec5c577ef1b20531ae97c0742811288313dd358ccd55f4523c3f5e242b05426ba21ed202a6a68ace88b9e042207dd322335fb94a2aa35166e86824a039c3f0b,2026-03-24 14:12:33.105637
9497,18977,28,3d5669d0684a04cacc193e4ada4246bf9ebd4ef63becab91902a6ab09958a59ba9c39aa293a1fe7df995f8595db697f533de80b16908199fcd9a157c3d5d0332,2026-03-24 14:15:32.197983
9533,60020,28,44caee462cebc30244e0dd3de7c0667973392395f594322845ebbe236003b37e5977d61102accebe98c25f25dbf4ef6b4c6f8bf4f5004422064b13866e2178a9,2026-03-24 19:35:13.681477
9534,25250,28,a9f1d451d1854a64e5971cde5813d7d1e9754637832566e51c1115232055a39315dafa26015eea5049ac74835fccc9153e5970098a190f5500d3147c2545779f,2026-03-24 19:36:17.43403
9536,27794,28,9dfb147d335ecb656cadcbebdb881ebae8bdbfb771cd28b1ad3703a3a0e3a9adc2cbdc6cba41721ebc88678b2fd5a61f2bf80fe34a802a58a6330d637072da81,2026-03-24 19:36:45.362497
9703,25344,28,f0ab0996d9bbe5420d5bd04d0875815fe697b2640ba60c7579ac1130a30b2dd606a304cb797ecfde482ddad18f408c9ac412e2a38649fb7ebbce5be46635160a,2026-03-24 22:37:37.770326
9725,8143,28,3e2af29938a47c41de888883f6e189f971619354815fcbcf31442ae4980ade151b4f55e7e7d9561fa09e8f3234d2db0f74998439394bad2f580bdc9b88489f24,2026-03-24 22:38:14.435861
9733,11438,28,2a3b3a5ea752a0405ca8a4e3278904ebe98d795851a22693e8b593797e534a75b7e5446ed4e6852b1671279166d89aaadc73063590a36e9b882d0836f6050afb,2026-03-24 22:38:18.690563
9742,59999,28,c1fd4698b8bf5ee2606d6cb9e851ea6b1b3c97322adceca5002fa15f01f40414b3184542ba11d97b56cb7a31516fa41a73f8a1f123b78353ad2be9a82c9ba45c,2026-03-24 22:38:32.479356
9749,53532,28,11733f3af00cc75f1f7bd7afaa9058ff093b911877f6f195e99bc9288ed36f6c3dba544c0c49eb596f34230cf40b091336a7cc74a6b98ac28c3e02d8b7f22f15,2026-03-24 22:38:38.960924
9757,31856,28,852d783ecbd1bbcc6b4f9548dd0ba73524c1a45bd12084ef5302cdba2abfd9d51c8678ffbef15b192a952955ff036fbd3e893b3aee459f33aa9282834ef99a71,2026-03-24 22:38:46.529146
9758,36052,28,d3f4f60d5f0f8a662d6c2e76b025113fd376134c02b0af7e559e120736a873bbd54712c6e1a8f32405d7f138275f1d348506cba853b793c2e1c6f94657caf1fb,2026-03-24 22:38:47.922033
9786,34973,28,30e16d70fc45fe3d58db248ac81c07b14b3ef04167afeebec9242cd061c453f3de9c157865aa9722c1a248d805f8e46c2407d40a61a298e7b31abefed9d98af2,2026-03-25 10:22:43.835191
9834,21362,28,7d47e3050837ded9e8db827e265ab35388bfcb71b957d2ae814082dd3012bd305727e607cbd2ec7ab69d2fd0240d4861d65fb9674a2542025e012e0ffedb18f2,2026-03-25 14:42:32.672161
9876,56100,28,d6c800f058b8960ceafb42b2b39234f51745979652549ac9a786614f32d96d32dbaa5d5c4d00a09bc64cbc3f568e890da9ec69f110262382a844536f8c7d768f,2026-03-25 21:19:38.329993
10026,2967,28,f85044e02560915ac707bb0967b3365e29f5344ee2d2b12c288bea9913bc52e729e0c9ab1b0731a77f0e63f6b527fff44d974b952e062cb57deb6978d6fd0307,2026-03-27 14:46:08.023243
10031,59975,28,40321910bea31a1d3cdc1dbd2915e0ab87807041b3de8a0564d23c2bef45e2e9bcf219bb1d82c3578ee01822d46117b8e69b20336114bd991bd8b56795be7107,2026-03-27 16:55:27.17493
10033,59815,28,fd1cf8398fcd7a321127d26c1dbaa7cea35cbe12bcd2aed5fc26062e4a4ca9624b5d09b71f029c51e369d23a499cd162fe0a693e0251a1049b9d582665f94850,2026-03-27 19:53:08.572065
10076,26571,28,cf424481d403056163934ba60bb79a178f4ed58e2aa6f79cc3f8ec353db6f58e8c05c6538ff9da3c7ab1dc19e2deed048e596a76573de1f83fe0c35462ec9b64,2026-03-28 06:24:24.850845
10114,19869,28,4c4030ecc370ca7f12a63bf2d4514fdfd08309fd68d5855c5a3ab3cb02fb5cccaddf7038dfc7cc350b2d8673bc6e5c13cb74996ebc488d77f5628f2d4d72d00c,2026-03-28 14:33:35.49728
10117,14367,28,a1903b7cdf87ac45e7237be5cf4372f52e22b92a5fb0033940fa4859ebdef5122906ead0555132fdbdf83b734603df026f4d41dfa542730cd4fa3fee3ed86528,2026-03-28 14:33:50.203757
10160,13684,28,10361df707483d440da6ba152d820320eab90af4a6b8a8565836c84804e08cdd5847f5231842f300fa4c1e83a67f28ff92b26c64acbcab27fdeecf5d9b3553f9,2026-03-28 21:09:56.242479
10194,26301,28,b88d38d19fef41557b0004028061df5cb15e1f36834759e09397494d266a2c83d576ded5b142dd4ad4ac4f0c31f591ce784d3bcc6e4d5e34640b8d173b6f7a88,2026-03-29 14:39:50.850597
8163,17824,27,846d91f437cee0907a8ff85ebd1d6e5a6c15f7ae176e8ce28872a92c5631a191d37185e4e1a8e22eacb493d11f3ca2b34a119a264b9095a4540df50504ada0fc,2026-03-18 03:20:23.844383
8164,17863,27,8579ba5e7696320490769ad6469b5819b84a68baaa12c1f463f4800577f53af3f7350072664cd0144a8ac91c5f4662d7f36a41cfc51f6eb1f4ea17a96f7d577a,2026-03-18 03:20:33.429417
8171,17926,27,e7226cb6392069faf8d546c649cb8ca8709961ec97ced909eac3a5fbc4502690bd597d4ebfe7326a39854a5fb747ee5b7d60c9631b76a39be8cf85d540a40981,2026-03-18 03:22:19.130404
8176,17698,27,4d174188563e29242066db3c020de1e4ca3f826dfb8174849c885c88390e4116dd8172e0bcd3140a6b58970f8b79e3b85a6c746567bb27c3cb8cb3fe024cd145,2026-03-18 03:23:39.473525
9073,21523,28,41decfe4b0fe78fadb32a20a4fee95c45a11f569062f213e380bcc3f74ade5100c2a99dc0b720516df9cbd504247b7c16765a36a6f315ef1103a01eb7570bbf6,2026-03-21 14:32:12.997012
9136,53316,28,615f6f93b1622dd4bd1a7dae2d7353d4e53b894cc959ecc3484e1d73bc93fac91978729dd7fc22f3409c724f83de7656ebd57352c6cea4c05662fa54c9889fab,2026-03-21 23:07:21.692546
9170,24276,28,9578b0078858c2e020fe66bcb7a404d90b3a674a202cb46070e0bfd71740c6a13d7a5e3e15c9a0760f54c2f83107eb1d5f32c3c8a1151ea851cd7c4748b8da09,2026-03-22 14:22:47.370833
9181,6860,28,2aaa545ce2c07663bf365e0482a564ba699234cb1ad17e782e45d9afd1a1cf5a2bfcc78fda6225334602b5cdcb74e9a8a4b90a110086181b1f110fba83ae2b2f,2026-03-22 14:24:02.746797
9242,10174,28,9cbaa5dc53c46128f1488f875d45f7144ca5c8fbc201c87e8eb359f0591b9c1b6630118d2aa1d76fdb777d99a52161ef2edecd9eedd95629a68eb765f1f3c311,2026-03-22 15:24:18.453435
9296,18284,28,8f3e561cc6745f223d9dd0be421c7a31cc62a95417222a21cb4f620a5aecbe40d67e35a06389194680c1577db737a2c03b3844948706b174aaed360b916acd29,2026-03-22 20:53:25.737618
9299,7805,28,e295c56a082d70e91bf770df1ab26d61fa0b3cec419b7ac248547d56c63516d2ea18e787bd9a23fa2d663c8ab4e60e49cd2236a483e0084b04161efed297a141,2026-03-22 20:54:05.678493
9300,29081,28,eba44e30d5be90bf7b1107e25c6cd52d7a2a105dc9136b1619123c440b0240c8a553612a2d858fd60221e9203177a11543fdf6a5009c0a71d137a6d6f2d3f5c4,2026-03-22 20:54:12.721566
9302,11175,28,6e55b112e1e00ffe3c7e93c685fa8761eb564da2a9d37cb675cac41f22097189e5beedd4b63f43c30404e50fafaca54be37cfa11d25537321ff1df27c0c2dfbd,2026-03-22 20:54:27.374768
9303,24320,28,778cfa6e315cac8ecfbe6cc170fcf846884dfeeffc2482b7a76bcbc930b098c8bb64bed41e9b096ada517beb28d9f628a4c4e56015b52f68461967a7e134d99a,2026-03-22 20:54:29.337768
9304,17215,28,b1dfcea6dce0765233bc00d323d9af9772be583c6211207da9de70b3553d34f66071f217f1f3b47a8c2773301eec487a35a5f6c2e3c7f657b8f80c9e7decbc3b,2026-03-22 20:54:31.097649
9362,10659,28,0db858fd847f351898bc72fd0dec87fd80dfbf57b188d8a23141b10104565a3867cfea64176e6c427b787d5785c12bf72e7d091dc9b11897f382d19e40dd51b5,2026-03-22 22:01:17.452004
9397,59953,28,0279246893e05f8ef4ba5088f79603868dc8be25104047279049e2154890e84c8b3d90d96c977290b3a39f897c739def7c9e8abe6bee77785ac4c81a994d2f0f,2026-03-23 22:27:52.333601
9434,59983,28,e1e42e29da769606b96155561821e014f3c6e1ca2a4e20092eba46d4fe9115088d93b2b0fe0d2ea3906ec36c38d308e4766b89bbf4683aa89853b0f0aee860ca,2026-03-24 04:43:43.290496
9481,24255,28,21716de8ae5438907d5afe9cbf3eed3b6c3f7d80ab776420aef7d7044ddd02bbe5b19ed07d6582b2f4cfd117fc4423e7268131627a3090ecb635eefa6709553e,2026-03-24 14:12:33.282435
9494,10254,28,2354fb35ac8a9df6843e27c4dbc5de327041fc2e8b6c31bd983c91e763672e054634dcd0d3206ffdfa9889e31e394d6b8791e521b52963d6817f92fe9682e30d,2026-03-24 14:14:48.005589
9535,22434,28,6de34c6dacdee2dbb83dfa20845b054e1378db8d721da3541cbff8aee220c61f0e7e71dbbbd255f447111e4bed5cee44db5c83f7ab4c9fc732296b313c1eaac7,2026-03-24 19:36:22.804882
9737,60002,28,7f9e0a6683d35378dee038a769daa149e48c7b2402915d5687a610484938768d75d3cca7d28c40c9f4cc183b02f3d7f7b5800bd0cf5da869a6816add7d661d77,2026-03-24 22:38:29.622741
9751,9482,28,eb6307c4876096d6e340dd6e3fadc56fbdcd9a69972c8fde27d01406c8c5e9603775cde7d3f8ef6324374cc79138fae2a7bfe58e2d3676535b2a935decae7793,2026-03-24 22:38:40.194352
9787,61526,28,55462b2f879212da114af93e5ba9105ed6867f893ae34e8a402795136515943175f0f6316d7cb5ec7020cf374a7ca0021937ff4b7edd7e84bd8048129767bd78,2026-03-25 10:23:06.788454
9835,59944,28,df76dac1a951d278fdfc5587a93dd8b98322fcd66b8ac69517973ea2f18e0346468f2fc07412b96e5f5a919f13c2fb7cf400cd76207d364e25378f3bcef3cebe,2026-03-25 14:47:36.663937
9838,20069,28,dc7099ca91d2e79c05c6b323a603e1c36d437cb7711b111f5dc938df72961710ab777f54d69ad8e9141ab0fa4b98e0945b02cf7578100dd17767856fcdc1f48f,2026-03-25 14:50:32.547866
9877,43085,28,2855202118c401e1a143cf381396f1c424d2c1a7fe52891e491a05f40f50480623acd9815171365356d533cae9e35070fe68b96005d489ceff3625a29aef9906,2026-03-25 21:20:14.452853
9901,59935,28,3676aad785b71aa1f0ff3f81629d67d8b9bcfb2dacffda8c742ea8a8ed5bf65c3ca87d4b0b95e8d9acc39013e48be18a24b7d74ec6226eb77cf76f93edcf3caa,2026-03-26 09:21:50.570688
9963,59923,28,0c658358dd9a6430eef2e66f78e124156e1f8a735e9d765467403e380bab927fafa003dd9eda12d58edf54af64886852bb08a90b63f4f83f4004a513c03d5024,2026-03-27 00:57:30.954791
9973,12150,28,70b0ff505374fc84157c35cf5895b4b5bdb5bf125357a30c4688d960954b50df2d6252d292de66b5d850915d6d97b49f7f89f473391e083e954a97757c9382fb,2026-03-27 02:40:20.638028
9975,26366,28,f245f112239de9bbeae0941b98c9e5cd09e0a6cb4e3b4db7ab2fae44aab2d3c8b0b021b5e83d44fd5771301a42bb66a20cd3b38b84d5f1f116b9ce49efdac9eb,2026-03-27 14:19:19.069424
10028,11260,28,b9fd81124a9c7050e5a89ffbcf67d6efb62940a51156248931c6628a161c24e3dca9bfefb4e5d74f9e565678b26115b2b92d96cdd889799fe3b88fdba2b3e229,2026-03-27 14:46:25.463198
10032,59923,28,5ed230919ca747f2dd4c8c05b2150da6fc392d2e51375d915adde1e438a49408bf3236986f02e8dbddf1e85d9c694438124f0932eaec2b0c6db6c41dcdfb6e71,2026-03-27 17:41:48.160088
10034,12282,28,1b5f5cd63318d0e8f581514f4d1e2d5dd4beeca4a0fcbab11176111dd37f36e78850f17f8846a01e46a49664c1a3ec733d01551daa951ef16b329a1ba749c0df,2026-03-27 19:53:39.37333
10077,27382,28,5e856e905c53fa4f5264c8639b86ce1408502bb1f8913baa140e5f6f3d0eab16c2b56572f36a2f127565438525327807ac7c0b433e7d1703bdf681e0f5a2652a,2026-03-28 06:24:26.19424
10115,12204,28,fe48185d20a5e11043cd484d53698054651fbdbcffd99561ea842f31ac7dd20b16007dcda89273a17ea094fed6c65f75eb337acbf87a80ecf4efb628e76da668,2026-03-28 14:33:46.26455
10161,60075,28,3e770ba82532bc625045350a71bc632ff68649f5483ad573a2d8162176ff6ed59c76c3068776101e3e50e06c9d8d4a487cc193613111beeaac716d6fd0e9a180,2026-03-28 22:29:51.024052
10196,18496,28,51e4ec27d6a3bbd1eab5fd7d25f68a1202c50ab4c528becd6adad5047c12985f44669c87d6dfe497c9c3b298773990d6952bfe4e16f8a91508bda3b4e0984b0f,2026-03-29 14:39:54.920324
10197,26824,28,3791bfb416dc2eb549dedfa16d48932c4bfc0f31a3e9a2cdc1516e77d0a0611f68232e4b6fc71a2a8db88eadbd1d2ae61496ebb01c3ee68359c1dcf5cbd70fe6,2026-03-29 14:40:09.658368
10199,19111,28,5ab09ae99937679476051df143ab8421b1178681b3e6aa8abfa49cbb2832683f160e2e0b1a9fb1384850ea665335c96608424bd06c0d3a3b004078ca364082f4,2026-03-29 14:40:13.773286
10201,20185,28,068fd87311e08c929cacf037bc481df0a44b7db9904bf1b9eb6354a2edf02ceac0ed1e7384125f3c5968cb4fa3a1e183fe909407dc6a98913a167500b0d32672,2026-03-29 14:40:16.953062
10230,12141,28,8dabf08025884e96f54f9ffa107e925e74c3747a51da90f46ee82aabca9a348862a0c993e54a5ff2ed4b3ddf45dc27d8a63dbe5edba78daafa37776605a6e791,2026-03-29 15:01:33.051545
10234,1940,28,1becf30f46edf86c31b53c74cf6d3792a0859636140f5a8cb647481c6013032062474133c00e103e8de08869c457fb4fdd42fe2572503c414cbec5a613874971,2026-03-29 15:02:16.884051
10253,60002,28,af0c9d2dada58f054076b7884065f92fc83a11a1b7c38e3b0ab893b9cf20cbb347fc7ef12559a61a4191d3637f30fb9330bafcae6ad366bb85814e80a394d4d8,2026-03-29 15:47:37.53077
10267,59713,28,ac7649888b153738efefe36c49c732e09a83a9c60c573093bdf22253800ddb82c66a8f3d22dd2264b3e31d310cda7d2ef2a54a940a7e261781258cff0a5ae205,2026-03-30 01:07:38.534714
8166,18474,27,2506992bc557a3f1310919f7a622c3b2a5f1d7029b3cb889218cc0c52132d3413fa90a3472c157195fa70e0710438b358df480a02d47eb20fde65d6025c94103,2026-03-18 03:21:06.369475
8167,17841,27,4b678caa5be0373e1cf0ebf3017c906291f1b47aaeac9cc26656926003b2f665106d45466681609f1028ee3b385aca00df6c0e177a324c9c545078b48b2286da,2026-03-18 03:21:25.209325
8168,17814,27,0fbe23abd2e04beeb02f5baca76df0bd7e8f158907e705da66186f3f40124b7894d4ddfcc5fc5b23fb96c1314f6b675412d0b24716645cbba87a08160bb83322,2026-03-18 03:21:27.611448
8169,18261,27,7ab2715ed08962c5f77ed509c4c78ce2432ad929115b05aea1f3859008f14df019aee3161ed586426d088d4144e80cfb0128d16644ffbe976ea65780377ee455,2026-03-18 03:21:49.198498
8170,21448,27,ce57fb6adf9bf813b26f8707ca10c72118f240ed358121a240c508cc2baf07f843c3d38a9601131bfcc3152eb74e989f973d9bb9d1406fbbbc03dfb06b861d20,2026-03-18 03:22:13.845893
8172,18018,27,ef78f6adb16d0a4c9ea05ffd8dbe9efcdb855e211d08e9fc96b60196f74b35308cf18c77fad8ccf2b5368f41564afcc19196d5654efbe11f4114ce3ddc2bc8e3,2026-03-18 03:22:35.348807
8173,18058,27,038c4f9f3209ed2ac829fef31accd376ba4280ec959b8d5649ffe9474e4fa7741515d033a211c0d39a048c9536d58af70066b8ea504000cbd5ee0d7b33d8f52d,2026-03-18 03:22:56.900397
8174,17693,27,6bcc118495b4cfd3d1c0bc2db9b5efa7d92c1bb893b7a34dcdc17c28cd5f046774a46c0f07352a56d71afb0884c1cb42df5a2c90f56fe22ad95e6eec7b43b849,2026-03-18 03:23:10.04647
8175,17723,27,bdc84d1ebf8f8cd1e5efb9860232e25517ac515b29bfc93d9999d607b7a3055bf16f1e5e2cc0a49998c81ebae68670a9e4b0abbf5ed068196adac35a9933767e,2026-03-18 03:23:18.532375
8177,17768,27,7b870bee51080b7dbc5d0ec3fb09666f4191d7652142163f520c8b7820339e723d13bbd777c7d010ea21cfd5b3972895396f07a71bfccd757d404f48ca512b90,2026-03-18 03:24:02.155887
8178,19839,27,40a54f3e208d101deb12c17ca9a4ba525d72f54ec2c51a4a3d5f2df485c525f4a4dadf36d37df7e09a5a0c91248574f819e0be62ab0a906b4f984b254676b994,2026-03-18 03:24:02.915313
8179,19641,27,1fe34fd5eaacf3b2eef350d36c4a414e6f6ff1db804691f9c2b861954d0acb3940e9e684ec040c8e755d76e5fad1d6d61d51823366bf87d980639a7ccd7ec635,2026-03-18 03:24:24.200387
8180,17708,27,3046c649641fcf37d4a24b1bdee7e63dc46875185705f8cdd9d53ceb6c88bdfd592c21af606cc6e81d7a9356eb56d5ba4f010b16028387a6f886c991f69ab9e2,2026-03-18 03:24:45.852153
8181,17689,27,8950df2c486c544771ad791d17d95c3114a119df737f8b8a038e386fe7b42f391f43a9837211dddfcfe9cc74bccc4fd004647ce881e289995d546cfaf39e1e74,2026-03-18 03:24:54.299063
8182,19730,27,037a5ae404c905bc93cc5e45128973ade82575a1574ae710f5baeebc5e948414a70e2c84f171283fb589f6420813c387a7ea916b422a9327768ca7f5dc1543b8,2026-03-18 03:25:08.683526
8183,19714,27,3027fb6445aa6ba94d1b37ed40cd536c3dc608e274fddc1664fbb2e55507b44389eda6436e24b27a833db03176f212250ebe1708067c13fb64a677fc482e0785,2026-03-18 03:25:39.611704
8184,17796,27,df22074622d0e93f74dc756e0f218f7a416747dd56abfd9580fdf4535cef8788038ab96531fbe71f8003f1c0e2bb7371d6c76e191aaf0399b4536e9dcbc047c9,2026-03-18 03:26:00.631377
8185,17650,27,c9c361c8dc260009b804baf54412daa49b387ded5113b8ad12378b85505fd99cccce1b358db40e54dfccb032787301494d2f230f91080cb9bfccf5c2b7302e3f,2026-03-18 03:26:02.281913
8186,21371,27,06d34ef75f996ecb2594edc368c9870637994cc6b8aec93cd4aefef55524ca461854c3d720f11d2a0f42e6c5d21e3f3e6afa2d0b0cc39446293bcf7f4325b531,2026-03-18 03:26:25.137318
8187,21516,27,2ebc2c6a5567343ef23c27847b4292f701e01a21b0e7aaf0ec4f7cba684117dac230ff8eef739d34a60f10da83ae5d64849ba80408377d10a42473f51c99ecf0,2026-03-18 03:26:49.67556
8188,17736,27,a10d361aa27d9dbfae810b9a646aed8a14416bce86f8265572fa48db94cd1f82f7ec543055a52ec0f755639d3a1f1d4d4386c1198a3d8851fdb068e9345f4b7b,2026-03-18 03:26:53.732961
8189,19590,27,773a76408317f4242820cbd3b7d6b0d909b1396d50d019db7b4ad7145dd85a912e3bda7b08c3c96cd35b208b58333aa6da4eb7839c0e8535a0b9c6454a54384c,2026-03-18 03:27:12.366215
8190,18286,27,42cf4684adaa754ab23b7b43d247056d2b353b39d1b281570cb9e7040a10c874b5938e1077ec2e08065b18f06b42b8d139c9511a875fed609011a46fc4f7fc86,2026-03-18 03:27:34.429739
8191,21370,27,263d0a2198002b1728d76e13b2e305ee3660dcfdfee14a945d2fdb3cf88db100163d573f912ffeb5f7856ff1c06227cb723cfeea86dd5373f03876170ae290ac,2026-03-18 03:27:48.445577
8192,19514,27,bc812f16728e42ea345c42d872ee52e80bfea2c6336e00795f3534209ca340304769639c45c3e8768d66d838e4af1a90abfa23b4004656241140cc5955fd46bd,2026-03-18 03:27:56.355046
8193,19700,27,e0b7f0aa8802278e559242712e5549d754f7b98569d3e4180aa9dd67ab63c01ca45bd9b0970eb91d4e7cc30a1a7d190bd8d718262a6af540f675a438f566631f,2026-03-18 03:28:20.419
8194,17836,27,5e5745f482e7f9178239a253443273eb29efdf16001af6fec94cbbe2997f50bf32fdf001c1982dca1e552fbea82878a81b244f9a11f9d7596cfddd7e4cdbed4d,2026-03-18 03:28:40.148478
8195,19689,27,22cfa987ddce8c609abb32467f1023ffcb69cc21b89089e1c076469b5371da2a5812301e2615c82756fd84bae1de1df398ba297b9d7d3a7d2f7215dc54c115c2,2026-03-18 03:28:43.399566
8196,19602,27,b3068322d0bccdc9658b1ac527efced53af0de5822d2242f5700814c8d08875b9532b0ca00738608a834358c4ca49149ccf1a871a2227186a61521e053e7a904,2026-03-18 03:29:06.258346
8197,17686,27,da3808f9728499321e39aafbbe2ee1536ba483ac86a136195a452992726f00d9395a11c13662c98511f8b6f35eb35cb77cd3830de5f5b9bbe80724bfe1faf9ed,2026-03-18 03:29:27.076953
8198,17821,27,1bb81ce3788f91c7da415b8acc84a453435fafbbc3db0f1d46a77767043b4fa93e10444fd68701272f409c0b3a8324b4c4915650aa596199ea63030f4c813b13,2026-03-18 03:29:34.265206
8199,19659,27,8f37160b5bd154e5beb42ec9e274706d96daf4ec0453bbe623c606313b7ee6763c7c5c3b12107bb418447dfa5c3b909a0c968d4696b34fdb3e1c3baa8e322928,2026-03-18 03:29:50.112016
8200,19867,27,b5e182ee421ab8a15ae6c311aa11709b10b62d47a48f9f7838a99f91339f775f5f0fe1ea644bbcff5972d8c11633d9a24c877a6ca282d484006a47c71e4f4742,2026-03-18 03:30:12.986797
8201,19507,27,ef6d3e03d753e41c3f22edeadf8a9c0409a0dce0e3b77c3a6329f966b9329f2a2965503b4792a68885889f851a6d5058358ebd42e5a343445bc9ab4cdfb36f34,2026-03-18 03:30:26.520056
8202,17683,27,73bca57193b01f7f1fd33c8dcf4b06ce299a4677c0b13248019cc548a75c98123f450433065255e5548d8b21b25345616ccdaa0b448435354796df28d40f22a3,2026-03-18 03:30:33.982266
8203,23458,27,38b6b3529b32c2bee12dccc2d51a5a55e6f709a65025c3658561f80e55d672987fd371252c0c93d89f63b5e45f74152d4c9da10c1ef50db88c1a8d75e6a4f5ae,2026-03-18 03:31:00.50792
8204,25312,27,43328bedf15fd258e311a9674d35adeb9f6e66ca73c613df91743b488277b570fb31e857d4f14733f48ec934370c93d56f33a85cb92ef3b82b9695d6a2841ed8,2026-03-18 03:31:24.86943
8205,25180,27,3f88f37e9c9a2d6fd97c666035c5d36b38feca94fc013ef1bf22d3067cf01795f51a4434247a284fd3b208afc52cfd47ea069240ea69081f4b3f69647f8f4a7c,2026-03-18 03:31:28.654455
8206,21380,27,c6ec89b6318b01be45759a21bf5c461e26da003a617945bcbc62c913d7766fbe2a21c3976a427e66e2ebc1c9705a13a4cb1fe067d10ea85c8d69b4d2c7bb8782,2026-03-18 03:31:53.024838
8207,19657,27,0224e3621ac44cd2543b1ca5ff4aa9da390c59d9f1419b7dacdb2c88c55688ad63eb77d9d2c98dc535abcba02e60bb2c1dba7d026fe0798706dfd5b3c7458485,2026-03-18 03:32:15.72918
8208,19925,27,7156c4ca998d18739a0ff5d811c0d7d88edde3821a2ef55710499c6fa02dea831ee4c7daf209f0fb70ebf45a60b126d043d4fad50b79e286366e10e625012a64,2026-03-18 03:32:21.006055
8209,25117,27,edce182a6dd01b187e23734bf8338c44d6ad252d1673efd5776c4826551d11f37ded6ca982a48840bb8078c256b60c77baf8470928e7d9144209ca450e273ed1,2026-03-18 03:32:44.126521
8210,25272,27,a4ffb3281fd0b723921760294e059d9c2b95d31bc8d92e0e81eedc74da1b576860e753375106b5d5ca115960fa5fd9db01b247577162c955f5470b70e8c5cfa8,2026-03-18 03:33:12.550937
8211,25131,27,3b057c6715da57753cc86e052d73cb52e810e89b00e60d2667b405c65cb48c14bbdda8e9af4e46fa0985ccc11e4735387d4216afe318aef4d7d94145be13cb6a,2026-03-18 03:33:19.167318
8212,19680,27,7c7a4ff0cf87e5a3eb167666f579fb37a85317829d061b8177d7992eaf1e189f3e197a1e5ca5c82ab555f0e8a90f8b46a8e8c2b4df429d606ac2a15b2652734e,2026-03-18 03:33:35.668826
8213,23399,27,e152b393e98c22a95e13a253ea81001ccdd11364d72d88b25681ebf7da7dc2c45d8e34da5eec826e7bbd8fa7b2ca381533513802b964ad4d8e4c3abc607db01c,2026-03-18 03:34:02.417523
8214,25291,27,6baffe2aed65713eab0115b31a1114fae3c16df435e88ace0e8415fc7b9ee5dbb53ff155587af0e97cc3a3b29228f402ee554042927c464cd9ee524fcdfcc450,2026-03-18 03:34:17.631936
8217,17828,27,8ec61e1b09e7f1e5c882cfe487698d1d066543c37ba7ea1192eb3fd18436b6e87ea0ad8bb4faf382461386b2ea01b544c371a1cd48fb053cb614667d494f5aaa,2026-03-18 03:35:07.8973
8220,19589,27,a5cfeea4108a09bb05c5a1cc293350c8fb5a6603fc166d014843d3d8456105a03815c3c22ab50576cdbfe94cdb8ae2511b896c379d0c1398a359184fc2d97646,2026-03-18 03:36:00.729638
8223,19522,27,0dec5141104c1220c62b369bd50c31c5eda938c81bae72ff3e0ea764ff1372117429f9676b87299ec067f28195ae6d48eb80cf8958a9c7412c439f69ae14c3c6,2026-03-18 03:36:45.171092
8226,18014,27,bcbceca261679741faf4527200981b25e0b39fc4fd861a2b5ac76e750a9399a4ed159ab3eec61a88c92a1adeb3009c67ca77fc21186406e23ecd5e852533ad02,2026-03-18 03:37:27.636165
8228,17913,27,7e53cd4db8482188634fb9013a06be6083ad131168b99def7dbb9f5d455ed19d86c2527d6e26c252bbb5c25f5f3a65856ec9efcdfb56c1b681d36cdff16ee5dc,2026-03-18 03:37:50.836931
8229,19537,27,6d23dad30f99dd65918d3ce6c2fdc12452a52e8db4afd54d2cfd74078fabb494fcac0b25ca75188c279e95595d067ca82243127f109dbfc7ca7e10b78b40fbca,2026-03-18 03:37:53.544161
8230,17666,27,b90026b2f2c45fde7023e018ac3223e2103c843a41fcf7e127493bd07ffd8ad0c497823bf197f94c706f7b8842d05a0bb553a594e0e2de447349254dde676364,2026-03-18 03:38:06.217605
8232,21349,27,6175af098cb7f7918025c38f54faedfcad96f8d2cca3e080215c50ee6e75cf5c16a006c4392f880f789a9b16df84a7a670dc13e57250eeb0b8b90654a0765f86,2026-03-18 03:38:18.270776
9076,24640,28,b3948fbf3425068903e357fb8e27bff9eb017202a1723403088665eebd5efba5cbcdb4665172ce0cb2083f0931e92e74230d276b208ebfad2b32fa382083a247,2026-03-21 14:32:46.398025
9137,33958,28,6b27e893731a0e2752b776b6cd02efc955a723743a1e2c2b238725d33b9f4273c96173604eec4b8938e86952fbc5ab6014018b9b1e24aa949a7030b6e0f83b65,2026-03-21 23:58:11.369307
9175,7276,28,a8e12678b8143e0a5141075fed211a5c7b6c097e40e1817dc9274cabe23d19e9958fff71f67d03b640c1251710230df133d458a23fa5c271abd01ecadee545d0,2026-03-22 14:23:34.956136
9180,27313,28,485025cb430ca2455694c3d5cc23239ca2bd1a49ac21911ffa769e5c42b40e3e0c05a5d673e9479013df65802a99097b589009897271120dc330c0b7d2b210b1,2026-03-22 14:23:52.89216
9243,24544,28,bba30d48d5e04ef5a48e930772dc5d609156fce9bcead042fad33282310ab2b5dab719f8dfb84b00282906d17c9a6b481ac20a688d2d2821c554c9f9333d5353,2026-03-22 15:45:23.348929
9297,17590,28,d6e4d34b88d87c6b3564fb4728552df2cfb2625459e99b95a63de915dd7002fc4fe718aa236cdf3c57ee65828defca8b9d478f607f5df721045ccac75cfcc6a5,2026-03-22 20:53:44.960295
9298,13056,28,a2462bedba65534093a4add011da24a8d0c479601ecf5b172fc32452095575e620cbbc718f1aaae8154cc85254f607c67548934db28dacc7cb441d8d80530643,2026-03-22 20:53:56.217855
9363,17739,28,fa10f953e1379fba4e84e1337aa3d88af675a75f0d1c94495622fafef8ae582e3769de7209817fb717eb09feec9a0774f4616d464de650bd104b5340ffa2bfc5,2026-03-22 22:06:17.543095
9398,59976,28,942fe6eaa5f85a95ce7eed41608893ef675985cb8934de4e5dfc4ea2364df3bfbb0dc9911fd1a1e02577e4bbcfeaa3414761b5088e0514ced4797b3f94f36dae,2026-03-23 22:54:45.427825
9399,60070,28,676f8255d7dc8a394272cf9d932f65997c3048b02cd3dbd443d0b780c60da6b3408e8a991c5ffa6ecce19c8db73e70feb0ad7982973d2e0734eb4faf89233fc8,2026-03-23 22:54:53.371991
9435,16820,28,4cda7ba8c5e624cc8287518e19935cfe3abdfd88be3a657667bd4859d796130bf98a561f3e05c96b2d3e2f01804cdca4ae7ee7834316e335a85b05af54896499,2026-03-24 04:57:09.036338
9482,20287,28,435a0e148bf2eff0daaf846ea472deb1ee87a0c057e682ec8f2304fa8f6d6dd7ab26f40ad53967e07509a331d05ad04ba1cd2d11e6e842faab3483bcde434f52,2026-03-24 14:12:33.468339
9490,20354,28,e9c98768542d2be877751a6f1dd8cd69ba0473f58b0b704074f859b3703e1ad0a121ec1abfc92ee82979dcf5ce762f7cd515cc3e9dcd439ddd7f6f6f4f0bb3c7,2026-03-24 14:13:43.518533
9492,25453,28,86641ad81cde3b2c0772bc85d9139318121ce480ce5aeabf34b5932b9f7e9fcebd31550f1e236b054c8736d4b75255ed50c690e84ceb75fc7933cd5319044d05,2026-03-24 14:14:31.665967
9537,59962,28,65185b6cffc1ec77e53b31e61e91ff9dec215fa4e8ed6df1e5bb44ba0e0a18b97efa8b8fb5c45be669fd9e01f4f94117e52d7d33f275616c5e77073022681d7c,2026-03-24 19:51:58.717733
9738,19840,28,a12629c2dcbb01548ba155e22b965f14bc2f0da96a90b3ccdeeb8e8c4afd313d51aa8150a93d0c76cf3c828f4a2f7d57a0db333cd8d3cce7ab61152df8f5e50c,2026-03-24 22:38:30.849084
9743,11717,28,e2c87c841d81aef58e0fcd6985c86f13dfc7c5616ad5f2293a7e71fbbc56adeebdc72edef676de6ca035b1a4980bd45675ea1136797622560b0cc6a9fe8c2b4a,2026-03-24 22:38:34.035426
9746,5964,28,630e7066cf39d19bc4e63a7d60e19f8af6cf6753cbe79ae0d7ac901a36c9ea40d0149fa5e27f810fb1fdd12d93804ad998dfd03145435788586c3647f65ba150,2026-03-24 22:38:34.576802
9748,60000,28,56024a13bfd20ae5fd607ed79d5b49dee322fe6c06c1b2c3e7eea34b5efe84911816d3cd6fdf043dc1717a5d0458f3d4f4756d5a4e47e32c4dbdff54c4d03856,2026-03-24 22:38:37.870212
9788,59383,28,3934559b2c9afad34a9326c9a7b44f241c976dc3c12eaf6995ec05d8862f110832a69fdf6d7a3c0cbf2805b07ae84fc731fa01c89bf48ed04d31db316642479e,2026-03-25 10:57:43.938217
9789,62125,28,79343d8f769c3fab9f05455a0079ea53f61fb51e959f92bc31dbb19ba41cfe749c533f6feba28cf9e050763f54a148b5e642b19d459273bf38567c4f83aa6ac7,2026-03-25 10:58:36.180221
9836,59985,28,e187b0f64be89796e24b6ea138763587f90cdb1ecf02e9ee1950ec779e08e2456fb1edcbc62b9531df78f1bf442d10879454970021a3e4c09b17c162f92fc8fc,2026-03-25 14:48:26.655333
9839,11164,28,9389b576a836aef106a85e21670a54ce7180b5126a3662dca096877f7d72d57f365a19cd1f328b479586ac2f9c46b84c9daf1385b340cddc73b8339de56a7ff5,2026-03-25 14:50:59.214071
9841,17170,28,6e68719d46df3f741795679cec49e0925d4c78ff2020f5ff6ea8c0fa3d106b45a50dadaf005cf2023016ec34c8d16b066bc59578a9f3cb5ee9c4d78671556f2f,2026-03-25 14:51:31.885689
9878,25315,28,c89dd437c82839e50cba8fcb43274815e3ac6112a71f060f183dbc7d8caab822d39e7a895e59754032eeaf02485ab2727f92724d98b62750ae4479f3dd028880,2026-03-25 21:28:54.654915
9902,59849,28,a1569d2101f909692ccbefd18d2da36a801d5f674e83c998458b07767902d2ff1952cf8adb62bd193d4dacbccbc759ddfbbe1e8d069e0bb30f6ce43123576d3f,2026-03-26 09:23:05.942605
9904,59991,28,f351fbf133fd475e40b7db76a240318e109e0cb4c77fa5ab049e49f27147c0c320cd4d5a986d445850d648c5549c9f4b5bcec3aa4772029e141185c58e3bd176,2026-03-26 09:24:05.675447
9907,59983,28,4f7be306548b737ba4eae3405c7e6278b2858e47c7857bc5b644cc3650019dad675c5a9789abbce7c05096dcbcb3aff39af695ddb3fe2e09250c4af35580aa2e,2026-03-26 09:25:08.702451
9964,10301,28,a4f696e69ac6eb01f70f861fad3cd4ac2175228b9674d535ff1a8d89242c76d3314a84e48b2c5c6a8bed8604007b2ad8c36bfdca7e7561f5b2d39890c51d0ea0,2026-03-27 00:58:20.437574
9974,59374,28,69538a80e219f506906cbed3ab3a387f00454d149ccbebd05e25e561e3063b68fb19f7c3c676e698fdf6f233e8eb6d392fa6418be62e07f3a61476ea99124fcf,2026-03-27 03:41:55.106956
9976,20534,28,b50ea57de6bce452b718587ca3188e0e02b9415ff4fc6ff316607ee2c088dd0f9f8de892179c94faf91d2ff49585a84fdce5b5f8a5af7db9e75fd0954af045df,2026-03-27 14:19:41.370444
10029,16710,28,a6278d1056cd66f1563c932a54ebafa70e52dbcc6e7b339eec545fe8f78f219627fd6f5d9609a8a5d5096c86e617f6cb6625666c055c1bb90b4caaf950504f1e,2026-03-27 14:48:34.192439
10035,11247,28,bbe8f8a1146606f2df490843711e736110c0e8920d0394bbdac31177f2d04b512f6fafcc168e26718a36b498acc0554d3b55433efc774b947d7410fce9cd9726,2026-03-27 19:53:40.042109
10078,4984,28,1e69489469ff7ef8ebce292a2c74ea23604f66ac699db964eb5529d5b857e4c423d6385fd3f2df216c18e40ae128177c3f988bd50e51b7de9e1b5fd6a99de985,2026-03-28 07:17:05.378459
10079,7468,28,623e7576b6aca6b19954aa74c1589cd8f109ec2531b446198a0d1c13715ebf849b5f8adaef7fd6cd13a0269c7a201233b87c5403a5d4b19ef358a84b12d794eb,2026-03-28 07:17:07.205156
8215,25186,27,2867661e4e18f74666bed7613d4897a7e942214a7ec39ac1d35502462615b43103c13469b2a5950496efa9e277d6512837c93e1cdf7ff8e4cc8c757031e4ab55,2026-03-18 03:34:30.537777
8216,23255,27,57de7f0ad6e7fdea56310d71b630ea986ab8f4656581626d95b4ecffa4747663d377b8b0f75593f7246ca108e89c2c4ade49c0c747ed5c55ab362614529d7f46,2026-03-18 03:34:57.027473
8218,17697,27,3e458f2d2ad29fb851b0b164802b9be1b75049d8ea39f246a77f13def25be68a71fc22fab2615d20e8f45d3d893f48fab05556891a33612a35e7ce7659e66468,2026-03-18 03:35:17.891553
8219,19762,27,5428f3cd0afc7b54a62f6dde32ec1fc515f7284c62b4a27b918d3961f15b09f19bb95ce338af23ea869030b89b6ddec0fde1315cf5c06a7c1309d7e9c45dbc3f,2026-03-18 03:35:40.601394
8221,17702,27,1724b00ffe26cb3241fc278d916871da725eff8f8200c4ed35092487c9f554291f850898c4094e5b518b79a8222f3622f62f559adf2575a4c79ce58a4792ab4b,2026-03-18 03:36:01.348788
8222,17710,27,fefbd925c36f152f8d59846994064fad80e0d5c93596fd594a43036a81c624e9904b5770d4640a884fbb6e2707ad2ea5e4018cc46a77a592bd935f6f6ea2f877,2026-03-18 03:36:22.551067
8224,19804,27,dd90970068336f69884d2d3b66292155067079f9c997b1b3955c0901e7cec44ced105968dbca32fc72fb68a69fbcb2ddfd42cd722a65fe5e9382797462cef84a,2026-03-18 03:36:55.536477
8225,17744,27,0382f2dcbf59b87601b84e682bb793f264caca745bfea07f58bcb03530e00e7b2a068c17c504d790697cd742bcc1c326ca5cf5ffa6421e8eeb816ed6bc80a3b6,2026-03-18 03:37:06.286375
8227,21345,27,ece593b903e0f3ada099894d5a794f51fd928adaaaceb2bbfc5b4775c027489718d69b11c095716e00bf4af46bf37a19a18feb23ad95065798e8a853228297c7,2026-03-18 03:37:31.022687
8231,17894,27,da86ea8fb8f0ede53c5e39e55e664e463aaea0a5bc9d1e839014a8f8288b62c60a96d5b9c3f59899ab2bc43db80a3d9c2b7f53c9dc0805cf5800c08f853cf973,2026-03-18 03:38:06.524729
8233,23866,27,c609661e5c27807b82140001ed19e604d18e04e16b3b0c961b9c79852bcc53fa3e57609bbd64d97d15ea96a2d1602b21ea8b1e1f3401ab0364d8a7bd8271c1d7,2026-03-18 03:38:44.561864
8234,23547,27,58621065fa87a0d91591c9d2d66a30a20e954b2ef4b2080170eab32fc6c850286a3673640ea48eb8187207741dd30c1dec2b02651eb5d15890b9ee29c9e4d150,2026-03-18 03:38:44.774815
8235,25113,27,1a7bb8302034b74eb79b3dfaf80c48de9606f077bdbc867f74fa4512e95355be71082a3f1551744496e5020512805537e56f2a07e2787f20de6fbe924467c26b,2026-03-18 03:39:07.304457
8237,25123,27,fe36bbe122960b34b4ee684e1c9e97de997e74d0fecbb92349c8d435582f59ec70361530fa711fd41e0b3e71b69e6a3de3cc1f844a054f2858c7f35b534ca252,2026-03-18 03:39:13.079954
8236,25111,27,80f8f7bd97588cdc805210e328aa1a05204f68a22a2ae055205b58dc79a7481d9643ae38e58cc5b7e67ceb105a38eea7579391a2de5d0f5654282d450ca9c40d,2026-03-18 03:39:13.149262
8239,25145,27,a888955ef77a07ab8d7d4d72029aef419b015c5044dca2886b02296ab19351b809323d2d84ebbf64a71be8fe8eb1dbe080b00192cfe9b3a524d17d9432f63b53,2026-03-18 03:39:25.023358
8238,25121,27,8b34b89f23ed966312e487faf035b54dde832a15d1f2d8e324cd7bea3c066c16927a83567fcf175f3e4993e302068c9b9d70459e2ef4170d638c4212d7f1f6bc,2026-03-18 03:39:25.071137
8240,21361,27,34101100333f21884bf8bfc7f66b1d81db336dd63273bad9488a0e6f0fcdf7dedf33ffc365f3d324ca977d15934d0014ecd0ad4fcd4e2fdb5324e22df3da7111,2026-03-18 03:39:35.600395
8241,19492,27,a3bb77388d05729db35f10e424a5ceb5009f2a1c02b84d947124eaaec1340388335a294f5432b5e155b055d494a4beded534e22b9711807111f1579e98ad64bd,2026-03-18 03:39:35.915548
8242,17755,27,fb30c92b4d24add91d8f9553c0acb07a9638b5c474ee78de4a45139df5982dc8e8885875020a2923f35b5124b4a5d090c1c2af296e0ffbac5b4eb0fdcb9522a7,2026-03-18 03:39:57.187489
8243,23619,27,107ad51452e781b26578a50bf991ecd71e24cf8c24a08207b6ebd887ba3bf8126c6eafced0027b289e58543b716dcf0e92c395749ab58b8857c4b200540d59ef,2026-03-18 03:40:24.525724
8244,25281,27,fc53bd201ea391fcee19d0434f199f4a8d93c4601401dbe2aad96704c4232582cd07366657a4369548248dd28c6a536d6a210343494d3ba4e22ccdd15457da8f,2026-03-18 03:40:26.177242
8245,25124,27,d14206bf4c8dd937412c94f096a0e06e6cb6d45fec543f434043d8df5392358027ea47df58bcea9f2028bcd1813fe2096d6700630f514f986f24f87ed3c80ee5,2026-03-18 03:40:46.305264
8246,25168,27,51f15a99c2fb549a77a91f89563366919ca5b4365daf5494ed3c76e2b08a958f094497aee3b2eb1bb78d01f8e38aac0d91d8fcf81e4e5b1f4adc883c3e1482a3,2026-03-18 03:40:54.656822
8247,25118,27,0ddf00eb8d6ae44af342d69227671dfafe5219c1fdec0a63abc3dbdbf14c8970fd9e5991857ce7a8a6dfb2391134dd6233116c6f021fc9aa8e2f8df8c86a11b9,2026-03-18 03:41:01.890857
8248,21527,27,d9e87305f9c0bde170dc113284cafd6ce5b27a1df8212e3b68c245ef7b2047ee81bdf3ef4f3dcb75f0c7a2c08f6bdb43d5de47caee8bb5c7aa2afbaef6823ede,2026-03-18 03:41:10.521358
8249,21416,27,6be3d5316f8d5c1f6eb9ba1cfc6358e277ecd574d504b6e186363a72944fe584cbf44a443e3822193f565c8367842c19466c0cf82edbe9bb1807d8f5d846c3c7,2026-03-18 03:41:16.524134
8250,19467,27,9270af67962d69710abf4006168a5b1295c8f576fae51d35af94a5aaecd6308ecb0fd9fb6a1ba914b0ec003cd81de9c0b1823108feb9a48b88d430546084741a,2026-03-18 03:41:18.432429
8251,23980,27,add2d1b0fea3b6cc7471cb591a2488985dcf73916c60ce6915c3f2fa42eb747b916b883a3eb2764053048b5edce5fcfe8caf78362c242b651142b35cae4a5458,2026-03-18 03:41:45.590035
8252,25121,27,1736c0414ee11b7819a078fce1690e8690a16d7375ef5d22072af6c70eddd5ea9a76e1171eb3a819d0a529f37095a344be6d4f9ce5a007a80c08aad656381edf,2026-03-18 03:41:55.899389
8254,25251,27,a9fe28f949098d05eb5d59deb83739cbb36655f52173a958619f8fd272b3e98efbdb5f9f2439c896c8ee63ac73202bea032ce133b80aa505c5e9bebbc9e52639,2026-03-18 03:42:10.886312
8253,25193,27,30ef725fcaaffedd1f2f92b3dd7b1237ebe793374ea65eedec8fbc4d3f8009284b02b159d2ce44e5383b0d9cd7b1dec09e74714f3c776259fd10b83ffc825c2b,2026-03-18 03:42:11.482361
8255,25187,27,4dd72cd074c3d3670b6d83097f09248f4985b004c00fcdfd3877cae6722863920d2cf1d387aced8e48b3e15c8302a7f9f3a2f47e5cff4b83b1c2ab438c58a234,2026-03-18 03:42:14.676321
8256,19566,27,e9a23e154faf0b8434116cdbee8caf6e9c899e4378b108eb032302eec543fd9448965fcdba0c1ad37c6be8085e80877eaf7ff96a5b7280bac7d1d6b4dbc45e5c,2026-03-18 03:42:35.41083
8257,19497,27,b08d9c2041343de064ece5137b9d458fbe108bd0911393711b707042a7db445d7a89f2cdd39a6e3c7d0fef83f471d45a6e40dd20d5a337ddbc875f1ef451731b,2026-03-18 03:42:38.05954
8258,17723,27,4629f96e4d21ccbe81c684d76f3eb1319dc002ec07471241f9199a1a3ad74ece7de23418900d0343868f808aabe8eda63a14f61071708c2351117d86562b1cc6,2026-03-18 03:42:57.847122
8259,17704,27,67e867216ad9097bf61b8fabe081ef8cae1bc077bcaa43120e282c5ec9a0b6fd4fef2690de52a71b5df97a7a4bd41d87efbf38948bdd4ec7c522cd93b5ea0073,2026-03-18 03:43:00.04872
8260,19487,27,6abf72b878f5a926b9606c45dcde68bf60682fd02396ec2940b753dcd8046a235cc7016cf856ba977b9c5bd0790aa2c230bdce976741436715bd92d5d9fcd6d2,2026-03-18 03:43:20.610219
8261,35679,27,d174efd4dfe6c2579a3f95a6fbc2e4269e6fd8ac5c36da385ad9dd70b3dfbfc0d5c96432e5c5ec2ed2c294205631145aac2a95f67993f571191d45e37b155ec5,2026-03-18 04:25:40.558225
8262,18253,27,f6fc5c7c142522ed56489b5cc1e4baaec7d24560cb1a0b50d3bd43f75ba00afd3db83d60a09eb2a39d2122189becade7566777df25d96a7239b22adcf1fc6903,2026-03-18 04:27:11.168638
8263,2210,27,ba25af8e3e2d9b1b0002d3ced64a311dbc8beb5f72a465f4aebd2e8ff755ca3b0edd4c48f158d3172c4dd57c77d84e52dedb5bb08a9e5bdcf64c203361baa423,2026-03-18 04:30:00.359293
8264,36008,27,47ef76417fb1baa301c414b9cb4c9ae10334b4add1c6a294006b408fb7214ad379e4969f1cb57c29ada9938e3040edbec47711fbf21b2f879c845bf16fede9a9,2026-03-18 04:47:42.970403
8265,40549,27,5dc9aadc0b99b9fb0ced9d76d295d29195f5cd18260581f8d1e3e4218d6d744abf00b4fde48741a22b69f5f9cc3cd1932fe843439bf93080260a09aa5929bccd,2026-03-18 04:47:50.397133
8266,19792,27,a12d81945eb6d0b9b660dc83b205ee5e6432410530c10d448df958bde34848b450929e72b0d51b6e614fa8574f4af90a9e413fa877c9742b5743209e6a61115a,2026-03-18 04:47:54.253168
8267,24950,27,a8aa9a038c1a18a537cfaf2b212ed56aa2660054f3f729e1470085021b37c0a888193fd760b883e96d6d1627632868cbf8676a87f7aa6fad2fa91dafbf53806b,2026-03-18 04:48:08.370982
8268,21798,27,b38b6aa1fed19b20aa570c0fbfe4bec62ab2ebefb76af3cee60afe34d26895a4a97076026db3f5c0eceead72e4abb7df5355484af29078c9384b05d083fad5d0,2026-03-18 04:56:00.398272
8269,35487,27,9737e895e1b5bb149bd0f3daeaedeafcd59d74a5e3c82ae45027c3d1af0bf66e65db79aaabd17d587384c9aac8978128cbdca7a5c81b9e7ed1c1eaf17a5c942f,2026-03-18 04:58:00.85864
8270,35900,27,600cc2cb70ae8273aa49019d025faec4dcd9133c02e80a431c0d4b6a7a050f4540678317264a185a690a528e6df3a7991fd26598cc2612c794daa74efa7d757c,2026-03-18 05:49:05.965619
8271,19760,27,ca6f6a3253f5ac75557093f3ede63fefc076dd29a661a7adbad48cea864ae5006e26109b4266c84f4f70a0e5cbf385e547cabd81dba9826c6057a43e5660922d,2026-03-18 05:49:12.777941
8272,17727,27,0d2892f4ab5b77ee4458c7affc40732328b9dc796b6290ed3c9fe763e8c39474c164aa46c7df0e046d4722494bd810bef1b89725e8fbbd121eafe9b55d3f0186,2026-03-18 05:49:14.634597
8273,20836,27,48dfd42cb978cf7ed372925506e0a7ce3a4b6bbcedca6967e761abbdd4c6b289819b554b18fa3dd9d3a0f2e5886d146cacb61c69851d33ea3cb6a62943e1b29d,2026-03-18 06:35:41.36961
8274,20282,27,636d85df856b8eca812ccfe055188f4f7d3e52d09c2cfb88518e47f12e9e2d3f2dc7443629ee210b04fcc15d7766d388d0fe774cfe72b21cb9156db599c4adcc,2026-03-18 06:36:24.219725
8275,20502,27,27a96598fbf6059958846e27e3f406b2ce89532617b543a568ec30eec8b5cec00f22de6ec98e144435da7c2b7b1c24bbe4fc49dcfe5f28ef5318ff7e196bf210,2026-03-18 06:36:24.734437
8276,35912,27,792e73f9185f66c8b101c80b18900bd85074db9f36ced0bb4f47c4fb491f4726aea8f13a076529c95405c871b9cf67676dde29d9fa9759110e2f805263169a86,2026-03-18 06:36:39.890187
8277,18477,27,e2e428615d3eccdee74cf5288f0565cb244fe928478dca4d7e1093f049be088e268533493911cb814c8bd5c630af59ae1dabd933cd158456c55aca298356d7be,2026-03-18 06:37:01.740853
8278,22768,27,f053d0eaf4ceb11f3b8d68fac35597bc47f1d67810fc39e7fdc687a6f257516535134791025b77f3c0d4964cf0be60dae48bd130b36f05ef91a88161d3b350d2,2026-03-18 06:56:03.508673
8279,26653,27,32ba80dd6af7b1185fea1747f90ab1dbd4d1de7b604a26d3826c3335ab834a21ea3e79599925ed4fe933a98bc051386ec51648449d094a5ea8e840fc66d60596,2026-03-18 06:56:07.346694
8280,26961,27,c98f7a7b21b9bfa0914e3ab27fd4a0875410953723d9718dd14aaa127883b50823d7e713866f7e33c9755dc167d445af9311cc8bc401dd20c5349fa1ddd7b68f,2026-03-18 06:56:07.448952
8281,35720,27,e0f5fbb8705ad767b135e460cc67ef9f33ec9306eb4c404785a2ffc6cf2781eb89bf6c5cfa3f35f89c023fdbd89a953587310d3cdcf6b6672b793b8adf626002,2026-03-18 06:56:16.372502
8282,3680,27,c900647d789f363662241d0f5501604644a6bb2cc67ec7892290396e8f7de657256810a6653c344f76bfc75521ed553f912c8b80ae91221f06f12c501a0c89b2,2026-03-18 06:56:26.76688
8283,3813,27,b00637dcad85ebce7f92eedc304b8df82560b85df3ccb0381bed38a5cc1bc9dfb53da27ae0447c0a7c6bd1e02cd28a6773b7358142360d758f3de77c5f513004,2026-03-18 06:56:27.049292
8284,5505,27,7d2e8a4d3f687504e1d137ba333a04dc6e116da1f4e9423112d72ab9c88c812528bbac6b11b65d527764996857db68d61ad834a91a9aea5ae81c39781ebb5116,2026-03-18 06:56:28.547155
8285,9291,27,57354dd6b37a466b0be03dd8bcd0f885619afbc54e772fa70dcebde420d8455a2e12f86f1fa6c238e7b071ac67654c5f1f23378301f848af3d6c9cdeb4932ea3,2026-03-18 06:56:32.419395
8286,18821,27,cfb94d247e9a4f2823dd884279f46e495b1929f1dd7d7146a5da2645cc5d85163e9c2ab809a61d9a4658f66c6ba44b9d4920e12c961cc0b6941c92e3cd00da03,2026-03-18 07:01:56.123097
8287,23812,27,cf1bf65cecbf89eee44c3d1bd290eae4f87cd85409c26d5d7f5ff5f30ba6285b8a9cba254fc00163a8d4af32d8053e5f65b7711d0efcb5f24bffef1dfb714c01,2026-03-18 07:02:08.071194
8288,23474,27,7c1c8af12734ea7fe0c96f41e8156613ef06611aa47bb4bfb5a4584c27fa43a59805f5e2433d2d955c3afdad4d83fd09e3181157226bc3983ffefcb4767892ed,2026-03-18 07:02:19.306898
8289,25207,27,cefc4de04004504546d99c7b1597aa2b5a5e481f518f8b39f5ec41f57023f89681a020e39e102f18da2d3d613a650db4a0ca48e1cb59894d330e72918bb64cfa,2026-03-18 07:02:36.407469
8290,25117,27,52b2d80ede557e40828e04f47e63d778a6e4e9ce35b852b53b18da767a27cd25efa31bc3d3f147ad108b45397eca19319f718de561e56ce6cca23884720e3fb2,2026-03-18 07:02:47.441183
8291,25131,27,b908e1476d715a98d418d1d37a6b6c60d6e0ea2f018d33abbe534951d223ad3f6ad60e8142f575ec9ebf70756f278a64c28b10d0d21b63dcdd05fd0636c78a58,2026-03-18 07:02:59.507757
8292,23239,27,e672db354800835c8ed5e27f7c2dfe4bf06b52956ac283bcc018b4933b4591751b294a5b4c62d70c11028baeaf306852596cfcf804b1c26fd36b0feab7c99553,2026-03-18 07:03:14.168513
8293,25103,27,6a01fd9d3a185d7c30a50845af423da8759ccd9c135e1cf0fe512a6db27675270c1e9f0e2783e743eb0a4d840bce2c75bf02fc5d30f51f24830fd0a358e8f479,2026-03-18 07:03:30.181719
8294,25230,27,65109b224c3a050d86e3721f3bd5a85e08ad298eed653724e19c59738c4e53f2d513ef414aabb3952a1a883c1b6c1980a929e5cb65d522b52d7045143ad0f55c,2026-03-18 07:03:45.076526
8296,35600,28,aa83e0bb572644d50551ec3cab0bcebe54837bc73ec4b3c0af4128e1a8068efe78d4f7a8da694ed18e8e88ac7f9f70c260f3058c8eb26696ff89d73eb0a8eb79,2026-03-18 07:04:38.981274
8297,17865,28,15557b7d65dcb0d83dea2595a39828a2984c51abe053ee8fcf581ba3562fc0030633856a9767752e73686fbc2326f05cc6a593e510ddb220a6dcd45e9ae9e309,2026-03-18 07:04:44.311951
8298,17944,28,66626a20bb95d9ce06d4673a07caae978ffbcbe5311d4854f7f4fd4bce3d5b5549195faa91157aa5c77eb5a9ac4b316eec054ed122320d8d1deb6b2d30a7b0d0,2026-03-18 07:05:14.376433
8299,25371,28,eac3ce1b5755e54aaabdb15f8cc0307d9417a50e67116162d28dcabc1622f6ca3829ac772ff88a3121528da8775ce8fc72eda74311e02be67a7d50f5989e63ab,2026-03-18 07:05:43.428688
8300,27212,28,6d167c1aa1bdb271e36488ecc2b4393ec460e4e2917346e70d0742764ad4e41f5fd6a234f3a1c9652ac6af2be329b9d7bf3acb4c56c9b832502e2254c9bf6378,2026-03-18 07:06:06.329929
8301,19746,28,147c6943bda2692ed344cee59f625b186b479b4d395a55699fd97b782b57035930f320f9e3220273c67ad6fe94358d00ec54304d544909fd33c549592fd8fab5,2026-03-18 07:06:28.247503
8302,17773,28,a3f5a0c4bcb112e07825c795faae78f027f98477eeb892553ac0739f429841789bc15893a83f6dfd0ef00fd5daf73894040552368425c0ead289957287f1f7df,2026-03-18 07:06:43.699595
8303,18262,28,531fd7efb340ef4e590da68f84636273a87b4d4352ba6b6345e07fd3e717e09a4e5b1adc6b47da379d28d87ffbe642b33b22611234de1fcf0433442c4f076c03,2026-03-18 07:06:56.073846
8304,18039,28,ea9472cdfbf86a4fddb2447922d16be8caf373f126ba6ca8fcd7d2c88d9eb71e5ab7746c4ee28839d314485a45b06f093cb611375d959b486fd1fa6de58ac341,2026-03-18 07:07:06.065439
8305,17839,28,0ebf8b8d078e2dcdee4e63862f9a62487f3144ffabdf8c96a1353b7e1769f85fe17306db32de1bd66c374106d3b83e142d01e8d952ca72fcd188c8a5ab3d072a,2026-03-18 07:07:16.772215
8306,20106,28,650444644a80ed1d736b56aca928202ff3aec84ee07ee8ea592e5cd80ab15a12e2883a3ce802bdd0da40614e44115865c1677be2c66d35e7d929ec63cebfb17b,2026-03-18 07:07:29.941116
8307,21492,28,4616f3fe03450d8bff507285d780833953c27a9cffc34982089d59332941f28ffed320fda135a8ee557d2f168c5a6fd3fc2dd3a6b6a9c14edb367caf87bccf0a,2026-03-18 07:07:42.855908
8308,23536,28,a9a3ab66d6f4ee9386e85a76be27c5ed40e07b75e91be409aaea9274bc18283cc3ed58a863e658795f0fd39d26dbd2e712321f10bb7dff7679461a2a17a4d6f3,2026-03-18 07:08:00.266427
8309,21656,28,fb1a7ec6c4a35b8e11b1c85cb4c1be36a7f6bbb39f804344523766a061ae98f264865b27ba300b8bf2539d9cb8748a365529a52689b11db468922a93ca67a6a2,2026-03-18 07:08:09.613456
8310,21504,28,8905ae2f7775b1f56065f544da024f66cefbcc1e84a2393c27e582b75069936d6b88a46d92d46ce4e9921217ca900c7c606de304a46d0cb32249a6cd4dcdcbb1,2026-03-18 07:08:21.39463
8311,17768,28,7e519081d9135ec899c91d22d33e46c92790361a7942643f13e71a36a49b8c3fc1383cb92ab0b8b6aa76e00cc413a5a02509a787bd634de090d12f768bec3f2f,2026-03-18 07:08:30.536758
8312,21746,28,f63ce660d4e9ae94ae097ff4822e495aeebd6d993e2ce62b1b0ae2b76e428f8112022b2a85d214b87daed33d329dab0b00b57e132d409ee94f81478fb13bd909,2026-03-18 07:08:44.888136
8313,19821,28,92604cbf4e230cbe91f17a58b25340a05c2056c4515c34c79ce2a299ae02adee878b02a2241e19257e208103707d5778722d54a52060cd2fccf084914c2a4e4a,2026-03-18 07:08:54.027911
8314,17766,28,46af981b64042439f3707cdbd144b1895737371fdaa5208f267c62838578363eead77ae56985773f964e53143a4fa6260280ad14574bb23077dcab616ebe96b2,2026-03-18 07:09:02.838494
8315,21624,28,4a0eaa1ae81ba57a1d7aa5150cded291fbd78a32b357d0da47458f1ea073a35a7d51d7ddbb34ccfe74bf2e351272bbe2480c674494df14b5a341916e6575520e,2026-03-18 07:09:18.965049
8316,19961,28,a09606220cb1d50de9735c0154b141217bf8a3f6b3806394f35326ffd1bd61e3b091df13f07a65b4de6f728e720252a34ad3c639cca1895afaa0c21cff24ab36,2026-03-18 07:09:28.639261
8317,18119,28,e43a97e9bca09ab96e733ab47df3addb3ade99bd2eba2c50db29396ffa2b23a2fedda789c12ceed88c6c59bbc88422d4f048acdc66b9cc1d3b1840b3a8c64669,2026-03-18 07:09:38.098688
8318,20017,28,24085f021e3459026798f00e7f4c9b92ea8dd86288f23fa88c107551d6d540c4da422b41fb9c21227b4efcb689be03332a273e3342c706ae61993596c680ea4a,2026-03-18 07:09:52.7747
8319,20148,28,1ba81130816d720cdb89e6051604bac1cafa8e79b6206a4443a5cbac8114d946cef64cb64a6a5a6c527c612737cb4e8acfccd1dfc111ff70379cbb1307d07b69,2026-03-18 07:10:03.44024
8320,21573,28,bfe876b47ba6088710ccdcae5349eb916b97ef876e82bee04103a67ab117a9b2b6cc1f043e520a8afd7e03252a8dae5b8137c7a5bab6854bbeb19f89a69a24f8,2026-03-18 07:10:16.867255
8321,20606,28,62d06571ae770f2fbaf288cdf6993b2eef458970c2995691583d6174c7fb7bf2c77e552eac3a78fe9d0a73a7faea8932301ac7bca6c8fb3998004cb86b916610,2026-03-18 07:10:27.757497
8322,23333,28,9bbe318c44f51306c4c7fab88c51380554c0abbf44ea5c866746a4ce23334b833b9a8d31efac752c8c750b5791b3928c39b30f37ef753c778c2903a0d2064989,2026-03-18 07:10:42.032166
8323,22258,28,aa3d283b71d527b1f9013d42eff41b6245689d1ae80f33e275ca2589c59fc06af54c0dae6f9db85d7930372ae195184b4ba2eca5a1d9a4176b2c7ee6678297c5,2026-03-18 07:10:53.316352
8324,21556,28,d9fd7ae2d19babb58ba8177122a46d3db8445bee8312d2d3773edeb705a712c81b43327c6210d2042960011f951044bc6c4ebaea806c3353e8454f0f9a2c0c10,2026-03-18 07:11:04.188267
8325,19748,28,3df8565486c6c75ac09138b88601df555db6cdb675f95247c239b38ae62c9bcf6517999195f818a651ca2dfd70d7016b3e3f157d000d29b00b852adcaed22f17,2026-03-18 07:11:14.853021
8326,17820,28,6fb403acc30b65350a43cb7c6ba0152ae8c6a1afea4a08b0d11232a7b901a72159a6599b9c157ccc7cf4b0271c99af4430dbe9b45cb818c84195e871cf164011,2026-03-18 07:11:24.775382
8327,20132,28,5423edb2cbfdd6121ca414bfad54b3cf40297d8da0ef8a9045c270aca43b7a15a412fb7b964e0fa9db7570da67d042edfd8699401fa0a21e01869cea01830e6d,2026-03-18 07:11:38.419248
8328,19736,28,edc29325a51f743f026062793512f0c29c03fbf3efad80172dab38fef6ed5660f6a6e6427879ba4f5ffc2c22ef8948779456fde3c8defb4c3590018ea32320b1,2026-03-18 07:11:48.802384
8329,19584,28,1ffbc401dfeae3ad0a9ee349d0238c0ce52c1bebdfadf8d32a0bb4aa410a3d01cd11c944681d2d99ebba34b454d46bc04630dd327e60a34fe2dcb309e8b1a896,2026-03-18 07:12:00.28974
8330,19830,28,50097e89389c8441898456ddbbfd0e95fc809d5606f6bc886b6c350d37c11978676a69348294fc630694f24fc028ee6042218035dd85cb7bd0a226e7c5b2220b,2026-03-18 07:12:12.262568
8331,19740,28,1ed6379dc3d2262b48ef6bcf2ac14894fc0f9a791353fb1eaae455ccf18241c2d28a546f79b9f3f698f0ebfd3652305297640a6eb1239ecfda1e4dee599a0c72,2026-03-18 07:12:23.153709
8332,23341,28,59eae7aa432598c40e90be262b431eb7d101e255868268d1450a9f5a111c750a4233e8b644f9918e661318610d1bd4c04b1f3ee966712ef584f1d1aac438ebd5,2026-03-18 07:12:38.015422
8333,19886,28,d773a42f412f9ca239165142c2569a8771e7c016c668c36d8eff48e6195a676eaf3fcb7f516f2f013cec16b0a8ea53258a620c7d151a47506ca266a5497ac5e5,2026-03-18 07:12:45.673916
8334,20072,28,4bfde255a95e1f30ca61b96939c807423f5ebd2a05e50368a5c15097dac69f9740df8e626c116584e6d5009eea0b105af007a93af00507f9d21202e33f3712a6,2026-03-18 07:12:57.324217
8335,21520,28,55d9b7af83c0d19830216580401e8010ddf6ea2245a41d81e2fc7c09f5edd09dcb0a92cd8c1e598267b556db3e248f041a07fb81fd7725ec389e70882499388d,2026-03-18 07:13:11.397878
8336,19858,28,9cc184b2ef66eb97fde20a554b9f8ef703f2090d53df83624b16871156382eb7d77fce916bd867ac5c7f0f35bda04c064b2c3f12fb048b184138110e88e095b0,2026-03-18 07:13:21.251134
8337,19765,28,da205828b3b2c0fabff9551fb7216aca1428d1f91166e2b5983548507a7f07980d4a65908bf0636af566edad603d0395f5572eea2ae1aac694763257ebbb9bea,2026-03-18 07:13:32.94576
8338,19875,28,43296b0b22cc44ad1dbcf4fbbd4a216d4de8d1003624662bcf47470766f5c832d102f570662135e53b92ffd2cf9b1b8dc5e98be09d99c9c29f82edf9368b4f23,2026-03-18 07:13:44.514756
8339,22129,28,cdfe295b1ed232eb8ce67549e525247f4822e005758558f1f97a1b345d11017098960c625dafd6daff9101bafc60ffd902dd31d6a8851723668464b26aedac04,2026-03-18 07:13:58.424872
8340,17862,28,101fa592e7631869593d6c335d31bbe22ae22574f1646588a9ec6c1a78a575d5ec3ab8c33b8af25b908a0b5af8e13d6b783ce5b98971a2a9e7711a01ceac03b4,2026-03-18 07:14:06.475989
8341,19718,28,739d843ba623c12fdae704d304b3b870033d7111452ee92710aad5b56a3d4e66bb85b7e3ec7dc0cf4a0872872ea818f3c4403fd9f3ea03ecbc03c12ec39f3913,2026-03-18 07:14:20.558444
8342,25548,28,585f3067c3daca03c6ee1e26802f9c7bb543ea3e3da87192f3c275ac89b88ae82a062ce1dafaf6ea1d4cee418e8a29979a9dd0e0529bce605c077da7a7c66bdf,2026-03-18 07:14:38.184924
8343,26116,28,30af7d03e120729e91416178d223a7770d630fe135a44c4c4f800a3c9e302e20216b7c3194222c287a1a5b56ca8637c42c7b92c05d834bdae451950faea92434,2026-03-18 07:14:50.796105
8344,27118,28,ee1f09a50b59e2f24110c46b939f298a975d3b0cbcd61a933b9600ca30ed86b7989bdb3b5b6ff47d3236d0c198c09d5e1c1827ad3bab7e28f1034973e68fdb82,2026-03-18 07:15:03.023424
8345,27184,28,cc42583fbf6232cb4c4967f2a5ea61096d4aab11af4571145040fe325e352e65469a017b505967835cdd503654c6ac13e452f3ae32a148b030424411e3056bcc,2026-03-18 07:15:17.65962
8346,23451,28,af4883ff135fa0be50f1b9b0029e7121a86ff1992203d3900ebb81aada60bd370776523f4c610e4dec43487e47ad474386d5aebd78b5b8bd39888072ab394c01,2026-03-18 07:15:27.263534
8347,27154,28,79f418722b4d96d5fda2bcefe8eb7cadaf73bb44ebcb29e856b55a094e185d334168efdd889175bd0f0e75e376840c68a5b1efdb72666cf65d66f46a029be3dc,2026-03-18 07:15:43.031705
8348,25372,28,2a1c91fc2756be2ee3961ae233237a272eb77cac81b8ebd62943c9d5b1105cc460f1cf5e2a0a5909bd1faff0130dad3a0d98a58e4c44df28eec75a0f3b365829,2026-03-18 07:15:54.787618
8349,27155,28,d9725339df5986065336ae97099b46ffcab3de184e039f65e28d8bc426abc2f0a96eb0211b0e4db4faea1984281959578b9cebd744749bc58ebc55127e06b2ac,2026-03-18 07:16:08.753694
8350,27205,28,dd3a8cd1ba8266fb3cd1f5c695c53cb24f6859217b6744a7442c916933ccd90c6021412da5cdbeb3491d0d35208ce33d4654a8290d4c822fddac3106bb72ff3c,2026-03-18 07:16:22.026639
8351,25389,28,9f4ac560c09f5b21acddaf2306d4ce644ac8b5f4d7b985ed8c56c2f0397699c615a8868160011247d4054fa03180dfc86b237d50c00f5d435ce927ab015b5060,2026-03-18 07:16:33.38328
8352,27215,28,0f7f8df96d02a7e6b01e74347a17d062ebe3e55ea623621b9658edce1ff595024602ae26d55cb186e6450906cdbaafab4bf9d61a8633d597285c8f99930a2493,2026-03-18 07:16:48.520221
8353,25657,28,68244f66b86a9237b32d453dd35fcfbfa19cf51a3c8cba5c58623e66a9820f31dbd65620fab9715f30efbc48cb5764c24acd887de1f37b6e6a27004e3b61c125,2026-03-18 07:17:00.057528
8354,27110,28,7892abbeeae8c4e41b2a9db4854761b2a2ad5ba1984e4db6796d6464d560959d2cc4adfc7eee17386cfbe602e54bc7de388cc3999d99ae3f5f3084b306163f25,2026-03-18 07:17:13.689218
8355,27105,28,5be30bd72f85850f2b7c0c36df280e353d376b2e4478a9bc6471eef8ca5179806c3565b4e6ad1b107ce4ffb7f2c1b734e7216c6d45b1194b460232fe01b60cab,2026-03-18 07:17:27.122731
8356,27162,28,d9159858fbb8691e52996918f9df7045671e6782f6f08530afa8e224c8de2bd90d81127b17ae69ca15d11a832323a66e65f47ebbc5f9dbe52f887e8a94d147b5,2026-03-18 07:17:39.570461
8357,27154,28,d7528f867d2c2e5bb3a50dda169709259f5d25f4b71b3fa7909308a7c4ff01f2aea9d1d28c058bebe1e531c934228a530ca6f7cf46d2fb02fa311144693e86bc,2026-03-18 07:17:53.011673
8358,23506,28,eccee74572f6ddbfb717f04d92abd13588187289f18ec4c654a5bbe33a52fa3874de7645483352266c9c0a1ce2ea3554447a8f4e0b6620ed09b25858593ee9f9,2026-03-18 07:18:03.085625
8359,23756,28,be6702a3d9b20517fbc33ae1a1b1887d35d08c4c267fb70e279695a806cbbf0c421e0eb882fa8ccfcac742ae07fb59ec2653a82fa9279426b5e153635bd3009b,2026-03-18 07:18:16.533315
8360,19576,28,af02387cfaf62d7b00c56ddf15ebeb730885b69405214af6ec1ed90af71e2663f3ee7dae358bd568920e9ec822e21deef8be79cb5a985242229e6b17be37d42c,2026-03-18 07:18:25.73998
9080,3207,28,7c8716fba7fc0f334aab0c402efe63af7d8c2334d860124cc3688479ff40f92c871d152b41572c415c5e6e138598073d0eb067b77061dd6bb96dea3c58fbf3a4,2026-03-21 14:34:17.40474
9138,35554,28,023f38f583106c2b353b306d5014821a57c984cda76e49c65d40b3e1904c2f356375e98f32fc12887f4f507eb138127dbec959d6505bad5ef98edd4afee6b687,2026-03-21 23:59:40.576274
9178,4990,28,7b6c8dad0612478744ab661bfb6c482a48742736ea2f9efa5d2d430e2c96b2d326fed9c75995aabb79f5ba727b948822d88c25935129e0c160d2753915244c24,2026-03-22 14:23:42.190846
9244,8502,28,b8fcfeb48f21e7b9a49deff0b1ca44497f9c6bd3f2ba072f24be6ce7f63330e4a277b7cd51ce024ee656bf8a4a59dba0b9f65d98dae27f7f082a24937ab0bcef,2026-03-22 16:49:23.997527
9305,28378,28,2a0aba8aeb0528b13192574c23cf9b26e82943dead7e2467847abd69da1fff1c0c9c8ae4292ddfbad195f69fdb0a427a97581f71e8ed7d340968607af49218c0,2026-03-22 20:54:43.802906
9364,23319,28,2c3b9bccdec98893cd00051e68e3991a4e8b8d17077461f062b7e25e644d674641c92bb0bb8ba7d34d046fae127e62c92877741bbe760acebf140f2e8e733321,2026-03-22 22:12:20.622885
9400,59963,28,609dabf5f0c36718dbff4be320ab6e78e4af30443a7d2d130a74b1f2c9b33a90ba26448546cafeba5fa9347ff31af293585f9df0a1a8913b88fcb051b530ab1a,2026-03-23 22:55:00.36352
9436,59568,28,5db2955fe74f0a5af2d44066364f850cf25c6509ab063b9502a1f3a9b4548fb1c92ad70d69a3befd940382aba33271385b60e7c5a0192fb2e3a2b0bf1263bb86,2026-03-24 05:23:40.385829
9483,22610,28,f12b9948125ad2abd8f66d9a806be159290f39bcfabe2374525b89e21a0cfd53fb1b535e6730e4de4a710ac7d0c9bffe815cefbbb6a253b534138497b8887a17,2026-03-24 14:12:47.160229
9538,59964,28,fbaf4e5acb4ca01431ab4c33c9d94a9925405b779b9168e64e09283d7cb330d88286fe489e27bb41d33d75c5bf3910a2c9d0d099dd4a16cd2559b320a8086d4c,2026-03-24 19:52:47.97789
9740,9292,28,8926009aa847c86cfe3cd9c5fd4bcb35c48c5964368e669bb7822ea3a8c76a1cbb333d97784100776f5ced297b13cdc9787d008aa9b37f6d5d6ba6214179e350,2026-03-24 22:38:31.033294
9752,6868,28,5b1ee62805c55c9f9076b0ed75076665372072f64cc6766a69b445bb895e8c976206cede0210ffd7a3ef02f243caf1a95ed451ef00faa489e413c0489304782b,2026-03-24 22:38:40.534463
9790,59901,28,67f521f6bf63f0e049c192f97c3a230ae5b1fd78a811a490231790935c76cc072450290b4a823e4a23b88ba2589787112fa78e9f8e0231e5a56bce4a3cf194a5,2026-03-25 11:03:24.40588
9837,17752,28,db38bceea36b7fdffee4fa8ce54d93f1bf6bfad06322b38cd531846e8d35c0c05dace9271896e0edff034dfdc245144b0fb63a71ea40265c0c1b9ba70e35b62c,2026-03-25 14:49:56.280694
9879,46942,28,d164a52479b1e2a641f8034edd33138c95c2c0a2888a58ed892d31859e951a878ddf969cbf10e5a2ed11a3aa9f1b5370674d006e76e2f374db5b106f49f4532e,2026-03-25 21:37:37.918707
9880,1879,28,71b0d2b4ab7df82ffef079366af8cff170099b2a39992b1e9df0f7b58e947307d17a5b002c19aa91a5c0935f8c23b34d6205bdea28e28af0e722955897efa2da,2026-03-25 21:37:42.55656
9903,59970,28,a46ec2093e5e80e8ae12e32091e7050f270e5f91a0c8c37ab2a6f1dcb7cdefcc746b5f93e5fe9f641ebd4e40c2a36e22eb8ad6406f937428a5d09bb9eb9551d6,2026-03-26 09:23:08.204841
9906,59988,28,3507622d97071e089a3c3370e1b8d54774e992b214641ecfcc425af0b9fb456515dc4b541b3fcbf4c25f03876545d5fadcef6dfc6fb4d4b07861ee5602ac7c90,2026-03-26 09:25:08.171996
9965,60032,28,e1a126c8563f91f3922306efb1e4b1e526fe61463ed24c4c1179c989b3b5e7c306cf627a894d7a2a3d34808541e7a995b480f9e190e789020274af02cc9951ca,2026-03-27 01:01:33.963878
9977,27517,28,3627bb638a74c1d5a3e2f9599786d4636c94ec14c58676dfa90ef4504668e90a6c644a749a3468e055aff8cf65eb9e22a250ec0680813baa41f8048ba71b3f95,2026-03-27 14:19:50.47702
9989,23994,28,d361327678db6691a066845665a0304f0e50be10a5d17b9aa0c1366589de2c3b8e5ecce3a68d2ecdb974c1242a2e68b9593609313c3f933833c49dc268b66876,2026-03-27 14:20:39.716861
10030,10571,28,c6a73917a6575948310e4a074ed0cbb362c27c82b571fe0ab1ea34251b74850f8b2f9eead6d993bf1d2bbc53ae5741e2e0d1052f12bc8069b5b9437721774edf,2026-03-27 14:53:26.424159
10036,59938,28,f74cb478e5a07d75b7b3e07c5094b999b6f9dff7c7d6f7366defbbfea0843cede3f5ce5f6f071027ffc684bcb9abe9b1ef5876824592c9ea1c5fcbade8236e6f,2026-03-27 20:19:17.916726
10039,59953,28,4bc7d6bc28b123a43f0709cd07fef8157538ea995c66a0eda7da7d05b2691c753d4265f0a98ac896250ee6c6bbbb45bcd643fab2716aab6e4c227753a108f6f4,2026-03-27 20:21:26.79695
10080,59901,28,4c093641a8dbdf4272aba09a885e2ef4e803464d4e0ad60f8f7c9f390ab5f8b63a46d3ee827144ab4fb3422f61709a08aafa3fd7b6b928f307fa0eeab8696045,2026-03-28 08:35:43.073726
10118,20815,28,33f1f6a66fdfc5cb65714a750d8c432fe5ce0c05370d6c1a60b0192167d3ad8ca7bee14306fe6b9c94e80785b7af3f8709b576c6baaa392769e51dc285141e9b,2026-03-28 14:33:58.617459
10120,18631,28,bd4de77b75c4fc9c4dcb94c8fc8c626f127b694b52aa0dfeacb2768ea20ead492a06c9c775092c020bb23af081211a639c64b31443dc85eafb46184e816e4e66,2026-03-28 14:34:04.336451
10162,13264,28,4a2313ca04daa145b5a92ff3e2c4b2f51c9d2e74c22270852474533478b0132a4a4fbcaecf1ef0c7bcdb857ba53625ad487f14128bb0a8cad3d7b24996edc132,2026-03-28 23:41:27.778978
10195,28030,28,19f1c18a9756c7176ba3b71be738c156c7af12806534d19ab07e2ebcad481469d1e2bda8389a2c4425e5cbb87afbfdb6766d72e18a7b24b71a40de06c0eb1fbd,2026-03-29 14:39:54.951358
10231,25016,28,d5b3812f9b80ef218608dff7cb79febc908fd7426ae1eed7353832fbad5a66a4a954ee2b8e9243cd4bb50ecaa53e2f6c5df0741bfe766810e8eef0ba80e8bbe5,2026-03-29 15:01:51.759172
10233,17054,28,b4df173acd9f764328f98ba5e24e0ee12ff97e4fbc7172675d4c6acac6ade277f7a957b7bbff06548ea9cfbd831cefd49cf70109d899014bb80d6ad54a27ddb4,2026-03-29 15:02:13.966654
10254,46934,28,759414ca7e50de0fb90dd7753fbf272c659b51edfbff2becf7904f274956fc820646dd15aafb14a48748847b72cda942823f65d6f4830584450caa05331eae96,2026-03-29 20:43:14.818281
10268,59940,28,b6b31f620226cf913fbb8c944d6af7793809ef2a2915d072e9ee102bdb5d4545f152b99e203e14debe1443e88d47a3afca4b835c4bb004788874ac80ab2ec712,2026-03-30 01:42:16.186517
10280,11036,28,1793a2abcf53faa4f260ba27b31ff2b680e811810a2aabb99540c41cfa2c4f37f9b221e304516221f3937a6bb1226789bf98133aef566a4600cabd5a426d3a9c,2026-03-30 02:23:38.519752
10289,59955,28,72275d6c2107b3fea2f931cba33a3ea012b9803aa6848627c6bcf04238ef77712aee339b32542924194760f322ad4540c13efc7af7eefb89551843fd648d92d3,2026-03-30 04:13:40.260752
10297,59964,28,cdb6cc579c170e7dbffd21b98e9c387f61199b951c34d4590f96ed66c0318d473f854e8dfe1ea9522948a41192d275988c6d33acb16fbf70f5867d122b5a17c4,2026-03-30 07:15:05.557786
10302,59987,28,a93e8c28452cf34005f9085f4f06f8cfd481bd2862cf7307091882fc9593ae5970e3709827df156528983bb8152c0b1bd3fa3b84daf5b4949245b0f536e752aa,2026-03-30 08:14:13.717033
10307,59988,28,c6b01a70fb1329dd22148988f6bbe00458b8f13185d0b520b76129115e88c77fb3d75a19a336333373516f35037d3d5199814531ab2536872ef5696920a26743,2026-03-30 10:57:41.199227
10311,13963,28,b4248046de117e1a28bb30a3104e6824372578fabf82a4ecde104fe53637f6f3f22d8e981a26db2c2870577e4ef8427f3365fbc75ac10131e540f5334f641172,2026-03-30 13:33:15.138651
10315,21120,28,00da5d01a3bd416941204b387fbedea5cfae798dcf5f72deaecabe2ca3e25c735b3bb6caed5fbd195703904fa2c6e3e560229b34863d6dc25336316b4fd615c2,2026-03-30 14:29:26.262937
10318,21943,28,08901f22d05f5fa3eeac671c6a2557be99811d5a9c3b2f27399388f13fb4d5bd6d1bbef9baeec025a61567745aa3fd753a7938e145b5bc7bee004b2f672c876e,2026-03-30 14:30:00.180444
10320,17393,28,a1bc22cdda0975176f0e4e346d5ffe28f59f350b700b9be860eb91122eaa7edd863114b167bafeabc533792ff44ba12c84db7b92541a0f2ef257c92cc401e988,2026-03-30 14:30:26.131958
10321,20495,28,c807c3143d6cef98b452a5ae0e3bde0789a11165cb22149d8f91a16e8ec3b2ffd003e82206302cd784b2517653bc2a7af529d2887a9e12807af1da88bf8a67c6,2026-03-30 14:30:31.130062
8361,20378,28,80f3dbad10a3c5c157ba267baefff280d671787dffba580cb81a1c744462b88d8c6f6f8a8a7abd51778136efb27f226cb4e92d04fd2979161a2a49e3441cda8c,2026-03-18 07:18:59.809034
8362,21646,28,40daf6f46636f57b44747f94f256825e45f4a76c104947bb4c44966d4e9651fe7a9e56e018639cb430e79071c37029fc3aea3fa15eb5c1610917b6a18f3529df,2026-03-18 07:19:08.518092
8363,21631,28,9e579c4fd3a2b571b15ff1d64d5d70b8e236094097e8fd8a3b0dddde8866c4cd84c11ce8147c4a897809a7f2d99e88fb3166502326e779742c6e8adfe34104f4,2026-03-18 07:19:19.470911
8364,21648,28,9677fedf2d1d668b8561dc909ca07eb79a7b4277a4d371f4ad75f6190e4b16f411939d466a4aaa72211ffe2eefb396a6c1481cd80d1cae6d07750d93473d92c2,2026-03-18 07:19:33.637564
8365,19739,28,3f489b507110ad6ba158cb1375b4aab85c469eaf28547490ef2efb35ed4471fea6f9f19240d0b9b5efb84002c5996f16368dbd450b2eebe74265282f57a9a93a,2026-03-18 07:19:43.4352
8366,23338,28,f87e122b9c5eb38a63d352921d01145adc384981b9a23a32e46c836875d843105deaafe130555958cdb15ab14c85860d627547da19afb5e347052f8d93566ca1,2026-03-18 07:19:58.723154
8367,21926,28,c3853371792b7a2e18e7b937ef216ac1942b5c2ff7dc1a3400d1d95c9227fb0ddacd092d2dee8039cd39524aa005f52d1263dc802e61b33b7cc9fed2c3f8d9d5,2026-03-18 07:20:09.588586
8368,19767,28,10f4aef1fc851b946f7fdb32ee865d29538f19956234fc7c34238a13b842aa15b366a696823f39e3348fb90314a5e62badfda3607bd6c2cb74f91e5d4f21d917,2026-03-18 07:20:19.101116
8369,17872,28,fbf26b4a11a40ac50d4c43616661e74dd77c05eeb3262cc47635fe2fd6d0cbb8355d78cf0fafb740d3ea9f83636a1ddcd730acdc7e516d8effe5404f20f3f764,2026-03-18 07:20:30.085356
8370,20098,28,678c4228ec36b51d8e242869c00d72f021d7f727c34cd653614afc515898be728cebb699d1bbbcd6603818708b7078eb63d21b99d7a370d8c3a9f198ddf44650,2026-03-18 07:20:44.007976
8371,21640,28,3cea61dba7fca0ce6bfa4d08bdda98e6a82b5bb125e273596370380ec9d5379eb6d3eba9ce1a0613b3d479c751bf039027b147420cf64f797b875f18e14bd8ee,2026-03-18 07:20:56.021501
8372,20376,28,0284457b79e75ddc4dd0339653c97bf911a7a8e7352266f08fca9150dc4e3badad273a521aa0347e9257f284ca2f00870bfc91ba5d8d17d1d722e0a8949e303b,2026-03-18 07:21:06.886091
8373,19723,28,5ee304ffc9ab47ca7811cf76f73ea668a61bc604715c692eeedcafa03d63950534f7ed224edbf4d00fdb77fdc915e1fc9e7ef144470b1207484d8045b025790f,2026-03-18 07:21:17.42409
8374,21543,28,66a8448960f059f2460fabe067e34f2cbb39e26563a6a4f6de793c7f1440be34589e7cbea875e109be95f4cac991194107214a1f21373e5cf2c414630bf67867,2026-03-18 07:21:32.036934
8375,17874,28,1d20bfcde36d149609825338027961160cbb9264e5c1bc9143f2f7ed2e784060662354bbcdba13b4b4f3cc6cbd39b36a8ae259cec6b2823cae3dca9b08bacfb6,2026-03-18 07:21:39.630238
8376,23387,28,ba22b414c8cf9674a359b6f3937426c85488efcade76b1191c1b58dc0ca9fca045083b71879c1eadd66865c1b9317b512be6fdad39a7a83e91165bc8f7afa883,2026-03-18 07:21:57.78971
8377,21456,28,00bfe1e2d84e30b19f961143f3a449bd4e48107a0e9766b61c9790528a604544166ebd2e208baf4a39ca82f033e21d41d4ccdf03e3963d20ec53778c1753de0c,2026-03-18 07:22:06.95653
8378,18387,28,a6ffe0ec98471d060693d6c68d2088afa99ec8269e62d483435a275b10a02e68f8cefa243e44e3c78279da8665c2da76b3d9ae9403d44f1c072a7f646729bd36,2026-03-18 07:22:15.896874
8379,21840,28,8a5d2824888913212e3da55cd0587a5689251fc50ad2b89a5c896bb19ba4af5420a2fa4a4a05570f4f1f99ec7f8e377d920ba4a3f607a636b29d11461d14ceba,2026-03-18 07:22:32.366826
8380,21626,28,c2bce4110179f2735d7db3ff628a7895c2a008933cce3a128e36a5344b365d2ffee4247ff0804b571108bfdfb660536bcd30b59d1e65f9f5011e5a6f3d7679ad,2026-03-18 07:22:42.621528
8381,19568,28,f9d3b10ffa2381b3397deab881ed66e7ce85a10c56033363e89c0569cb97b3384790d6924238554f372a4232a621c3ccb4918deb769cc330165700e3940bd82a,2026-03-18 07:22:51.911812
8382,23443,28,d68c506c89b568523d326198cb3158bb8a590153717e5111c1b1cf168031c415a11b89fa4e29943a911bfec099e7d68321bcda57a5f0012b839c0ded22b459a0,2026-03-18 07:23:08.175046
8383,21449,28,130adde535d2d097bfd610fe111bcd22bba301292637f4a92a22308488fec58211759d11af5346ef986985ba1b110906fe5c0a315522ffed7f2726687664920a,2026-03-18 07:23:17.488535
8384,19751,28,c914b05bb612bfe10ba3dc791b388c1816555263ac6643d9245e9e5a46ca206281e7d1b20c190cf6562891f46a3afa1b5e45188e04947320232ca6a02dd0640b,2026-03-18 07:23:26.767965
8385,19602,28,007d077b74a60c9acf26b70d62d441c3621825b3a55fa7b3840fc95040b04ddf2a778f99df184a8a89819cfcd7c378bfcbd039f3833ed42ce445423f13f49825,2026-03-18 07:23:39.908205
8386,19893,28,77ee7c580f6cd5840b3e7de6564e2d87447a511af445404a5e1ae4fce05d9e33fb3e2176405fa43d669667070fd023d3c27e92150cd3fef3bfc19a76d014b0f1,2026-03-18 07:23:50.79196
8387,19754,28,7361920f367918760fbd0097b350eef4e9815296911494f07e5b5a0c1cadcb1f3870f1bb0e36734a1bcba37f25816ea6058942e9435a805d8a31d98a360dabb2,2026-03-18 07:24:02.326651
8388,17913,28,ce13d4d65db9b25509583ad369704db31800ef4ec79ea352053954436cef3ceab7a59118899542fc91385c2f72dacddbb7bd12eaa11ed16436bcd6d70126dcf4,2026-03-18 07:24:12.313914
8389,21466,28,3e477de2dab730637e0783a841ac28520e50a22c3f98ddec2fdce11bfd3ac98140dfa4307ee80c4302803a2ed264ba37968b85130e2dc4105648738e8a55b99a,2026-03-18 07:24:27.153653
8390,23334,28,8bc22a6c656dbdb02b07bec173cbe9b5c7de9c61e0999aa7eb25977e0b40e20f7fc0017c7cb8c827cd1332685c15650dd3468352058db289b1ea5315038339ff,2026-03-18 07:24:39.688939
8391,19886,28,bbece52b91b775bf9d3605f7ebc255d8e98c6b2bbb6bbd7e75bc5fa325bc0a7841fb03d7e6e020026417b67060c8f6344ff31b6939b8e74cbf285d844449ec42,2026-03-18 07:24:47.237422
8392,21626,28,f5cf75de7ad2828ae8292cc2ba782c66f3e72b9b7cb8672651343561c9e7592d3b932d699f31f50130687e2b86205eec0cb84b97f3144d104449d15b2ff4457c,2026-03-18 07:25:02.945536
8393,21721,28,2efb99939c4debfe7a0208c0d80e3f39fb932f063e81cd69f5480e6d4ebfbce3eef2d69dd49f45ee2f737ff1dc2697c5eb10653e158a3053d5894a11a502d2cc,2026-03-18 07:25:16.42394
8394,21451,28,5c654608774c2aa71c5b11b2dcbc44bbf6b88b6f90569c379d38e9506fc3d0b61ca488d024f946a464c834290bf0e11f296bd6d8af7ccbfb8ce6b346ece7d274,2026-03-18 07:25:27.848581
8395,17939,28,65d6c47dafcbe1ae8d49cd8470883592ac4aa1dd756a225686589f395616c87efcfd27fb8ae8ce51f0da974ea657739fee8ea48085cddd5dc4a52476167a44e7,2026-03-18 07:25:35.997832
8396,21467,28,f49532ddf98df2cbcf14f6164aac6e98965817f023ea9f8ebf8cde0ed380e4a6087486edbe050aa327f1a02233043dd98a940ec3de66b1a7a5a358360cdde6f0,2026-03-18 07:25:53.100654
8397,21448,28,ca6e0becd1693dbe84768b2753a722970aa04dd35bc942bde46e630d1d5273bf2ddc6c77c7f22793ced360e4f139330b83a0f5f71032b8946e9db20a53e2b017,2026-03-18 07:26:04.03861
8398,19780,28,e04983d0879e1c04cf4896f9a04cae8ff445f5ba262d535473610006092d6ccacc81b1273d20c9e88581ccea6bcf45287ad2e9dde6ce2d2169f2177f40655c7e,2026-03-18 07:26:14.541597
8399,20482,28,3b37b580082f615cbe188468008e53ff51a5b3b1ffd636ad78804f73a9715f7d202cb57b762c8ea399823261321a8588e03809f239a24346da56b4ad12d5b139,2026-03-18 07:26:27.944375
8400,18512,28,b6432fb8b0dc6385c8d56fa652619a4b47d0f846856723b0532d4cb038c6ec54207dd9e4532a24fe2b1bee13abbd608b6c43c7616c22d88da414e24562fbe1dc,2026-03-18 07:26:59.604008
8401,19585,28,8250ed04aec99352d9bd875f2509637cf0c33578610d3a7133516b0b8126ef905af6c4e015d201345d00d6711332bc65a116f15d01e1f0ea3409d0349981b345,2026-03-18 07:27:00.335205
8402,24589,28,9e5e177bb038c19ccdb9ef42de330c56633e78e2b72c22123aaa1e5a722001d1e83c51fed084b85dfaa2f52c9f5d06d1db9435bc385d6c193d4e77ff63f8dee5,2026-03-18 07:27:10.137384
8403,17786,28,d21d4cbaf16da641d2111098c1a9b1be9cdaef696b4321469812cb161f743ffed307c720c0e1550b78cadf09c2ff1bfe04486e66635583280d223658a3b5545f,2026-03-18 07:27:21.100533
8404,35911,28,a4ac40b596e905b7e4c93ed4b6886c6a129def098a39773d27ffeaf61141073a92ab1c149ce4b4dbcb0f604cd4adcf159344628330727c830fc63d931abdd2fa,2026-03-18 07:27:22.168779
8405,18265,28,cf65e6407c99a5b08e3da1770c21a26a8586691126553eb17fc62c1469b0cf6ebaa7c8402104d276561504403c7cbe3f0cae16bd079a6d4f96bff966e416f192,2026-03-18 07:27:44.283594
8406,20124,28,8f1f4c20a147a1f0ba84dbddd4db7183fb48b0f8c8f4cfac0bed06741f723f485e65a74cb464e87ad5ae5978c7b8b3fe1d74210f3f2aeebe726457d84c7d5702,2026-03-18 07:27:46.048925
8407,21694,28,487de18c871a135edb5d508f45094d50a53a07db1c85d8fb83530ad9a98554818015ba885013759db149ad755669cdb15eafa28f51529b582c4a86f35953baa5,2026-03-18 07:28:09.120983
8408,21461,28,6093583d378d7ee95b88f70237cad2715b1772c257ff3766ea7b15b8295d7b101bb23b0bf9446dab5eb34ccf98b72512bb990ef49c9ad9273af4d3dfe9b7fcf7,2026-03-18 07:28:50.199394
8416,21538,28,83e7c40e7430037944a9e406215f26e8f3dd1e29a87c5521bf7c7623df6a40d4cdff8e10870d94bbdddc58e464f6bc6de40dc4d0f7509df26108c9c484a22448,2026-03-18 07:30:29.591234
8420,21940,28,e9acc8ef46b18b8bdfcea156b31c8d21926a481df9697cbbb2a6744ebefbd4ad3a6da37c5356d58f107835c5a2d3f444203397c9c33c7e0134a68aae7c536990,2026-03-18 07:31:16.510667
8424,19706,28,3c93d94efb27b1d57fb66b823c7acf7907126c00448c6efb2942385f4754ffd04e75bafdbdc13fce324c9139afbf4fc1f618f242c4b5bd80a01bf5811ec6e715,2026-03-18 07:32:11.536327
9081,2575,28,64bf110a6ffb0b45cd881e3545858ec01804cb9618e633d962fcb3fc8d0a2b1fdee75b4535e2ff9f96511d6d65c3401e438844ea82967beb616e9c8783665e05,2026-03-21 14:42:19.309081
9085,27749,28,58d10a89b169746945007b35a4e22df144f2b9f192e9d57700564e4bb09278bcaced778db8854f32815f344120fe8e2d43b116316f098d4522b7c9cfc6acf44c,2026-03-21 14:43:16.425539
9087,22067,28,0d51cc3899e0da66c7a7b42c7a024ac13dd7d94fb67cf506a2e4616645e9910d35148bc00fbefd2a0f08131dbdb6d00d60d2b5dfcc947418afa30a5ca72d3825,2026-03-21 14:43:25.158503
9089,14354,28,2178a9ef850a8b3fccbe9beba61f0f35701dfd135a1ef9431e4a065991725724554f641b7f93d37f451452b9035971b729f35a2191173f612b208e2bb48a25f6,2026-03-21 14:43:33.31203
9139,32216,28,cc5a05dcf51b4373ecf2498e286d37444b28b293741b58f59d389a03e3f3d86928c6d1e789b95acbda54955a3d52f557e8c9769efbcf995c2e9ed2f714b931d2,2026-03-22 00:48:19.925424
9182,16865,28,15b9e9d9e555d2b90441a3c80e23805db876978c6482247ad0e2ed8839430c765d8ab8415ae56d6511304da2a94ad399bee0bbce85362a084e0cf07c38102643,2026-03-22 14:27:22.384085
9245,32158,28,e6eb407fe3636b2ef2c03125a682761310cd287bfe18f6ba63354f8bc895c0fa6201ed4aaa8f767bcf2451dace4ab7287aa42f119450e68aa0cb2ceb9fd0b31d,2026-03-22 16:49:40.752881
9306,13583,28,573cbb23f16bbd9a9c8e66acdfec0466b91a4ce7739aedd7efc2e6bb6d3644abb8c258fd7bb0c79c15f224d335d8ee473ffe59b1d1b240728e1ff99284b58b35,2026-03-22 20:54:59.24939
9307,24676,28,a3f3447da4f5f25183520b909813e59fc9496148757f838089239602f8f515d070699c7b2aeb73c91ff7901c5b81c2e2ac1f3846d93a989e7c03ccf1c427dcb5,2026-03-22 20:55:11.709472
9310,22760,28,23bf9e46532b64908ee5328f43e8744bc4dd3fa4ddfecd6b94c9e805a39a11f5ed0c9b8b010e01e87bce16c8e6655ce98c39bbc75d4427af1fce3a9e3937b1b8,2026-03-22 20:55:35.923519
9365,45912,28,b3bcb84fd8fe1fd513a405590d7c6079189f8bbadbdbb09f905e000fb073c483c5a6d79c46ad3d3e302873878c8ad6ea063545299c8d8c8570206f8bca36c1f4,2026-03-22 22:39:09.128471
9401,59807,28,98865f9e790290b52c7c0dbdb8162e813a34abaeb09dec4da2c456afe80d96d181b80c6b7ba0f4c2e7746736a43cbd339dba223f63ee5db034715a640ab4f7ad,2026-03-23 22:57:04.5212
9437,59936,28,b73e18449107f9d87c71eaa2b1ebc6dfb04dfd739d4ff13a2506814c42bf35a586cc2885a1c9f81033f374f14bce241ec39895af83a1ee0adef545e8b6907277,2026-03-24 05:32:06.668681
9484,26204,28,67599e1d02149bc59e82da539a2d589cbf27f2a4fdf2b5c049993a58173ae6a1d40c380660422fa5757205f0bd8c2f3d5af8da13dda3b222e2db6ab885f4931e,2026-03-24 14:12:48.807097
9486,27761,28,821a94705fdb0c387cb7ec63bb369687d8a3b0a668692465291112b3ea8d436e5cd4d9cc54db6169c041cb81f14b6d2143690b0a9b5910c97576e5e9cdb5013a,2026-03-24 14:12:57.839892
9491,25039,28,721dceb07c48e6f63d73e368cf2ae41996b6cb63795cab95a3f475a7c84125fdd46b253242815c443af3447c5e1e2aafdbc47a3e12d5cd0c8423f7deef3a9aff,2026-03-24 14:14:18.068449
9498,21850,28,732c2e6b1cfa3b5dae8c9b5fd16c45bf497e8dd2711c591925216135712a55ab69eeb5d1bb79fcbd3d9fc40a691e66c8bb8eb49b2d94ddd332786393108afb51,2026-03-24 14:15:35.048184
9539,59936,28,f689eba4dc5972a47311db870c863604407c7c53be3137a3ad2224ff99073ba8c43eb5d9011191db04e9f8521271b97b0e7aeaa02c30218e4a2fc8af9a38f7a2,2026-03-24 19:52:49.834129
9739,14522,28,1ad295cd74a2192a90ebd378a96bcc939e0a4232349abfaa0bcda416286aff2f0ef3834319ef1a7b0f91b4971064aa7f8793324bc0c373410ef57e5b8cf37386,2026-03-24 22:38:31.21309
9741,7799,28,bd6efe5a69da59a4451afd95af877d9ec53580bdc083019a821ff8950fb69aa93327a68cff0924e1bd27b9f7326781d0b055a2765948c5d441fb3f05326a03ec,2026-03-24 22:38:32.277666
9753,36953,28,461c1953bd63b9347202660b5984da7545c7553751362a4450afd3ea049bcff6ebde541c0d543271d915ccabcdffa69090c9964f6b818ead2b3c49e7452efaa0,2026-03-24 22:38:40.676378
9755,31740,28,b368d9685cc783f739aa11539cab03a858ba542af1ba97e4b37643c85cc81ca2ada63ec9a34795feb67e07848717b990842d4d5d81b14acac7a6b3b0e40e2c86,2026-03-24 22:38:42.373031
9791,59937,28,8cc3ecd514a37790b4b2867a4311f8a81de18575be4c3f213bb4e407d4827c244104f9075c1b91afe3b1fb742de17c402d001fabb2366f203b331d8909a1a2f0,2026-03-25 11:21:18.484245
9792,59917,28,af8c1356be34287919eb9b4c166e9e6c12760dd55ca96989507cf853e1671d5a1861e17b7fc0609a208ec0a07919ccc1f1917dec9672daef9f91015ba43c31e5,2026-03-25 11:21:20.60772
9840,2611,28,0b3dac7955f8979f3ca6b83a7d9c257e4a04f34d67ffa4a640aff7ed37a567e3dcac6b21e0cabce0b473f3184156df70430d8e4d9353770e3ca763629ce421e0,2026-03-25 14:51:26.999724
9881,8944,28,c31944b5941ce25e536bf674d6d3e04c6799c2bbf507dd17a382037c5551d72436a2e7a4cb1822c2eafd995cc6aa7f43dff72d2ec43221d4e93ecc1f56969ca7,2026-03-25 21:42:50.066006
9882,59762,28,07c7b9ed9862956f14e88817383ea449c03ff05bf0423f7779804764f1b75deb16c643fb577c11e0153203a7deb87192958a2afcbb4a784775ec1aed405ea16b,2026-03-25 21:46:36.301148
9905,59986,28,1a4eb7d90a532883b99d4b47c2472635fc811822c34c46a9c1752435e34d4aea7470fdec3209f1afbf8ecce14286a97a7ffc034625946b9a61598a77c7544b3c,2026-03-26 09:24:06.733115
9966,59973,28,68982ca6428adcc24d6c72d11d44ec432ba0f4fa9c845c14722f1ca651c98bfa31d5496ac7bd3a8abcaec252474db2a8f01ce0a6ca7ac23c7b495f8d99ea10a3,2026-03-27 01:08:26.254582
9978,28272,28,b442407cca01d77c2e81f1942f472d552fbf5f6cf53840935739a6f130098ae5e68ca5d9beceee953e48b1aef1c36289031d225f9c10aac61699c6993d3c5ce2,2026-03-27 14:19:50.949216
9980,27863,28,17e8c2f26d4dc1637967269b79855587c439468e4327fe11e01b1aa390f699e86c3b563458871a5966be4a0b4e3c551e61766d46aa2fd54d9a3f7b8acfcad5a4,2026-03-27 14:19:54.784427
9981,26268,28,33e616638774baa7b9d44813319ee7788f63995f045ddd87a992548b8c3b7a5fd6a826ff6edbc266674623d7241c40abdae4ec8c40761652e05b272b5031a9c4,2026-03-27 14:20:00.779525
9983,19653,28,f7a3a2169157719c86a0191bea41f2cccf5827f2c4cfecabe7372f575eac856e122bc0f17c21c19d4f9acd5a296aa8fe42ee437e804a1a384bab03232ef1fc7f,2026-03-27 14:20:17.426748
9985,28330,28,0a7ac92b83b4b02664676897331793128561ff89c877d9c61433706dcbac5cc30de8225f2a577af8e607e56b5f7ea6f0ae8477d8fff1206dde31318a9c109aaa,2026-03-27 14:20:21.129268
9988,25463,28,a11feb5106dddf44b954f2a031b97a61d4f7f56d51cf35fd0354d5637d5fd028be6fac071850f60547eddb71b43b323b33cbe726101fcd0b8e927459bcee27c0,2026-03-27 14:20:28.705477
9996,14425,28,ee28dd586681de410e52f5937f70aa75c8d52ef2e2e3d3ceac036b88dfb91958c2f5e910d27f380bcbe0b6108511829de6f5bff8ee7fe6e68586ec65ecc9e0dd,2026-03-27 14:22:12.425448
10037,59985,28,4863da950cc6c679d51ca092034801c3332c00ccb7a25301fa70b483fe71e60cf67d2d97342457027f4610f10cb3b03a4c3751d80d5c0d23be5c2a1481f33eac,2026-03-27 20:20:00.93604
10038,60009,28,820f3842e99a79305e575d492835049ec6c707bd2a7b7b975d44c94b667425f67401b09614e82ba4974bb4472e1dc4128d9864aff720b8d369e35cda503c9bc7,2026-03-27 20:20:43.806799
10043,59964,28,39b26eee89d30c5a1cdc7a5456d43f3dc021a4fcdafd1881ab8c44fc8c69ccfb19d2607390a6d4cc697ea3307c0aa3abc4d6d1ecb07dd50434e70f90ce24a0ef,2026-03-27 20:24:18.936415
8409,19604,28,2b7afbc4e981fdda19af6fe8aab2b59e0d4a2097960770d25b06bff38e4e334f144eadf22a479a3c8df33ed1c97d0e3d3d03dec78fece4ddfa8537bf829be0d8,2026-03-18 07:29:13.082626
9082,26647,28,9ddbf42827b668e80f736bcdc7cf54b06fae6b72b2f7ccc9a4619f8cbeeb4ccfd7ab4e4b6847a9dd6fcf42b0609d418b0c08db5abfb75ca12aab9d6255f73b21,2026-03-21 14:42:55.561025
9083,23315,28,6a96f10c8e687f8c30fd14ebe7e29bff0e4c6e88157a6184975ce494d39a469612466933909d4761b58aff81988eb44b55716fc7708ece2d5a7092461f69bc0b,2026-03-21 14:43:07.860255
9140,43189,28,b4276325c570da3dbf8bc24525ad2dbc8c2170d16ee9a99741a71f27f3b84a74643bc2dddeacc63a092ec9917a15ddcf87d84f5f1e37ac1a96aef743c92df9b1,2026-03-22 03:02:50.827798
9183,18053,28,f373148482f367a760d244b39530db75c7885ba4198921525d9bb0cd65987b3324c6e8e8539595bdf26a1938a636472e78dadbac5103a6a0cd1b8765ae848ae9,2026-03-22 14:32:07.127218
9246,2905,28,b67d1fcd002e39d18d2a5ed4ca5b8e5806c93e14973f12dbda51b3214f464f2d96e21506f429c485358c11653e1417c41506f8a0c78f8bb88697ff8da40d3767,2026-03-22 16:56:00.690126
9308,15192,28,fa033287f45ae5229a44150849191f2f1c9d50144bfac3b7b1988b3758c2310bede9588ed099f58aef02c010b3877eb932afa9d7af40d8dcda63729a3e51f20c,2026-03-22 20:55:19.210888
9312,16398,28,d543da22e3e9833145981ee2364a493dd6f3fac45b9a218f4bff43fd20522fe6fbe8cab84669095f6ce4ba0697d3beed1dfc4b8902e0cc1d6ba6788a41b26b10,2026-03-22 20:55:42.328938
9366,29013,28,a2d3d96babacef26298e3cbb2b81b48669d7e5ad5b7c406f4532eb47d7a3bdf4ca7bda01dfd480de56f338e5e3b1ec460b7eabbbb8315109b1b4837211d1866a,2026-03-22 22:51:15.475517
9402,59952,28,1c2ff6ca84e164ff7837e6d6c81bedb60b8410fea2ebdd4020f9df7ea4b463d3ce10666f5d47fc71129fefdbeec64bede209dd9e4c24091ec5339f0b869365e8,2026-03-23 22:57:08.251427
9438,59964,28,945f12f0ca8428c37485d3cb3047a0f3cdc489087c1311bc039f2c501b2c5250232e00d0810431783aea7f795afa4f792e24918dee753779a0711f6dae23b4cc,2026-03-24 05:38:54.152168
9485,29555,28,fa502b30320e9f30a240b2b26adf9e7dce7c8261607e5379930613c716b9180c0022418586b3341581f0d4dc2814d8cf246f5115dd7c674a2a3b31f03263526f,2026-03-24 14:12:50.817283
9540,31657,28,958a2a11b03e0104ee1f80ec728fc819a520bd119c494e675e49671504cbf028513bdda83e5cd383d3d9206ecb37b3be20a0be9d542b1f5b61b77e107c1fca2a,2026-03-24 21:27:55.877442
9744,34509,28,f37930af98dad43206866077577cc656520719aad46c71284ab363e176fa0f45fa36ecfe8dbf4e38fa77dbfd5fac10ccf4ddba23f10ecf142bc72fbbddee3b2a,2026-03-24 22:38:34.191786
9793,11930,28,868ac6389f617490ecc3f53ccfe98c9a6a57fc09cbc8e82d7230cec6eb280e8c734a52b51d6db807364a590ea209c817aec9f9578d14bcc9d2f97633bd93f15e,2026-03-25 11:33:29.776424
9842,10251,28,5ff165ceb72df7f98ae4ac3f070c57b112688c5a62fb39fd09611d4663e128d7991bef335be3d61f974589eb6ce2eb6641e855d3568da86c876f7142f7290bcd,2026-03-25 14:54:09.707219
9844,28530,28,0b87c1e527bd250690035f404e48624fb1b95b9a2e1de87c41c1a418918b3333447c5ccc634feaa76236b719f221a74de85565e9e3364dda866d101f073abb6b,2026-03-25 14:54:44.659539
9883,59859,28,2c5b959b05dba84647a168cc96e69f1728ee232e96aa42820f2011ab2c884a9f96e35e6e1f4aad0e3811466a2c8ff38e61cf00fa10f01ef3a782139f5ae5d1dc,2026-03-25 22:00:05.970848
9908,11417,28,4d7883a10eead765ff5f22744d0112f95c1ce2eb52a0958514cf03eed4795c843c3579ea7360766215163d25db94122280565843e2be57061c14b1ca52bb685b,2026-03-26 14:06:58.652897
9910,18576,28,056f91a580dd5f7b4754abe1816a9b4d50979b58f8d92d131f31a9659547767e79b043ce189179ca263515c5091d75fb22d49778709d88a1f15f3e5cbf14fafc,2026-03-26 14:07:08.474253
9914,9036,28,f402e22fe43d2a4e8fd4add91f56156371d2ad5989f4399c97957878f5564bba3adb9cd8e1760ac5903f214f20bc06b34244d5d71944c131ce7fd7b078051813,2026-03-26 14:08:29.893636
9967,59951,28,c50df32740f8f28cd8c90d23d398bfa8a2c3a010f7877bc50d98b32f61a4ab11f75db386a01dc5b4a12942e643f650b3cb52b0e09c0ed8b69f54c17c9e5f79f0,2026-03-27 01:12:15.618912
9968,60020,28,d3b1aa39b3360b951f0941f482bf582d10e4bdb643645ef3eae050b1a6a26355ed5270befa5bf4002989f48eaa702070a93e1b9d4c05c7cab522a4a6c69e1f78,2026-03-27 01:12:29.304492
9979,23043,28,04fc0061b5bc9a53c03d527e1aee36f6143a175964c75e21498a226ba16966ba923d6eb2ea7a6f78adeb9ff8179970ee6a3eaa99f038b587832f8448a0bd0bab,2026-03-27 14:19:52.397775
10040,59933,28,36125fd9e0877c928a6922422b5180ee048d558df59934063a0c27194f2035a79b2ec519b69c32fa9f52f95d141f59014d7cf87daa7cb77d47d801e13e30b8f6,2026-03-27 20:22:09.880907
10081,59986,28,2924a407949613c1ddd0abdcb969102be208cfdbffd9f2181ba194b780e2e5e9b71c5a776ad6405a043be51ef3e42d8e42a1954ebd2236d7f149389c1d06fb41,2026-03-28 08:36:32.967261
10119,25790,28,36db240fa32d6fa399a731c5e28527bb89be8fb0d82ba7f82c45b9d329ea315500c028b46269f8de1da990400e06639660e7219f42e5cc6361c1033954205306,2026-03-28 14:34:01.467454
10163,59925,28,ab9730654b0b6b7904e4299ee1dbcdd86b47dcd43c8908afc947712e2a9ec0447b41e7ed8d1989e6bba9aee6206e693bec52efc2f0aaeb0ceb5ed2afeb9220e1,2026-03-29 02:06:36.88817
10198,18155,28,18e67c39802a256af71ca8765e8fad0657fae4f3a3639b33f030aca4bff69886b3033060ba4980536ab8a7c20b6aa325942a88e17f7cea1d4e0b6072755f774b,2026-03-29 14:40:13.240324
10202,6762,28,92d30ed52b7939d0e92c0cbc291940537859dba4797f31d650faf5964526d949f8dbcc96f9269d2fbf299b47b4af3c181587c87d705f09a02d647b024955bb20,2026-03-29 14:40:19.833827
10214,18895,28,b59b937d725a95c10964334804cf6f880c094729bce5182366cc8d1242f87e21c7a17531fec5ef04741b085e6213e3c8360b33d450fa3982bf237521ed0435f1,2026-03-29 14:42:01.340631
10232,14669,28,d7483fc39b90739377e9ca46bed9effe4f534dcb70f1526e84ee59877656668507ea5b4b57fd2166f5a711738c0a54de3f2f9633a31c3478b0af450471801b49,2026-03-29 15:02:01.554857
10237,13077,28,48bd3f45fa9df37c662b16119d18e24f0e44554aa986e8ddf22d8090044bfba3d2223ef056d82befcac8410b03c37541818bce75c76c16bd3a04e349ffbd5eae,2026-03-29 15:02:27.062599
10255,9981,28,bf6406999ccc389e7091e7308e4707b7e3adf2cfe9de216d01e6859c37b0907b4e199091ef2c1fc6dda14968db4ecbce7a883cb827a964bae97835e36e588900,2026-03-29 21:08:20.88654
10269,42133,28,42db6ed10e80837d8b3fee474ed6ca4317f580ede4d50f06c2aa7629d0c7c730c2edb6be4d7181ccb1ca8ae44cde47bb4eedab2259211edd7aaa9ae1877a1c20,2026-03-30 01:46:25.045651
10282,25346,28,685be0574b0d507ed77935abbb7499962267cbe2f52e10ab0a4278b1a38cc41895a598d0d3ccf2504d84d10a3946f649841e6a6b5322a33f45bf48a237c3ed71,2026-03-30 02:26:43.196396
10290,59951,28,f1e47adf0c264c82ab1710441ebc9d5316404f9774085a901cd535af2b5a7f9dfc6d4dc0249559ec191d6e10101c34b85346d0780121ac70916be067c7682a1c,2026-03-30 06:06:13.363609
10298,59698,28,94130244a5421af0498c11a54a33c7095e4ccb99def835a1bd98b3cedffab427c7fc965fec58f908797fff98561770d9a1198cd96d741a3fb42256ed6ca1ab9d,2026-03-30 07:15:08.015311
10303,59803,28,c21190c4f0c98cbb30adc46e2a953cd325b24bb02d454ab8237ba2fda174f0cc6530282e782223198eec5e07f7841f8b934ef8e6cd06b2b17b205a8f8f618a6c,2026-03-30 08:18:29.326771
10308,61994,28,39900a727ccedca43613102991154d63fe4dd9cc7c4667a08dd1f7e0ae02540b523280f5182cca94dcbd19ffca4d34a3848274cf1e6482491479210b890ca0cb,2026-03-30 11:45:26.991445
10312,926,28,8bf41cd50906901f84fb257a3acf97558be14fcbc735e83467ba4acb787ca9f8fa472086823673944e2c1fb4f63b8683e8bcb0bff69629172815cc4d2e876a0e,2026-03-30 13:58:38.698086
10317,16147,28,63a524c4c6b16e25c4567f930a060c65ae3ded89dc655bf5d0b68ac7407cc2877ac9de693d26f4dbfb0091f7bdfb7cbf4644017adaaff0b4bac8d9eadb4abf87,2026-03-30 14:29:52.8905
10319,20679,28,aee60b5cb171e1aca464656e2221682a70cbef359c4ca1516e01593efe25e8bde16d08f4b86c777cebd7318d4e158ebc5a772df614300f9612f2522eb41a507d,2026-03-30 14:30:23.526481
10322,11478,28,b0340697253a889d72f4816e7fa50d1031eddfcfae6e16b8c42f929b85c99f0e2fee2a4abca1569d7cda9e87088c3d8746edf128c140cc5252dfdd5a9401cd43,2026-03-30 14:30:38.816977
10323,7056,28,19781871121af0f3aff08a5ad5ce94b28d01c608451bb8946a093449099aa017ac8679d0f2137ca8404409c8fcfa1a8c819a593b2cf6c33e81c1cf66257f1771,2026-03-30 14:30:50.131523
8410,21571,28,d0ee0f6d03ab98f4f0d435d6eb2ff274442a25fba1195ae6f347013ec7a30d666e734494e255b0d7cfd0264eb6158f520b2286e91666d42ce6f83caa91b8411a,2026-03-18 07:29:20.087899
9084,27760,28,87a25f279bf022fef99901c0545583679b77f7e5e2dffdfd0e87459dabb419c3671b0a4d7d55e446c8bdf49c0c2fc66dfb18064b03e1da506d78b00ce6f54b15,2026-03-21 14:43:10.35995
9141,41180,28,b1ec5c4ecdc539b4a2e64b536247fe93054bbba8a47b92034cc2f6b181851b2c0db737959661b230e4789a0b0550dbca66308f8587620eae81817082d9c594a8,2026-03-22 03:02:55.315829
9184,17827,28,5498f27038b4c29ca8807727b336559d128db19641fbc7b42d93908ef7734ea664893487df4b4f56b1c575d2dbdb7e5f49b2935d0d9e4586d4e70c924dcf84e7,2026-03-22 14:32:23.284479
9186,15950,28,77dd6cf41fb04e9b5d2cb5e97a66e2b0adf979aa0c285af7b13413dac83a46919100940c94eab18b6062107e78f13c32d10db2aed41a9f861de080594aa71af6,2026-03-22 14:32:34.773265
9192,21234,28,f8823b01d65f98004920bd4b8849952677702bba0e7939d938ce4b63232e5da9899c91becbf64c789831483141aa52c96fab91ed91432a2e3a8680e46e82189c,2026-03-22 14:32:53.975771
9194,10026,28,7c7e3026233acf0d7078951e276522940281b028ccb76c0e2923487b232a5f2b15cc27de2016f2f767b040a50561e991607f58c0ee176d09095e4505a9dd18f8,2026-03-22 14:34:10.139851
9247,14363,28,0489fdf95987ed075e56eaf349f4c34bac0bc234765e5d98729fe79c6f86d1f61a8da76c5a00aabea7aa629dbdefd3a55e421293522d3425bb75873e916f684a,2026-03-22 17:05:13.840139
9309,27121,28,105cc175d2e9871aa10ce5d449e579f3efdc7cb781ec184127d90244c83bfa5f20ff0491b121bfe12403b5828c965c7c3b0709a730872fc8fdfc0061939cfca6,2026-03-22 20:55:26.462401
9311,12147,28,c415f8e0bf58e0db631debf3294aa61f16b68caf0cf09db37b5a9009b9e8dcf5138520d60ebcc42e1540c515ca1ad0cab9f4173eeb33053c4e124171ab93bd10,2026-03-22 20:55:41.626768
9367,24872,28,9889974a893d68cdbc5a8d521ee8b6489b9b456ca4946662928ac78231963f00701afefa4756eee1d9b13d1cef2b5e446206b9069a96e200494723794dcbc2b7,2026-03-22 23:22:49.057884
9403,59841,28,1afdc27f11aaad103e69d926d9a221b24a056396587b2e038fc68ea1801a800299d9ab5a65eac7ea7626e13ee1a40a9b761f602131781df35a876defe8670db0,2026-03-23 23:04:16.771688
9404,60050,28,104a68bd0c46251d0bc06aea1e52bb8a17ed31b2d5927cb9fc01c76b8367df390d974a0779a8ac50a8fb77220e12af06e4f76f091cf429dc4645a12aead2f584,2026-03-23 23:04:45.710712
9439,59978,28,dbdb66d0ddaeb04c79c8768ee35532fc8e186ab472cfbba673989a54219856c25735981e10960879005b1ec3e67b52967f322c0cf80ed41ac1e1ce7cb0dc08a7,2026-03-24 05:39:54.528522
9495,21863,28,9676cf1ea09a05b1e23580c355bf63d6ecaebc66909ddf70ac43249f3b61a89d7c21c19aea025441e41081f8b6aca2e24a2a511d949bd4b36563a8d92f4c6453,2026-03-24 14:14:53.229827
9541,59415,28,9028852971ef81f59db6fb0548405f9902ada7472267163136e5a4a4331f1ec127f628c10c5ca5daf282bf6edb9664a0f62f39a79253f955a8bb0255afa8730d,2026-03-24 21:28:20.772699
9747,59999,28,11053f0155e948c5db6b5698768109660ad05b05e736f911c32b19e1fb73351d9a2bd003bcf71fe161c32e256b5fdffc51685fb0d866e87015d87e12f4fd3b21,2026-03-24 22:38:35.345055
9750,11241,28,5a8a60f127ed5ec2bca1fa46411b5ad8f7fcc7b22cedf49ee10bde0c518e52cd913363af27b8ab4980b77b51018747a61a3a7b82c0835df2983d74a20d779171,2026-03-24 22:38:40.095317
9794,59937,28,c1fde1924d80b46de2401d89e596242a6e3615631c319a75ce0728e4a5f0362f545d2bf1f294a1bdfb9cbf1c7000786b1d40d357f18e140804bcdadc981b42f4,2026-03-25 12:26:05.575046
9843,31391,28,f8e4d67ee1d2234ec4c1480b829e39dc72447b232a1e05e5bffdfd30d721ef4539b4deb46745ed56a12928c719a49ddf5b9dd382d2da7098040049008c4c124a,2026-03-25 14:54:30.483417
9884,59669,28,001d55e19fd2c9c52afdd70c67e679e7156416bc3984cabdf29dd3245f98b90b05ed574a030a9c9ffc38df642366888ccd5f22274dd4695741c967ea7e4185b3,2026-03-25 22:23:51.191795
9909,8739,28,819afd53fa210a27dda4e2073bf384ebcd4450f85922dc357c45435bb78ba2942f85dc51659a40d54d742b40220bba090229de289a1389121e68fa0b075b090e,2026-03-26 14:06:59.732347
9911,23019,28,6db854c461e9681f22b32fcfa7b91056b147f0cbcf5c03497243af49bb4fe9167d2149cdd91eb4d84ab59a149fc85a460c12cc22211d35a0b0f7b0638420e367,2026-03-26 14:07:11.859643
9912,13592,28,d58b60aea54440a426888cfcbfb95794dcb57c927e7307cb3668fe13fc51b41697a92d4ae342708e237c1787d567a26f450ee2185de87961ad68b8e167533ae7,2026-03-26 14:07:34.814577
9913,6295,28,5c3ea40f84a42a78215e9bcd046048ad5e78b6f8080f67c59621e840fb8959aae7ee6473f32bc61400ebf73b2c1339a0e2846039bbde40e2419fdb7c27d57fb2,2026-03-26 14:08:17.452952
9969,13823,28,d2da3f35c86d3bd8c770cf3f8cdcbb0d17663b94f578e3ea84895032109599584314fe131c8b5afb041b00a3f1bafc3c559705aa688e2f3122e6efb237f23918,2026-03-27 01:13:08.838745
9970,11381,28,8130ab66426d37efa4dea0874ca05e7275ece5798e5ef667c3b54708dd52384a6e4a46b5bd4319d88a6a60ca173d4d879114d9e1277ea57eb2f68138be1b1cbd,2026-03-27 01:13:42.689394
9982,25916,28,c4fd129afdfaacb3c8205c7200b268f7ed35aeee128fa1f67ea0578118ca5f120e548193f447e3348ce76ded1fd5445a5ee0e7043d8625032c5cc77d920f05c1,2026-03-27 14:20:05.542881
9986,23557,28,2df1346c9b90dad10e0cf99ed020b1a24a9eb1899faeb92bd1a4ab22af0b050279cbe24f602307d8fc0f0fc39f5a8721dfbf389049fba36a90825d67cf530f94,2026-03-27 14:20:21.218392
9990,24751,28,3d560b24f107e8365a19eba8c5d0678b5647f892aefbab41d8ce9cac3e0d99b754d9b94aa32c9fed0e334f975e8d8dfdcd30228de1b2b130c75f39a162a5f8fe,2026-03-27 14:20:40.045221
9993,25584,28,f41188bc725016b076bed7612dff4f92695193871f4f5e460541d5ffd14de47dd881d5b88a197547bd2297b0944e3887e63ce9cc94ea515b7e107ebda02c61ef,2026-03-27 14:21:05.741631
10041,59986,28,71e4ee9854d5e85ed53e463665a98bbc0ec3d15876c30575027b224cb8a341562a7f0f8a3af38bd5107730ba2721b728a3e579e9da35fae8710fde9fa1a23920,2026-03-27 20:22:52.792419
10082,59991,28,12f2a65a712b9eb2dee65c2dd386f732f549258ca7ab04b471681a7f75423c1f9c3c7c8f5c5946b3bf39cf66ab62adf876f5f544e18ca53bc64d067bfbb6d8a7,2026-03-28 08:38:07.421333
10121,17027,28,049370c6f2d64cc31e3ccb245fc4f5a92e49318902edf4b5b9ea501c100631fa12f42b6622751020106290ea54df0f55353484e9090a5bbf83eb5c7961659a70,2026-03-28 14:34:05.360793
10164,59989,28,677c6e1274dd0b62d5d71b5e2f2a01e1154cf2e1b0817a23d9133d6d87a70d33b0c35addb155fc89e0c544c65eb4582c279a6f37a153763723742ee501afe057,2026-03-29 02:10:29.449132
10200,16852,28,d2c5932506b63e81bab185a6f75b67208422d047b7afa4bb256a70fd29fa3304c1dd65900ba3fd2c01f9b466ff3bf073140f047d4420450404ee13d7943bf308,2026-03-29 14:40:14.419559
10203,26029,28,b89efe6a7216807ed5aef6be0079314b9515682a9a9a7b7536066fdb1f878674b8a625e9cbe7a34ef831f8f73b6fb69d755115fa287374155964ca350c399c2b,2026-03-29 14:40:28.630066
10204,17979,28,a364983c87b033222325b31d766a5420c709f66770a4679bbca9c747ffeef115f88ddda6392bd82066e901c481279f9bad6a5805213606cd5f1c71a03e88f9bf,2026-03-29 14:40:32.419334
10206,24445,28,df7caa2f9a09f0192bc78389cd4b4468fb6330b627175468eaad42b69fd8bf0010abed8971705583547eb81be8d2e0fb1620226ed2c6ea05380d6e5e588e2ed3,2026-03-29 14:41:13.383312
10236,9656,28,35665cff89a17ea7adf0120d7edbcafb0eb508c0bf2b0d9b485dae38c000ded1c103ed95f7abe04389af9b3dedd2ce47402ed50454539ebc6db87c1eb66a4d7e,2026-03-29 15:02:22.757134
10240,17953,28,bf574f703ebdb0abbef37a583fe8c1b1178801d0880b1f8ee06a0c45d942cba629f56c13cf9f5f67f03dfa8aed28f7afd82588f2fb376c1a634e07e5db9e7b46,2026-03-29 15:05:50.347193
10243,13812,28,e704e6331750048f4992d021fa2fdb8018f6f0f6151b86f73137b204664e41492587ba183ff78e7e07c855ccaaffadd6658d05d324e8d639ffb6ed057216bf22,2026-03-29 15:06:01.109154
10256,13400,28,62484adb86ee3b107656f8202d399ee6ffc9617f638555ef06f6c28f73adc37fdb11996c3d269c9296b5ae0700b32144c82c3459c057f2b1e821bd27e4e0d57b,2026-03-29 21:08:25.267366
10270,58986,28,a9f2c165bcd65b2d42ed2cf36d171ede82e6443306112cfa9bd2787bc6479dd8ae276de221545fe217289e9890c707461ecf8145d152c68294a04a241c0b754e,2026-03-30 01:55:48.268935
10283,59913,28,4e8363c8cc1df1154597767d3ff5af79738cb7a5bf181bdaa5f21629b674de6f0c639d6f223759068e77b013223f202d4454191cd5b08c1d46189ea962be6d1b,2026-03-30 02:37:34.123338
8411,23403,28,7d38f13da96e664ce628529fbca47da5650de8972e471ccdf05d45b4470570fd3460aa50d33e68f2904d4c633a17a0920600a31dbaa8234c25a8dd4837482326,2026-03-18 07:29:40.395436
9086,23460,28,66573e7cf6883eaf9d7cfcd7be9b3d7df8e6fc55a664fcd108d3d0b804191e9614a966f6d64e2a79fb344d31eb7891449b0c459caff6f53f344232e68c1633af,2026-03-21 14:43:24.377646
9101,22052,28,b9fd7d4be29bc34dc433e4fa4ee5e4971d6d15cab9f34f87d073ade0acb2ee7a620155b6a87126ccc9931cf0bd90fa940567f8dab4f71e0dd4ccf2e572adb58f,2026-03-21 14:47:24.752001
9142,14870,28,cc4be86e0db29d50b658d43ab9819b85b4a832f931dd45556c48c891463f241b939eff5dbccbf803545acce43390e61593bed71c56bc602355e3bd782214f017,2026-03-22 03:44:09.846738
9185,11684,28,101312e5df07367221ee181952a815f6666bc3b565d4741e7b0a9f815587d860ef540a75b83e35006fafa56314e7902bd4a9fef682023d52423bc23b7be18140,2026-03-22 14:32:33.398286
9188,22501,28,65cd82b92dd35742a469c3860c5b9574f310c47ac3ea42ece8e9483ff8b7865c6adb26d0656ac43d778a4d85bf18a5b20dedc35945fe9fa9a2057353bb3ad8d9,2026-03-22 14:32:45.375306
9193,13224,28,fb3a992362735a954693e61c64201ce9dccaf2bc3b3962930ef1b2b1304bdca0361ff994665fd33efc01103ecd36b551f199a0af02682d47c728f3b513ab14f3,2026-03-22 14:33:00.413899
9248,35852,28,3caa075d0693e9ecf098f69b5a84db698b282abcd4e2506cde71cef991e2e9b2549c6b3b1cc329c6e3c22b826f2070a895b10034b920f47add526ab05e1f8f60,2026-03-22 17:15:57.706376
9313,14925,28,966b0846ca2514011785cf3ba53bfa1dd8b2e9a56eea84d62eeda61009480cb5f215187e16f51ff6cf18c330cef8a59539b13bdc9b7e169516b499dba5b9f232,2026-03-22 20:55:42.703575
9368,2205,28,6679fa61b4732acd0653dd98ab07b7c696f2112dfb055acb0ac572cc63b06988a2ab2b57c0d7cc40e8f51d918e78a18f05f9790992d3032c41f0ff65a88cf605,2026-03-23 00:27:45.085024
9405,59836,28,d5f04ce6de91f4bae101ea4dec02526609d1d2ca660a7f9782b851d47d8aeb4dc0832308fe5f4db1c3eb3db7c9a4b38dd1663baed0e0cf3ae3f40e04fe9f009d,2026-03-23 23:07:52.204638
9440,59922,28,5615bb5f858e189b7b43370a05ccf6b0c0edb74f353cbb8e2f856934811e25187579e5abc79e41e882862bd23be96331f726a938908ef339d662beac927cd5c6,2026-03-24 05:41:02.384808
9496,19182,28,df68e61f89b424b8b847b17c6ca79c2cd18aadc0c8c18704ef996cea91086fcd86ee871a4f2341ea9d408c0b57c8a3e711074a5046a21ec400fe82da17d0abbd,2026-03-24 14:14:58.958881
9542,59824,28,13720bd06e39c41c945163307aae7053caf3eb72f88daf214a98362122e0c949b61dcb8dab2212f53911d04c33d60bbf3e3ea74887a0f7986a8f968e364f9fc9,2026-03-24 21:28:29.001302
9759,10582,28,1aa617e8972c55cbaf72998d464ebe9ce3a751e39092789674ab5f98084a02e8d0ef2a0fc8a0bc4e7eaac15e0abf908437a5b6c2b28d3063f15f8b9f26100a0f,2026-03-24 22:38:49.008721
9795,59986,28,6f7781acfeac562becc3cc9aa1bd0fdd1914c97af6d9d79b7ddce1423fcc542560fc4a10d9687b5d12eeca1422832d4b1f8e9c1fc6b1066574b7050d95e45853,2026-03-25 12:26:55.560252
9845,24920,28,80ba73ad6d0ce7ea5f05be3d3c18ce606a7ea462ad780698dc64632f6e23143b30d5054683e5ca105c6ba139a1449bd10cfe34d535384efefb6c8d5f8e6837f3,2026-03-25 14:54:54.788497
9847,27932,28,d1f0e9e368cbdd465f7cea8be386e312d07849d9bf17dae552a61364fd9ae111fe61574d5bac9e51fa0ed10d892f653041f24a07b9384397855bb8cac1451366,2026-03-25 14:55:13.99002
9849,25305,28,ff866f0321e7201fa605f2f82234effd1ca3d5b4b303831e1947974f5e9d1149fdaac3ba0110d9dedaf2c7f84d7d5d56ba2bedbd0d543fa13f286a7d4e1726f3,2026-03-25 14:55:24.595689
9851,14474,28,d44f7171ce45aba16c47575d56847e3f13eba77f9e158f851f1b15c6bc3e967e2640d7328cbf5114544c45ebf40686e4a5efaa60c5e5e8c1e3958d9cfdab9e68,2026-03-25 14:59:21.860171
9852,21805,28,0baee707086ed3ad3c77524f2b4467bc6bf39e1d8a71a9eb2dd9fd827957a845e89a7b3052cfe53567629a559796d4280a7461061b911d52fa6f5751bd6b602f,2026-03-25 14:59:23.708097
9885,16702,28,ea476c41123f5230bb813274967a6e91e62f3a2f80067bed6c0ffc540256b41f35c9d3df020713f8cbdf5e2d7a5ca2a46747dfabc690b59645bbaa621bbad9c3,2026-03-25 22:33:54.754008
9886,22194,28,401482601dbdab0e1e5740a7f660aa96f4b429a2b5241d86dcd44a0fa88cc7af5f808a03981c0d16075901bb3ffb16126b2a6ad4a71c982222908567055e42ff,2026-03-25 22:33:56.867051
9915,10154,28,0d6d04265fd766323d0391735e825e75e8622cf4bccc19b513398e868045beddd42ad6a5afaf3cde073101c723614f75e97278895ed9a0c5e6eaa6e45865576c,2026-03-26 14:08:39.083937
9916,24958,28,85799b29dfbfe629447a6a6550701c879ebb140e6dc13fef03c4eee0412c9d573e46af0e1c578298abfbde780df280184074403b236512c0bf2d5c17da392c56,2026-03-26 14:08:50.440476
9917,25662,28,558839a40f942e14356ba256bb1d7c00aa3da3d5d3dc7ba170eadd7f6a31365512eb67839be3f2ece6024c8e6fcbb66a6c8c07b118688811f2ecf85ca511cce4,2026-03-26 14:10:05.364037
9971,14058,28,91a934785ffa33796cebb773b72fea7112f779b16afe4ce1db26828cf14d623faa04455e0319e51d5e1af560ba4d4708fb8f4d0465b1a65fe908de09cb6b9dfb,2026-03-27 01:13:46.48329
9984,27375,28,d8c1381d3b2913e6219d9dbd626ac1861b4d64d337c03a84ce901b7a6a72f475cf1f73a6b24898afe30848294ca220e454764e84b451786cfa590dfc6d20ed24,2026-03-27 14:20:20.999196
9987,27862,28,f76bbc8394be670b62a600c3ded753729418f313914e2f46f6abae4e429fcd4192b76da48651b8c393b405dcb8e1d0461b191546a3446614777cfb2211d99584,2026-03-27 14:20:25.226073
9992,24395,28,2ab156f4c4db8510f92f637384bf10399c1d97c929d926a4c7ccc4bc4c453a4d437e63e3b2f43b8547cf03a008eb72de632fd27756671f9064afe36dfb5838ae,2026-03-27 14:20:51.998487
10042,59316,28,d2283653d2437bfd0724f58a500d73be84d79aa9bfd03adfa1285dd4f1012d9eab9927d068fb8b10e9859078f73f9fd8e52f11091c26a8ac7e9b7287b68dd2fb,2026-03-27 20:23:36.077166
10083,59995,28,61945673f2b0cc89fcd3d0d492d0721bfec46a9e0c9ef9410198b4a664f2ac3455203c1c3a57400ca09ec5d421d8c08b6a7aa9308670495d6414381f240d5b80,2026-03-28 08:38:57.336208
10122,18369,28,384a87eb3f647f163cd644b752044fe4df8a189ec51b276463e0b5db6a9046783d8d5451a72987216555f7e681312c935af3aadd928c0e3ba6a80fb5c87b3d31,2026-03-28 14:34:05.666785
10123,4124,28,17173e3a8c3ba093fc65a85d01162e980b3c7d8dbb93c0a569639704d097342ed78f9f0e93f66c5a035455183fb76a358c3b34ddd44c5a98aeaf916cad7722c8,2026-03-28 14:34:08.37404
10124,15644,28,49673dadb718aab3510308bbc1043005d5c45724e8f03b5b049ded79d02661182a210a9d123c6ba9d72c674e614ba4515a728b40bba6b0099ee90e3e5a37e0bb,2026-03-28 14:34:17.98499
10165,59730,28,5c1a71860dba7f4fd0cf09ba649557bf659dbfab757167bee8c54f593dbc87444c6fb54db683fb535d02848121967c1944525a26436d392ef2a42a1df9679714,2026-03-29 02:39:14.260858
10166,31366,28,498829a3140113269385b7a30ad50f59efdd276b6895e589184a59134c5de2e9b3b32070e8a6bdb9b38c2e51860fb7d8deef1a65565926024c9f069f7541aa33,2026-03-29 02:40:01.483634
10207,30319,28,4de3c3b8e7b70143bbfa960898f791f25d206ea5b3968331d481b76ffcfa17848c155499bc268a860875764a1f84e0b3c9e72567a5fac8e57360bdb3e63177a2,2026-03-29 14:41:15.285423
10210,21431,28,8ce2b0a5988f573275e60b0595c187e63eeab5e75077476bdaabcdb6b3c0afb56bbaccd33d823ba70916d8053e2c60e9bc26a7268692c4efa9bec8e5804576ab,2026-03-29 14:41:38.171223
10212,21619,28,57383b52c8007f6421fd3a4c148a9bdb42bf3d422c74b690d74006582f34af7d5a7f6267d630c2e47ce928be30c9ab414ac28672d55fedbb391e4bb5d3b27a65,2026-03-29 14:41:39.999804
10239,13801,28,e05e28b7af32488cd7e647d5ea64a31aa3ef641eecb599f50c562d81eea033de58a3042d8edbc3b158399cb2fd621aae7c4fd25e3f30df6738dd2bb8bb6f6430,2026-03-29 15:03:05.740366
10257,32188,28,f46f72588383ecd677dd0af780a4ec71fc2092eeb05a258f2bf97103cecd8a7572e295f9e0ebecc8128efa28b76a1dcce4f95cb9da96928a9c55fec1182e102d,2026-03-29 21:38:21.863936
10272,9906,28,4465ac702cb549da1a9217ec9c1b05922a6feda1448b11fc716329c7717c1947ee89f1a7f90d1a68351efd53e9a4984702cc9ad219d4574eb9a512ff7fa2a0ef,2026-03-30 02:05:16.451148
10273,11447,28,78a586b859a77694097e6a1fd3022c61a2aeb4e4abebe08790fb792bd533f4d7cbbaaad6486bc06d0462b3efe523c65d8bf47c09a1200bf81e74abd5faebb6b0,2026-03-30 02:05:31.966404
10274,10377,28,ed270a349683a592980674bd4255e1dec83a904d4a2db4b304db9c5b56bbc4c607472b5ca730f760cef59a532e1ec3a66c19a34684d2d0db675da7bb6ae62748,2026-03-30 02:05:33.961853
8412,18637,28,a50055bde9767401035ef14ecb89201bfcecda3558d5e317f470963d3da5cb02f9fd2b2d821060ce783499948160e4bc6bbdb2cd21c2061cc4a7af5d42e533bc,2026-03-18 07:29:41.288541
8413,21508,28,8672abe1488a87c6b6cd49ff5e7b2fb767246cbfbf37b5fd62a9d1b28a9615dbdb25fe853586b982d8ed950c4d6a9e2eccdcc1c80c5c4b26d1362c27f34b19d2,2026-03-18 07:30:02.479277
8414,19984,28,8011570cd88a6f2b29716de1c743de90c5b8e646753dbb86949d8930a73d86d947055e85e501b0bf51390200887a90f2b8cb68bdf79fd27ab4ee49b98e76ef71,2026-03-18 07:30:04.967991
8415,23109,28,940b060d34908592b7bc4cd59753ca5be812d654dfdcb817391344c707402345d31dbf936efa386a0d7f7274248f102e9358ecb0e821997ee966dfe0273dce16,2026-03-18 07:30:28.648428
8417,21563,28,13a36aa8299d8f66520e5cec6fa87bb5fce05e14d0906711811972b55ada6b664cc26021aff6636f4cd7b681f5e54367b0ade2c4f3d36cb000f4e5e9300fc9ff,2026-03-18 07:30:45.718643
8418,19787,28,b3f21484e3612a18fc69ba2535219fb28dd211d4654d7c6a9e52b286a56a2701863284da6a07ee33e905b63ed8f527a58f2d7405adfda8fa2511543c3264f6f3,2026-03-18 07:30:51.464531
8419,23681,28,3dd91226e05ebf4e87f5739b5b6a82dacbb79d5f5d458749cafafda3319b8357b36278f7da60a89c7d3a1005e3e86c7e086b4b7feb5aa95f22c7effd3292d0ce,2026-03-18 07:31:12.664393
8421,21799,28,80fc9f4f13c16facd32da8bd23e14a1358b5baa45bb2b5737eaeaf3a848aea3c043f571550ee1d64cb0d99942371dc383eef289bce3c6adb3026e1b9830180e0,2026-03-18 07:31:33.906994
8422,19631,28,bad4e899943406adfaff2e398e17ea037c27a96dc5800934a26cf2a9958bdb3ba43ba0b46043cc125788fd13a7753fbaf14fb38be80815f074a7480cdd8b86cc,2026-03-18 07:31:35.696149
8423,19609,28,4eaec391a745ac136bba198100788600d5bdde342415982d1c114d562ce2e866d90a0149f1498d156f2914df2cec8826e2d472be0bf8fbc38871055c6a1f6ddb,2026-03-18 07:31:56.65884
8425,23534,28,fe14e6713ae85522e07378cd098c312f84bfdaf1af413293ac9f7f1bf682e435ec2104f05e22f646eb639e5b51fa077ea7d03fb5bf0089d8784d1ae8193916a1,2026-03-18 07:32:23.528741
8426,19970,28,ac68250b19d911ca1d1f75a4f8f6019b03bedc66f1603750c0d8a6dbd67099ee84295f42a782e88716222dc75688fb0b1c61c0550652e3b8b3f305a81a1e7079,2026-03-18 07:32:34.615997
8427,21719,28,7fddf68f2b9959b1029ac01b8e6e86d9abf76ea8516f182fb9e13a08d678e58871e5611a779ed029864cf154d520939c970413ec2996df36d7f36306e2cd7b96,2026-03-18 07:32:53.35394
8428,21451,28,c6a3194514b3b85cd434e901c95d518587f236741a777b94c73ecad3c1bd5bbd864931b7c93c9c62da022b0dbff883219304629e23312ec22b4017c2bda3f092,2026-03-18 07:32:59.551156
8429,19906,28,55a46cfa86187d9960a6c47bd4ad1769025f556d0f8e0d858455955e35e9745c9864fe2b024eb028547f7b91b1d51fc823717f33bbef93fef1b47db1f2a348ee,2026-03-18 07:33:16.791238
8430,21947,28,61a009ad3e1abcd5e3d963fb9dc9b410bc51f9768ae4ed8efddae02f46b277074b526b7d9e97a89c2905c938435d102e3f4ddf6ee7a2a6d2cc60e0082cf3f372,2026-03-18 07:33:24.718501
8431,21464,28,bfc47239cede7c6b95a2644b62d3b90dd519eca4375e0812126c1d5b02f69ee1123a74f4d836d24cb9fe408aa2dd8b573422b0c22ebf6f5babd46b2989e5f1a6,2026-03-18 07:33:36.878055
8432,19605,28,496614cd965204482b66938a139afefb3c193f2321c560302d6b31c494298e2861623ecbc89ad0df98aad5aa54773116dd95c4256aeadc59237abfe8a721ee70,2026-03-18 07:33:39.631723
8433,19876,28,9a631b337ebf0cecac3721b1191657db1cdddea28b92b5332fd0dd9b9e746ef49fe0e7e39a9a705387bba7bbbe0e8af8581a5283f5e86c9c8ad64fb52e871bf8,2026-03-18 07:34:00.067475
8434,21524,28,e5270504731aa6d883d9ca00d6f44032c8eb0f1b8d05af5aba679dff1a636595596acce38128fcd1dc85334511f72dfe99bbf2f2001c8f9e7671162356c97492,2026-03-18 07:34:24.878731
8435,23503,28,367416bb41caac1e9cc5ed1efc6a37f16c7ea7d73cb758dae5b920e47cdba0b5c380b1f5ceab57005b4b01161a753ab73b7e340ffb1864121f2427c27e967d50,2026-03-18 07:34:52.006442
8436,20488,28,f6061af38ae82786710a3fc8147c966194e277c7882faad185c74f7c4d03a85e50d2c7e4c94966760dd057c3db8a86317757cc3644fcd2aca4de90c002a9921b,2026-03-18 07:35:16.054275
8437,18194,28,f977be0744341ea9ed994b08090ab990395d4a1f26784ac26e1cc860b2d21b234bd4715312a16c327487ed363734680f38178ff1ddbcc786e9cdf1cb7afec8e2,2026-03-18 07:35:43.152392
8438,25803,28,600a7e2b6db3480fe5a465e909ce587740b2bccaf993ed85f26d5db71399b43dffbaa97272e76363a85556ce655ecb245a55f9c0b0ec23e72015f301cfb6a1d8,2026-03-18 07:35:59.119631
8439,27105,28,73877e82129e9880708827c3674d7df624e2a9573c63c6a189ca039fb13b3d7f232f6cedad5d862d460d85720c33cc06bb745fa7c0fadede4ccd1b64ae68a788,2026-03-18 07:36:12.125682
8440,27102,28,58cbab6cfa5f3364e23ff3bf6dc40cf3db92aff540a7efa31a676cddf9b15fcf590376d0661299d08550be880562020b3cd968ccf566075804458f0bb55a205b,2026-03-18 07:36:25.025816
8441,27210,28,ec2b0594b90554d96d5b9008cea65c7af8ec3545917b05cc53958c97d9b91a36e83ba70bd58c1bb02aab38ae0907b7a0743251cde1a7e55a22c061cb301c350d,2026-03-18 07:36:39.141651
8442,23452,28,0bdc864b0a4e76cf9ac3b1db1159cb5f028bf4960ab7f023917ec0cd6f51ac66045004f4b5db06b79d6034a19b4e6ff3c20a541136728f99cc5ae8af9dbd6b5b,2026-03-18 07:36:48.729552
8443,23330,28,31d61ce26d34c7b7ecd0b27bd17016621dddc7eef4aeb32549dd9efc753c063fa8bb6fd8c31dc8d06f4643f3042640cee7e3fbb08bacf7eb2ac04f8581281735,2026-03-18 07:37:01.687387
8444,27099,28,4098e1736efc4649b2429b263dbc248f72c3679b91ad82ec3b48b6e08063599d24a60499ea28b96733eb49d0fee86cc85de6fd0b244dec5d370da76a771a10e2,2026-03-18 07:37:19.613749
8445,25796,28,f4e83f5b3a7f05c6ea94961598bb78788293af19df88ba68df994b5c3fc3f5a9c1cdaf166d9232cbe82d07a3a6a4f3d6864c4a30a3d203a114e9e5eae76f439d,2026-03-18 07:37:29.979716
8446,27350,28,0cfe3a2bd32b1e2e900b2ef29cdeaa1eccab5fac36be25c3cdbc84a06829a6e02723f1572503b8c41d094fd44e4fc8ef2d00109382567941972588aaca45ea37,2026-03-18 07:37:43.407393
8447,27092,28,1848745ed2900f26232f9884e99dbe6cc91ee7b2679a299e990a444b24f92b7d0355145b5e2b5ce278ceaec0242ebc9695e66f13ab66d3941996d01dfa08f920,2026-03-18 07:37:58.157295
8448,23444,28,bdc8242055d11033b533680105c15c66ae6db79a09ddc64d30ea40e261446693ebc5d9e9e764e8b6bdc8dd466aff851afec14d64bd9486b573103ef990f1a0fd,2026-03-18 07:38:06.428786
8449,21449,28,05ee111bd16bf9d84ce6a6b1f14a892ecbebd4cae25357b9b907721a6f66bd3c73fa07e8ab229916744e5b65cf83f9eb4ac9db78099e5a16d5ca3d59e3e36001,2026-03-18 07:38:18.045728
8450,21451,28,a6c2cf5f712ce13370c71e8dc3d6c37b6723d01874f505d3f2bd0e189ed428849e827c3d912ea0db10b453f0c4a5c7bf79dcab3a4351198f59c82a3a653e5936,2026-03-18 07:38:31.969388
8451,23329,28,36354c47e860f70c892ebb54986a3b0f052976f33caf659037310213226a330c0d7ecad5ac17094731ea47063c7927e1d5cb0b8be4abc5ab3a11fe5aa6090575,2026-03-18 07:38:45.536144
8452,19786,28,2d6e8d648dd8bca9083c015b84e42b74dc413c51f674725d47abf770337994a8e2452fc43c509dbf52a3480b7b15591ed62c3019689503acf8ed779a930c5556,2026-03-18 07:38:53.341632
8453,21648,28,405b4a85b1512bcaa1a94bb12b174e552b918ff0918a839657d780ecd77fec6d655f4e3a68a3dde6244fd932ec59e27043a7a5b59837541e4589e198fb94839c,2026-03-18 07:39:23.62486
8454,19715,28,313543b8172e8158d2334f5b1f2b10523cc9b7d13f47b278c974763535dd0458fabf4fdd4fbc228c54214cee37d7275bb58f06ba04852142ae9f16bb6d67ee27,2026-03-18 07:39:48.843229
8455,17844,28,873477b41cb7a73e1aa1d1baeceb611b1853fb986d567edc42bd827606c3d929a67c615db90fe74f0cdafb373636a5c7499f403cbfb8d3a026b1da998958bb80,2026-03-18 07:39:53.470794
8456,19794,28,e4f462b444fa765c835421bfdb37b84dc16b197943a64d12ff821becdeb414ea7b2b48b542557886f05f441e90083d9ae7b976f0bb8460d3bc2e181b767d6e7f,2026-03-18 07:40:06.88482
8457,19966,28,28c53aacc7b2d82dad56237ee1f00f59b7b00dd1241ddf54fd29cca757684c551177a30201a6f3bb95a3cffa5e8bce26b1bd9100d9a7e7997e7aaaf40abdc43b,2026-03-18 07:40:19.337637
8458,21601,28,e1934e64b886787d6150af6872ab67feef3cfd4ebd2fe8d242cfe1a43ef69c9076e662c2383412a2de1c58b1bd3062c9491004c591459263edeaf05a9747c3a2,2026-03-18 07:40:32.393871
8459,21600,28,d13fa6665a1873bbb277ff7bbc1bd6a5013ff45f2ab939b8dd47fba6eb0029d6873f5007e812fae484fa6436b36fcebf7c1bc31f04111a31d9b742ea3b592863,2026-03-18 07:40:43.707721
8460,23398,28,fc8bb60362b7ae11237acca7242e71f551fdad195f73a8b7e76255bb59dd1dc0d70622aa8d02bb0d40ad127267be507777cd805a098d8cd9318ac6c3220ec15e,2026-03-18 07:40:57.585586
9088,17950,28,86e9e76b82ec315994e9f49f3be063ee4cbf6347e8a4d23b276dfef677d31a5624af1e122be275c514a4c316d9a1929353345536b2e0e314ecbe188bd5760443,2026-03-21 14:43:31.349586
9096,20707,28,77bcd65712f04479ca0316943294df7621feb4a06e7aa7f61a0b15b42c89b6aa8db8f3bab5e7f4419465179fdeb038f51cdd5b890365cbc364550ce713d59775,2026-03-21 14:46:37.604636
9100,16727,28,bba2239db890ca14f62ddd07cb7e0c7b7a9b5a06e17320cc34dd20859816b5d83e7f4ad73ccf792b8c391bbecaf48c167937d7bb6f9cba19b16dee3fc4785744,2026-03-21 14:47:23.896992
9143,21325,28,17d0ccc3148fc0842abd6e5c74ac1f0834a917c69a9baaecbaeb3d5fcf5a9c9f75089c3f6e5d552b40b2518d9efba2d2a4a07e7b9d9afcc6c2ad597f97fe1774,2026-03-22 04:30:00.215078
9187,23666,28,a9bbf5ae3ee5d7d59044d0244cac01183b608470b89ecef77658baf08f07c03a96c4542b5768130399eab4e7e0a144eecd709f4cdf18c5620e2f2ceb30a04c8d,2026-03-22 14:32:38.894832
9189,19532,28,7143a6f7c950db752f63151daacb51a6d383e0c5a1420e425a8d0d29c44f7ffb99487a58c7312359bdceb053d4b56ab9453084a8ca7841f2b0fc821b3c097233,2026-03-22 14:32:48.465707
9195,25223,28,552b56a839e95c9f1ea33d6653c7960bb0fc4dab33f05ee8a8bd1cbbc9b4b5429e59740b523b9315082d749d391214dd2f1a7962ce3fac7071adb018ce6e56f8,2026-03-22 14:35:10.232426
9249,17478,28,17386a4a42a5639f4faa48ea244bbb8c2719002231e2ba0b7d10785571726eb3bfbc0181b2b5cf4e3ae2a3f3d38d6aff9f6e63d572bfdaa80048023226327c61,2026-03-22 17:16:19.321799
9314,17652,28,f171abc8adcc2761171edec7f9e0dd85ff436dc20edbde3df081f196d380b66b2d0d01dc51749da39c771ce790811a8beb4831711aca98b66c97982e728b3f71,2026-03-22 20:55:51.492541
9369,1851,28,e0c723e8b9475d9658ec9a1a9c56ce03f749ab3124f18c6a444841efea80e3ee03be409a6636a1c8c49a3fe58bb8c833fa75398318f62bf5b384e834df5ad847,2026-03-23 00:30:27.534019
9406,59952,28,6ba80e3d3496fb529a62759c2d6522676c89d61e80f97289c67b3c4b28c475983cd71b5850e297bec2944e2f7a0478de801545f1fdb23474125171ba664b596b,2026-03-23 23:08:12.630971
9407,59977,28,6e75c0282f0d5730ddc7854ec2b8ef5d95e4ea1d9a7d6a2c19b926b118671b65807f21fe2cf36fb4bead3b9155556e171769ff7a04a25066875e90c9b7b4e372,2026-03-23 23:08:30.664263
9441,59809,28,fede58ddc1f1d0ffd46eafe6ae64d3ebefc3fc7d1594cbe3258894ac6a8ed0918e691b7a0614798255d04dd5af7994d029e1eb802dd8aa308a3094feaab865b8,2026-03-24 07:06:06.130779
9499,27629,28,71bb0fea0209bc9a352283cfbac4ab57b03ad6653f10cf70f9428258efa9f64bede58591b34644789ba2491bde0222111d70d8dee91964392fdd4d80a60c34fc,2026-03-24 14:22:37.550288
9543,49734,28,24124ef4e88bcc3f1dcd6f34471fad2a0ee936abe46e04917394a2a54b9a796f085c7a6f46e98353580d2668dbff6a45fcb541c21abd430b6522ca31bb783857,2026-03-24 21:56:07.00705
9761,22891,28,e24fbacf9f59378c49eba0cc38d258f2dd973ea96b4bd2c58b327b16870c37cde85504cf910d593229289ac1e61c2cf59198b736a9f9b2918553ccc9e0f7fab7,2026-03-24 23:04:33.643999
9762,39561,28,8726dfc7f39a0e7bcf1891768c66535f011894c64b443d33d657bee871a79ff9cca8a80e919f3f5757843e5d8ebb2facf184a2d1db70a1b1e32a639224379048,2026-03-24 23:04:46.990526
9796,59947,28,9b8bcb978eed0aba9fe87626aa8f2e77aa05bb690753fc158a2ec811661ce9317d6ce8c1fec89a1e6489b152f5fabf08a23e1cb1c81e8eb1d73b0b499b0f9e28,2026-03-25 13:02:15.422182
9846,14431,28,d9ff56aff8ae38b8b7dde306d6e92d0bc5fc1335ab16666ca2b87204d78c74f6e7e11fdd962a32339a79701e9ce3d6bf5792b13bf4e01d5bfcc23ce0725d843e,2026-03-25 14:54:54.964252
9848,27750,28,19a49ff0b2dd94ed73f64601a950fe3ead23fbb7fb4bc32fc26aa4c3265d0b72109905689e8e9afd8ff520e6e5c1dedc1a6d5f7727b02dc74c69970ba6a8547c,2026-03-25 14:55:14.661871
9887,59943,28,eaefd374c928cc84881fa5db409cdd2925573c0062c2491378fdcb359c8746920db31975c9cb0288d84617844adc414c4eb0aec53fb32fab38effcb75a5ee649,2026-03-25 22:40:41.283442
9918,15471,28,ed64136ef43034e6f7173aa27d7f2d181f673266891da02204ca6320b940f10988e7943aa15c80d0d439279b79d78d1db6bd92b628d9b6c677ba7be9bde69d36,2026-03-26 14:13:04.486183
9921,10592,28,e5d38be94cd107d0caec1bdac46db89e57de11c9fe9dfea340d0d2d867bbf648a55dafd8380b15c731024c0ea7fd632a928728fdd6d647c919096bae431a2cc1,2026-03-26 14:14:16.579448
9972,17366,28,b1b4a2a14bdfec390b4d963837500213cebe99524833a7ca1eb2ae7b0d49ba3b08f8bfc34cf10189cb6bf34ed0ed03c261d886c6ed5518a108d933339cd74608,2026-03-27 02:04:05.310958
9991,28076,28,687d2c23db1795e6c38bf4a507a539fa183cef7909ba9e3623854081d1c52dfbcb8798b7181edba60f87a249eeedcce277fcee3b2cd5c5abb55055effc57d987,2026-03-27 14:20:51.530998
10044,59873,28,20eddf42f9bb5827f35bb015b8bf0ace5797de091ca9bfa2b0acf34f8f1dc2987b9ef75d91f974c56b3f0799e470406882ada42b0e139100d188b9c3444b0e62,2026-03-27 20:25:02.560847
10045,16254,28,c2a2aeb9c681429609c1aa6fee4ac8b8343dca723545823804deb019f6d74cfe80d2103084c0fe6f3b05c1ea6fd1173b85e460f6316b687c361fdb20e6f7fccb,2026-03-27 20:25:34.829832
10084,16573,28,d74e0155e5ce3e363a488e71cc2c691457840b5d6c2610b90d7d815d9714f83b671a39971da8fa839801c4ddcd7d7f2f829cbabdba12a87ff20004c0e570b852,2026-03-28 09:08:01.034703
10086,59946,28,e0e0bf0d01423096bc727a9bf9d8be0f83463229185d8b38e8fd044ea97453bac991aea7e5be712f10e93dec6d94aacb17e4a4fea6dd578a12bcfbdb62aa9b04,2026-03-28 09:09:56.240647
10125,24940,28,c981605cb6d8a4742469329ae2e70e3825846642378beb88df2566a5eeef8f78224aab2fb7dd39f512ac56dd4ed0009463c5fb969033317c13a38c9182d9b06b,2026-03-28 14:34:28.825769
10126,20812,28,ee3cc4b5541d1280ccfdb3b48ade25bdbf7a089ea41e919150cc1dc25b884c46ec4089941784c5e349f1b9db133e40102444a4b74a7273cc89b68b4302612a8b,2026-03-28 14:34:40.258001
10127,6978,28,83034e672b9d2f9d2b674e4a6ff976d232e00e598bc68f5d0085e6d865a26e35843231d3ed18d100c30271e52552e5b983844dbbc4c003a3298ec5fa19731ae7,2026-03-28 14:34:44.623985
10167,30984,28,c3c4256957cdbf79c4769f8da5981f599d83bbbaea0b6a156760e42317c6bf3feab222a0b381141409a4afca777977b21d21e4ac9f053d25f775e3e82a774284,2026-03-29 02:40:02.307439
10209,25127,28,40e5bb99e275f64baf9431235da388ed30758e1515d96f365c92ea6ff985e47bb33f6df194f81c6e2fbd3fc6f7fcccccb7ed6cfc54589476b622d1cd3091c4c8,2026-03-29 14:41:35.820592
10211,28091,28,762d3a4bd861c59b81eb6bade00f98597d753131a3a7b6169dbda6471b4821a202b38af786b912ff17394ea1814bb0a91038f8133738c81c218e1866ca7075d0,2026-03-29 14:41:39.149787
10241,19194,28,d9fecfd458cfd02fd3128c28fadcb5b5b46d930b5452b2748b3b9738a97d803c6f43a57dcca58bb04721cc26cdd1ced1a90d75e1191be64f0294547d791905c2,2026-03-29 15:05:50.782422
10258,11912,28,00bf85525ce72101feb81700b099b80df22930f6f6398d06ec9744ba39fe842b679f49e7fc0299874304ff0a6687dee8e0f1e572bfa73b259dd3b458d2886783,2026-03-29 23:14:04.931296
10275,12139,28,5325f421925150b829080944fd2bd2c132ba1d81fcf8a843e1073a0250fc46c8ffff23637bdbf00a52595790c755729b3875ce15e6de26e6155f3aed24bca552,2026-03-30 02:07:30.463148
10284,59949,28,982dcae7606902dce4cc5217ba99d8bdfd5e7873eff94388c1ae861225bd7e3ec031dd19530906bc55606afaca683295fd7aa06c81953b73e46b1e4790a667e1,2026-03-30 03:03:47.752747
10286,59976,28,9f5c2aef9202f0504b13f5c42d61a11e64d6361d3f1b6c4ab861986005c3d7e53df1970d26466a5d6cfbaf42925569d7c70521a0e8679a654809f7c30c00c43b,2026-03-30 03:04:28.099075
10291,59727,28,7265cb12b3c22f77d5bb5aef04a94ad1e603b2697c28da95c624ba8f103bac58b9ed722f53ec7ab961993fd931376bc8fb9998387a397ece81a1f6e5f85f8ccf,2026-03-30 06:32:22.317754
10295,13551,28,d4240369dbc01041a700378c6143784950cad8abcc82e3db5197f25fdf8c6c8fcacc4332e85000305856b9abccfbdbf377e8b081f0ad0da1deab896dbedc1fab,2026-03-30 06:33:21.852952
10299,59908,28,9018bc2586a6c9a99f6d01c8af74a29732bb0f392c650fa4b632465d37ba93180968a7180854ca2c90ec0ec74dc275a688dae5473a3fcaf7d9c731e58f26a3fe,2026-03-30 07:58:48.479217
10304,20146,28,f601032620f0cbad2b2ea8c23a37b98bd2e28dc34dd8fa588a6846eae5581eb93f851df5590eabbb4ef0e5e2ce155daf9f60a74a490428794151ceabb0ddd3e0,2026-03-30 08:37:21.608065
8461,19967,28,c4b975643332f30cddbd8f80993f864ab029df2dbbfd4e54b341bbc1c742fec1b5eaa13f4075d76cc361c71537b61ee2d267a6cbf28b1e31781ca5bf89a22bb5,2026-03-18 07:41:06.413518
8462,22086,28,256ed9ce5defd2f30f308ac21bbe0c108322de0578616b518e90d5373df45f5cc3eb15bb83bfcba77f0cf68043c3e34c3123b1f0f193f78ab373ff8867c72f73,2026-03-18 07:41:21.128109
8463,20141,28,183cae727dc0ff025f8c0f34558b7f1bb9fe7f9d2501787c075e698dde04154f56ec53fbd94967438a23b33c61f3a75d0255787b658d7f84b8f2a1b454b915f0,2026-03-18 07:41:31.083785
8464,17904,28,b44c40b02717015a9a256357b507071a71807fed1c1322923337de2f7547508fa1d44e598a6338cbacbf17cc168b9b6b52258eefdd5e7595b0ba747fd89cc2c4,2026-03-18 07:41:40.212114
8465,17837,28,93d38635c225ca0dff6f9dbf4014ac64f5ca0f21d8dcf9f93461a4c025ae84398a0cf747df89830cd1cd0826dc3f40264cfa896e75ac34ca0abf28ef5c655473,2026-03-18 07:41:52.317116
8472,19716,28,ce67d0c4c0e6f20c43415a68909b81e877531c59ab267febe393ce9306d9d5507baee91fdb87010155d5a27b3daef99411d48145bed38a2128d18448491d99c1,2026-03-18 07:43:12.798892
9090,27820,28,480465412d99796f3872feb0084f69d98eba9f6be5e479a07eaf1830da72201ca967b0bb98b8b356ba00658ff153d2bc95219ecab59023fc0548cba24ff799c3,2026-03-21 14:44:33.337685
9091,21842,28,f8737ea5b8c797e2dc03d95d65b521848b90fa252935233c4a3415d4472ade39fd6a5f33665dfde68e9642785c211d17a0982af5025a203644d46d8fe1954824,2026-03-21 14:44:41.200064
9093,24667,28,c60a3ca856ab29d60732c523fdd9675187b1367a5bb3fbd91b709f3d1dd56e9ddacd293bd64b9a1b1a1f0fbbbe75b9c2fa1fc006cbcbcf4642ecdddf2fe6fd85,2026-03-21 14:46:17.502011
9094,15928,28,9e224fcabc4394b4bb9a9d7f5a2a5f619929ed3d8f5e533e5d390b6b18c707651073558e0ebd8e438f2b8220cde4edd5caf154e2acd870775a1ac09624ea0bf7,2026-03-21 14:46:27.560671
9095,20406,28,45352ecff51266126ff4b81490cf037c975efd9a31b1dc7810d67ed1314e110692c171c719b1aeee954713ae97ede6f4cdb565d42739289a8e347a58820bb366,2026-03-21 14:46:37.581188
9144,25816,28,7e6bf00324d5b2dcc36df07a5edf7a6a99a52b849e8be5afcb2a0b1148e92a7217ca52c2585c83f4bb339e3c86135443ae0c4831b921f41f999e0abbd25bb13e,2026-03-22 06:39:17.715541
9145,35989,28,5f3487bc788f29b6218aa09bb4a1f7133d602db27f06c894a3bbadd97bcda509a477c6a63c75f37dee0576528d4db31b429848412265dc2ce412faa0d073e2a8,2026-03-22 06:39:25.107867
9190,24211,28,7908ae0492f636f6c96f9cdde96f6eaa2b12fe3033ac427218e0d09fc72a023923713780206fbc31516f9e80be88326da1614e0ff2f661bf12123b7d9d442ed7,2026-03-22 14:32:50.959189
9250,37976,28,b381b303d136f5e3922ef4857fe74da1c20740d59855723dad94de29b43d1eac05c9ddde1c8a0c3a3f5074c65327e8b2d9f7dad80acb9361d1c5ccb79a8ac5a3,2026-03-22 17:32:09.220423
9315,28208,28,2acb9a85fa83cc2422151ef01fc8c9e1d36237cd7c9417bbda119864f888ac68deff835b70c830d5befd8280e867e60cf7bdccee1256c5e081d2bdd154830689,2026-03-22 20:55:55.239256
9318,9369,28,3487d0234eddc90fa1494a80c2950caa69ee4ce2172c60d366db367c3d8e5959e750386646c87aa3b4cae112150a05243995e21f0a3f5ddbb19e1f120fc320d7,2026-03-22 20:58:18.132371
9370,36217,28,456f749dc407436127cdbb57be3f2fedfdebd0b879f3be8dc23ea659e3b6232e8ebe0f126375c76d007ef17a6ae481b9f4062b3b131fcafff3f3f2d302a16371,2026-03-23 00:39:39.5638
9408,59887,28,2954612b3e7c48fea8e5f7440665cfea58e33702285ba6a263f50a484429cd191486147b79b73a5a6b107f7fa929f9bdff96bb6105f50baf662e9431ae581a3b,2026-03-23 23:20:16.981861
9442,60003,28,396b3321ba01d6f6c579e72d77006fe189130f4ff916fd123fe5620e5134e66135874385f8c893da703bc54a5ffb1b6c90829940d8d3bab54689ec595829f6c2,2026-03-24 08:39:17.803923
9500,17054,28,2f50766f347520359e3090dfecf2517b472e46e49db83fd1ca7d057cfa80d06599b7a7bb2728996e098b6899a7e4492e96217b2fd2b695b8a4b4624e68242c43,2026-03-24 14:22:58.049951
9502,20162,17,26c76bf13fd9f6f5d22734ec756b710055d4dd4a3b8904afc5183051b06f2f2218d93f8a13f6371db17c98ed1d3fd5a92ca3e683a60a8dba80ef03be345b43fd,2026-03-24 14:23:25.845049
9544,20453,28,5e58248983a4ba9ea5c495795aa34dd6d59a61548d008d9c6621d7c732ae29ee94184bb8478b4cbc13bb3deb88f7d19aa36f06b7c42147187efe3056e2090f7d,2026-03-24 22:33:51.127737
9553,29751,28,5a1533edae86f77f25069893e60b338bec37771274d077d8c93e6c54224ad523c76239c287e92621a5d847f43d7edebab44ab1853429f556c29de18fb6261ff5,2026-03-24 22:34:04.37996
9563,13911,28,d85980041528b9074a57d4c8f0d9598510e07d7b68cd86695dd75e1cbe3246b6dbad6ed8c90b4030804c361d16ddc4b8b4dc1c8ed5b01e835c6e3d12e84a64ef,2026-03-24 22:34:10.318915
9568,14135,28,8236d0eea62dce0900d380d69725257807c22868e511ba2a5cbaecff8a616d395060c8d8b5e72bc6c8e56547c52a9fdc527cf2071cbbc18f624e1551673cf8ff,2026-03-24 22:34:17.535446
9571,14161,28,a5bd550c3d9ea833f30aa8c51eaa1d18d1600275118d6f4051fdf0a4970a041de7d7d16272fe4b71541f2c9eac759067ea799acc977af6a867f880dede39e2a3,2026-03-24 22:34:20.149284
9572,18733,28,3289496db8332eae4aeba6296ac349a54b330cd4b7c743d8ae90f93e1a909365ea9703abddadb265516ec0269362390145f79da9d8215bed6615fbaa4a583cdd,2026-03-24 22:34:20.511763
9573,20755,28,3d639aa7dc3bdf78b48fe9cd3f2fa5e20702945e2d4ebd0732b9cbed34efb48859dd5f253ed31f2c209f0332e15336821f8ea7ac06cecc479c0288323cb4c29f,2026-03-24 22:34:21.529853
9576,18451,28,7a7260a6507d8e50f83751bf3cb85e0dc032df1e567595bfadb7152d3ba74e8639ad78fbb5cb60509e80b3a4f301243e6b8208d94c0d0d31c9ae0630cca9a654,2026-03-24 22:34:24.299396
9583,27237,28,aa2c9dc3714380aca0575825863739525ca5a8934d0876784ee8881dd3305309288342fcb91f15e801e5436a5cc26d08d90b97326c0dce277bc47e200bf8a315,2026-03-24 22:34:39.405474
9605,18526,28,7e7439308a68adc1c02e1fe1e58b677c466c6355068e81049588eb2d5433ffa8002ceb5f4939c9ec77eb0c38d2e7af6ac1dc1e51a341fb3946b9da5351f911ea,2026-03-24 22:35:04.892569
9607,31465,28,a9883f9877c1589d4c85b4ef142a693c783812296fbf573519458d0b40a399fde8975bea54ad8205013a1f0b9163d9b3cc044fdc0cf81a991397148fe586a2d9,2026-03-24 22:35:07.754811
9615,19472,28,c7d42a46f413f507043302461ddfe37ee87811e636c7a94a811128ce9d90178ba41a2e591850d53fbbe2238233be478f96df668158796e22491d3fb21874615d,2026-03-24 22:35:24.380559
9763,55911,28,6335b62d158be79853f50451c6e4c74704a1564d8a3a4d6b7d492101f1933b9e3e77903db861d983e84b89e8f90d97c8d45213b7f6f067411f01bdd05740e551,2026-03-24 23:38:04.059371
9797,59959,28,c92f03ab95053eb837614b5a7630a993c07d2a25f01dba81b53efead02db091374998eb43693634d40d5986c5173b0628325d409c724387710fee04daffad8dc,2026-03-25 13:08:38.555568
9850,25180,28,ae1db7fee1956d2802501d49b1be25fcf0ce112cc0b4d26264b250a820b2f64f150c0b0183c79202b87133a2eb76b43e51d209df7420715b34da1075298eef3f,2026-03-25 14:55:53.378743
9888,59987,28,dc7523b23d177d81555c1d6578000121809101bae41e9d7866c0512975417af6bf7378f83c2b5d10c9faf386931fe9fc30b1a514426a79a014febed7ed24e347,2026-03-26 00:32:37.879287
9889,22267,28,53ccbc28d08de0e06392e542e5c818f9081d1a658cd6a0bf45a2f44946c0e135b2350d0f8e1cacbbb23c7390ff149de7181c87f95e3d8a9969db76aa8e982679,2026-03-26 00:35:34.792054
9919,17651,28,56a946810f5b7d72589aaa166ae7a0fa3daf5d02b0b8e82f4da2aa6f2bc1fb906ac20e6b1ba62216a0f962b464fa9f501f9cc7c4cd5cc16601e08ac1229beb3e,2026-03-26 14:13:54.623804
9994,24611,28,898d37957f16acac378cfbe965f8772ae26641550b9b105aa9fe5aa2985dd0d6bd351b10f62534654f267df02030c186b52e5203f7860af29c9e08c85b7ce134,2026-03-27 14:21:21.137936
10046,18839,28,e69dcdb11dbb0fcc67e4197dcca86cb4ed53678314ef22bd1909d23fa6b81062aa235344c3b5fb91b4e0c67c72cd824553b22f1d2737246c031e2f7ba6b4eb91,2026-03-27 20:25:36.235419
10085,59934,28,45497aca1b03e5cde9f8a65792b03ac8232a685a1875a7f19fa84268332b8ad8a8321786beb590050115ad65882d1fcf8009600e3310614da4649205f0f0012d,2026-03-28 09:09:06.027837
10128,19455,28,428533516cb34bee9286cd222d09f294ece4b44a78cc86215fffc5bf88979cf3bcde13f5022d7ee93d319bb254785684fdaf8df855a0b63bd40644fb8e3b3fca,2026-03-28 14:35:07.602482
10169,25711,28,5a11055e770039a1740a5111694bf6fedc9b71116eaaafc8fd09a6039c65b7f93d761d5637626f4df416f697a92ff16bdcff836ce8126a936d44329191e2e510,2026-03-29 04:42:08.382838
8466,18363,28,fb044da418014b92165c620126358cbc907df48712318f4e30976d318601ce2d702b1f1d230626d324abe3381943025c40f700597fe19faadb920b81f614ff61,2026-03-18 07:42:03.923507
8467,19757,28,64cebba022c72ad9e0f261b0f3d76bb427ed8bd4c6f2a1546016868ad0668f0d1859ef6ab52e73515af944193625c4834c5df5b8c4e787c4f43ca6b5cc87a8d1,2026-03-18 07:42:16.511778
8468,19677,28,e543c78cab5fe359e8dfca81294005a872068a3628a5c1be7d723e3327a324aa117eac9b6f25c754fdc97a7aeb0c884fa9db60270025047256321e12ff2fe376,2026-03-18 07:42:27.58898
8469,19735,28,3a177e059b24fe51e1a82828056c6d0a6036f15e705f18d6f734232a9f4befdde6831056685b0b666e6789c38907d08e097fb1787b6e246db9b726a7e0c89ded,2026-03-18 07:42:38.304235
8470,21686,28,e2f64b62e50d1d5c91c84ff88cff922714bece737850db89e2b142100bb563222cce068d5d1b8674ba9dc466770c4536b24dc68faf9d03a9bf7f209bbfe1b551,2026-03-18 07:42:53.215387
8471,19709,28,55132a8c611d8d1e3814bebf6540db3e8ba02015b6fb680e51bebe955dba8e86ab5cf7a9d444e7f600cd8ae88de190542b221f64c8eedc9a7908fa4f3dde7f5b,2026-03-18 07:43:02.249258
8473,21608,28,354b374d79720e24f4484ca73cccf8d7bcea3602ae608fc3b7c2ac3f2eadbaf6ae99c508e636ecf2feee23897d9d9ec200de66c9fc82d36ca33c05d82fc8d00c,2026-03-18 07:43:28.222601
8474,23329,28,d6c274b671d7da29edb5a96f4d13e1e8b3614b14b6d28c98398927aaa9f24b0a6bdc9842bf8531a4d58d1d8fb7a980ef792d2de105d7be0234b6794214860f7d,2026-03-18 07:43:41.365192
8475,21606,28,17fafd838f3799a0a3a2a13e272ce9855d494ba2a344d55f21d8ca6e39e403febcf11333caeba14670c2d6e8731875b6b25d42fdbabf5e3613a27423685d1c8c,2026-03-18 07:43:50.517305
8476,20424,28,69b1d510d19e1f3e7e0e371391167c251dca86641a83dfd2272f7752fb68470335d267f064cfdcfd216d28cc97875b83092649e8af68a97d7c67a403834f8749,2026-03-18 07:44:02.253575
8477,37439,28,8d36ca2c464427b56c99e819de76f74c91d47e3d18f8ba6e42b48fb1e139c264289782629c5156516945a1d22374a8e4dd472135ccc440d30e8d555560c4885a,2026-03-18 07:44:53.850237
8478,18114,28,e19756a35ef39709be6bc9cfdc7870425beb43c29be9341de5f3148e00750cedbb478904ff99cba814c7e6a8364e82d65e52cb2906594a1b6fb7cd7b7ac6f886,2026-03-18 07:44:55.557298
8479,20840,28,1185da9193cc6e172d5e56b36e9eda7f68ed80c5f4ebb7006d44e21698823524c27115d5085cfb4e31003393cb619fb324cff6ebf575150a5d8b4ea27de72a6f,2026-03-18 07:45:30.382276
8480,19825,28,41bb5419c73b9e0f82f0a01bb04c1ba0027abad9b4b1f9f8261ffecc96512842fcfbc590381913f23066abea0ee7a73d340b5f89325ce4b6aee6d8fc2e5726d0,2026-03-18 07:45:51.496441
8481,17876,28,dc667d68d26e5b9303f983222adc20fe1df9c20ea617f1210756d9bc531e27d5e48268ac401644df63867dc5247bebb1dae655b26519b466d0eb9dc44658ef6a,2026-03-18 07:46:13.211762
8482,19811,28,54c4fe53fe2e0321d92c939b63168ab10faa2d5dfed8bde44820642f5e63a0a4dbfc9bc95e26530519a5266e21e9fac64a751d2f453af800132f0893e6f1f9db,2026-03-18 07:46:37.0261
8483,19716,28,08f4b10dda32f44567313639a3bd34cd4c8709c722c34d0fa070f48a9202f4de7a1f72a5bb0bd66079fb0a76d12b27429dfa28394c5b32b01b4cbcf7f7b31685,2026-03-18 07:46:58.254645
8484,21763,28,6d05cb36eeb41db5a7898b77d202935d505d855ab5416f09e5cfe746af5fba352f358b7b5720b735805dd1d748ebb985c4810af2a2a6bed4eab28e51d52d43fb,2026-03-18 07:47:13.268515
8485,20035,28,c3ba1800e31976677de00ceff65f4bb78f6327585b15bd723db49abe2a8da81bcc04fbbdb8538b404f0049908270dd5e938bb35838d2abb1fa71c2152dc9aaa6,2026-03-18 07:47:22.552146
8486,20204,28,d718c9e251ba71f1359b98c814eb3c1947750fa789a48c7283c0b4ded10738187f0112925c9d860581925fa9cf0b5a39f9d25e5c07bc19fd3e729147a769b110,2026-03-18 07:47:33.80915
8487,17811,28,a74b0139b9e69c5dde016be12ff6724cb17f8d7ee8edd0cc43486cfa92eec1d6eef6faea06cad9128c9020bb54bd2ec7e3983a6d11f75c37828c1ed725902c53,2026-03-18 07:47:43.53825
8488,21445,28,9002ed50db5adf95dfe172e5c81e9653257579a4f91216b12e91664be80aff98bd234c1316f1863f82347d039cff243186e6890a01dbb1b0f1e0bf6496135cbf,2026-03-18 07:47:57.886695
8489,20009,28,a99d82395507aa71be60296078a7997f946d0f7ef51d4562b588351e026e41a64005af96510418f6f8928652866e23bdc83f3d3f96972da6a3a17522638d9fb4,2026-03-18 07:48:07.562867
8490,19698,28,7beb65482b55ef8bb32d10471cf94a3211b6448e6d0cb7791db01d3b1ae1512cdc74b9add3b741f1723832561cade999867bdd3e3875683bae6a0f079f66ad80,2026-03-18 07:48:17.464807
8491,20014,28,112691b2401c3e192451eea41520d0fa583a83a5c8f849a14416b324c1e8e6a0d0e1a58988429240612d4023249ecc8b264ef2db8d6d9ae34a366c9003042edb,2026-03-18 07:48:30.315383
8492,17813,28,9d23fde86d910b0c20cd809f837fcf03282366f8f268c655075c1b7c83be7a1b09f925fda5139d7f523350911e244750fc17513fb6458a07e6aea16aebbf354c,2026-03-18 07:48:39.108156
8493,17897,28,22f9ab29a68b2fa26c83943476f1005ab9f34fb15f24b90379599d985d877ac2cf37a9e7d3d3cfd198ebb560d9e6d1ae7e2efc03d2142ce11f5b8393763bef7c,2026-03-18 07:48:49.459268
8494,19785,28,fd88cfb87cb0c6f339c5b24b86a2a115f3671cf827b74397de563915b7eb90c8820417189825150d8100259a1a2cb348e770f8e75bf857887d04f8b9c28bdda5,2026-03-18 07:49:02.627883
8495,17855,28,88593de238e86fad99340dd775693d67728757dedae30cd163a1abc4ce1cbb009cb7c05d0956a49f1b9e9e7b70d4455613170f41119d1aaaf25c8b600b76e7c1,2026-03-18 07:49:11.552472
8496,17774,28,60ba51475abd5b6d14aa08e09602fe473da4df72b78531522664dfc6eff50933e02a8cdade23d6b37227ff5bb84b78b4d613c330846bdfaacddb60432a966e9d,2026-03-18 07:49:21.66401
8497,17765,28,64f3f3860cdbde06db32c1c027cdd5c7edbf2ea6d36f2b6be97d9af9ea73c0d7a1ab1b752aefb7449c5ef09a792eb3e18880d66e6a4f658d22781204a122a892,2026-03-18 07:49:32.948177
8498,19573,28,f521830f2a2969422a569532bb83159e45faa143e03c62ac6a0bfa7279dfe3f711e9883d818a4493d941914d4546e9aa7cff35e5e3c26aedcfdbe3658d125c57,2026-03-18 07:49:45.088904
8499,19709,28,4b6c0dba9162637e9514b1a45083adb1473f0697bcc9ee2ff8eaec48fe736e00a609a05e696394b1546a26eba077d2a4c5743432549bc30cf68df1ed7e063804,2026-03-18 07:49:55.895643
8500,19563,28,30423a9e2a3d3d760d2a842cc37e542740458ed809695307a459fa2af1b59bb10525facff98a23bee5fa180aae36bb55ade4c6c69e651d443dfd19b1aab69734,2026-03-18 07:50:06.672588
8501,21517,28,3ab72584fd352621dcd1b4098536102a5f7f1b98ba1d71e91e97300d0a90e45605112e91dc730ff8c52a0b3542ade1cbd42528c1a6151901f87e1ee796860af3,2026-03-18 07:50:19.667615
8502,27115,28,eccab8699ac0eae2b59766020e7af943bb1893da416170db2b1a7b959696105893fb95c43fbd64039fac4be78803f90bfba00e6383dac997897dd38c3c9b900d,2026-03-18 07:50:37.493796
8503,25338,28,cfcf9a31757a4d0a1bfa09e04348a308766e9af298b59d217b7c02e13833348718b997465c7a06553e5ecbc7ac3347b45d037b3bb7b5a288892f24023eaa28c3,2026-03-18 07:50:46.140333
8504,27121,28,5d733f266cc3d22c3db1e49dde36ad9e01e970dfada647c0b886ca6b9172d872d3250fecf01778213312a8a5e96d554525d09f21bd25a33fecbe8c8aa49a2892,2026-03-18 07:50:59.207764
8505,27128,28,544a25985c5624091c7d37cfeb615b883e982d7305ac49611399b28dd9c469c8798b4f7fa9596e1d78538670e706b48298f0239ba48173edcff3a116bbbbe69b,2026-03-18 07:51:13.946858
8506,25435,28,256b96fe421b5fb6b6b0a179dd9e0ef9d92437e31bceb643111f45256956a3aaeb194ed40f92b5149536b21fc0d6830b5291d07a19ca3dd0f3089bee7c36fb5b,2026-03-18 07:51:23.970738
8507,27194,28,619604db60173153dbdfe6e087dd3d8b3d174e7e33e0017ad1a7bd1f2e50df4f1b52b7df4a3fa49c24595ef0d2c7becbea424930a462b1bcca6a121e68f70bfa,2026-03-18 07:51:38.444963
8508,25388,28,887b1c47dd8f35956cca1391f64ee867f9d7a0dc7a7810b87f1c17139e3254a3711166dba560379b586a3eefc206da61b4b9f2302bd8d71578610cc3aebbabed,2026-03-18 07:51:50.760692
8509,27273,28,45c58fb33ac596a8ba9c17368327a9e44278f0c811f2b0a983bf50d2d4cc7df42ee43db2a581ceb43b230df334198930793a13e74b181fb534668eaa6ca01f1b,2026-03-18 07:52:04.932093
8510,27158,28,00fdfb0d8a50daff9e549a9e03cc4742906ddd9ef3cb51d830d3cc1c1a52920c72dcffc5e917aa62d5f2e281f979b112f878037388cfd0518f6f8d9cbd9b634b,2026-03-18 07:52:17.705861
8511,27143,28,5d8988a5c2daaff61b07cc1d10b7491d8508192b8dd62fe1c53811e6b9ffc69d30acfefa49e20bcf2b2787b8ff1aab878d061598664d298c9e81dd9c1fa1547d,2026-03-18 07:52:29.964132
8512,21501,28,2d39af3127647edb6ffc05b31f69be7127c5416a2ad38d23b15d8f9f22f16c5329e4c1445774634966596cd48b461c3e6a4d94f40014b73d6ffdbe7f38f5a655,2026-03-18 07:52:38.190439
9092,17155,28,296ded8c010e4aa8c268c42dbdb20647a57926f241c302ad4a9f528052562da6d4e65741316cbc42b1071cec6f7e47ab1e80ffc524d4e98b97a3b4782f8fb20b,2026-03-21 14:44:52.826079
9098,3001,17,86cb5d4c45db4ddc73bbdde6a77f3d2258b6394b5e3ab3c8aaaf6c8b1a9878d66c2822b9dcda540dc025ec813c623ebe356e408f2351780b37a465aa0ed8774c,2026-03-21 14:47:14.145529
9099,20442,28,eb2f8c224f8f33d4f4f38cc67a0ed5f6f9e9c3751499e4e53bba416426b7aae88f005baa8b3338b2b021c58ffe91657865ea5c30ca7cf89bb09f089cf4d88d93,2026-03-21 14:47:20.106016
9102,12400,28,d42d739d8af864138ec48d7263d13789082e6cccf3ea53a397bac03caa083ce15b6b3de96bc3d3d35bfeec9f8794ab41680a57e41c7198b1d1db129ca08bf0c5,2026-03-21 14:47:29.965559
9103,25166,28,458395b7271ab570d299427699021acafc8d8398c98e59c9cf69941bd73474c4328b03224a6b56fe2d3dbad6e1413378769865b22a6e8b2fd2e5a07230c4f6be,2026-03-21 14:47:34.452857
9146,45255,28,de0a51b5269d8039793c4bb54f2238494da379db70bdb5b8b442c83842a0d113a6e9d1e728192b877824c7b42bcf4788694af38d6671b973dd5ed5baffc4573e,2026-03-22 06:55:55.169635
9191,15505,28,2dbb52d859c777534f658fa817ee2b4c38c44bdf4996bd1731743f6812dfced259d0f2b48bbd9d664b61059301ecacc20d3bc2874d2920a0e02c0e932093b3e7,2026-03-22 14:32:52.862383
9196,25633,28,dfb6e386c1bcb01eb415da5738c4bbda2048baf45a20dc855ce37e6852c85dff57f2c457805f0987205f2ecf5a560846b3451a383bed757d978bf7d162646ea1,2026-03-22 14:35:14.295915
9199,19822,28,724ec5729c45d0575d498deab8d45d8170a84cb68f93b75a5b56d6073627be8130da4dd004d5d38f85753b08d731c8e592307c754cf3f08834437a39aa40cc63,2026-03-22 14:35:58.737171
9251,9580,28,062f01ff8399492328fd8b9713283b3a68b9cf5f485ca6b20cebffe9d96b1ff2c41357fde3162ed6d290c2bc6262527941bdc48aad0c592ad6e27896539551b8,2026-03-22 17:41:59.253978
9316,21007,28,79d4d75401fb271908684ca890a834f1cf3179b24f9f52452374d1de98b48cd44823a2c0766a425e1aa1087807dbd1a25f2bb7d389017c0ae5fbdf938d6701a6,2026-03-22 20:55:58.383623
9317,7258,28,a7e4848102b22dc21b75cd9d7c53185d860585a93131d2847ed8369c60bad0a499255e4787f151b1cb2767b96a0306ed2e83e7fa746327bcf72e91b079f97c11,2026-03-22 20:56:05.768679
9371,40570,28,e9015dc0fbb987afed2e4e47815efcb4937030b39eb455d40a10c6258e93ee09b24817ded1d2ba119ee6850b3f488460e9cccc9a1797cf9f798aa970e48b62af,2026-03-23 00:43:12.411299
9409,59990,28,cc9dd161f18c8186cc067923e89e71923bc9e3775f27cdef10faff5538d9cba38c7c2c47839ba81bc2b4558c6f80a8f0423018041b3c6dff7fd3b5cad7731e13,2026-03-24 00:05:10.429861
9443,2862,28,5d9b1e053719850cc2791077adeeb77af8cb32c12f72404394d40f126b7b538f5bcc1ec0d572cda0f85e2dee3ccec4f6faa48968c9985d5a390a457d951673c8,2026-03-24 09:22:28.641241
9501,14497,28,8d17511ccc8f1fcd6d2647ebf1205b27f1e26f5a896184d54d2c8c6026b692d9763d9a2a3f0d9b82c40a18cd9be9b90fb938b188c4bb6531862e2bdba6f1f653,2026-03-24 14:23:10.757127
9545,22887,28,072a0c5843c5c789ef301f8a96da699905610b3f6e4051df02f48a6e50642dfefd292e5ebb2ab796f0e19b9af6e74b88c1ada1045e8db891ada1cf9a7d38e212,2026-03-24 22:33:56.156562
9557,29780,28,a6277a6e2d5438b90a750c65a33ccd9be2d52ae1af87c937b1560e5782c16c83e2ea52dc0087f2d223db8d7ffb9bbc319d2aae8d6723076802c56629466fd8f8,2026-03-24 22:34:06.703203
9566,18506,28,1b2bc5c867e24ce77f833b0c311567967f37be6bd477b44b0e4b15944e0f62bd93e122f6b8f8dca9271d34575df8cbaebae49724f56b74bf3303f3e1db26cf99,2026-03-24 22:34:15.769431
9567,18649,28,fbb16fad5fe5bba1a332c60effd4cb5068aadb4f5cbba24edfdc413ead25cd932956351e76d6cc70298269338045be36a49bbfb3cf9f01d73b041850379f90eb,2026-03-24 22:34:16.825287
9587,27520,28,8e148d01112e8335c65dd466451a7620a369d3d4237c8364bb6968f884d347b1ae4ec2047d508fab567f6f58af40c688c38a91cd141f5da40865c9827bf49328,2026-03-24 22:34:43.10478
9596,22228,28,109f9236234440d1b0e333c5a48db740606ce213eb466552f8b7bc67c06ae5cc3fea34a274ebc2a5f66aea3d1f786b5f765ff5c3b6bc40db42035948c7186217,2026-03-24 22:34:55.392319
9618,19560,28,5f7666567fc7e91021a1679f50be8ae9f41f4bd5d335160f2f33da0d8c29b6cb96dc28ef6e57570c929c591ec67cf1f93a665f6113bf8e06c1ecfd206954d0c7,2026-03-24 22:35:27.4478
9620,31488,28,52defafe8f128c748157b58f4698a0f2dacf3cccb29e9407acfc0425b071c60242df33922fc5f2304a723a47d6f2091a64612ef0bd827690cf5dea0739dfb7b2,2026-03-24 22:35:29.901437
9626,60042,28,64129378517d3390ff1669877f8f4b2340fd6f80b4a26ae9b26ed8504838df800d493bb71a3ff57be92bca606e16f531694a489a1ae9f0c228b627c03e9b987b,2026-03-24 22:35:39.767308
9629,18315,28,d31c7fada2a8cf626b42ef2770f1195333c40ac32ffe3f1efe100ffba658e3bc25b8d5e79c8e35ca3bdaec1a5f7d07ba7ea635cfe70e7d0b4a84356e89bd7a7b,2026-03-24 22:35:44.16742
9764,62522,28,e8b039d3ff154ee4b29c66c2ca6c37881966c00ab76f8720c47ba8971df83eaaaba8507d91f1f8d305c3c4508c8c34c24261557fe7f846ee10baba4cde12f180,2026-03-25 00:42:56.930822
9798,59990,28,aeaf31a6ffd8de417b5d6b4a2995c6aeea98b8273f6a2751996a1363da17b29ac8f1bc2e23173ebe0b2394e83b5c635573ea79f056684c4af71295f7613c5635,2026-03-25 13:09:27.864793
9853,25231,28,d7ef6498160a0d8c886b7d0dd63cd8e7a1d092da046fd61c6f2683bc680a165659f4a6a06b044cf99e9a6271f09882660d8932566d07a82b9b2558b7f8e3c206,2026-03-25 14:59:35.278314
9890,59951,28,e290da57f40f7f56d14049c259087a5a18d574729e629f88cad039a438a2918809c6840b1e14ba7d132aa4ff7040a9c43cc6651edc7317951bcb199cd83dcd80,2026-03-26 00:37:23.536233
9920,13753,28,32fd515303ddd83231a633814846b665dee7c28d6d5131c0b47a0c0745259164c69974ed294dce52d4aa123aa5273170d883de09bff84bcc3744b018747091ec,2026-03-26 14:14:09.975249
9925,13731,28,40f303b77c8575ced87bc7e1688265d2f75ff11f94caf39ccdf84b211de65a0b4977d839a537b83abfd75327e483d5c4c80d70426f3849732597892fec3a281f,2026-03-26 14:14:43.073
9995,19414,28,e6aaf697dc8ca47755ad6a91530722d01204d98d5efe1f8f970b2e19de869856bdf04b3eb38fd0ea37792753c5c337a8bfcf199f7c8f8e562d3d1f97c11f9713,2026-03-27 14:21:56.903052
10047,9171,28,431f44900586e2c0185441c7bd8530ca0d2c2ac1d66fc181c9f3501c2a9f16398d64aa68bfce1bb29cf5034adb3e7aa5cebbec97f90908ba2ae32f77bc4e0ca9,2026-03-27 21:59:57.048899
10087,25238,28,fb7342e5963b10486ab9309759b09d347f436bfb16e4963806bf33092cd200355812fc330c0f6ce7c0feddadf4ade8cdc1c8b7580c2a0ab100555a7478085aeb,2026-03-28 09:19:35.123873
10129,16118,28,0457e9b75524aad88fdbb13c9c2ca67540fe765f738433cbbf610436c137390466a25a3bb4fbaab4af3b34c6b3c79415b4d5802dae2f924e1789f15c0b15f969,2026-03-28 14:35:07.995509
10130,19893,28,0d430132bbd0ccbaa5ca3fc59f4876903f5b7c927e972b6fd0924a734e2a26b2ec02f5586eb41a03ff1a1e8339455ed603e7324a96eb33d82c0f36aadfbcc655,2026-03-28 14:35:21.633588
10131,19066,28,93710d9890d0e6e8500ff7f16ed567bd19ce235f416babbd280ef29eb0f4efe8e9e20a2f23ec9be5ebd9e151f4aad31c02369df36b54087377ec8b2835d8845f,2026-03-28 14:35:38.98177
10132,18192,28,1f8bbef9ef402b586d4cfedf01c6ccc0f2c3928400888ac4b264c2bddc10224796311f350422c9c3b49a0f63f7d72bbc97aad162e7fe96904cc1f45f511649c1,2026-03-28 14:35:46.935461
10134,10023,28,bd35d353de0299d99a4d3939ecebf3ad0ccad350719833994d4397fec05685ed8a06658e4321b064a922f58c136a773522af184ade411f207b74ea1b984b9e48,2026-03-28 14:36:02.154927
10170,59855,28,cbf1dc290d5c944e081dbeb80532ec16dd1be8a9ba7998cdcf31607ef042bd58dc8dd4740796603dc1260faaa04dc1b1bcfb28d7faf8b3996c74c5ad3813ab0e,2026-03-29 09:16:00.177857
10215,13585,28,20d7e543902c0f1fd9cac66cc8fb9ae32deee2ec1361c02438461690e08c4821429426869c8b83ea8a71152d7d2e65db6b7700057b61f0e1a568961c642b606f,2026-03-29 14:42:02.90865
10242,18485,28,a60df5ac9fd83cc3bebbfc8bc898771705e36a19c59efa02ea994204526265ca1b0915203b6ce2af9f0b325aacf00d9fa1dee08e77f54d7addc1e4c268304f61,2026-03-29 15:06:01.147601
10259,59709,28,d5ec7d0e0bcfa8f6455b916bfc3bc39d3b700799bf877e94b37676216e818d70e3076483e920eecc0986483c606fd61cdd418344bfd292d67ae1fd11120e8d4d,2026-03-30 00:12:07.242627
8513,19716,28,fc38407219d2f41440a3410c40f9301c346536cd0ee7148ef24f0017cc1461681d2adf14d8b74c3fc72c493a02fe7df0a59478e5171452718662149dace8c0d6,2026-03-18 07:52:49.085702
9097,26843,28,b4f860618f4a2ae2e5263b9c04aacb3e67a09ace4f0a5a55516548ec1b40b3070f09983f34393b157bd4573a42023dd68c3ebe0130bb11a280108ecb1445c44d,2026-03-21 14:47:13.898129
9108,22213,28,43a89800241c82996344d2271108c7484020c4c2be6da151de1ca603c60490389dbb40b1efb8f9d8ce5e2be171a56303274fa16ed313e8fc77b31ab40efac1fb,2026-03-21 14:48:24.934698
9147,16170,28,0f0dc01574068d9c8469695208318fd2c32704e628168590f0c48c6a72350d8da7fb3e3d21c4f532f50ffda7a53621248409a7a679589f843079b25dd22f39fd,2026-03-22 06:56:26.671052
9197,8734,28,3c50212b78e54d8e786eaa623ff2afbaad8e4371dec994f4e8c91e38c664268e161eed8753eaf254cb7420046dcb4a97dfd2f31b72e1944f307113a0820c0d86,2026-03-22 14:35:40.521826
9198,8415,28,68352c5d97d4b8c04fe96880651e51d8fafe9d8317e14941ec50715b9769d902ab272381c4928a763dbbdc1d3091dd0144ce08f8cc850effe774fa6db134233c,2026-03-22 14:35:47.885076
9252,27870,28,900f49499e8fe11dcf125cfb5c60303c9c4aac7c0b4e20a9777685bab7f276a9ec22ccafcf59ca473e52c8a1aa1886ed06ec616cb57597dc50996cd05f5b2c7b,2026-03-22 18:02:19.297119
9319,26056,28,b49ce73d11f884b353c77c7e76ec32d5082f2f8ee5fbc52aa923f6bdae7ae8756dbebd1e60933e74094608a8334eb11cfc2ace66e2f480bdd69f2990def4f340,2026-03-22 21:10:34.877321
9331,1771,28,8e6e5385c7d1027f4167c745af40355e55d5579009c6895039e38f2e5912ee9664236ea4a6030b38b86b09c3732a33efaa64494bfdbc4545d875fab7a9571766,2026-03-22 21:12:47.794487
9372,17399,28,8cd0c9b424690aa584ed36400f91c27ad5f4c46a83dd6d7af879ceb7ec7db5293129ff83a4d2acfca4d429dca7012317530b9f9569f77f2c9bb2d8fdbf0f55b8,2026-03-23 00:43:45.799445
9410,25100,28,c8858cdb6c616ef5728ef118bfbba4d46d578109df3b666aea86f9907524abe105f685dc5f221239e6b76dd24e639bc9109205af9b0c2e364bdfa1586ca12f25,2026-03-24 00:05:12.341737
9411,59981,28,81e8e81418936b9776ec42adfcf6a808015d7bcb435f54223e4d9afe683fdd6fbfc440eaea9764bc099326574ebff9cc2203bc9036299014a9dc1e1b884d1fc1,2026-03-24 00:06:07.168154
9444,59928,28,ed1dec0ecc3af742d427dc00ed47c5cbc1cffd794ca8f9785c6e36543b65fcc149769249fc9f029219b6b68e9142dda015c7becffe8da37e4c946ddd883e9296,2026-03-24 09:34:17.006342
9503,15658,28,44d34f03ae6ca69b876cdef5a9c35f94359e56a31339d3bfd41533c3bee8e5f7065934350dd044d64677fe3b1a129c8bc50b041f94dd80e7dbcd7415d69a1307,2026-03-24 14:23:27.83968
9506,19107,28,d7251328c0e8a480377944a0ea818d5290ca10650b6c3602a3d58c54733920c6c50b9a6a0598846ffa69e455a780699b99c344d9efc2f51785bafef0772f4bb8,2026-03-24 14:24:14.549625
9546,26011,28,50ca05ff416ee52d0e5e7ba8f8505ff216b3174993edbe3fde300f8b66754c14e1b9fa1df227921b26d342377117afb4f9b1b39e6a2be702a39f986eeb1f06ba,2026-03-24 22:33:56.61005
9561,27270,28,e417193b661adef5a128b10c470fcf0690c6d0ff79ae5930fa15a3f9712557d6002cce1d4a482d61e9278c0d3818686be94c685b69539b6eab5f3dca8b75216b,2026-03-24 22:34:09.637594
9574,18644,28,c3de8435b615376557f3c91db0be6f227aa80cab930ce260abbaf5ca0af06de092cd6fbf2ccb54cbce4dbbfea688a3879d9a1871bb83ac6fcba9009a495a0669,2026-03-24 22:34:21.903875
9581,27374,28,63f0815f6509f4bc24a3e2fb854fcc3c0f3a071b4ca42cdd3fb5cc2ab3dfbf797728dc6cf70807ff3ac8d0290c108dd629855c923a9212e022e0995dadecd1f3,2026-03-24 22:34:38.854936
9588,18627,28,e4abc4234b34e5244eb13c55baa104e55296e696e0bf3af8d84d6b9177910823cacb0adcfb1305ed9f22400cdfc4c7f7da7f3e10c5a73e67fab7a5f3b9ea8dad,2026-03-24 22:34:43.857597
9590,27172,28,4d1073fab12dc0540a992350201539028b845e9a30817e49def51e9c00d6f753c9b0d0e64a7c8bb3891070fbf3f0d5464bca0ca5777859076a5cf901f192ec2c,2026-03-24 22:34:44.977996
9593,29506,28,a46e791856ad121a5eb9c2789df56a3a292ae01ad48c5497550c3090231ed48e46a74c4ba0234094239f392b3b40aa46dae56c7bb330f2b41a23b07b53de6ff8,2026-03-24 22:34:47.670578
9600,16361,28,ff7d950a395df50b3eb6a99f7f42ce5b1d15fec853aa510dfab7a0ed750b3900649d829e2d1f58b39fbb3fe1b682f8d57c4143c5544e14e5345226fdbb9a25ff,2026-03-24 22:34:59.720843
9614,39087,28,2134fe504ed99149fb92e921f375113dbdd4eb7da4e8b903ca3a7cbb2a2c4724d8cfb952f3bedf1268d4c340d82181ba598c59b66eaf97b363617a0ae83d10b7,2026-03-24 22:35:19.598506
9628,31502,28,70339b54c7283368ea8eefcc6b8d80e221812298b36d466e244c6530f4bcd6fe6b1a1659e0a9299624e9b97216caa2107a5e0d165d57ea9d35a2b7b526391d0c,2026-03-24 22:35:40.443734
9631,31337,28,f8ba5df44d25df6a903289bde92f14437c668676ff6f2d336061b16817fadbd51cabfbc66c99bbd0a80884f45ff050ba5eaa4115110eb30b94ac379162de7e52,2026-03-24 22:35:47.902907
9765,59311,28,4a13620ef9e6f43ece6938ef4e0dcdfa89be2309c878a28eb892712dbd7c8655c3ef4bc859799ebdce9ffd9e75c97a953d0b5dc536ca88fc1f54bab4024849e6,2026-03-25 02:04:51.341371
9799,59937,28,64effda100c0c7b024d3fbb061903eb60af6eadca9802a9092a6e745042cfca68fe5a846deb67757ba441654b7932259908390eba9e7c2edc00650bc66c3d92d,2026-03-25 13:17:58.122551
9854,25222,28,595fca966fa494976fe81eabc8e18e75413394204a50668bfe765b61f86d152ddb0a3071c269997a61dbe577bf4362092a21e377bdbf5b34d24cc2014ae23c82,2026-03-25 14:59:55.658199
9856,25182,28,98306e1a531f19de01e7df1df95e0c8c976aeca94626fe3d90cb1dbfb88bdbb94e2cf7e6b4b916897ca84c9112d61b331f2b9d7a9877a2725123d674cd9c2257,2026-03-25 15:04:31.197944
9891,11435,28,8217f9f8d98c709f67d36dcbcd75e627e39b619b0c63dcf1d310e23465d3aac9f657df661aba619b706eb259cffdcb1cc40e5eb7c72c65b874a24e615a978980,2026-03-26 00:37:57.929015
9892,8726,28,6b71efbb5da655d1eaad0be6c69fbf5d0c408118be9af476c8b6c0444f580db5480c1ead9eb254b628a59268ac34a59030fa462b969ff1a882a2fdb71c0aac57,2026-03-26 00:38:22.580406
9922,25954,28,5c2c4ce379d9f0abb1e75a40843395416cd302a40a7c6d2583fe60efedfc253e5c0496e5e76e01c6636688cfba2a83f13d74734c5075674225e2903ba2ab0fb4,2026-03-26 14:14:16.783931
9924,17594,28,a16f0ece74884d07464b5c2f1b0b0e750e15bbffbda465638800fcdcb2bd3b1fdfdf1fd2c82fc7b62f7c370d721403c0b980b3eded306ffa027f77f0a033fee4,2026-03-26 14:14:28.908465
9929,1343,28,ab42b038187ee58ab4308d607f9facd79efbaae9578426d563f32bf625f4185e3067da55215e7d16f6789d864f281d1691280cc6d318c710335d3a06973c11e4,2026-03-26 14:17:14.617759
9997,14527,28,13ae899914a3bce4c87ea35cb2f70fb011547c90efb01883c5154bca5757909879caf047bcaef91c157718728eefdf87c700ef24eb9141e38c7e41cff521e388,2026-03-27 14:25:00.624599
10048,9511,28,8326f7c790ab421e6e85785ae60cb53a8384372d8ff8a798e92d2a0fa4a6aedf3961fb478f1da7c7f2833b02dce1201b3310c702038237780f55cb9f103416af,2026-03-27 23:23:49.794636
10088,59988,28,e7545d3f73c08899c713b1542c070c35b2aa2530a8df36bd6cdd0d779d810c95626c1c3123b073c19bfeaaecbb7c64f73e5299e788fbe64869fdc7848d7b7122,2026-03-28 10:07:54.766638
10090,12071,28,13d9a624b04743311c0b2d8973445c5083c63693d29effd4080ec8596888bc3724b1b377f45246520d99319e438b141cf222c48c108bd1552c9223e8562b56c8,2026-03-28 10:08:30.619727
10133,18076,28,d303f3102d36aa5d920779bc0b7b112dadbdc44fcc1c6b64c44afc7ba917570b753ea959daa76c9cc9c64165c052d66355e0756a6ad0c994da50b83cfb5adb8d,2026-03-28 14:35:52.09905
10136,14477,28,22f1cff84ee5c43bb1d0da83c6c5329440865e22b7861d09be2b04c8d15eef6429d73460b9f7dc22df7daf6cfcba1f9ab34a7109591326fea0b441b01cd714f6,2026-03-28 14:36:04.785622
10137,18370,28,383609e379fffcc9f3e28aac78d136f24bbbe48510889696e947e3c2f473a01dac2ed2d15617a51044aa385b792e98f864e2b6ae4922262b914b6d8f7ae0ff45,2026-03-28 14:36:12.41048
10138,17839,28,dd0858ec664078cc5ca09b7552a565c7c9c1e5fe024e85f31c55b4ccec52446f202c309206fd293a151da0efe8583638d7ce0d0d806f088cb545c6c0c4778be2,2026-03-28 14:37:53.363202
10171,59989,28,c75f748123592bc67a1305bc0aefff3a12a1443d19dbbd35359b75d308851e7edb7f226c8bcae91f5acb70305cb577a2203c82369ee51a9f7a574dda6a47d351,2026-03-29 11:21:25.91615
10216,24543,28,ab60f81dd1a64c91b02df83a262b3988f925290eabc66066ad1d6f7d6657bf86b59a9cea90c5ab97059be1fc7bc2e23d688f7c652fbbb8fdd43dc70308b7610e,2026-03-29 14:52:15.204832
8514,21500,28,87ff48b66f7c773c9e9222ec65aa5d48c610d73882b2e6ce1d0809308227086af8755494dec5bd83a68129678a1978df4c31e78212dd6c70d67f52b262a37650,2026-03-18 07:53:03.009466
8516,25387,28,f2a54c35f0772bdb5c6edeb76c251857292d55f07313e70b26417c06cd24f94d62ce314e0b25b28dd634681e7510cc8609a2a8a07ada4af0810c1a6b5e16af15,2026-03-18 07:53:27.865147
8520,27166,28,791f569f81b5032fce095028fe35cfeb3910e7f7d6c0ac7e2f5590f6b229112aee5d8152c622eca68643300a38a6fd198ecbb133e375aa8e550abe18acd7c224,2026-03-18 07:54:20.170895
8524,27184,28,153a81a8e2ee7fb509c43d99d5c16e5ab0219c79b6d9eaa9115b90fc472823a791ea30a3574db392540d848b2b8717df01105060a0e62edf973bc2fcbc10f6be,2026-03-18 07:55:11.312753
9104,23045,28,75bb4f50b605012cdb1faaa777a08a7b3a38ac0d1c49b07ed472959e4f69282d7fac62745f0e47390a3a55cf14028f7106d3e7ea9a3fe443b7b7985fe388ffe8,2026-03-21 14:47:45.8031
9105,22883,28,e8b5f3064e8b51232b373a82f62bbaa86852402dcb2f1a96ab53df57122f999e25421aa903e70cf57b3e6d33951485cf64f67c2655781d1a73866bb1436f44c8,2026-03-21 14:47:47.708631
9109,17814,28,9b4bd2627651de0afc2fb34c1b591dd4fcea70ef113c005eb5ff80b1701c5b16ea5b4ff677af2d6681b5a897ab32043b3d46b4fef757cfa947590f5c1530228b,2026-03-21 14:48:43.570257
9110,5735,17,c2ba6ff38007342e73bf13efffe8a04931d107a6f239cef60c46fda82739bc1fc4832c926bcd8bd444d48fe8f2b65ab9d124e3612830bd1367a85fe48fcd89ee,2026-03-21 14:51:41.503505
9148,16001,28,d5878620c51ad58471fc2899c775945609130e37de6e54a95eb4aac7d3007133ff2dfcc4fdc97ed83bbc4145f37a414bad85595613d518b09e99539d3eba31b3,2026-03-22 06:56:27.628887
9200,19715,28,1f5f5ded9633a2d9018b48c3bc33d83de9086265af44118d39fdd08aa93d729e24c75c35120fb021e2187377444f08d071fe5929776f06b105f99b9f500e2ffc,2026-03-22 14:42:11.255584
9201,15099,28,49f7b89c652faad96bdf4553c2c182f82094e66dde519de7955bfe3cf4f0ea07ed7165a4a934dcf6127816d80f454c97774e79e3d234a44632daf2dbce210696,2026-03-22 14:42:26.362752
9210,10154,28,9a62f86471bdc45fcb42d43107c95e047964a07942d96253d58c2fe8b1cd9d1180fcbf33de8c6f6139ee73f0408c78a70cb25d48b81ad710c2bb0cc6cb0c4eab,2026-03-22 14:45:37.190074
9253,42576,28,d975fbc537dbbd6a7d840b64f087f1a6862510c789abe1db48b33263bf1bebe158d8bf8670dc4f6e7607a0b338ce030bdee85b4ad1273d70ec763f05572eccb8,2026-03-22 18:25:00.781677
9320,12300,28,b3a91390442a589f0198e6e8145e42a50ecd814fec52d838358ae45580640074085bddf12a5d2484a409f7f762c39601fe1d9e0495c7fce55298a3d94f3e8234,2026-03-22 21:10:56.490357
9321,12249,28,a90696b68562b99b0eb9f40b2e22f215acc35abf41475eb475f7496cdd655d8d271f30525a5b5257fc31a4b88bbcafa89103a20c405dac0de67954f62f2e3b71,2026-03-22 21:11:12.167692
9322,16370,28,f58b7d6062a6e09fdcb828bfdc3611a7da603b0105b0d2b2e1b1f4c8d0f12ec72d7f58293bacb59eb39eee3eb8f53b4faf3ca1b08fa8a5e24da075abe0d85985,2026-03-22 21:11:14.176867
9373,17570,28,1758476ebcd21a752be9e4e6ceb771c5c53f2cc47441a2f63348cd08b69fc5c017084675c6ae3e0559267e0ecaa9460e84beb8d088f3a8c456a9df4bf41cfb10,2026-03-23 00:43:46.992632
9412,59704,28,39a3d624ce1dad4efa418413c2488272a7a24881704096c26c36b941d4f9bc9533ff3be618bcf8b1fd148e0d088381dd46fd0135dfd85737cde625e5da048686,2026-03-24 00:25:29.024157
9445,59973,28,bda28f7371d9105e8cd9a69dea1ed7f5644ca595becc3092e66a0fa900a58a10093dcc10c06bc9a311b2398fb691ca80e0d4131f5c39e67c3fcfcad3a59af265,2026-03-24 10:14:06.645838
9504,18913,28,ae9917c8fba0bc484fa8b8b6d41da0f7fcd3b50e381f47f1568b1174ca64ede50438fc30e68c24c96dbfef0a743c499a11b07b891a1ed9988cf9eb9ed37b03c3,2026-03-24 14:23:29.686179
9508,17692,28,67de106543e71593a36fc608d24dde8714c1b79d9c4eaaebcbeb17477a9cafa84b0d55ff10c22fae823c2ef53c1f019881159539059ac3dbc01530febadd918f,2026-03-24 14:25:24.285402
9509,28061,28,3a4df3cf1ad1c0772a090fc5f056d324e8bb643bb0db024f6912e8825ac2302ba6b22ea292d166c409fe025afe38251cdf3fe323f8893eae7221bd14bab12f7f,2026-03-24 14:25:40.70498
9547,26018,28,a838e6d98da300cc6813f1f726dfbe76308de6251ee356388e77f6ac42f3899136873c7323f64ec76380323a16e6067bf4016c8433d964fed116c4f96fa5fd43,2026-03-24 22:33:56.624947
9549,22908,28,6ca86914aafd26b00d1a14afcd5b4ca1c8588811145dd608f20048b80a240ef5e4d884bb8b8df476577bb1086b0292e15db4301790a9e17890a88bec8ec30fae,2026-03-24 22:33:59.37385
9554,27403,28,13aca0a6e77a22e737bb2e9831b490ad25884da1ab2c0f979e77d48529fb852907f826fbea7e3c4c9fdb87af607e80964bf64c888741bee2627c65a9cac0d0ff,2026-03-24 22:34:05.181912
9562,18626,28,731293e27eb7272c983781662c7f3324ddb383fcbb469e3d65ad5f03147c24b6301c56ac060ac66f98ea815204f12ff5689e095d7eb9feb88ebe3527942deb77,2026-03-24 22:34:09.643327
9570,21040,28,311adbc2e783979540fec7bb1aa3b0c3feca4737424b418da166ef2f3a3b7e9fc729902c96e3a0910a6b308dbb2925528b56aa2197ebde557aacfec7f3a4b6d7,2026-03-24 22:34:18.137631
9578,18646,28,423da845a43054d98174249e83d2ec36f4fafc3855e0299249eb6e1a711867874885b3dc423eabea1055eda0345cc9e80b241966e98a76d212423a0928ac22f6,2026-03-24 22:34:25.780553
9591,24020,28,8374d3062f7f34a06c11331e2161b1f22fb49bc68d467ba7755b82bd77e7eb6721ae00325a04cbf2432e8b21cc51fbfcbea39eeda8cf4bcb7716e70ea193e4c5,2026-03-24 22:34:46.007283
9619,23917,28,b6b1113e3377b4d73cd067e40485be35380cf1a9f2a991dbed837be75f062994746c166d08d6aa4d96e2dff4d5af3a12b67013b723d83046491bf742f26dbd20,2026-03-24 22:35:28.583157
9624,39289,28,c219cf4b36c7e844b65eab70eaae4b9be3f3de65e6274ee7e04b811b61209275cee80ad18535082ddec73dd649ab392ab132cfcdd13b18d77c6fd5e5e861d612,2026-03-24 22:35:35.524603
9766,59918,28,7aab00787b3b5a6afb8906451e693f123b8d6fc51a8122cc223015cc73689c6e3ca814760c971aa67cfaf2cf8ba17c607fe73090e26e512050421ad89f92891c,2026-03-25 02:41:33.096525
9800,59989,28,9598f604f817e9299a892485c0079219564c6c995ec4a6e662380482b55f0f3280379811a0192c42215f9d55193ddc47751ec9b8f476c207c2041913137f99bd,2026-03-25 13:18:48.18605
9855,27000,28,ebc681814e3e1d50392cf58765051a17de4cefff2f35cd83af299d9dd351787ed6e29d3aebc6416227c152f02efa42bc7dfd6387f016442a676c352afb2a203c,2026-03-25 15:04:02.90888
9893,9943,28,be4b14ceb837ddb691dc4c1d36400b28b2d80dfdd68d3ada6c8eb04954dfd80b8ec006073efdb1d9990d175b48d98c5e4ca008681aa47daebe62616411b9ce2e,2026-03-26 00:38:23.020253
9923,17463,28,59d360e61f59aa5a57749aeb86c9c89c78d1d745a716fb75cef9fc8554eaf967356e3e98d081294893630140dd3c7e50a55834bb536f0ab510131d5e71bf908f,2026-03-26 14:14:22.575136
9926,6657,28,9e837e44637762d08d5e7688a7a63dd5f71e4e494aa08ce15c52e04e99feca9c41798b8a1aca5c8fa0af2993db20ff0343df659f1e9eba0641453cbecb8fe73e,2026-03-26 14:15:10.547613
9933,8003,28,c6268e2961893e62daf5e30d86586c2b6810bb078847acf79f091bb10169478e583d34396fda1cefc383d134e93f1cf3c6fae0d3aa1589c2fab3ee1385309770,2026-03-26 14:18:17.607618
9998,23917,28,75bde95fa6e20590ef21b5851032aa65f0699d5c961b92afac082b7d3474f61b8b7b610fda08715dab772fef1d317c2996a6482343764740d5a655e601114eae,2026-03-27 14:25:27.937669
10001,16399,28,e35c0d025c34f9c877c784febbe12cc1eba7d61043d9b2b6e73289da9b7350a484d967f427976b65b13c0c7f45b21103299f20ac6b96b313bd204e4581e73307,2026-03-27 14:25:58.117828
10049,10047,28,3b79caa5d55ac4c01e9087d427e86bcdb03c4db3af93569db2e20fca52ebc5b4f41650b7ce25c8fb19f20c8e17fa04e87531cbf9d83667c634c87230ffc7a347,2026-03-27 23:39:38.927302
10089,12709,28,387c77530482b7a5edc1fce2f7a0d3caee795b6280e0e1885861a8ea336f645519281e6a32469463fc96e618686f18485e16cd075040d9a5e53acaf075ecb98f,2026-03-28 10:08:30.074778
10135,24192,28,84f0b730c74ee075482d363a106f09c30bcc41cb6b10075c3d00b3bce47f4b7a6b46dc7f90a5abcad21bfb21ace99d5165bfff569dd7ab90ea3827908572010a,2026-03-28 14:36:04.542022
10172,8755,28,5df4912a6c2f05206cddb274a753c3a31154164541f9c0d9accdacd5ca2d30698224686e088238416e93e91be547c4c997508eecabbd9ba5b73c421e4ac26293,2026-03-29 12:27:13.555857
10217,27392,28,78e88cfb6eb0770297997bf25eb85b9a9f353c51749b4e3e8e11dd0b74427daadfbb5842c613cc5905221a4ceca7f2639bfa6b1219df4e54e907b3e23e490773,2026-03-29 14:52:32.237632
8515,27121,28,14e92c90ddf6af94c639561db7d3e80b89579c39e54c4d745a6d8e928c26f32b8d6234aeb8dfa6531adec3a6960d3831b9a1b0e814ebf7fc070b8b794985e468,2026-03-18 07:53:19.193431
8517,27193,28,5d29c9013bb1147f475fb1a65a42a9f246e04dc7edca84664a375572ce869c0f8d054fe1f732d427e637b4b11e15f8b91885aa40f6cc937eb84152f6bcc97b11,2026-03-18 07:53:41.912454
8519,25255,28,09f9161979a366111930a26baad1d56c4cc13d1d963ea6761909705dc50acd997b36f223b561a365e4e028987d1dd80e59d06c0849042ca47569e63c2b609c9f,2026-03-18 07:54:05.84495
8522,27159,28,2abe663da03be06270a2f0c3428ac6d814ead22122b7e318308d2ecd7c49edf23291feb1ac8be4401bd5b87309822e52c193098436e06ac8a47cc617d8696c74,2026-03-18 07:54:45.672479
8523,27117,28,884f0a4ec9590623d9fc96e471a59cebfcf83b263fb243ee39b9d4ab45356a9846de45b9043f9f900236104d1a799c37ad90304af9ac8222d449a2eb859f8f07,2026-03-18 07:54:58.487229
9106,2930,28,c2ab60555f21499d600acf0c7f4626f68d0c1a317d8ca3ffcfe74b39e98500a6668e3642f96dec67aeb70815353534a1f1af17a84ae2f676d017e5e22459a742,2026-03-21 14:47:49.979131
9107,23514,28,6ff23591bc6996cf49287f1a54a2de188b037e30defd81298b7eea613eb3a18359af62ca6560444881ec6fada7996e77567b07fe2a8ee9b6abb2d0d7a1856b40,2026-03-21 14:47:56.206877
9149,36212,28,8f6eca2f72a0fe74083a52f085ac3d7b00e32a0d78cf92da9d55144b4f23a52ed7ef8fda587fc9ade9b6c61c7950799942be342aa45b324897021f60dd616c23,2026-03-22 09:19:48.301016
9202,13578,28,9093badae0ca292267eb05b41d1161a993af0414f5e6b078a388e49b163dbca054459ce49782c9e52925492d9c6f4841d305a5dc9f8319173e71a72ea9c2b743,2026-03-22 14:42:30.155748
9207,16358,28,9fff3b92720202e13ab7ed4a3c66502f7743bd5855f3b09fa76f3093f4126ae9319f29086faea5bad495ab1c2c60b87ba80bb3eb7b6d2a89438e52f297ce606d,2026-03-22 14:43:10.785893
9209,8405,28,a37c6b58c3fbf85cb9a9a41c1362880e1caecd72608d2e2cad2e8e4cbc4696e64c186e619889eb7a43e039b5b554df399549a2ea6c0c3c5e02c63c7b880b2d0f,2026-03-22 14:43:30.712038
9213,15945,28,827817602d9e10b7dd410bac444778b7fa68e7d7350225814ef2a9ed53fd78376a9e2d2e888f5402e8ef264091c190d62fa7f728048fef0e37bb939db01f258a,2026-03-22 14:45:44.366645
9220,12336,28,2f39af63176a05333bbbc5ea06e4b35f158db61ad3216f62ecf7bc87554345c7c7b04be3a80e3c011c73b4c70a661cbf4882960ccd9e94cd345680cb80bac2a0,2026-03-22 14:46:02.692356
9254,48874,28,9fdd6c2c95b87285dc7a231be781eefc18376a55099400707fba7c378364a9f8ddca31f73fa9acae8b6b2d44e5ee967325f38991c7c86db3aa03cf6987f048c8,2026-03-22 18:25:11.255928
9323,27138,28,999fd2a7c2ecce91eee65accde7d9dbf4b9a61761a364b3605a2fa4ccf888b92dd653022574255eb42e3b1f46d47b55d05904a3e47224f637f4ffbe429c1e9b2,2026-03-22 21:11:15.502965
9333,29482,28,6573d90ebc79601f3744ef3733655638ea9e0b9d73e43e30ee78358f6c1afca2ed70da7be06ae55f5a304ca833151e42d423f3968cb307db2b9877521c8019c3,2026-03-22 21:13:46.686265
9338,27090,28,6bcabef5798face4810950011cfe2bea01176a2f9b5da3322ce852e1b858cb32dd910b3b99846941e8f98371017aba867c8e478d1757071faa88a09a134006cc,2026-03-22 21:14:19.517467
9344,14942,28,f772b9aff555c3e5d0814993cd620aa5ee05bad2b4e044ef19453b92fdc56237b5f73643e4ba502c11d280c5fc1d55833634804e3b6c1f1600bbd1393811c277,2026-03-22 21:14:54.819062
9374,36610,28,87c2d02bfaa987cd2f17489c42e414529dd2c02bfb6e9a860b2932d17f01fe1a2d362e4bf077f78f8f784c70c0787adede20cb67af1b7cca669cdb5cfdbcffcf,2026-03-23 01:02:36.65328
9413,13156,28,19cb038d1cb4ab7795fbc0b335aa3bd8b06a536b6fcca1736c9004e72354f079c8b49c2c7dea0a07bfba1ce3c2d698f69f06c927cca14a23b7d0fd0df99b9e92,2026-03-24 00:49:48.337076
9446,59940,28,bdd8eb444aee69506fac235844c36348d6d3228365a7ee5b918806a64baa706fa80eac860a6448992fb88f1dc08407f038ddc7933e118b79a016caa2df6fd831,2026-03-24 11:08:33.54563
9505,10677,28,5d363cfda9c58b6c442f57701c88e4ad0eeade87086d0739051f3762612513f44d54ee237bbc647631c6473c0a9905c20d190369dd937113f59cef7669633706,2026-03-24 14:23:58.952626
9507,10970,28,d7c8000e89add94792f070a5ee3aac555e3682a9d509b70a96f4346854cc8eeb9cc1594b5223f2a457876ed8fd362e5dd5ba1851c77b501acf73c70b10251765,2026-03-24 14:24:23.701743
9548,27440,28,85fbb0b627115fc2f8bbddc37b684e7dd37653ad4e4d110f3907ea102ddc4ecb9d385fab20cbcc03cd9e2401e8052e867966752ecfb2fd82a454894591abad4c,2026-03-24 22:33:57.933078
9551,27647,28,b5f05e8c92a79562988ba36f01568e904a99ef2bfb0900023cf3f664346b41022e81d6a50c035c11602358f857583333915cc3ab26dd3e4ba8fdf524079b3b2a,2026-03-24 22:34:01.588097
9565,29566,28,486ca01ce8e5cdf9c948c01b63497f6d9e41891989880655b50422f307f7512d5c156e33b3a70e5643b0a1aadd5b050f58dec22a4c4f1e76ec0c978ff9c6e4b7,2026-03-24 22:34:12.034055
9569,18284,28,560e8aaa9fe558ccc017e5a53e0d79b3d51a71d47c361ca895fce030bf1c427503b7157c420813cd84d5e9ea296cbd6e00d2781c54d7083a7f16402047e8a8be,2026-03-24 22:34:17.882053
9575,18744,28,a326092b636f764099c2045f2959255584f015b023dbf7ccbcf4d7512942bcf390f597fd4d0bc42697b0a9df548a1104d74145110d835357b742791013c53929,2026-03-24 22:34:22.880627
9585,29717,28,5a1c2ee65dcf8da64061505d0e035bdaf2e968cfc433981c0ea21c5ba3112c6ef859aaa82b9bb494308a76b393e3edf7027adbea75b094ddc2985cf361b74363,2026-03-24 22:34:42.85541
9586,12198,28,ef3d980424fbf219a798568ca6aa894f48c3e6319fd97fd5c7dfa7f6fd7968cc099fe2e9019a94f6acda8e5a62e343fb80888bd06d46de59cead098a39ac5608,2026-03-24 22:34:43.212593
9598,18516,28,ab783c9107a994e34663111e78818097aafa41f9d9342f47480c8409329689f7308d333b81f237f79e65d9eafcad367232c0a6becf9c5ade5b3163a59b4de081,2026-03-24 22:34:59.046388
9621,24190,28,44bffce8c571fa7e83f0bd4daf664a19a50436d6508f9c6016fa69373b5ea4876b4978bde24656e621e142c5e20cb9b52d3b99b00690df1d8850702ec1aef62e,2026-03-24 22:35:31.28689
9623,19614,28,ede6c3f72dff6ae19b763f4d09e557ba76666d8c1fecdcabef3fa0e903f03f31373b79e2b11cc83ac668c82bb2df38b26d57dd3366c55058b5e5b697e0886bf2,2026-03-24 22:35:34.713119
9625,19491,28,3a767e0869b7e382b40968710004ce263e75af767d4aaa2bb0fac53c65e43fa37bab274ea8f8d6ed12aa610be11ee41e535c452b7d37922a46b27e65d9060c5a,2026-03-24 22:35:38.551794
9767,59666,28,cba508c60ed3b4d3c9aafdc445f2c07b27851fa91fd14852a603935681bcc037e5300fa21ad85a2955106a28f3210eafac96c88f91f9710b9e3566b6deafec8e,2026-03-25 02:41:37.795272
9801,36405,28,0dbb308cbd9d9797f094d5743943e2ffba9f94eb8accb0274386c5d4da9e4a782c37bd7b413f793c7e867dd988c485a3f30a313c064f740a599b956fd285c0f8,2026-03-25 13:49:58.796947
9802,18328,28,7decf9e937da0f460e2116adec9fd1acce3f40067f5e6d6992049acd0f73acb51e8d3351d597134b079ad0abeb42435176771bba3308c4be752923e6870a9c13,2026-03-25 13:54:02.659081
9857,24417,28,9fee4fd17d9ab61119dd5fc578243ec33fc3ef86a28f14b2e4deee0bc14dbb49287e8c3c1977cfb7d05cb88745fb7a18a00ee8e6519d2e08f5ed1d479dc05cf0,2026-03-25 15:04:48.71231
9859,26663,28,38d9caf9ef73d55e28564a045bdae098e889c68a74fb47caa2f92fb465f649463c3cfa5b61e26b5c250fb4d1e2645d573cf94b499865fb10502c0b0b1d38755c,2026-03-25 15:05:22.426008
9894,13133,28,4c6a6a11bd186d625e4205c0a20cfdac3a1fef07102dfc6217ea33bd52e1d40e8f8555bc889b7e22a9b0d1849d3674777cafa9f658ba2944999955e7f9bdf3b0,2026-03-26 01:34:03.108428
9927,17357,28,92aaf640b50018100683629f8bb766139dc965b7966d9d11e15716b95b5b05f9bfd4d0187761956601c435c9791ffc7c4e4a0474590ea4e6e8d34ecf76ee842a,2026-03-26 14:17:11.756557
9930,18810,28,bfe4c418591047565df30ca5cbb1f84fee69a53545c2df6afb32826b32e814db1a30f2a7124326c2b01a924c281211df3cee3427bc9e889a57184af8c80db441,2026-03-26 14:17:35.203962
9932,20977,28,1ea64f649c403c69ac80096070dc2445b8ed133b70134648c7c231080d15b37f2ccdd3f775643e6d286b0bfb36a24e667674356406f215dcfd8f13a817f3e31d,2026-03-26 14:17:46.191414
9999,22501,28,d6195e7d4087e22c4fd7647db3428e12a31c788029b1598118642f6c84c7025d258672bcd90893917544d5dc4ffe692e96349f66a2b97860f5d044f18523c070,2026-03-27 14:25:28.900391
10002,27318,28,b1fbd33cd6d4d13c0d203b5bb2f3eeb197747b026c1d024f452eaaa2ed05041997ed972a49681255d1697c167eff2ff1f8ecf2dbba726fc29faacf85b1c2ce36,2026-03-27 14:26:03.74695
8518,27125,28,62ed3fad87f9e0d4f1c199b554b02800a784e2beb0624356be49e5abbd46708f860bb647bde79cbb2648e28b109c04b30fb81edfe16ef4e2af90883580150cfe,2026-03-18 07:53:56.497867
8525,22319,28,5d719c618820c161e2ac979899f2d3df8976ccd98578ad1921d9a0fd7e0f3d6873de0a087ecf720ed7d42697ca04c4111d4e29806e84efdd345ea20d22e81009,2026-03-18 07:55:19.26531
9111,28179,28,ce0aa7e4952e10975aa709e8c25a35a66dbb8bca2c8f0a2fb9017f5769e5249b3faa900a34e45394ba2fdfffa0aa97519d475a4aa672640547bfdc85d1a99a5d,2026-03-21 14:51:56.409125
9112,11122,28,7f4f9f1392797c0784b9ab6097db6d24db3b558b35f2108277da2200515371e10aad2e80670baa365f6c39b31e246a9c0afd89fc0f72e962a086af7cd0eada15,2026-03-21 14:52:09.552122
9150,32943,28,74e3fac63fe57ea6c21713b1f40f31b6793cc8e3393e2aefb627502c84a2e280a3fef2b068da4fc34348417676f8a3388a185940d91fbb3e4de1731d5fdf0d52,2026-03-22 09:19:49.452088
9203,9697,28,b06cc9cff6d070888613e8114bf65b8ead34dfc491e95d44663ac7fb3f5583729de39cb3495734a915f28009fd792689b8cee55b3b90187faeb57e617b2dd929,2026-03-22 14:42:36.10865
9255,36818,28,f36455c0f8beb6f16a7d0c4197c46267dbfa64232f8f101b02322e858a9d0a47bc9ea471873837757e755697f5956e3db1089efd2eb480e63357dc0178b6e8fd,2026-03-22 19:23:44.274272
9324,6779,17,1cedd86e7becfc563b0775f7cd8ff39b8747df89eaba1c30220936ede90e18430a13772f96278c8cf6a77715358cb8c09a740668fb1079793ca95ae5f1854f85,2026-03-22 21:11:24.888441
9375,12202,28,5f69b585b36dff8f3720c8caaf7de6a717486598cabbea58fecc1605bf20310654ffc3566bfbf27f656d798feb375a253c25cba8ba154b30d4dbe415031ef1c0,2026-03-23 01:18:41.443985
9414,59804,28,b31c70cd21bf52047ff2bc4577e7c22a24ba83c7dd7c52798f8a2ec60af4d8c1c50a7563c76a0c5262f5525515150ade9e3fd19a8731a111ada60497555b05a2,2026-03-24 00:52:48.342433
9447,16321,28,eb4671854768ece68720e9fc7462d7080e61f6bfd806a28f19fa14e2e26cf904d137e3e273b29ce313cae94b869e713ff756afc0c2a25963ef7dbf4b16849455,2026-03-24 11:09:04.341722
9510,15843,28,15a2326f11d9034864ab01e5193a1adadc664bcb60721366257dc0129a65274869310e3963056b8123cca186ac1f062b6b7c402e8a1772386f581077dfcb67e1,2026-03-24 14:29:22.451049
9514,9629,28,105a8f3d5b211760e6557ba26fdf1115fad72a7924ff4951034d026ccd12a61a93cf744cf9f7f861b6e18e5fb632117f0bd7559fdb0e268e0d8f1fee0025c6d0,2026-03-24 14:30:46.828336
9550,27392,28,279fd991a730a5ae68395f1d1bf4c053ba0535c7505c7b6d06f678f9a4627133745c4f7700abfed9ed6341ed635e51f0f814ff72cfd728a2a9ca83d17e25194c,2026-03-24 22:34:01.059321
9579,22622,28,e38b10d126642aef7ca27ad9f8d1cd7fba79814347dd869d52e1d0baf33357635371bef6c8d571f9f2c86c38e8550531c2dcf0cfee1222010c46af03fceada3c,2026-03-24 22:34:32.999999
9589,22777,28,0a05f91fe4de2be83a1063799b7ed20430ff1a04bbc44a1f059e2b3666a37bb234fb4b3e35c65f28899aae2167ede8fdb724db2c476fd871a9f3a28c4576bc61,2026-03-24 22:34:43.97385
9595,23675,28,7d42e43c5bbd71d5fcc144414fbc48ebcbf1a693726a5873b925b63017e960b2b347d258bbc591efa5e31da571af3c890c701c8154264bc07fba66311b969cda,2026-03-24 22:34:53.322362
9597,12193,28,e26bb865bd2fbfaa74e660b5eeb4a52e4ffb814df9f98a37d547f2cde73bf9ba9c549d7562bba01e590ce3d9d565191679dd032ccb26e56eaa5af6da0b48bc23,2026-03-24 22:34:55.493809
9603,19365,28,8af9f913ed44744b91bcc93ef0cf12c78af7ce00f434e133ac1adce1c8e4c848c459f00662f23e705671c2d844eb4e5f2df0800242dd03d20c686ed9ffa18d64,2026-03-24 22:35:02.192873
9604,40270,28,434d631977484606fd459e03b1574c3b159f3fce7077d358664e04e7097125ea85f795616cad3caebada70be986ca625b3520862fc6d5a581699718fd932a56e,2026-03-24 22:35:04.655816
9610,18563,28,4197b84879b40cdf699b76b7e731ef978c739fbe81a0e59e5fa04b2aa9d2d3d63e1ce3a918581c935e612f8b8b504a880b96a43d1d83315961ea99e1e0fe4097,2026-03-24 22:35:14.168722
9768,59712,28,8f71de10133c159f10876d7d951f23ba29107998e0f998c254abe7d7bf897eace844492b39fc0985c9c963cc815774cce24b6bf8d73bdc01f0dac6ed47602355,2026-03-25 03:58:33.826874
9803,49297,28,424b9f3c812377c377d1189959595f0bbe4c03021af2a29a5a14d550df8ad2c172b823ade5a1c1fb534ee7dc6714cfdf18d183a9d9018ed8ce4ae1a3da4f37c0,2026-03-25 14:12:42.329031
9804,46171,28,59ee621f48a4e72873c59a1a816ffe1a6a37e8533949ded4b34a583edd48b786554246fdf5b6ad50d876026302f019c5306e513bb785539173bdf789e3fb509d,2026-03-25 14:13:23.93852
9858,18792,28,cb15c156c9b093dde765675d3450585006bfa38ecd9c0cffb0369d099933eec3c5cb55350b5f3a9f73f93e43a4650a91ac1188221c7f1296e22cbe09e8ef23e3,2026-03-25 15:04:53.123449
9895,44586,28,703e28d50dfa48ffcd13de2b273a15e3204fdc0506ceedfee6eaf56ecdda782f4a104f9dfecdb9e1ef452ccf8c4c6cf268590d34914b421f0fa19f5a7c62a265,2026-03-26 01:38:19.837625
9928,19382,28,04843aa6dc0656e7b2d9042541b25b4ed33f606a7e57cd089e5e4c01abbaf735a0720fd9e1a7e977cacb1ede503347e7d8ffdf10fd55051a44387b5854d739ec,2026-03-26 14:17:11.762212
9931,18048,28,9f392af6524ba693821b5f3a17876604baa053ab74f980bb8d5e78343600758d653e6dcf330dc94adf2f09bb967b37845d7b2af6e51b327568e725f16a67e404,2026-03-26 14:17:40.352185
10000,12151,28,8668fb995546c5b050a8c6636e5beb9a2919cd2a5d355ffcf9619dc150a36245c4a2816c28cff7fb9621452a36388259c85ead17d0294546a749b75259a76652,2026-03-27 14:25:40.304666
10009,17742,28,f6a7e560e2dfbf36ccfaa68284b725b7d1c3f87abe9a19ba1b25d6d501e9acb734161e5b2d321dbc47c4ca7b63996abdaa0a25df0913db8ee7bcae0d80385587,2026-03-27 14:26:36.096805
10050,8732,28,8d22f8a21dbe4bef93c18a306590796597d12a4f8279b20f7acb0242282d554de6eb2820cbe3e42449230abd1840febd28056c6c997ef2e2b2c42ab2a4ca9d15,2026-03-27 23:39:51.41438
10091,11231,28,dcf265ddc8c70ba6594914a0e07334e99854da3b417656a42887e56175f7a40b94368771d342eefc525136ff4aaaa9d7f04e64b476a689034e0bb0abdf510ee5,2026-03-28 10:13:49.300926
10092,15594,28,76b125d37d5ed4b2b9718df77e8ee054de2efd619725d4dd9085987e545812c34310edb66fba7ebc562503d04bd34ba095f5ae8346acb248b2e546b1a9fbf1d0,2026-03-28 10:13:57.422413
10139,17710,28,3835e5cf61855ad018998ffbfb9e8dfbbe15d48e80d8d0d36a2cc6f549e6cb17c9aefdf01876523ce026a23038a4f2f871b3ca0b3efb673aceaffecc9950657a,2026-03-28 14:41:12.266992
10151,24436,28,709a11004b1eff514a4958bdf4021eb887acf3a96dd3725ff8525f2efeb8c7e633a81a5e744e73b52c2ba92af6b931fe0ab2ae7aea56905d8b7cbc8cc883976b,2026-03-28 14:43:23.196368
10173,20486,28,5070ef41b560e5e20925d908db576a8d1053bd9664ebc68664caa5eb8dec82056ff182fd77e28834db479c43d7f28065341f8ce0205220101d954cc635586e78,2026-03-29 14:32:17.43072
10218,21738,28,333a572e7bea6bb462d70dab0bac0d1371916155848f24019ca7cf09221b465f97330676f97f8398f32524dcb4e273427a1e8b119590aa85b615e66eb39dad54,2026-03-29 14:52:56.658231
10222,20874,28,3a30ab0cfad0f95d5b0b5c4155436394490153ba4a15381cf0e8eb15d0ff1b7870db98cb3dd1b18bff5f1441000c23516290bd08ca10f4eb4594cf6afb4c6111,2026-03-29 14:53:33.763999
10224,27552,28,e4ffa1f88f4d8ada69ccd360ab85bad61374714e2a692f256f7dff4c25a30943dd25c4a8a9ee1ac389705f89b7678faced30198c4f64aa560f97b4913bccf3f8,2026-03-29 14:54:12.863872
10244,13469,28,f080c9d213d5c913c4dbac856441b26630d3a08226cca0783fc5129e741954c8ea554a374cbeab86abfc73b87d2945c47b62805f0d64d2f4a7128e7ea5b902cd,2026-03-29 15:10:43.517939
10260,29633,28,df05a43d1fe3d7d7fa13a01c2fcafa5e0ec60e2f45664ff58b104bc0481803ca4ffae36f0e0c089ed332e61af464d24cdd13b69d96fc467046c4595757539f19,2026-03-30 00:13:34.688836
10276,18452,28,f90cefe89f36744c90f78660fb4bf066619912509a023511ac8aab54a4410dbb460251e22e490a7cfa4aa46016fcde410071b5bb1d03ab68368e746e162a1eac,2026-03-30 02:11:07.192394
10285,59717,28,4c90930c2aad61fcbe6d763a3f8e23f281cb4b166349bf8f93bb3310afd309e40286b4f64542e7283243eafd4e706e75d06170611ce40efd0d98f74c5a28f34c,2026-03-30 03:03:53.09611
10292,13936,28,6eb6d54d623bfe0968dce06ee7583bc074a779a41bebb5fd08a0906e3fcaf368fe7f9c0b402855fc67084e9288049be8a647a2cbba7ba36085089a68f2c84a09,2026-03-30 06:32:53.751581
10293,59727,28,033a3a4c36b29e18f0ee8d4f65c36f8c49f40dc579f0c1f3c3a011f2846ba14a90fe905054b80ab6d2d73f03debbcd6d33d93996268507cc4ebb80275be65053,2026-03-30 06:32:56.32117
8521,25916,28,e941d314978a933e63666e9041da39334ee37d028fa1de53ba15b0c8e5da0bfe37788beecbbb96ade6182188ba4a75a33702f857a6f3a6a5cb488cdd967cb663,2026-03-18 07:54:32.859339
8526,19789,28,b0a425dc401e5c3642b474916f2089a193e7cc8f977f8b3726a302b105232b9a57f655e8736bc1c8cfbf46f60db2302548fc0f18b6c786681c844dba5050ccc7,2026-03-18 07:55:29.419512
8527,20108,28,81a10677a5ea73d90f9e4f3c88a07d392083c200d2528a1a3b796e8665b5540e1ce1fcbec6212ee522de7ddcd0c94dfb393a64caf07f8f3eb329a73d5326ae9c,2026-03-18 07:55:44.0904
8528,27116,28,a9c71c2d4826738c3640d1d577bd37ba18f6d5c106cd08dbcb31947545d9c7ed360287f9979044134aa2dc8e821fb29673f815cee9b4ca430463e1c237fa93ab,2026-03-18 07:56:02.007304
8529,25390,28,7ac676e73ce8bbdd373f19790d050e022fbd627501e64eb0aceba74c509a5e6d97305b2376ba82fd1607183c15ee6d2631adbc3bfdd47c123b7fd016b7d25123,2026-03-18 07:56:18.255587
8530,27174,28,5b20a889d1fe4184c4c544392f45627a6fd60072219c203d44047fc8113d820457e9f194e9b6569b17901432df18ccccd9545daa79755902ff288f76e861e4ac,2026-03-18 07:56:36.217426
8531,27133,28,307d77dabe05a4fdb982dba82522fefd53d3d8b26544621649a6de6911d0715550c1c3a33288c9951d49be1b9a3a31e7d2a1ac1e4736d33a13cfbe101566e74a,2026-03-18 07:56:47.764959
8532,25232,28,b81ddb46ebdb481824ee4def6d358777497e8c507a5c8f3d3c1718d1e069ef743ba6bbb3f13eeb2632407c019d5f53d8672b86d56e6ba219bd480a667702a583,2026-03-18 07:56:57.686787
8533,19892,28,6fa58fb881a60c92304ed5b98bfcf495bb655edf2f3b4fa52db05d58f2a3f0a0be703421515ae8b8e2e03c879a740737c8384ab98ad09f5af5429d9703e67df3,2026-03-18 07:57:08.248342
8534,19964,28,09e5c4615282d99665c2b79258d4f4cd581718a53a3c8510c4612bf94db4baab466edf6124588ebd2cbb24d3db5bf554ad7d164df4699c24463daad4ff860983,2026-03-18 07:57:21.26969
8535,23414,28,920decdf99f56003e6583c8c11a454573a2bcd2430c29f1a45a26c3a7013a45d9e8d9dbe382f71535f397471f19a4adad543bdfbf4e5cba5d955ee17c1a58ba4,2026-03-18 07:57:37.149579
8536,25370,28,80b32d823d9a24a76293709d02f0add8bb2e32963faae952bbc0adceb0b22a9fac9e65c6b48d28e6fd79001673bdd0cbfa5d37c552e221c5fe0c7cb0c1854052,2026-03-18 07:57:51.056297
8537,25928,28,adef6348f83e8f5e0c150715d87282747e780cc639a9511927178ee9f70c6a19aa7fb36b15d2bf2a38a3ef18edda732075689c33c1d00e894de47928f5be53ad,2026-03-18 07:58:03.506789
8538,23352,28,0ec2d1a1abf843471f1856659cbd0312ca9d73629f4451afcbd4e347f62c97f26e6522afa692844d04212e67643bde709868288bee8ddd34c51b79b01db4955e,2026-03-18 07:58:12.768049
8539,23563,28,730017b6b99a00db2732bf6c7046102bc2e6d1d5fe7717c9ee7396e6ae8788e591831405392f3a37bfcc8181761d7538506918d4ca5ccaff8ba32e0d3d8f0f1d,2026-03-18 07:58:27.821385
8540,19783,28,9fc7b7a4815d2cfcb75d54a07735b599e66819f7c7921e25953e5d81798be489980321cd76c9a679f3e29cfd0a1812b6106dfe40b2750421ac64d233e6a63d0a,2026-03-18 07:58:36.511843
8541,21501,28,29d64b0564fbd370642b2a4e118a97e224f3e723d1cdc3ef7d579377cfcc4c8fabe89f04db2e7eeeddbabf716755d2b9528f633c544c63cbbe800c83a584163a,2026-03-18 07:58:49.424472
8542,21581,28,c29c0aaba16a0d1ab7de0f1f38c5f77eca53ef28994dd9129487aa225c2e3dcb493abd2dc8e24b8a81d74e26f557757562c68efbe64b9da91417e804b0fe0346,2026-03-18 07:59:02.882463
8543,21758,28,a118155d353e05afbf112f08872300360ba59ddee655c1a4bb18358c613d10adf165350f4daa9efb212ce02c38bdd73058b5fab9e1574e10e1dcaa43697a4efd,2026-03-18 07:59:14.593388
8544,19979,28,58084e10ae768005d040e976a1639d60d82eea8f8467f6a78f13abe1c208904c57781979eb58401550bd6463cb7eb82546cb759a94ce98cbe3bd6f261fa8323f,2026-03-18 07:59:23.287611
8545,19687,28,986e5d08624ff3f401d336cd64995d6d015234cb1eaea8e9277741df0681ad1c62e0191622f44aa6903641ec50ed9eaf96f630d449794b7929b439ed5bd95e6e,2026-03-18 07:59:35.768459
8546,18438,28,05c76d683c1ea3314029f3feda40529a3394436a77510d4212ed1409d67f5524978f8b33c812f61fbe033fdb621101b49e9259589d11fd90b59989e65b96c1ce,2026-03-18 07:59:46.520122
8547,18602,28,afe8eb871ec57ce658e16b14dd48853a1c317ba262830fee22f48402d8c106f891cb180777021c3c0804bcfe9ca4964f26cd0567c11762a9dc0a5d9acbe54105,2026-03-18 07:59:57.968855
8548,20245,28,6c4da4f140c6834aa422112fa42b6ade9dacc66c63ddce4a5c1d07d8e8908ebb637d263357951d7456a94ac66a60456119ad88799c3693dd5b883888a423b65a,2026-03-18 08:00:09.822507
8549,21512,28,b0fbc9d558a72451bd362407b05638ea54655b8399838a75d73cd97693dc22f0142a1f472361c2a975f8eb8f16feb44a8665c8119645dea51202d978f69d8320,2026-03-18 08:00:23.414573
8550,21692,28,8995c377ac13f390bbc4eb942218e4e58a6036311a1d03847bffaf90c09f5d8666ebfe5439cfa88b63f95f1ed23876889fea5e5ea140e0930919b03ea9711fda,2026-03-18 08:00:34.947989
8551,21075,28,b99ea8f208410d1a25854c16e39f49ff5081181db298d299e7deeb4cd1f5dee94bffb838cd61f3673df80ab95910c5718de43d0f8d2cb2d64231e98c94662199,2026-03-18 08:00:45.676488
8552,21697,28,d7af299493a43d6ff694fb3d7107775d7a8b6247481b6d7d4ae8dc938c4f81e977fa5bc0e45d14e7a50704fe9fbc33a4265c60299b61d364fd6b34030abbe9cb,2026-03-18 08:00:58.017366
8553,19771,28,191aebe2f14ee0ed0029582a9beaae5ff897d85bf119700d862e254ada810ebb02e6f312359d59a10aef7f00dfc2e467147f3a2bb18f5d673f8b781ff9572e8e,2026-03-18 08:01:08.618007
8554,19900,28,5cbe1796de5d091412a1ceaf45ba8c596159cacfa5abbec62482f0634f3db64292eac30df8f3db09694183f08f9980842fd2e044ad130ce4e540a343b3611ef2,2026-03-18 08:01:19.102814
8555,21737,28,1b2a0ff58c7915e409081480f09ebdbf65dad2284c3c088744cc7c6e0ffe924627d3701eb9cecd6fce1883bb66542e20902b2ad89a761068a59beb9c81474a0c,2026-03-18 08:01:33.240514
8556,19731,28,aeb6e01956790eda5ea9d21ef6b223851bc87dfb5492f15415dbba429254771c51654284fa6910ec4892afd28576a2b077997dbe8a58aed9c33547bee1df3765,2026-03-18 08:01:42.482608
8557,21545,28,d978105cabe9fb851ab3e11c47c840d9e349d683ba28e04b88d4fc89cd1f0861c2fdc03064ae345b093395c29a55428ead5359fd84de102c464a538d2f165122,2026-03-18 08:01:54.786395
8558,19620,28,cfa64d8d699f2b7ece70eb518aa3e34f1543938750e307a2a583ba0082c0952098cae0cf8b99dbebd0b60a20e36ef35688b67bae37a43df7028349113e19c93b,2026-03-18 08:02:05.352425
8559,17853,28,e264dfc83f9978c551ea6c31e289c779909ab8ab8aa5f3bcb59a90603f8db091ee7d71af46c5d7a88f446564c235cd9b2991fb6e4f1c54e016e29371272366ac,2026-03-18 08:02:14.736198
8560,19694,28,0451f5a5917cdda6979e66801db267c01071b20cde5831a2da3fec10b3d3ef4b4adc39762dbd82d8eaff8575c99980637b7ec5d2becababf6742521b381831c0,2026-03-18 08:02:27.734163
8561,27113,28,5035d977435941923b4b8525e953007771771ad24797ca0337996ef8ed2dcc504f91d5012fa991b3848c2e661e91fdfdc59b78847e70ea6f9effbd99861d4b5a,2026-03-18 08:02:45.999565
8562,27134,28,d482bc2f1eb9039c6e92fe238707e92339202181ecd65d1bb1b1b6461588a701132a525df74f11294c16222dd0b8dfbfa9524db13fc815600fbf77693d9e85e9,2026-03-18 08:02:56.803833
8563,27122,28,0d1a21239ad3f365dbe47782e0afbffaf4f142bcda72b9b2c103ff1c565c9b6b8a84304bdf438f54c59d42587c3a6467fbcd12325b86c48981f1199abf484ac5,2026-03-18 08:03:08.40334
8564,27320,28,a99ae77daa8b5e973ec0a14fcbf00bdd86cab322a4cc39da002edb10c1a40c622dcbaafe9a66328235b674c474baa4c8d3ebb41f06d44d6746de75c1441d5aca,2026-03-18 08:03:23.571286
8565,25265,28,bfc997f2fe333c10434378d56349d7a328a3e1e76733fdfa646c4653c3c1ea4c8b02a79d65b5c916ad8df8c54f6ae3fb5d168f30b13c74987b3556ca244e329e,2026-03-18 08:03:34.086755
8566,21574,28,4938b697031139aa2a599b91e0b0fc1f30689a65eca48031b63de3bb45ef8678d2d55b39c2f0d5a38ad0ea455a9f7874013821850841963359cc4755dfb29a6a,2026-03-18 08:03:43.033825
8567,21494,28,f4647ef719d5615e2725485eb2336e837b05a1fe226282084c06faaf15d9de1442be3de6c919fccce8efe71e060a36b69f7b1d6f54fa2cc2bc439ea7a8196133,2026-03-18 08:03:56.811522
8568,25418,28,5341fe4bd6ccafd1f0b91ebfec32311978d865146682957f04994a6a23c2fbc70c851193371532849c10c8f44ba966694a89923389bb399f96c66150d60eff40,2026-03-18 08:04:29.722908
8569,27135,28,17284a52b635d745e9087eb133d3146ac328854d6cdb6dba65bb68675170c2534543fcc2c582daff654e10cecc0397b4d8f86b352a59f0fc0c217a6d9a79abe4,2026-03-18 08:04:31.328793
8570,27146,28,b80a86d73f7069e2e3c2f53b0373607a9ad1d43ded5712fe25d998beb7f417b906f7a78d9f11c4ca88b4a20246f42906acca602dc515430f065d7b29c8dc083b,2026-03-18 08:04:52.735387
8575,25390,28,98e73b8cd14d4c419c2a13423dfb972b09c4b65cbcb21349b84dc5c1479af3399eb847b8f957a7c315c66a51bb19971db0e7882dfdcc6bb860b04a120462833f,2026-03-18 08:06:13.749871
8578,25289,28,1a55e847be851d0184899766a808fb34ff906493b38937732eb41b7b67a171afb5b6d71a935057a1cb132902d47ac2b3d10ca911b7222a894936e257d0f3ebb7,2026-03-18 08:06:50.273882
9113,18916,28,ea4e98e93cd24b2d5aa0194b03a64929014a0f140ad60ac625024c99c007591b9dd00a577deab663ff844f96c4e8f8b8706eceaefc0b1f6ef0de79c45c904525,2026-03-21 14:55:18.541181
9115,18114,28,4b8a0c32de784f357028e9cb1451fc727e42c88c98726a9b73734396294ff23ecb43617c3fcd52d276bede2a057bd0901037dc5f6ddcb8123066711884b6407e,2026-03-21 14:55:44.0544
9116,21597,28,65216e047546b39aaa386b52961e184cb2ec1d0d634a6db2ec8d48b65cff24fa75a88fa40d58acfb6ee56cb8323b4bdf0d9057fc82932ecad3f5cb1afcae3e4a,2026-03-21 14:55:51.327122
9151,38164,28,32f94a63e547e682602d1036e4a57689a00ed860bbc70634b68f5be6ffdddeef275a2a0f5215e4069299347e7d5abc45918fa289337f14f40f7542e83b521cfc,2026-03-22 09:46:17.058162
9152,28877,28,9333c6fbeee68942397bc5955dafa4eb8b01f678547b57ff691f0f3ece9ae3cf35c42e8ef39f2932c4b18f1b14df5dee7057b4dd952dd4a5cabad60397eb6325,2026-03-22 09:46:53.642666
9204,13297,28,19175a978b94b9c91f034beb7b0ecc714df0bdcf551a8055f8cd09a16e82951ff626e1788549e1ae55725e1d828136fcd48b7ce10c5b64b16661d2f3921f0ea3,2026-03-22 14:42:39.480024
9206,25327,28,f5c3d6aa5c81f20ed6dab0f8015ce62cb25e666b241204651af2d5d44cfc1b3a8699788cbf85a66a1e9ce0300917930ca27581ee62d485bdf2fd765bcd1d3267,2026-03-22 14:43:07.062026
9221,2520,17,040b9949de2b2786e35f4c377674b57f67562dce138fbbe654c27b764f087202b12d3ed0b983a24e1c89d3e9f68668d6b43b9bb251416c3291c6d6a2880c43e4,2026-03-22 14:46:27.063052
9256,35465,28,9f983cd02b54e8aafc68724b6ccc64f7db6b5556f2686d6c1ced4c99f6bde9cefc18bef0de97da1a4b715e37027562229ba4dbb34e7619727ef17567f7483577,2026-03-22 19:52:12.3005
9257,18181,28,fe5d959dcb24867f623efcbe4095f3e774be0d9dc926d93b9b37310e8451ffcf99874caf5adc90fa07d617d7f749aee1a8121c72324079fbf3e27a106bfef161,2026-03-22 19:52:34.17388
9325,21231,28,0e77940d890c90222eff8e223de4f7d511848d2ca8c058c6b094a86ab3899f1621adb3595dd7d3ba0cab2524b1896cf79b0069153e68e94303c31be4622eec54,2026-03-22 21:11:29.098403
9326,23629,28,51d5df2dbdebb31b1c5c5076764aca8343e316396c264f41b9650f40b85b374cf46876a624be9556d72000388fa417b34dd97c39ecbeebc04aee7a7dcfa218b6,2026-03-22 21:11:43.824863
9327,27200,28,15ebec430b2250eb2ade8be0eb4c98ec46fbe86a3110ba658ae4e918478407350f1ca8fc7c2314df7ac28563eecff0a128537ccf572b2896397b774cab028eed,2026-03-22 21:11:46.335724
9376,21998,28,197bd646775970fc2d44b0246a0d2142e08673dc843e2be347672da180b61b03408b98deddba8b0cd953be53526184b92ef49246617bce8dc0f88a62da77e3fa,2026-03-23 01:18:57.525663
9415,59948,28,a9236277323542292b22f838ed2cb8f8f7af972881f4acefb1cebf6c5d36fea5cf3dde98bfdf7df2130f4bc2444a2ce8eef342a632700ac71d31c3bf481f1009,2026-03-24 00:52:54.181481
9418,59963,28,f3327377bcdae2a7d76ee09a348e5ce73c505a6ab9a032cb9635f71f2c7b29462ce0d6846261441c53a5f720951d681db0f07a78d43833b561082729a7cf0465,2026-03-24 00:55:48.811123
9448,16285,28,d3c3193bf27cd97f5d4a9c849a4d470f2a42a0efffc0f2bae754ec9e2175fe9a3fa131234844db9b860a738ca59ae78861d8856658d4529df086a77404c2412d,2026-03-24 11:09:06.018052
9511,15715,28,5516c4850aac0acc0b9dd6e59c10b8d2a1be3cbebae447895c1721486ef311fbe344039a89670ee5e1fc6b96a501dc3057a53191bbd3bb08ee69e10748a4f52e,2026-03-24 14:29:24.429094
9552,22677,28,f6c61a9a0aa0cb9bb36544fbcae53f8bf35cfc3a7538b6d3111245a11c5c0eb76b0546b1cebdd63b0d482ee00c6c48710c0166b1d7d3bd6967e84ae641010c45,2026-03-24 22:34:04.039257
9555,27596,28,9644f5254624c1a4b4f1f501d1a3889d8e815e5c0024a9c5eaad91d36015031a8d058d1c6e8ddd4944095cdca63f8dc144223efd7d2f600456f88f0b7b9ae894,2026-03-24 22:34:05.568875
9558,27315,28,9062231be7b55fbb8f6f1e7af8683a2a395b0b90e597e0947368cf1406402abf9836bdb302deaaf7eb5696222667061308b5154792342ea636df256bdf25160f,2026-03-24 22:34:07.072436
9564,27474,28,30c7567a3aa28e02e32e41f64c6dc408ee9cdf8d83b4ebb082295c79da5149d794c78f48924f5663afce1cc8c23a24a5c9dea84c27c8bc7ab3956fbaf1629798,2026-03-24 22:34:10.765545
9601,15755,28,e7d90c5026399742b48dd56e358821e02058f9f2c400bba5274a6a18bd6154f5d3ae46a7627aa2927570c11fabf4d54097f9eab67c47df333037666691bbaad6,2026-03-24 22:35:00.242715
9611,16199,28,5c1658f4cfc1940c8b9ca5ab81496c33bf38fb4c2dc7e56edfe1ac437ff5f8fac1ca3e5c045786e6f0b46278fba4ea174e8cf1dfccdc2b7353c54586ceab9bed,2026-03-24 22:35:15.716431
9616,59849,28,a5a802cebfc1c476afe9cebecb07f5a1b09f1b3b2c8af68ea8d56eef28336888dbeec5efe3dc39aaf10f296a8129212f4de953c128923495b3ef562939911555,2026-03-24 22:35:24.873794
9622,23993,28,da9fa964f5b24331212755299c3f1d6c57e4ce169b533cafb2d208d3d0e2c0206d761405c761ec01b2fb7fc34094fb24dd8c9613246aa28c3d82ab5b5f08c584,2026-03-24 22:35:34.604983
9627,59889,28,2dadef525792a6c5e5e8c2f868472e71276de2a37bb35977d89132be48f0b2b3912f495c4011648e9fe73ec5a22022bc486c8477f0a4877f56727121baf74d73,2026-03-24 22:35:40.104479
9632,18411,28,05df6ef8c8458ace3f3ae987badded7d736b533f0966c427f6d01f74b728141c71e9785a3e9cfe20e5073d91f9d581b5cc066c826304176faed41221ddace077,2026-03-24 22:35:48.510165
9769,59985,28,97c27f9420acbabbcac3e7d80b1340028270c2dba6db119ea04fae6a40f2114931f9d188472d4acbda7962725996532c1306d4eda4cd666d22390ff7e89785a9,2026-03-25 05:35:28.526387
9805,59909,28,ba7f03a705f625b54c76940d3f8dec14b1c6d23cc9af85e125d40bdbf88b4ccea69d4ee69b4452d872cdb3dd0430cf224428bc49666621eae8ac57aea389ee16,2026-03-25 14:24:38.605872
9806,59986,28,0ebb078bc6df63d0ea45306a2a07cc4138f737aa945afd97dee01d06de624805bd62b98b195d8bf5415cc29f9d33e2fba25624a9c98a32736cada6f2769a6020,2026-03-25 14:25:28.278161
9860,6868,28,ba040e282413cd86777d90de5be61dfa45ca9d8bf57194d4fd625c8f6200c5f038d2957f2eead7923ed3cc646ca9bd04b287ce93d9982264fbc144024734b16c,2026-03-25 15:12:33.818874
9896,59369,28,5c81d9f3734f2753e6f9926b730051af15bcf31843116a774f7a4a41e09a1dfb2d0562dd153aaa20ae078dfb26af8f20221de5e67ab83372a8b61b3f80b2bde2,2026-03-26 02:27:36.687612
9934,14465,28,557d4ebd0e633db1e15a16aefb0b3daf25802e2201be3b5d76a5466193ef70475b491312d17393ac8de653a94c9aa1706e14b6d72de1a4dd4bb525f3bfe6ec97,2026-03-26 14:18:37.799095
9935,17959,28,186c84b272449cbcdeda7b40a5123de44f05378c8021d20059f41d953060d324603887fbabbc6c479ee492d6b2cb04d92321816d725cf3df30032051d5443e8e,2026-03-26 14:18:47.803479
9936,20319,28,9b496f9b9d2e542e6318ebd20d8ce637c595c1afb9874fda78200cfc4c3250d8d548df363349490757653121d97b6b67f684240cd03f4e071d7ce712518899b9,2026-03-26 14:18:55.812458
10003,22900,28,611fd948288ef708ec30e2b0e4bf04ffff911bbe2d917216312368ee90a0a3cd1b1f2756a1e22dedac13136793215f6f40b1f3603ffae13e564a4171604b2c12,2026-03-27 14:26:06.961483
10051,10453,28,ec8af62d07dd57ba628a2834d6ddf0195b9a73a6c232e0db84d3fa87bba494a9dc2be9b47ad3440ee7b9c6cb9e24f160571e919767604517c2cd2e8a894746e2,2026-03-28 00:07:54.727964
10094,26137,28,86891ceb563721f74f1baa96a8b094cfbbccb364d8e286cfb56dcc79137080f1fd5906b2a8a45fc66ea06a3995b30d641edee30d16340cbd0016bf9a7b1150f5,2026-03-28 10:15:58.108098
10140,12570,28,f8138b0392e1e63873778349ccb00f6f3211e731d422156a15dc7d448244bab30eb17db7c94429ef3bf085fe2a46ef695dd7290d1a282c8a6eb0301adc719d4a,2026-03-28 14:41:36.705019
10174,13347,28,123c7b9442ac487990028b26e670f9c069c6f4e5998d5680646e3aa134ba0f9b63ab428dfa8651375c8870b5a975ae91eba77b683ad9d8a2994e868d1ac4b01a,2026-03-29 14:32:20.08459
10190,8504,28,6bc37e862bb5353448d73f3a0c2c331aa7af3d35a8165235e306cf41ce9d1a412cfbb6713fe627fc0eec7b821a8e1fd9f18a651f7f43d46fe8ff7289e521247f,2026-03-29 14:34:56.141898
8571,27161,28,0b205d6b95bca4c79ac6ec5ee18c41cdb3a4dfd17810ded7583944f6d5ec03afcde90de77693934f7fa70681f003db34527f102037bd503fcdc2f1a0798686cc,2026-03-18 08:04:53.160713
8573,21645,28,2819cf3232d51f2c6bf64d503c0a1a57f3ffa2096147cc934641dff52ea6fcb1f5e00f9b3f3b4261f2641190263d833b9de04e7df2cbfdfcb79f53ed8f09ae73,2026-03-18 08:05:18.007264
9114,28131,28,71de60c520d6e573f5176d5e1910f7fa3c34a29a540e080c312cae93ffb8aea3e948569c4f60ca1268c9e006a958f7c9617dadd58a9a1878adec74e57f71fc64,2026-03-21 14:55:33.950288
9117,14962,28,ae29b3c205a78701279a49567f6cf1ebfc89f999606852acd39d4f6b44aa5285be5de25a2600edc42bfe91036f70f28507877c543795997a9de4bb3d2862c395,2026-03-21 14:55:52.576443
9153,26851,28,e43591cfa0521d5a1cbedc74304a5e1a01c117dd1d6dbf57540bbf1eb12ca9b113f9bfb501cd664a49d5c52fb4ec1e623bdf5b0e8db00c59b733cba74b8960dd,2026-03-22 09:48:02.360398
9205,25459,28,718697c0f9265353b8ec1b25e39d10a6e66905f18c2173c956641461ba6712bc5538c05aa50cc73cabb88e910cb7e4e7db991f383d514c81c27606bb717ed84f,2026-03-22 14:42:43.586628
9258,20761,28,d751fb33987e4dda262fd44c541c49ff79bdaf77706e7f7ea16b8c5dc36361a2bd8034abcfcb5ee69e4cffee98849f0bb37766af77fd357df0dfc3e9297c38e4,2026-03-22 20:06:42.931241
9328,27310,28,201ecc7b64570430688550cb2b1be87938fd6c5a27e833aa0f26ad1bf00e676fe6c9149214ee2e1f4cf77b24e3b0e48508dfd1c34d03731efed104b4b0e83627,2026-03-22 21:11:54.235937
9330,21798,28,d45a774755995340e325c34e1b6f6f23643ed6d05e474740e45d8b1c54406d396883a90e03d990e5ec963bfea01fcdf0607f90b0e1630e09b49c33258c4b059d,2026-03-22 21:12:20.134957
9334,16320,28,208961dd0157b49c53bc117ebc5bf359c265005af153deb4bdeab37979046983b485fe01480da63fc89f32b8ce9d361cdfdae075aaeead9fba79f72b40ffc19c,2026-03-22 21:13:49.499908
9342,21787,28,278e492c019d08952f21e88099a1aed4e67034fe2b78772e6d0ffb051cefaa648efeb2b25ff36f8d4f7e33aa698951a22db23322cb5b5668c055caeed8dd0a9d,2026-03-22 21:14:43.485169
9343,25194,28,efcbbc9c1e44aa2b2d293ba20fb2d7d9e4d429b31135dd597be77c4a0f9fa400b24584e632aa54adbc5da216545fc7b1f0d00f7aa1a5815e1a33500b836f456e,2026-03-22 21:14:46.411587
9377,36559,28,186327344c2fc8f7474131e2652b586be7c0338969f270e4507327573a5274511cf48c68de488f3b51912c634b431468b96e4e9fc8e76411e36eeb491bff02bd,2026-03-23 01:27:44.101848
9416,60000,28,da280bf490bbd6593d5ad945250b798a3efb91eafcef2fd06b054798e47c8a8fb7f5b22387344a8c655c02da8c2f1163b1896722ba0a8f9178f2dc6112de12fe,2026-03-24 00:53:01.609916
9449,21992,28,b56382749a1105149c49e032b3002eefc358f146387b690c3c2aaf4f63a8ddb1ed8716847c1f3d25529540ea3b938e7aa6b01a4db0aeae70fc7a56d78b0b2120,2026-03-24 14:05:24.604553
9451,21395,28,0bc5dcaf92aaf03b4f6a0e8e7c3db519a95dd06e318fac8586c1482b87729e77f23a65fd97bd1fee8b76d391a037d4364e43b2a0dba3ee84daa13518fcdc7410,2026-03-24 14:05:29.994697
9512,27548,28,d4c0493b656d541efa8825d56589faf78bb18ec9ecd9b2a2f2ea0e84933e180a1000418ca0c3c49c340b8f4826eaec1ab59a9eb4183661780032d4117e383545,2026-03-24 14:29:29.67268
9556,22500,28,eb51a6c6d3563ad01ab906d291f5c22a0985d45e24a6caf79a2d811524417b740e7071da0d7b51dca98c05329a47bad9acda7f992bfb5b229d534333a6ab88de,2026-03-24 22:34:06.46388
9560,29771,28,03d057c16d4cabc197bdd0ef9c2da3ede1b6919c21160014bf9c5817956512fa5a6fe01dd1b67676c49795d5cc89e9f1c5122993bbdf8f64b0ddb6ee235e9416,2026-03-24 22:34:09.310145
9580,29628,28,1f777bc098e897af702cd46cf7de3ae4823d9d09869bd7c37ed9cd26ca8082b0d4340718ea3fe819eed29f9124c122b8ddede05ccbe70bace4438aaab993eda8,2026-03-24 22:34:38.681119
9584,22669,28,eb3c93caf8657c26a68e5e3b2499375aa874dfc5594940d4241b082409c3419fa8a26cba72724036ff9654611321921330b8dd401c94dc19e3dce07c0d49ac1a,2026-03-24 22:34:42.017456
9599,22379,28,62b8d695a0a5b6d4d6da23838ff29081de2493747a76bc39769ede7c56c0ed3dcc3827897c2a41dbd336965fb2135952c25549803a578adf0a02661d71a2794c,2026-03-24 22:34:59.629734
9613,19112,28,c2e2232f82322a39236f69bffa2fa5a521e797a907dfa5e9c535a4080e5f7e8f6596237447bbb0dc57c8ed34ceef184902db51a78b0fcebf351d590cc31b38c4,2026-03-24 22:35:19.113261
9617,61719,28,ef032631691ee86ccc38fa83251427462348a65ae03e75ae1f78add0f716855636c00e7352fe191bd9e8a3368bc618bc9dfe3255d04d85f279f93f912e725e4a,2026-03-24 22:35:25.004103
9630,19344,28,28f3d09c30362f43442a54891b027d04639a00a62095f6a4fbc0294b271dfc3c4cb17d6a4340557f92972ae674e39e788331cfe2b47f42d48a6cd83a6a5d01de,2026-03-24 22:35:44.924773
9770,12262,28,5189f3b3db023b704cc8f6b824d23be06e311ade76396320773dd52faacf658c100d544c0a4dba3634802570c379a0e1f6bc726b25a72ac7aa765df7ae100c76,2026-03-25 05:56:20.101249
9807,60010,28,2606de01f8c9cb46de9b01631c5a1e1649f8515656e1482279f0a28f16eaeea0d046f0b8cd75e2b9218b2469b8c3d3fe4c2819ec9a852403df685ee56522e745,2026-03-25 14:27:11.66448
9808,59989,28,25fb21f4d78fbef27d6cbd5cbed332523e756e680933250a74eaf3cc45194721a5b2180e9353921acaea627e4ce013c18fb134e7fda25171802da9243b1ab99f,2026-03-25 14:28:01.680904
9861,9790,28,a196c5304d7e8ef1d726196ca5fc5db03d4df144d85acbe48231eed2554b2edd7cf82d38ed77c1ad303b838c1ade53a07532744d66622dafa2956bce551dc2d0,2026-03-25 15:16:03.222991
9862,13456,28,ce5269d2b9ac6931f0146e9be7e8b79afc42c5c12ebe850d3c49941d0e3da14836b9986db17ac4720e94b7c3f5333ec3fd3abed85bdab87ecc9f366b97a6231e,2026-03-25 15:16:08.880481
9863,13681,28,af0ea3bcaad8f615612164e6c6da14f7cfbce7d42e9344ceffb480fed6aaa8368c375cedd6b1bf24505f6c27972eeea36b4cb9a288ac63e3f65b5e2504d56bff,2026-03-25 15:16:33.907575
9897,8842,28,1d84c569b0d51fa35b40b7a462f14c632186da4a66f99a6573d2399fa933583debe2687188395badb8dd07fe5e521cc41a68b43deb9377ad1e490ab57f47891a,2026-03-26 02:31:15.050561
9937,12286,28,38e45103fabdb3ec6a340b6d44d6c61b1b614bc48636f7284e5b52cdc143fea46f3c6b1b05af5bdc48bf6db46038f002e4ea8c2a45cb7beb01886a1764e5843d,2026-03-26 14:18:58.794706
10004,21426,28,4062a672db711b31d04ddc1a0e850d17b7fa650d20ce4d2cb39c24ae67b29d31448251026020fe0d8c959b69af431f4631aecc1bd1255aa1263d6f5162a09391,2026-03-27 14:26:12.253997
10007,11559,28,1d4f370207f0d018bcf5bbaa0a7a55f2d1a445f540a61a6c732208b0cd70ccc3ed27d85f317448da339d7aa6bdf7a8b173254a2d49025d5fd114e2e6380c2cd2,2026-03-27 14:26:23.175746
10016,3199,28,6246c8077ed3eb6c970946e0fbd2230f918b8bea6a94e52fe7ef191c00b102479671fc4776eff2313a7d402b8199b0a58f4fa07d12fb45c8ecf7ac7a0aa2621a,2026-03-27 14:27:40.224889
10052,59961,28,c231a9762bee218b5c97fc8118e868b0a46ef620e41b6abd87c0e051b6ac780b73353cfb93b2077c1540d1f8f2c2a40929d1288310441347cab6152d807db74d,2026-03-28 02:59:59.968394
10095,10557,28,0785d2875237b0153a1e14bccd3ec1ab358553f47742505356b4244c932c3a9df3e7a8fdcf70e0c8c18bd0f6002fa41442e76c97ff83c24ee4dce0c880e7d3a4,2026-03-28 14:14:07.419419
10097,18817,28,65f8ad5c2c0b759f2a4618edc18e6f6033ed4a981e3d776815c8b8661a5fd0322984f2817118d29899beeb71bd8754a54d50c5b33cd68e77beb8a10bf3cc4d9b,2026-03-28 14:14:13.542951
10102,17118,28,2b4d0d327d0c41116001c06d854935cee992d4a4062633b733d76760123e513d58df2eafa92948e89eb14e3f2033851ccdbf3dad53aa50f3dd18a57e86a2632a,2026-03-28 14:15:39.902019
10103,15220,28,b44573cec57368916761de7472d111ee301d4811b35af086ee495bc02ef5bddee9894501550a5d9152e4aab7027175f5ba81b997a6920f038e25c5afca1ed775,2026-03-28 14:16:25.350133
10141,25083,28,0e7baf816ca234f00d51b755741196d4a53396df8781b099278c025fad652bba9b7a7b901732efad9356884a5b02a41aaeae57560877a7b8f7d90a4c8f2b54e4,2026-03-28 14:41:39.687881
10142,17914,28,866c68a16e28d93f890721b9ac0a447268812b0b315eb138871a7b0689051aab1fd1f53756775361f1ae2a0f103e25971cde08d16e088a828b9fee2221ee5e65,2026-03-28 14:41:41.913344
10145,16448,28,3f1d0c317821e3ddfcf28b3d7a74aeda4457376f889d0a879de2e796316493f450e4e00e8ba1c065d06967f3942532d32d23e6f5af404870ea4ab51ef610f7e6,2026-03-28 14:42:35.508966
10148,20372,28,9783f4a5f01bf338883518d80ad4d4dcc709460cc5d845dab4e38100a8b128f688b07fe16ba91d4eb58fe8a19e0cadc5b56903d27ffc88ef755196a5e8d6f120,2026-03-28 14:42:47.665168
8572,27308,28,0a0cb3968dc6bf7a6060429ff4ff72b2eb0808c24596b92c4b96a1448f2914ae8955653f5bcd0b67b2a263f99d604ac9bbc113ceb533de5e3e1b0dac47c4f6eb,2026-03-18 08:05:02.155535
9118,20639,28,c02cb19784692a6ccf169df4c113c82d319fa8eb65ea3e5be3aa465fa91a56dd1a837198390b7dfdb67a307c604ddd8fed76126b49d2bf84c2a8b2bbcb130311,2026-03-21 14:55:57.258054
9120,12172,28,baaae166be054b0df7684e599f694104fa46b4b7bedbdda56f60c1568baddcf7f307a1fd15926819f8cc538aefa2d345e2959c2673e2a7674e473bdb5cb97772,2026-03-21 14:56:19.942499
9121,13657,28,3bf9600e4bca995e2d5addef1c9cb328c26d63ce553d2df9934ff1601dfda45c0e1e3bbb1801fcd2e5af8de4eb8928b2da6fef2c612a15ea535cad36760d3a5e,2026-03-21 14:56:29.772294
9154,35861,28,1aa3bc0e220d0d12de38427a00a93868427ecb9b5dc7c9daf69cec1e1984990953e8df4e54c7bc51dd5a5592b81f7a396b48e749f01da460c4e14b8f7abed896,2026-03-22 09:48:58.936542
9208,9437,28,053b26c43ddebff3396fa95cdbc84c1eaaf09761f4827356dee94739eb9024cb62ddb7738f712631b723272d87107f09fb62ef8563bba1664717c326f199ce12,2026-03-22 14:43:24.505447
9259,32219,28,506da8ede8e6a0b0d9d2426fac54142a01c22473f3056ad8fd7b0aff1c2fbc8820f0559fe7efd54a5603485edd88611c654b7eaea793e768521827ef8e0ca85e,2026-03-22 20:07:21.829243
9329,27164,28,c73b302675f54ef9978d0e856c35f0f5b201c6811db8741c9e280c708a5010c73394fb844164dcc231b97947c7f3f41d06c189a6a2cc391ff3faaa603e4110d0,2026-03-22 21:12:17.086433
9332,15885,28,da1b7111a3173e63a3997bee4c4d9c09b60a13b4e81e51452933aa0d8b36c47e41ea99bc913e666770a20706fbc54c65f080ea915899c6857499c9297789de4d,2026-03-22 21:13:35.33131
9346,21438,28,352ae7351c54d35e26075ecf4b93c443f88f3996b0092bddfa541e970e08bc9c802d99f844c2842bc4a55208a354db9905485438ad1f320b2a25edec26f2ee27,2026-03-22 21:15:33.848885
9378,33592,28,a5722e8acc252ac1c4c40b57dacecafeb962fb9f76232fb9833f1f2a3bcb10e52b558c931db132fb95209821a3428f657a10cff816416a43daa22736d42bae94,2026-03-23 01:41:29.112171
9417,59810,28,3a51c5548882f28e8c1ab0ff7854995b2cdf9a5d42dea07b248e3e7eeb6eb56c3d5ac2068942ef5754e47c5a20084159e60c389fafd78d0de483aaad356fa17c,2026-03-24 00:53:10.448731
9450,18040,28,60eb0a052b09980f64aed4c1f0eb9de16a208a2dd8d55dcbc534d988cfbd89a2ef28261d736809ab21e374fde341bbca14108aac3f9a278860da0aece404ca03,2026-03-24 14:05:25.065799
9460,31455,28,ede14ace81f4b0e9201264358eb7031e8183111a8e8a5eb3eff0ea6b93611f12e41c79469cf106f06e9e22fece1161742546b2146ed8cb4b1c2368a78989ecfd,2026-03-24 14:07:08.437826
9513,17027,28,c953856e0dfaed5f434dc09222b7a14e880ed1694aec8914a54f5ad9bfef80f3e5c8ffe759350dce3b003f73ea583be8acbebe61ce0aaa471bd2b925a8f5abb7,2026-03-24 14:29:49.885646
9559,27640,28,5b63ba18f6508d5ff550984c116e2abc8c43a19259226f09b60656d50193417fcea59d5201181acebd580b6a099120a0f1541e039e94a12e15f48bd55fe91270,2026-03-24 22:34:07.848002
9577,20773,28,604217cad14865e729867f772428230a1a5c38686a432ad74c5118b43205048478cd07dbf032f2828e063b83f5dd4f57533689a9fc4b71af9721e817b417695b,2026-03-24 22:34:24.615401
9609,12180,28,e67bf72c875d0b069c0b6038af079644aaf11e607394a1a55bb9791936a745f2854d7214379a8ed2a62084ff1fb0d72e5ad7c8358dddd92612ce530564dad795,2026-03-24 22:35:09.669422
9771,59940,28,e525d35b5d47fd7a2c916740734ae5147240dfd0ec0ee8ff20fcd08152da238191073b7e796281d1519213931cf4d34266c8cfd79127e5d05db7722b5d44ca93,2026-03-25 06:05:58.080214
9809,16418,28,4aca95b19954129f72977311e7a5a0276eb0ba5ec356bd90083cc7e75dd13d63f64098cfc7a740997032e24984edbc18f497e6ce77ad12f6b046c1513baa0f24,2026-03-25 14:34:50.550377
9864,1917,28,8b29b510f4e252d1e766c81d00b084cb3571139e747ae35646974166f7fc11b178a10f99d9e2c89a61ba8449727ccff06499ce3b2c0546489544b764619085e8,2026-03-25 15:49:47.164108
9898,59303,28,c23a7f4342bac11d9f40c842efca82772209b581c6be5919722f71abd19c1b0d0e3133fb8159affb638c738e7d9c2b1635d484528c4eb85f0af8de1c0189a78c,2026-03-26 03:56:39.03672
9938,14632,28,fcda6a2ae9da4f440739d0d02e36b8ccfe6d915cc6a857786d44a82e3c65afdeab554ae02d330b6997f67cd684ba468ca75aec6d19c68933c1c9efdd2a32af06,2026-03-26 14:25:13.062297
9943,14302,28,d53d45084fa9d0358bf5177d111ea34512809c2307670dc02e284020783d8ef415e6dc33d33d7bf5e5f89885dea7ca35c1050db4cd5d637c5a3c18040bf3c60a,2026-03-26 14:28:09.399735
10005,13016,28,33e055f4fc98074b8d476d31188c3ad1295cc1c417700332594c8852e3ad78447e1eec743dde8bd21bacbc0a19027dd7908848a83a2c5a16e7b46454cb503da2,2026-03-27 14:26:15.198422
10053,8140,28,171eccbfceb4f65dcbb8d14b5148815b72d5917bb44746ec4ad817bc33fcd9e599be2bcaa27174ff2a69c083d9eb2629981f2efad2c6c6822e7954a14b8a8bf0,2026-03-28 03:38:59.909779
10054,20982,28,c76264cc6c7c5802a3c11b70616a89893d81679062d0bdf8c2b7cc0e375ed2c34d7d8ecf66e72e244cfce815a0a9f1a14a2cff7a65b0cea7dbb874078b644792,2026-03-28 03:39:25.144343
10096,8544,28,26a68cabcd78d02ee535f4d9fefd140148be1be64346c741ecc5895f9d861d86f830a9ff232e35262b87258a8c993a6ddb6c16cc78f384d31dc444a70beefb09,2026-03-28 14:14:09.536391
10143,16836,28,1f89415b776fcf9524ed8e094754b5069153be4f348b799e3cff2bd5e27b33f37efbb3aa64b96647f0ff585afd636e794e64ae38d030f48a20d6776489aa6abc,2026-03-28 14:42:01.785653
10175,21546,28,5d0db11db686afcb57dc66eac9999f3d17198463ecd87571dcf6a3eac35ce46e46b9d8f83edff376045353c10289c33008e37a55e1718dae978e084e4808db11,2026-03-29 14:32:20.631538
10177,16135,28,fbd0c6c898ba61644cdb8c3f0f26e895674fecc6b28ca2249b14b1d791ff1dba155abc66c6fb0a06aa88a7119704f9a8f6372e9a4cee7537b82fcb650119ec48,2026-03-29 14:32:40.12107
10183,12700,28,19fa0b4137943d94148ebe4158b3110626889891eb30875c318978148ff5044aa152c0010e7daf33a2f06d5e1949502c86bae7e3fc04fcedb649d3caf63629d4,2026-03-29 14:33:42.444604
10219,1743,28,a8e68e3e218f385fe34a86ac364ae2fd5b6f7b70d2917ac6eaaa584456624e3a670fa53f6a4e4e0edab35e7fa4fb5c1f1ba56a169b31579ee88f6490d84cef44,2026-03-29 14:53:07.918329
10221,11859,28,373b382e5081cc0ff309e47766f8ab7b3bc1747d878ed84629f549cc55f8ede232adc91f5c3fe36295b5930f8d8ddf479c9faf560e8866e7d5b17779067945d3,2026-03-29 14:53:12.67282
10245,16327,28,0e0556ba739732a86e3572d768d403f69998b37644cf52586b941e7abf38f5b5cfa8e3f558a45d3c32a3184316427a2d32368cf6660310f76c2cc839e1aa3aaf,2026-03-29 15:11:22.96365
10261,27634,28,955a7777d28a27dc3613895b67686dbba554bc2f0f68f9544da29cefea7cb8013c63178b1da40edea8c4cf4141a910f9091723fffb5bc20020b5cf03fe9876aa,2026-03-30 00:13:35.366996
10277,59944,28,5594ccc9846be63faef09ddcbb145eb1ce90147fd3fe2a369a00ac52e828e8e0bcd759c804847cd557a08749be09b3d929dcfe9fac18b060ffe4337cdd25f950,2026-03-30 02:15:39.849232
10287,59714,28,8225cf24ac5455b00a8064cdabd8c4c625ca02cec382757e0cb7e668d19ab70b44850ab23786f5d73d77cd4730b63b1f37ec719f290504846d3d3092e52cdf9b,2026-03-30 03:37:11.99862
10294,56941,28,cd194e51df2c66492eafcc31ce424f3d3a40443aee2b72dc2b3d1b6fdfe640b078d50fa11f6fda50d4cfbddefd52612bd969f116a1644fe882ee1a5db7e900bd,2026-03-30 06:33:02.349293
10300,21755,28,20aea6284e61e572eda078e16233ea3002d7f22b36f0f31247fbb5653ccabf1e6019365051753052f8631a7fc75ab60d5503165e2652beed90ca3904e66aa595,2026-03-30 07:59:25.814567
10305,59895,28,259a97aef8c4ef477cfceee98c1feca23c0922ffecbc8a1ca86be5676ab7bc99810ec3020a5d9fac2e586e9d68377d29381f239029669f6bd686762aa1d371d5,2026-03-30 09:39:59.094914
10309,60006,28,ae42c5a07c5f21afce59b96d76599e7216d42f6cacbe354c7700703f69d7fb8b847b0e207b89ae450eee9afc1eb47faa0fb437e33134c112b0a4dc7cd32efb72,2026-03-30 13:07:49.340124
10313,10021,28,aba9f2e312224a8b996a22569736402e0bc73e9a390d0f24e80f7613b94cc78ee77c1237c6e749352956b18577e0e100b089747f163c2d3895c5699138fd1a03,2026-03-30 14:29:20.648327
10314,17827,28,19de49224cfbe115b00b07f29af4dcea45ed456c72163e5898c91c9913f4209af2b4ed4c4c2f16e7ff07dadf109d6306860faf0875a32ac5fc288bbb24eed576,2026-03-30 14:29:24.450522
10316,22942,28,7693be6e5248340482a7d988b2349ba4f89ae9874708c22b65a6b15b7c76ce067d9b2f03440f35546c0f4b5b28fbde63184f731b633c4c9e6863b84b34376bb1,2026-03-30 14:29:31.395626
8574,18955,28,8f11c407c9e9e6c337e8fac514d62e6cc97db511803253a5e9718e520ac106d3a9f9df07576d0a4f823b6655e3878926f49e54daa02dcb7fbcf8173385f173bc,2026-03-18 08:05:45.317308
8576,27127,28,a2551f74838de12e1799f8c67bc57ddb6caf9b28178a9826e916494bc2e7fa1314d27a31c79fc3d3fa09c4564c0bd5cca05c134aba652a1ed5b30f983f4c5491,2026-03-18 08:06:21.484728
8577,27134,28,e871e976cae0f2bd34750ae62415fdd85d5b2a9adee04dd0190d517ab7a2e48f581eed9fd28fddfb07ab0e22db5daaef50e3026edde7941c1ec210bf664b10f5,2026-03-18 08:06:44.709748
8579,27142,28,e079c14001a4d7312e5dec9d210c9ab40b3c71721e8f6f7b12c6ade8468c2459e6bded54224eac760993e1c04ba403d3c6cfaae9f4e272ae06b2f6a45eaa8ee0,2026-03-18 08:07:03.744531
8580,25627,28,64bfb11223ca3dbc01d76fdb70e3b3d00c89ee69ebbbc0dc5b6f18b75818ad418e56f10c5ea4cbd0339ba3f6b098f6d0a1c1cf1152f6eae702d20eead54a269f,2026-03-18 08:07:19.302283
8581,23368,28,66d21bd21e2cdd5a972ffb4e2c7e179096427c71dc021a4b597b52ffb5eb4218ef3fbae1b6466a49d539944e7962b1eb6bdd02bb87a3e848ace64b92678b3a69,2026-03-18 08:07:30.455043
8582,21551,28,dcfc56a630b411a52471722d10c7331a10cc0c06fa60e6fe5c19b8f9ffbf20f8a456e8660a0a8078c8be2c6e57704d490cd1cc73e04ddf41865c60c7d8e8f3be,2026-03-18 08:07:46.472571
8583,17798,28,011c4d5992d0218c3705f929fbdbbbe11490522240a61b6bc8cd4072414b7802f38d9f4d931c927fee6af6256932c3aeec32a531249c8c5a0e6de76dae143bfb,2026-03-18 08:07:51.29224
8584,21684,28,0df5ca3017dcb81e3387ec0dbb65b23e3c7e06f1ce5044580cbdd718f87607f976624867c8a325edde16ea59c0443a286cb7fa966f7df7f50a60f732b103db35,2026-03-18 08:08:11.157509
8585,21849,28,47f134712785863b4406a91c86f2af10ea461ad519c99b847fb12dcf9220d132febb5af7bed6015cb5b21f1eb090f8a88a5b927768376c4d2b5a8a0b3318fc1e,2026-03-18 08:08:16.501149
8586,19746,28,cbd2d907da9989356faa634fa7599e9d245726a6456d36f69fe020f8f3af9ed02fce36e199ab19cc650a802cd54cf44699f6fa15ce780eb470feef2d44e6120a,2026-03-18 08:08:28.622139
8587,18355,28,effb55e5438364f9787ad5f56bfe9c1d8ad09dddc5826ab6ec7c1f3ea5c060e6534a8207fde5bed75e5ebc504b7a5e49cdbdd53a7b368be998fee61c592e2317,2026-03-18 08:08:32.274638
8588,20296,28,a0f86dacc9756bb456130ba44b3f39e56c04e46a8965871db1e89843aa45867ca6035d73aa44c71e86aeb135cf52ecb9426ca6374d7c23d2c256bfdbd195de42,2026-03-18 08:08:51.887019
8589,19608,28,3e133dc0d418ee42b8f5372c30fc3a054d28a24dad9305f33ef123108ba23054024daeafb245b9dfca64193864a8dc857c134477005f471e651976bfcd10a928,2026-03-18 08:09:09.581554
8590,21487,28,bb9741143fe2da709b26762f4fbca1ef6b93862d857040cb5d117a477f87208104549d82a5349ba6815b6c83c24b079f41514e083617072356e40de8c2b78291,2026-03-18 08:09:16.808519
8591,19792,28,ffc012934f68bc7cb6f48b04baf27643db61ee4ce7339793bbba34eec632ed864b4afb23354ef87bafad5a4e05cbcb6de46ab9ded3a870bf427fa938f68102f4,2026-03-18 08:09:32.515624
8592,20040,28,00a1dd0150a39ab65ad3c3ea2c6219506fa90d0158d10b97b54fda9724a5934eb933fe465d98f8a1eb4e15a0b0f032468529ab5d5af06fa3d65865f2f3c7d9bc,2026-03-18 08:09:39.863042
8593,21640,28,2137543871b1ace0737f30fab335fb593800596d6154e0fe365578e24f597787f3511accd0fd352e46bcd6796c8d24fa742e22130fbe2d304781ef23d8dc6c8a,2026-03-18 08:09:54.343387
8594,17883,28,2a2c1f38b3cf9617dd18cf1d594f51ecddc662ece8454d885604c51ce2e57856209a2e7fcb9b51fcfdeea525eeecf267477651b2ad1f2f73931a185d223308e2,2026-03-18 08:09:54.448194
8595,20261,28,da5563f1a780d09da5ec6e32396b7d20891c0592f580ce994dd996f0d9772fe03dbf4b371f787d2c6e4506670c4e964a11b328eab84660f6a60812f9f1838f94,2026-03-18 08:10:18.795115
8596,21496,28,0eb7d8fc391462124e73266dc1d717d006ff01b96ba8dfcfcfd59284ebb851ce401fb8ea45ab7284fc380235bd6a9bf694327d9e23d977c07235e893ef1cad53,2026-03-18 08:10:19.949153
8597,19631,28,baf7306913a23593f04fe9b98424f380f9ccef18ab86a35c3290e23f0ef0f85b9e559d63bb00920e81f86d3b0de4879091495d91b6ad6843cbb1b252da8ed4d9,2026-03-18 08:10:41.564566
8598,21947,28,2f371416451ecb40d9c1d6bf047ed1b2b5415efc2eb5a828b73d585fd0def58bc8f81d9a6dbddca74a405b23965bdd767fd995f4e5ad1dfe29f48e67ee94bcdd,2026-03-18 08:10:43.03522
8599,19620,28,b782147886c03bed1ad64709d32e3b41788348343ef97883d891206a222a8a511655c6108c746e266d0ebb0e48600191b94a48a7b34d2e78f6df282234f778b6,2026-03-18 08:11:06.640023
8600,19704,28,1f6963dd30d71cba2a57fcfb1f1c046f946ce44b83968fb4bc0cb5905291b0fb4e26eb39c4865f402f3c2c29b069f7973d3afe5b34b7535b986130803f3c68f9,2026-03-18 08:11:29.69531
8601,19774,28,f72f87026e66b195a1f2af0d322cd2d7d333458f087299184e3c9249b2a830ec3cedef2ef7a987b41ce43f0bf7df5b1269a58173abd7cd3aca9ce50f35704908,2026-03-18 08:11:52.786218
8602,21626,28,0cf59a83471243ee559949ae9c240b0b5241eb7018a31f5e0583a0179db29c27fee4b51c11c44369b20ed29477de0e9780be83ce2250dd6e6c94f30161b4de15,2026-03-18 08:12:19.947716
8603,20299,28,0c0ba8378f67ac8f801b650a599cc2e6bcaf20ff7c353e3b7f49aba6a303b332b44964f87bd10fb1306d4aa6837bcb4d94953e6ee64903fdfc3a6625b731ce8b,2026-03-18 08:12:27.441674
8604,18011,28,054f11e11d290bc1977f6fc5727c7b3172936ea6daed7f2848f1672ea036d5e822118376d92eb26de8f6c3ca85692fddccfd0ff074b20cf5606de854444a09d2,2026-03-18 08:12:34.725368
8605,21611,28,98a539df8cc8445912413e8c8f0e3cd15d30d68c0c8f9f2d85db611a81068e8113b0aed9107d987b4fecd2b0699d1e4f918bfdae303e9b53c0c2e6f1c4302199,2026-03-18 08:12:52.592304
8606,18190,28,56362c3fc3807c94f8418e232d0d6f18b0e31b9ca21d6d0fa93ec464d62ecfc43957f94ea08d6bff7155ff4993c0987de04905a5f062d064254104064929f859,2026-03-18 08:12:58.991154
8607,21793,28,ed7e4182ebe6212020a60db82f9879cf31c58abec03cf3a67bcda312c2d0e3c4e8ede6e159805440b0823dc22297e48cec5d583b8462f3d064ae7b8babb07fe2,2026-03-18 08:13:13.175394
8608,19796,28,164015b7639a7f9539b973ee7d19557c812a63fc07e0f7efadd7cd8cfcce65e92ada10c11d2205e6b2c04515b1e40a78e768ad2a9ab01ecc31e1b08ecf352c82,2026-03-18 08:13:23.759622
8609,19987,28,1fa0f5bb24c6d3291c55cfd58ecded75a6e92122636e7e9c30f06a3b2a55f40edc107af856af2617d361f88ee277480008ca53b962e60e733872390d6f1c25ad,2026-03-18 08:13:35.186905
8610,18060,28,817bbee792f2156f651b407ce4c4b48072be485ed42a138e775bc032a05fd5fd8e736dd5bfa4e12f22324abb6770b1fa59eec1663903108cdde18e32e92ad455,2026-03-18 08:13:44.726249
8611,19624,28,0f767642539f6ef86da0eb317dc4797843133d532db9bf244a7a456685b1055b24443fbc7ac6f60060c98a0bd90b1e5bca8d85ac251ecadbb271f5a990ea227b,2026-03-18 08:13:57.155707
8612,23368,28,561b0295ac153f5b1c13afe84c8089ee6ea3f023d324769b00991562e412ad355e36a17018ec82d719bff73a881c98aad1dcd2864680755d9c0f64358414b757,2026-03-18 08:14:12.622445
8613,23393,28,3a519dde3aec74a4033f2d9b982113dd580beeb4bd5b6093f95225533f6d8ef65404143be43615d0076bb835d8c72b46e1a7caf374f95e0ea5fbd52b0d529248,2026-03-18 08:14:22.869258
8614,17786,28,498b90e15ae2b5820e8cdac9e227bf05fd9b683e0810f829694c43e990357b3a8705c9cc7a0c3ce750ae1899ea1c113a053199cd46ce0e3ef4c34bd59cdac04e,2026-03-18 08:14:28.493214
8615,19998,28,d99244d044985e302a037d7d6fbfd48a8bd0bd8745c8611fb710b18239b9d436236ae2816af59148ff1bf3179deee78ee72f77154cd9fda2bd350575a6541262,2026-03-18 08:14:44.69302
8616,19741,28,4af464eb42e6f44e4cfd311cc1b2047c42d2d8663c16f7e86d256e03ea30db6b9c1e0e79cfac10be37ebad1d6a25674f961cf022024d1119b66d4e4d920ebe7d,2026-03-18 08:14:54.732448
8617,19662,28,7f69848a05b79b1f653450812d2ca90add51e4479ccea2989316c292867f3da8c64f1ad788c4ddd64925c51f53b096d752c93fef44b03db65a489ec01c469bdd,2026-03-18 08:15:05.725913
8618,21535,28,bd7612c6b349f7af14776cd5b86f4e41aace5561a6e0c03a861f9410363f1dd16731ab2a7c3de5cb68ae2ae6098e17d0ef0b2af8945cdcb6e637b36231d700d8,2026-03-18 08:15:32.104323
8619,39086,28,94a621fcecccfaf50d67e4880773bb5f86c7af5443ee09b95243e2c929816fe5ea6020876c7f9cf5900557afeddff18cec3ac4c166e02707b36c0e7193039cfc,2026-03-18 08:35:58.333285
8620,21945,28,dc4ddb51dcc0079c9f6a6549424646ee43c705c73e6fe7015456dc7fa9fd7b3c10a6279e990f6cb34863d80c7ec1d8912d8d3db7bc461bbfdd0579337c2788af,2026-03-18 08:36:24.136223
8621,29340,28,006153c9c80a413996af66c7cca162cf2685627eca08266fb55b385ce5efb7a9a758b05c41a5a7fd20feea5a8d762c26df2cec645d7475bd2fd8bbb337b14a9e,2026-03-18 08:36:56.949857
8623,8507,28,615527d53ac0080281cd6a7741a6d66eb7efea3fbf4dc11134ccdb429d507c8239cefd30d48664e8d68bf060abf2f47f8a8c3f4d3161f94d2d7ce9d909d0d3ee,2026-03-18 08:37:39.666106
9119,21054,28,901483be5193e562acdf49fe163aedaf7815869f2e3bb0117f71dd6ba2c2ee3b32f5ada71740eba840f3f3d2d7fdad7087d918a77270b9b8a4f356b8200f6ecf,2026-03-21 14:56:08.892269
9155,29718,17,f89b6b1025b6731b97cacb860b485e03e9b2e31ce494474dc6afeec653e09fada88b0b2e22557926dc6163eea577c4782a981e3e680a045ed7e7a081c3ae6442,2026-03-22 10:23:18.781066
9211,24515,28,0b9dbeeb3927a382b41b6704939b5c39500386068d2f87443ae4dca23c32fed4a657e089176cba9ca83ecf0cc846eab576a623cab3a865b4124f4fbfea24689f,2026-03-22 14:45:36.750543
9214,9323,28,13089477e787a0cecd895824565c234a91f104fc66e0973413e36090b393cd93ce2bfd73db6c58199c9291820c023c0ac6fbe56856d3f8810ca84a14804f8f83,2026-03-22 14:45:45.65492
9223,12909,28,568fd079737cc103dbd027f94c9a91bcdfeda6694ae22dcf90406001037f0dc83597da90c06156003d5e91378fae415a08134cacafce1751e354441892eed341,2026-03-22 14:47:15.927252
9260,21304,28,9aa8906889912baccf5cb67b70c2f08eb75cd5840d9c1b1f54a4ce82e40f6064b739071a8939310d1267e87e375820631163749d7595955dd81409704aea25b1,2026-03-22 20:07:49.814961
9335,25825,28,33c9edf48d570189e0de0e6e58c3d8f9c04809d4d846ecb13b058ad5ecdc21a2a3106ceb2dcedd51f244aceb82940564b859c7453696e6eb732290c157afc108,2026-03-22 21:13:51.327751
9341,8770,28,a9fc8b0dd490eb0c72be31774ca740153d8a02c192d2193fe87f2e6103f20e9e7437e13873a2f88d04ab823d9bcc4a296ad65041e37d11f6b0da9364a6e83873,2026-03-22 21:14:42.17157
9349,12333,28,7ab0e939a443cf13158652b9e3ecca4fbb33fcb08bb0fc2518906149db6df0d4c3a9684badc424505c3218ce0783df177c2e2ac7765a5d495fc8cfb6f89b0688,2026-03-22 21:17:37.058431
9379,30553,28,a57a8b8adfc306cdad5af7fbdb2d8d42058d4a8e172c3bba4e0f4d450a838f961d716510f875a8ace5252ca20da171800ed7126de765846795a176ab440d2d1d,2026-03-23 02:13:58.906527
9381,42092,28,af81baaf3c67de862a998804a8715c6144b80e01acecbd2bf5cabc8354c18d7f2057f71ffdd6979ac7005acdcec3c84d571cb8a101771e1f1520cf60704de324,2026-03-23 02:15:30.977459
9419,59734,28,ea7c964bf574355a7f642dd3288c11cab3e454d2e4bd6308b4da59cd41c534dafd4bc00027bd6fb790c294807995094708ac596a92baf8234129ad29d7dbfca0,2026-03-24 01:39:54.774368
9452,1903,28,9df706b59f0eb517de46480aa1947116281c0d7cea44f6268c28ab9ae51e5ffe84bb895274ab3f50ecebafd10f42ad186e7ceb30babf92f35df725edfc108d82,2026-03-24 14:05:39.934695
9453,8443,28,4e6c5c07d594f8decd6568c456c2d0582080bae2551f8771f777f1ee5a38cc43926af540d519987af7ac1ec9ba28628fa7ff45bf887d6f12c9bb39102f6a0fe2,2026-03-24 14:05:48.56302
9454,3909,28,1c35c2fb236bcc64400c74285089edba6d2f9ab5313a78ca482a5c9d11792123369e8227cfdc6c5a5a4c52fa943e006175e0ea62959b73f53cf2888b0cef3935,2026-03-24 14:05:51.45423
9515,17248,28,c3e6f36e1bd9535d6e8912fe1f06162ecc7ecb2cd72d37847c22937769a58a5dfab33d9594adc105dcc21dc11d3df0a854cb8ca9f58e7a7df869d49d4f1c2c87,2026-03-24 14:37:11.483073
9582,27247,28,db8e2541dccb9231b62a60c5679e57208fd4b2de35e6dcb7ad3581d7506d1130cfb3965699b2e2988caafe00af6608e7a00edbeac3fe8fe7996eae568d758fb6,2026-03-24 22:34:38.897852
9592,27181,28,098fddd659138fd19133f6a03edf14a6ed5331b3143cb8fc3c209c5cabf2e6c9ca3ce57330c0150dbda8f1191233d4e424613024dcbb54d105e016d39f269d54,2026-03-24 22:34:46.669927
9594,31682,28,36bf96fef6831540bfe84c049b14752890f637a506b74854e0925ccb1a2282ee77ec9063ebff9236a28f40da104de06ef803ee742b785f3dc90fb40fc38e0f84,2026-03-24 22:34:53.135426
9602,24151,28,68c7827e779f6e179bc7823cc5779fea75eb2e9fac5958c2fc792e1ebbf1cee6e159cadc553591f27cb841f936e44ef4e169dcc689c6dbf7a5882532a264c832,2026-03-24 22:35:00.778343
9606,22401,28,911fcbdc3290d07dedb9dad32cf25c8164e257b3aef001c36da635f5a376db153d45fb620950d614fa40b5b531900ae8be8a7d129073a210b906186d4b020191,2026-03-24 22:35:07.631251
9608,28818,28,982823587f46f30eefaa5f2c65dd33f82f61c2ed2c67dc0d026f72757b3d21fb57161d61abd10608d87cb907a33fdd754f49a748e1af45cc1300d97cde7a8d87,2026-03-24 22:35:08.2854
9612,15699,28,11ab75317c474b4aa4df42543aa5190ad64bbb52e77ec7b918981377d61b66c74527dce99e34bb8180bda453a92a97d8f568adf918b6c50c4b88bf563fb9c5c3,2026-03-24 22:35:18.44336
9772,59820,28,44d501599c7224b96a9d189a6ecaaa3f00e521a66ab284f0d4d5b2065d6943ebe9e0d4d9dcdeb9f2ab66d595f3d443f1795ac3d6acf3f8fd8680cbb0e599dea3,2026-03-25 06:32:08.091168
9810,22359,28,bc855e65a837b8c6099e7559ceb76bf5c831da8bbcca4fc06fa00d4a62a94a688be774e1c9221303075f50276b0e04de9dde243c21045f242040cc92d91d9ad5,2026-03-25 14:34:54.817682
9816,25931,28,0d3b9b15de8cb6cc4d5776cdf6aba2f6991c6a72e04c0630e613ed0ef572ceba231ffc53f7a0c56fc1895e8ce40dd7b9cc07ae983f7ee45d7e519bcc59c1b6a7,2026-03-25 14:35:28.689102
9818,25492,28,d21b55662fcfb8cdccea583f80611dcda45083310656ec52e08feb8860f41d903ecb49e6642a75e64d52be34e0d3b1d835aa109df4c59e83ad879ed5299d3220,2026-03-25 14:35:30.529429
9823,23316,28,19b240e54f57d3c3857da426950d2ba9fcf09830faf1b950e2861a36ed44c20ac8c54e71b88c8f0fc4c89d77ca9f5148a0ce0eaaa126000ef5840adc4d65b8dd,2026-03-25 14:36:48.367468
9824,24291,28,44a8c6815ce1faceed7bda1d3b2c03fe7592120dc665f75d35aa2ef7b4e230816ff18c7839a64925319c3175ab2401cf0d597a3c7f5515ca04c186bd060ba1db,2026-03-25 14:36:52.014544
9865,917,28,ac6109eb75a78980cf0e8e1ef888ebf3b5136bfd931b25dfe6a951569cf3a7bdfc025d44c728db11d74777ee87059e95996ea8a7e76243b57bb5eb3e19881984,2026-03-25 17:24:30.910451
9899,59985,28,73d7e43b97e45ff08df5368d87d2f37ee166ef782a7237f7a893a2d5fffaa70957a7fb943f86768879c5648ec315b4bf7e5eaa5138e76ab60856a0d116b58d1b,2026-03-26 04:09:09.973465
9939,17420,28,cec97ee89573ba3a51eac848fe21c85ac833a5641e99b65068003958ade074a919a104978643977b66b9e29e61f0f5b90a83085eb9051aa14b4ac7ef1ab5bf03,2026-03-26 14:25:42.985504
9942,3616,28,de3ca0530753e7cd55bedbf8331244ec8df4ab13462c99c672354b3d3896dc186465261b1b521b6dae64161cbda902971f106f36075f0215325df9d7fe2dd2d5,2026-03-26 14:26:44.549663
9944,11624,28,fdd10f22733fd33187042e024578d7809a34f2ba78ab815f34cda546940ac3e3631762acd0473dee587c8d6c38bf5481ee2f0ec66a532e38b256f0827b716bf6,2026-03-26 14:28:21.363859
9946,2609,28,df13280a936b0e2d6692287d77729e1999afd66b9acbc0e8c420c924570f25f7e6dab30ae871286c1eedf893d714fdbae1ca1f312d005fae360b3e30d800a5dd,2026-03-26 14:28:50.301874
10006,16807,28,dc8136f05db5bc5e949c697a886203e985ca01ec0f0ef55a19a5398be2fea72eae78edf69d19e0f39b64eb75f9649b8f2ac585f924130328829b486d2298db23,2026-03-27 14:26:20.460121
10055,18541,28,125026eb27eee26d67ca735f927566b664100ec28e5a11891471b2e7768476576387bc21dc3870682e2e9d80ba2f0e78708dfdd26150070367ae7945e96860b0,2026-03-28 03:39:42.603785
10065,18973,28,dda782eb3a5a48d229514080194df4dff3032e8b0204315342f8e3396833805a6424929dc92394782139f56f5f2ce36bed21385096694612bf237717f7774a82,2026-03-28 03:42:09.81971
10066,25868,28,ea48f5676dc9f3212becdd8fc72bb0d3bc1983e49fc675b5bc7fa720b9bed4cb576ce973d8b1300c2641ff8121e69838ee0754ec86e4b901b2d03a214288a88f,2026-03-28 03:42:27.285562
10098,20723,28,6f81c842607f6c7efcbcbbeeb160175cded646959ae99722f4efb091578fdbcd82154ddc2ca62c55803a48957ecb6ab5a0b8e948d7906b1510b646ae226b36b6,2026-03-28 14:14:19.440355
10144,21751,28,2760d7a24ef00864641786963aae72614389d0b8aee9af9caea199eb1a8b04c9f0bcf2abebedc10e119f8cabb5ba4f9d0ac51b42d0fa1c588d15f1348b8be376,2026-03-28 14:42:08.834514
10146,14643,28,b8261354c17e0915356ab96b595c40460f92c34acf72267cab2e1cbd03f8f326d2c6878b23b7aeef56536157b8a7e9ea54e2d5ea72a660bc684d4635dc562472,2026-03-28 14:42:42.191732
10176,20589,28,a833246b95059bda1acd2864c02c386ab1b9908a474bed9943222e9e535cc936533b7dfb7096eac66f20accebb0a55b3c20f425b34a94348080ac2cf96dfa33c,2026-03-29 14:32:21.488448
8622,26927,28,f5d526fdb4c5168e0612d42d24a5ecbfaee200eac478d73eb6eb93a0ab1d4424548dee5d971b63fca2817e5e8f277783ac56edda559a3fcf1561e35dd12dfe4c,2026-03-18 08:37:27.385658
8624,36088,28,3f1e89f36d5a2eb7ac021c36bbf024985414c752d9ed2c01a3d9ab19cedbda98d88ebb7b3a1ac32ef27f3fefe8f9dd4166ed6a50c0d27d033e5e174c8fcc5269,2026-03-18 08:38:18.90809
8625,20858,28,0552a1f3248619193e6ebc8374e55f5b19acee8e651cb99e356b687a20eff81a4a5ff6d8ff69964e427d52d67c7f36052d4ba2951d8956a32bf250dc614d3dd4,2026-03-18 08:38:43.274842
8626,18091,28,6f3c0a44d114480c8132f0697faac16c42af88a4c60f2267ccfe8a3161d6bf317cc858a80af1f5ae6daa6a0c27c06b24218d45e7cbfc317334cd44e538dcabe5,2026-03-18 08:39:04.770621
8627,17947,28,9122509ed8f67e70877e7ec2cbd16e2d9f717f459753a724ccb2d27e1362cafe9eb259b7d4a07fbe443a25d66ddd421e35dbdae4494d004cf335d76b640f97d9,2026-03-18 08:39:25.91968
8628,17915,28,1a74f462caec4765c841633117d13b35f0aba6ae7d0d7ff2ca4858a87d60432aef54b63b51b43d23a36be1a5e877092f6fa6c6849b76a3c242adeafdc0794f0d,2026-03-18 08:39:47.58796
8629,35625,28,e80451cf50ccc43d8eb215e308fddd6c8db027f5c8a8217a78388e17040da8bddf4b0029def07a063c1ad1f2d9ed7dace6740f74819abeef785b3d7485efd273,2026-03-18 08:39:52.650445
8630,18210,28,2eab6509c1b766e4cc2acae2086a65a9c626ec84313c054af5707bb2480f26713daa2c0faf4f73c181511410332f62bf6e2750c41deedec7ff3239ad458e0d10,2026-03-18 08:40:08.300065
8631,21585,28,a98de2adace08272525f28209cfb3333fd544cd4f891ba4445b75e1cb3b305041a16ce8579149aef9a1d87d82fbcca1898313dfc3ef19c323bf3fdac1f3471d1,2026-03-18 08:40:32.975215
8632,19763,28,fcbf191a46b107354b6b42acc9d256567d1c3ffd6b66f99d44aab3376d186a1d60b83116520b0ad02af9656b54dbfe5227534438f51987b050c7c77e709f12b7,2026-03-18 08:40:56.3975
8633,17896,28,92312f6da444b564c6b8c5f47b4b19e3ee991d2aac729294929eebffb15a1cfdaffdb7785846aceb3ff1bc7189566dede0232df78c017d7171a38b1672ee52e7,2026-03-18 08:41:18.720337
8634,18257,28,4e13e4372368b446b311cfdc792c4ea30cc6f29ff1e3b1e5bbf7cd682875eb07ce104ad330007f2d2b5e269f6fb35f3032b27b86167f4f25438efc0ee508bcd0,2026-03-18 08:41:40.122683
8635,24760,28,b2a0f720fd8a1984da296a4af172c920ddb294028a8325cd1c034bdea3b60abbd406636afda35187612695d020211d1f47b2cfd59aeb5d572e8c0a3f98fb3c72,2026-03-18 08:42:07.66148
8636,9560,28,cfbd20f5e82d27375fd6fc986deaa9e97bb2ca85a5e1be6c19d6e3331f5ecb9ef369be6fb08af61d41293a64d89384383841820a16b7510ee89737214d00540c,2026-03-18 08:42:20.683063
8637,36384,28,9edf39eb7a46e5b84eb21b075cd2f7826dc32bcb18a4deffbd281d9b1ffc4c467549b6150487cab1ea4fdc90c8a1a1ceffd618a4fc30df38550e4e251356c29a,2026-03-18 08:43:01.34657
8638,20783,28,7b2bed06c3d48dfa52d782702217148059c5c5b654448aa56d2b66039853ae64710701d648758e5430a7e45242864cffd6a760295ff6da1ae0a4f8cc3272af66,2026-03-18 08:43:27.352778
8639,20477,28,eb4415eabcea2a4825a2c704ad6d4fc98dd4ae52b698931f19ae9932936e4c8d1f425967350902bedab3c14c900c1960d6952831bcfa785d640c5a72ae2bbdcf,2026-03-18 08:51:28.664237
8640,18172,28,de0d2f661dfd8e6331203a9336baa6d8d371b55d46a3fae05b0fdc761172416a75297af43f0dd29f8772ef4bfcedad425e20fde24220356245990234836f5851,2026-03-18 08:51:54.533332
8641,18107,28,68381e3983d53053f02f1facba91a7534bdb0a4b1d81786e5f9af76b9c32a7014b4eddb8a57c10d4028b8f8a5a813133e57f147ae8cf5955e6b8d819ae8686f7,2026-03-18 08:52:18.095224
8642,21124,28,d02f4ce7b7597fb6bce2af03b3a3c1eaf331a4aebe72141e4e58402fa986861c43ff1c52010657670df2c6e4a82d58b42973d915e7ea8ab3fdb0c1164a5b9b9e,2026-03-18 08:52:46.920121
8643,19718,28,08cb1d499b9e31e83753b7559932b1baa59360b04f7bae186d3c67ce4db13a44c07f6831129789ce787a89b1099e88d389c6c7e83300b6784e0e13140fffa697,2026-03-18 08:53:12.088047
8644,21522,28,df514bdea64770bf281136539119ac26bd1c188cf784bb38b8e734ade6f7d9c8dadee9580028dee6d7adf0ba08cf10d05f07de821dab9e02b109ac76559a222b,2026-03-18 08:53:15.812907
8645,18359,28,652c491910911aa186afaaca35ce1c7cb7d7ca7171e8b187f7295db61389478b1c28b122113147487eaf56cf9e2fb8b7bc670b4c5023b2ec4b65e8b9cdb79989,2026-03-18 08:53:37.983679
8646,21657,28,a0148612a071b926e2957a80efe6c35a64a57c852309232702474e34e2780c05cfa74d811eef710d4a9a17398b270805b6e2342ed072d12b0bf2379f1ab55493,2026-03-18 08:53:47.761987
8647,21493,28,505a0a739ae9ad756ca6c9a2fdda2479b3c6aba41bd38444c85177819fd0d086aeb6bba6c1fcb3933007a86750bd994fc337f777f439b66f72e9533a385173ef,2026-03-18 08:54:05.012519
8648,19634,28,8398fed4bb8a8ac4f4c7f30b3ea840c892a975b4ce7fb04b4dbaef9b6be163c9b39dc9ccb89a7315ad181a072e7257dcb997a368810277626aa959f41418a09a,2026-03-18 08:54:32.554117
8649,18236,28,bc09ded0c8d937ef2655e963f28da1e6301e926c659d481fe84e307774247b6ac63b46633e35b91239b58d7193d3a8e62c77feb7a62e9def35930445458bf95d,2026-03-18 08:54:55.975473
8650,18084,28,72caa44932e941dd803c335bc5999da5903cfb31ab3cc6b2bf2bd469e17a7ca917bbe680be1ce436060ff8c037797321f7f902ec6e59ff3b308c9400e1b16246,2026-03-18 08:55:21.071128
8651,17913,28,1fb79569e5c2d64c87b5a4263318a891be4cf564385118da02d09e258443f71149b4d7fce300c99e7bf6ca0d1997ea0b43a45efd893912003edece6956e6de64,2026-03-18 08:55:44.419791
8652,20900,28,e5b719a145f16813ad5b7342752b10a67e7eec630925bebc408da33ed927bea7e47f79d9fe77348f521c0b0b9eb6aa2c9f651b272c04e4a2a83ef5dc7e292148,2026-03-18 08:56:12.662386
8653,17894,28,32d754e6ff2ee46b10ded1e187cac8635b715a799b0e10606281ca12488b6b1eb682907fd82fc57b5625da1a4fd9184e677f32b5e218a7ac5a3ab5a5ae3eb958,2026-03-18 08:56:36.0526
8654,18108,28,7536011c2eb890c9e0598a3189d347105979b57b522ad8a71015b0c6b5b19f1a6d3910711e320674e159d59cc6c6dcbfdeefb52b994974e95bc6117cdc9cf2e9,2026-03-18 08:57:03.268646
8655,18114,28,925856ddac2f83ab487b8d5ff112e2b38fa82ab8a03cdcf13f73bf97cbefefca505a606105ea23ed73f395a1c7bc5e76a7966f6daf4bf21f1b9e5579fa974de1,2026-03-18 08:57:26.973567
8656,19592,28,f2135ed86b6dddb78849da59ccfae7205e4253e94add1c65766d70fcc91b0b13874e3174070396c12426a9b14a7ad92a1f6c0506c17f0b15b94fb30748c9accc,2026-03-18 08:57:54.277235
8657,34883,28,d8f07f189ab3c74122b7bb880c4fa35069279c10b996582ad516908f73d803ee90535344f782872d85f4c5e63656bef5b38ea4e8e156ea659734997872791f63,2026-03-18 09:01:45.782563
8658,25225,28,5fed9ac76498aa582c8bdf551cd0c9851042a4514a30959ca2adf61bdb83a5ad49fdab741ff9fd890d9086ec0a22b0b35927dc5ddb8695b745e277ef30cc8479,2026-03-18 09:02:18.478185
8659,23070,28,6beea18eb081a4a3873ef21173def10264fc89f28e6cfa3e622e23ab0cabf78c8a72d8cc50616f96385fb7762d976289e6f6c485fdb737831060d5e16ef3bc7e,2026-03-18 09:52:49.942055
8660,21441,28,2644bffa42a2c7c9fec372e696f47f3dd2155cc5ec69ae85534e92c8cf74d436508f59693e88e0c67ff523188fac499ac6b487c04ce4491d62b2db7599ce9a87,2026-03-18 11:13:45.721862
8661,45269,28,4a89710257eb0ed2e1d53dcbd23f3563a37a4dddb7f65f906a8fb5da7db8e9c872096a2f5c26851d5875cb13038a65a207a5c7c689ed84c943a6296d8db90a5c,2026-03-18 14:20:21.750296
8662,30353,28,e07e92640a5657f26694e28b5e27e568f1765a75005d849f2e0d8f6795c8d3d7465a73c45a43a71f03549845e03672938cc555aeb532757da77edc86a4da688d,2026-03-18 14:23:27.572924
8663,28317,28,d33a1f77f91e92975da6dd7066cf7ba48a89a09fd16fca744ad96533b94496c2b94a85119ede293ead7107c603b80cbcac44dbabb2843a881e179f248a90c3e4,2026-03-18 14:24:10.987494
8664,22864,28,7d58d22d842fa7f7da9f88477b8867a3bcb0dc9172e14940190ff9ec8e79b91c6459f556a81f990587bb21a61949f62972526f500921952a4714fbdf9b4c02aa,2026-03-18 14:24:13.850693
8665,27286,28,16932beb6704172672319f803f69ff4a5327fab7abd0e3dfb3c40d6d3a9e4fd2b952e80252dc8619a17a78c1ca12a9e4513d755be23b7747e289c9c4f1e627f7,2026-03-18 14:24:13.920887
8666,27787,28,e8ebc503242c3a4fca483b36f422d0f719a829a6b13055ffc2dae521c1451a44a8c33f3ce9e7316f7ab24bf051fe56402e6b38863208dd42372007d34560fbd8,2026-03-18 14:24:17.474963
8667,16295,28,21f6a320f674c319dd8a32a9c79e1a13a696535cd36b36a346cf2b1ef65de006646d6a8940bc631c01adb5a322820d588cbe1c98c70a319290995799b3d33537,2026-03-18 14:24:29.230577
8668,16413,28,d15a073924e11846b0afee3054e79e13fda8c496606d15977e13422b91bcf397b23ecfbd73a2eab10024fecc02e0a155fefd68355106424a18fdeb0e024aeb39,2026-03-18 14:24:33.361571
9122,58576,28,beb70c89c3910a31d962c6be305fd8f1948597c0b424fa3417eb0a3bfb3ec6b314db81c4ed36a0eb1adc11646a9e1f29ef61bcd65fa91f1cfa397490eccbe141,2026-03-21 15:15:15.486539
9156,22246,28,b64669027b1c17cc9ae4f797f1842ad673f9a1898c558dc3bd8f53d9b2d55a347a309b5a7901c7d7ceb2a51a390ade6eeb0537f37589f50674251adf51ff6c3d,2026-03-22 10:29:43.142245
9212,27860,28,d91db4002fd3954efaa8b765559e4cbd9a35a610adc68803b988b67e15f0f78ef95720d51298c7b2fd2984a92121c7a39da3b4f8d27c69a9df086d8ae1f5c7ad,2026-03-22 14:45:44.07816
9261,20995,28,70522c9a4daa657900779ce685ef8cacf66cf20b7d78952b38f014818e4804bf3e29886393cf5f04dd6bdd049f42ec3470c4f420130ab19b60c0deed3ae3d099,2026-03-22 20:14:50.064535
9336,16206,28,36c005c69c61e583caa374aeeb354850d8f17280a7483fe1e1aeb1fb952096163de718c1f31953a471f1c9f5ed3ef14c36bd35b70ca1bf08737c5198904c1045,2026-03-22 21:13:58.665682
9348,27907,28,2f0e90a2d571f2b99962f70702ab57eb059344cf589503d9ac67cb3721b111dc30ab908c00fb4e7aec5079af212c9c9d4675c00dfd70b383af53d82faf3badf0,2026-03-22 21:17:23.142703
9380,37702,28,b52fe1daf063843ccac539a17b8e427b78fe7c9b890912fed85bdd02c8bd96a49bdc05113514ff06d90bade4d7caf42c02bb0c3e8a322c3ca1d721cd677357fe,2026-03-23 02:14:43.59901
9384,36327,28,4ac110a6224094c0022e3cd9ae59ab8832198eda768a25a9420add451ddcb1146b37d3cea18210691235dd3b3447ce9a9a1ed1c6440e98e25b535f799115840d,2026-03-23 02:17:20.270054
9420,59975,28,39fd309522d8755bf2aefe49a59bf702725aae22369f372a54e3c9f6b61bb6e244bf7fcaba97eed0326da51abd973bdd164ea4c4bc9a1a0b06414d2fe71874f2,2026-03-24 01:43:01.805062
9455,21932,28,25f232d6133a975ecb90e1e57625df5e31eaab9ed86b884deed08bd2209d1500b72b3b8520eb1bd2c75c0dc80025c1c0b852bf20ab28d03a10786d34abf3fe66,2026-03-24 14:06:23.599461
9462,22931,28,81e88f06009bf2d30ee16cd10d09b38ddbf408039db37c2d8a63cd3f7b84a8b5531a18076b887edee9132f1957be9167c1ff522e22e2e813f444b8a9f5979942,2026-03-24 14:07:14.669825
9463,23101,28,2a6ed61d31fe538df48fd846a754f60efe9ac9d23e4648ff4ecf5068eb5cdec3b934a484b37ca3d3be08ce8778004b8eb7c3c4a1b2fbecb8349d80655e402ae5,2026-03-24 14:07:21.220123
9464,24845,28,5eee56d6c04b15b538a96cf646b39024efa12578a438e7cbf2544e50d1de3c3a71363e5ed8367114d565651534776991894eef918d641d3565de3a7ca053ec23,2026-03-24 14:07:26.427186
9516,10343,28,70c062c87bf1aa29be6d70785ea1cbad48f320e1246bd725c0df079142ba61bf9e1d452b5daadb0c11d1ab859f2c574764ba7fc31ca9443da32cfd388b2f70ed,2026-03-24 14:41:53.288408
9633,19432,28,3825e4530cd5a5d4a04bb62236cf84430b3a5a2176afab9dcbd57d9e16fe7d443adbf8ed8f9f933bd5ae399ce5e087157b4575fe8c0586da826978847d7eecdb,2026-03-24 22:35:50.788196
9639,59889,28,ed4799a90ff0419650a941893c5e8a61407e4203f1d2dace20a13de4d318d9681b4b4bb5cb2841ece8bac8e41275d63cb556455cd3a1f934e992301b70f271d8,2026-03-24 22:36:01.806017
9647,19292,28,3770a4ecc7832ed6d437dd1d33e9f85c29a7fe8d33e0b5dad80dd59a6a02937d9d51a3d7c1de2b32995d5f8b48d4458f2b392c3fef48a94d44c3774666d07bd7,2026-03-24 22:36:17.869468
9687,20695,28,aea67596d64934b122ca6cc3079a26b22d6ff74d4631a6990307bb03fc99d1bee545d403ce3563386c36cd6c3e8abb822084d97d34a94ce8e44490f36a9e1427,2026-03-24 22:37:09.834345
9698,61989,28,cfe3643e986b9207783a61e98b6410a16aab3c3d842a07b6470291a9337a1a51b2f7122547fae4eaa0bbde8fac787cf3aadf7f275dda49f0f26e42049c68a5f0,2026-03-24 22:37:27.116891
9700,25352,28,c10b9514fae5e0652f86cd3a1b5bfda7f34a7e2ab076a84e2a790801c6d24741bed2214d61b8d92124d08aa84ce95b18255d7dd40ee4ce7f01162e5045551529,2026-03-24 22:37:32.895436
9701,25221,28,95f3951e813699fd56f69711032d38964208ad7762a939769e7fe9e6c5fd17e3fe8ab056817715649f6ed1ccce9842ca352bdbcc4466d91b7ed0f421b48fc247,2026-03-24 22:37:32.954382
9715,60040,28,a0a5395fd7ed5f66b06136d1de86ff10b80cdc41112bf70a62243c3396f00038635564b59cc8a1c90cd775942992e6d1fb8084cd2a6afd1ec10e400a8dec9b0c,2026-03-24 22:38:06.356896
9716,24311,28,09033e5777d96829b058f733a9caceff7a8c801633fbbd8b6b80dd2cc47f6b7395fd2dfd5c4653c846776e3a87ed9c63575e89562f592d0bdf924e7c1fc97436,2026-03-24 22:38:06.479606
9718,6070,28,57583232355c48ea13b91c6768e5678ec395941e72d6c1d08b47952965a216e203e6239f48fad76a9f9602993c591d29cd92170ce04c27322c2f8c2291b6047a,2026-03-24 22:38:11.500677
9719,10400,28,6410009233303355d5d5d8e5bce039678ca98bfbd86feecb6b8be352fa7e0e0b4b18b11772048ce7105cd9e9b603d175d5111968ba9fc870f763c9e902bdcfb0,2026-03-24 22:38:12.810704
9773,59967,28,27100b57d9a2f53d0717ec29aaea86de5b668784f942aac2699b4e1c37f0730c845cf6b3859456b51333bd34df1a997855cc34dc58a22a731e5d824816e46266,2026-03-25 06:32:11.706606
9811,27340,28,1b57701b3411894d7d3da6945587f3e1b616143d5afa869a695c577c93f5252ddc6143d5e25697e5964725394bdebdd79d774085deb2508bd1f7817c80e167cc,2026-03-25 14:34:55.973401
9817,27250,28,9a0ee580f3248369408304b6880c5b19966943ef3a0617b2f008ae376eda2af385b3929231139d9e058f7346a998b5b1676c58a214a0e7c67d13f13b925797c3,2026-03-25 14:35:29.891546
9822,23905,28,51fb179a09ff002d6a526ba1dcf1a54f6455f95d17493c04560cdc3fb47170601f01caa101bd7e4792ac828ec7c240e9c0bc4395f50e67da256683b2614c2a60,2026-03-25 14:36:43.927681
9825,25785,28,11fefee245e3f24e3084e8e1be2a72e488152b8f99a22c8b1e761dec646a893a8c325d16d3cb3b4316d24b1522a9a39be926caf198e59059c7a72355c0a72983,2026-03-25 14:36:58.498943
9826,20068,28,c65198121efe1346814aae635f58df832acce1017392e3bf4770da8c9c6a5268c593a07237c724cca1fe542060391ea2b90444e994325685159f595200e3217c,2026-03-25 14:37:01.802314
9866,25896,28,207db8b4c4585a726172fe5874f32f586e0d91670973272c0fb973ff09c4163070135ee00c5f9c6648e4a40f65ecd7eb62d6ac906b52070d0b4b579ee0d965fb,2026-03-25 17:25:02.126364
9900,59812,28,a1edb747d36c15a2ffa041e16fa8bf3b54ec1c1c596ea9ddb691a36ebb2c29994a2ac6c545b817067488ff81c9b57fbd21d7e1ae7b7f0b9176f54ba1a0a931b2,2026-03-26 06:21:46.217246
9940,12580,28,8ffeaf30c2e4982a33131a51fba07d6fad8233de3a79752d43838e812e345b8a70bb4c280fa14389c9055e411a8347c7bb7095bc8b9f790488d2d30aa6e3460a,2026-03-26 14:26:15.284676
9945,3617,28,4dac167d6ede5be6181eae04916c8ba18ef19169d75ca5ff2b42086af3053cd7d31e9e28602646b9819173f67edc3bbd3051132901515262b68415ae53492294,2026-03-26 14:28:38.958167
9949,999,28,d3360c785420d723b910685fb664ae092ff71dce6213ea1db877e5ae1510d200d15daee6c1edfa584dc69bc460da3730898fffe4bdff83592e0532381f2cecab,2026-03-26 14:29:56.798527
10008,26580,28,83a8c49f1fa93e23ba3361b4441655fb8ff825a24a29f90b581f1fe5a71345b7f8947c2bb8007724468ed2788eef1b5c7f4639e2b9cf76c752aa204e8730e4ca,2026-03-27 14:26:24.910241
10014,14926,28,bf6f9968431b802991f0ffbf6b7cdc12a3a4d10276080106a28b5ca590bdc273dcad24fdad5435e7e39a7d515639c11258234fac95aa00bfd8a82d7ab455a3b9,2026-03-27 14:27:29.825638
10056,13146,28,b285ba74a99cc114f848e91f7a74c07a43cb58027bffd268fdd97f0f57479649a4f4fefbe6a9aed4f29e10db7baf1d13669a57b7565e12b47ff71ecb70d32133,2026-03-28 03:39:42.870641
10062,59323,28,b587312ef5dedf010357d37a70ca2b2234dda1c706050731483e279ef8311e847187e2af26dae1873ec1092f51c735f3420333229d408673e0cc774d60463e98,2026-03-28 03:41:30.033256
10063,8081,28,74ec82fb5adeadb6fdf10e79349d8e585e761a6ca40d79f0206937a5a16d18e24a29e81cf0f9146cfd269b3c9739c05ac738f1294040dcf46d3a9ca30bb906e0,2026-03-28 03:41:57.73359
10099,1783,28,2e58d3f4b427952f63cfcce19122e8f5ffa18d2bc7db73d481a988930744434ab6923d24e2c16d8d61d8b8077a3e6557d680cf7d48313bf0e9b0bb6d11066f2e,2026-03-28 14:15:03.474871
10147,22977,28,6a9289e7b5bd6c3c32e6248a9dd121bd9dc2ec681ee0643de0994228ad89f4a4123d309d41480b51e6fad66c9f10b25b95eb1287ffbb238d4abb3cde93a1e5a9,2026-03-28 14:42:46.262797
10178,22919,28,cfe99364ad0fbf5876adf82f137ef9e37233e569d8ce86f4a4b81141f1451f5d86daf3fd12dbdb69f2621154f748460d0ee2797bccfa8f0c592210ead527097e,2026-03-29 14:32:49.799521
8669,27304,28,aa829eec5f5b7d5978f3de79023a1f51b30c149dd8202ac2570ddc2cf274dc1887e9a36656b33f173eaa587a0ce7f383386cb28e40d9555cdc644816ae983019,2026-03-18 14:24:44.023691
9123,5731,28,61898ef774fc6d17c466b820efd42675e5705919fef2a38601e84f1514a4710c01f84c87e8d44c88b4abf43ba3cec53af94f3f04fd5b5e953d1b383cecc32837,2026-03-21 15:29:23.024392
9157,51795,28,46b098d36cf8d959396356a4c39b7eaf8dd21dafa9de1ec145cf4ab721e0c06ee8b37683b889af85c6b00b39c3bba6539c54ba1192caa069f9c4afd51619ab12,2026-03-22 10:30:15.831391
9215,16053,28,05b40432711dac88f7e5dbe9a8d9209a0d41615eec64f497b359b554025eb8adb0507f62af5d6931732e863986462c70c5e4c2442d803763e07e53b4a2240072,2026-03-22 14:45:46.664299
9216,18246,28,971dd21a413cea0ab498a0f9fc7268b09a9dfa6b8eb7a1f2a223974690f02e053296fd40e0669d6f5282d0f4cc2b92b726dd6587cd5f69586a87b21cf4e8edd8,2026-03-22 14:45:48.570362
9262,37909,28,fa66d8231e4ccbd4e3eecccbb0ba6e8235e7dba24ce0258cefb7cbca0ae0e601ea0ae7158064012f7fe9e6befbb82c6630e5ac7ab49ce06ea9d995ecebe4e31d,2026-03-22 20:40:29.582426
9337,18934,28,184df3c45546424ba2ed9f2aab4fabbfd572dd92aabf49e635b61f04050b518b1e5241bc45469212b9bce495f9d0424bd625cc93c8185686050acddc7296e05f,2026-03-22 21:14:16.477968
9345,19315,28,7422504709b0c5fd3c03c7acf002e5a7deea9bfc2b6150bdb31d9ff07df104edf54bffc5bd0029dfb0c87fedb26822b6abcaf494f4da3a294cdd0f5824d53472,2026-03-22 21:15:01.069164
9347,1582,17,137585e048bfa6907ad32fef971baed307233417c3ed06532cf58b4bc3474c954e3c31809ab64dbddef44e65954a8fd9e748a310564ab14ab4f364f60ba503c5,2026-03-22 21:16:53.563876
9382,59960,28,a2af06f61ae8c126c943a91782647619c2af5382a9fb50305e3fe01e14f9187c677c8b74b3f96ed791172bb298bd2bf0bb3c33037e7e046535784858d37149ce,2026-03-23 02:16:31.910384
9386,9402,28,1622350e00b16d3eb53149d7c9f8af923eb4072c4b4765eb5aec9d8e595396e0532e1534effc90b9e92162147f0debd03c709efd28fe4ce1f8d065604b639863,2026-03-23 02:18:27.298371
9421,59932,28,092798f5a36fecdecdf7ac99eb3730c2f4becca21008179064d1104e743162f1290acfade9165c0a105c3943e5ab2ccffdd0badaa693cc2e45ad05e0abb6f04b,2026-03-24 01:51:30.488911
9456,25829,28,6ba261cb12a83dca79cd542ec75bac9eaa69d8301d8df398c69471f6f6c42dbf2d65c0e7e6693bc3a7f9b80750b941eb68638ef9a2018f82f5ce676056517ad2,2026-03-24 14:06:49.019183
9517,11037,28,1d002220e72f896d9b11b71360b3be20705bceaa0cb97e290d966b1382ba388af8629b22d14d8828c0b55ccd145dac8febf134e44281330a65edf781ce85a20d,2026-03-24 14:42:12.635719
9518,20769,28,f8934612cf09c921239f915fa2d71d68ece66c75e6db1e72f3b42210204d6272e35b47ab735260efb2d7764d26bc1a2e9499fcba2550db8d82511899f9961b05,2026-03-24 14:42:25.394524
9634,31228,28,5a0aebc8d7b757383d5a4e2b278f3b39c7718ba6b81d980926adc2d413d569691e8361003392c2271d38604b9e3d15ef3175698a385f76355a80d5d812b052d9,2026-03-24 22:35:51.195081
9638,18695,28,a6b96accb52484b72c326f6a172c14dcbe651085113aa955a039f415a5d35bff4546bf56c0dacf90f8b8f2e8e14a72227224824dc9b74d5b071e2a1679fda5c1,2026-03-24 22:36:00.254956
9774,59694,28,77b36bf99aeece747c123857c223b71f48aac697e122fc09743edc2d7beb06211f10499ab51e9b3a91ce2b2fd05845d01f43ed6e38dcec8f121c3f3b21e626d2,2026-03-25 07:06:58.37683
9812,27480,28,f738b16af82a4a49211c0e91dafea14fd5bb029714bb3af10726558203ec999b81bea98cfde2894e7250e36b138d2b21fbe20ce3fb22e04e1c0be1c7f9e75370,2026-03-25 14:34:56.304678
9867,59830,28,815c7d66d4043753b19e8db571adeb70767ebe075a5dcd807dff53b9d979b147e9df5ba1d1de91314ecb2e32095adaba6f6e8d7fa5f014713af253d672afb058,2026-03-25 17:59:46.060214
9941,7020,28,0d5ee7e7f34a96715ce929b1429892d2aec3c0e89af75631ff1c3b168e7afd8b04fa57f21d97c0ca197d9b2c51259f20b856f683311807fb4a078fe87eccec94,2026-03-26 14:26:19.957946
10010,3533,28,22a23390691c5441f7b55bda27704a6fc80736fcc54ca11c6c7210d94e9bc785c9a1f5df94676705dde68df373b83c7c383725a2b829993a55e8511f99b2bce4,2026-03-27 14:26:41.722698
10012,14478,28,498860da6a28b0bec72c2c938f97dc62ee2f53516258f93c6af272e2c15c9faf7a2ed0dca169001408ef3feb9ab927981e855a0ef9fab34cbe680a7b5892b9c5,2026-03-27 14:26:53.210639
10013,24652,28,50cfd5c2df2639d9cf50957a15d8bcdf2ff6441b2eb27d345ff048d60bbfd401c0c41c047a731e3c05fa20cfd3924b1bd571d6d433f6a27c1ba0f9026410f2ee,2026-03-27 14:26:58.831449
10057,13518,28,f571b3aa95c3ec4dbcbc44a4728eb2a0826d0b367e7a73e4776ac11328595fcee83bdf479363110dd0504c2879218f1101e66d9110a283a410e5339e5183635c,2026-03-28 03:40:00.848249
10058,18218,28,f29f7e737ce6f2f5bc7ddcbbc5ab59905a17648ca889ce49a0bddf3ab7d98fca42a02c6e1f5fb9900d9334f8fd6f5fa4168b19ec47e7da74e6919eca8cc995b0,2026-03-28 03:40:07.195742
10059,14922,28,48f5efdd50fba5da5a23f0bee5f3f1f8496f608b4ce2da1963b0d733d1224450dcd76855bf87c91ef9e36a5e842b8f8aad535f6f14406d0bc44ff3e18e2021af,2026-03-28 03:40:26.547679
10060,21342,28,1b7a750a496561f1999727da6a068ede86bbb4fbd5bd14e42f74eec9f09e7a7a2d217aed7671064aa95402e79dcf2c748ce684a6928732bb3d6f1cdd4a27d2dd,2026-03-28 03:40:52.669046
10061,59260,28,6362acfb4ea391e1304c1a59039c8cbf6eba0f95ab905c31597d30145d42234180edf1c9543ad18219faa83e8c0f551409ef1899c6d5ecb94b0f21c8f54fa912,2026-03-28 03:41:06.641023
10067,26629,28,e2a146ae8e3c649fc938dc457e40477ef94cadbb60414ec4b8e6cc17c8ec398559084b516993ff61dadbbbaf845b8f93cb0a987e84e1ee1583dc65c67c37cc5b,2026-03-28 03:42:40.438651
10068,23166,28,dcbcb257dbd2c2f78f35770f31ec75c8858dea3e43571f401819eb5ed7ba9adefeba1342276598ae5edc5c3f8dcce83286b465fa01a819198a05ebb916c98637,2026-03-28 03:43:09.319318
10100,17020,28,5d4a295edc05842266dd078ed1eb7ebc501513a27793f662676f7eff297b7b20f31985b550b0ea44a9771fc0db8009dd57ec7fd50dd59b16d92a5971bae44755,2026-03-28 14:15:05.054393
10104,16345,28,f8bc656a6d6556b0e4cd83e3b911eabf6d17ba3627873eccc90becb18eb8bf93d3d88fa66fc5403e90cd37807dbb8194022ddf3644d4c1b5d08c460e6a841c6a,2026-03-28 14:16:38.424808
10149,18759,28,b73841c073184694fc569e0470c56a0c570c68741270b2c2915c8467acd284349e6e77661877eb1a5f75f2f2bde7bd1ab17cac2a08b49335704ae648b81b6fbd,2026-03-28 14:43:02.391064
10150,25441,28,d1486b6a46572346f14d390eb1826dd7a28634eec2dd60473696dedd08162741b4d3be06ac8ee7cc2f3141d0fd9b912d939d73d3a04ef2945445b010e7d2943c,2026-03-28 14:43:12.778549
10179,18660,28,8120f50337d9e2269aa1dc531dbb735f07d151c282986ec3007b6575552e42b24c0a062a0b5bcf2968fcdda825260190a3b2c3455399996ddfec2dbe6ec4949b,2026-03-29 14:32:57.925981
10220,21475,28,0254ad7ed6fb74b4fc3235dee2061a2f83df8bdbf53b45d4e718799589ad59752a9701fdca89057cede86939d9c88e8ac46c9cf63895659b9de648795bb77b9e,2026-03-29 14:53:09.878023
10246,21040,28,eaa61d0383117fc9391ae0a58150b3101683425995da41e156ff5c2d1502720250214fb51def8429d7eed1bca6236d29ba01de0dc52b6c51c809a8b8c2c5d644,2026-03-29 15:24:15.746401
10262,26995,28,b76a052f24f8da19cee9fe32ee2ab3d3e784093dafdf78bd75cd438a402acbb3c4d954a4f053dd262d0e5158499c282538d23a236783141cfb601c2e8a53c69d,2026-03-30 00:13:35.489306
10278,11182,28,a1ab31074ba035f0baef1517ecbc660367acc4405f6d68f6491e4c23bd5c7917d696ab3f72ee6e70bf66d916144ac3ceb069656094f865c9ac99c559fc533d62,2026-03-30 02:19:21.169363
10288,59876,28,9b79405627a6c76f401e82f5907168edd63a33c1e71c71d5ae2dfee7a323f569303393c02ff1d688110c0c658456ae5a40c120f4964339a1751fde864566367d,2026-03-30 03:54:17.515519
10296,13260,28,e81c1ad624fc12a71a749f0f16030f6d219b21a58a441ab87e3ef27b992c9040e439958acaf8de10fa08df9b12bea8866043eb0689f412047f4ac3e1bd112e43,2026-03-30 06:33:23.060791
10301,21857,28,b01f9f2400181fc466c8ba071929fa6421c85f8effea7821f22991db9d60141cd679999137af161008fa9d9cbfbbbf05007dbcd72fff36d1519a4d7fecc535c7,2026-03-30 07:59:26.7943
10306,53598,28,065230c15ece0eebd941f8dc71ac0130311ae6d4c4be6ede13c1115eb8dbfd53bb735855f7ac2615363eec807e57dad4195534035e80e589ced6561e57f60861,2026-03-30 10:31:06.866844
10310,59730,28,0676db275f4acfd8b135832c999bdd3cfdbe98722f43d481645eb97695554e38788a2a5130ac3a86ef905393ef9b059ce134a8f19ef7bdd5e188db35b9de84a9,2026-03-30 13:15:53.896425
8670,27657,28,d4393fc1c0f2917556dff47cc5c7fdf179fd6ef578a1926ea5c0c876d7c9a6006488a5cb7839d2613aa586481a9d38663daed1251e1518c8e6dcb63583c76e1f,2026-03-18 14:24:47.708585
8671,17438,28,8ba65b4a4b2af12b542c9ce38be4c5031c51a08168ea5668b4e73202655d3987d5587d6c50672f0a09ac714e88c97095d5a1c4a1fa7a10b1a2d54cebb5e1ac00,2026-03-18 14:25:08.718829
8672,20496,28,cff67632278e44040cc90c93a1071d821aca25db447301d496945c66f2a768d746d46fb7efea7c50943893797836c18212d678b4d1e09b5fb1f4ad3b6ce01e11,2026-03-18 14:25:19.635393
8673,18422,28,3808212cc1eafd172fb86e76da6343a12e35d803eb7f1bb656c0696896f337aae0f59c92996e5d9fece90ccfc1bb7dab7e72239a43cef323229c20a9b5f1bdbc,2026-03-18 14:25:24.007063
8674,22028,28,36532740a4e59da7071e5571944d342d392b0915b2ffa51ca811afdb339bcb41c66ad130a68a7e492d12846bca4ef0b2ab996f469d937b283ffeaa45435a0958,2026-03-18 14:26:59.632284
8675,19102,28,3af7e659088b0eceb80a53a924c1bea07eba9aaebf4438dba496573e6bc019cee325c8d0da366d8911f617adfe3c325cdc8fd8ba28c0aa97d80422efd815b950,2026-03-18 14:27:43.481586
8676,16257,28,b00b72da4176033196ab43af3eb7f62418d3560ad64669f241a6d6470be2f9aafe56335b16654568f9abd44a95964d7a2c383057a8798ece9615b791841be981,2026-03-18 14:27:48.037044
8677,16906,28,77b5cf05c271972e79a7345272da41cd2d3f53c9dff5002e7a19465442dace28adb8ce0d09789028d338057cb00e5eb01408ae58cad405f88bd56ff8a550298a,2026-03-18 14:28:16.252776
8678,21188,28,34cb718f7c83bef76cf89bf6b1c5e48c72426640691ea3c02dee8ebcd7a35ad9a16765d2352f7a8191be97754ee1f80afaee36de313b69a63f122310a1882337,2026-03-18 14:37:00.287452
8679,19224,28,eea8cc85dbcd286771ccbab3e7a97cc62869ee1fe01acd897f020906e3e9351252ae80c490e401ba4206902ad7e8a448b7ce0f6cc1f13ca7067b2d95fba4a5f3,2026-03-18 14:37:05.129956
8680,13165,28,f0167e1d308a9a3882dc746c0c043efbb528d12381789165fc761165ceeb8138bb099c3b2d17d9d7d9cf21c5aa62787bb7ac2769cb2367544a7d4766621e21fe,2026-03-18 14:37:06.893144
8681,27340,28,7e6de52df259835bc24f4272eac9797c16648d93973808d26892a425150c9bdd3e61dbf0787e2c0da1f851dbac2d641c977488f5af558a9fc28acbfdaae57bd9,2026-03-18 14:37:50.871596
8682,28081,28,aae27393ad73c3cc369c4d1f33dd2a010f18243065071294d0540029fcce02186589e155197fcd97d2c0040543951f554ce96bf78b7cdcdc428f6d9274eb21f6,2026-03-18 14:37:56.053967
8683,27391,28,1d282fbaf7b6f96c7d716eea51caf0a57ecdea4b3a01d224ecb66111c030d43d4a06c2bab72c7e60263da3a864b0c8cb60bd5b74fd7deb88a0c8aa49506acd1c,2026-03-18 14:38:25.699189
8684,27966,28,080d6fddde63c488aa21fa73cc4c84b239dabc10f451c705794444346ff43d92278432a0f43af5a586a80855b12bf0488d6a7e902a1a13184f042092162f4ef1,2026-03-18 14:38:25.81431
8685,27256,28,f97c5d4ae4c93e7ceb95cb38180f82e95efc2c4b5ba8a897d2cdf8118467fa1ca31db30011723926118060e0c0511b777375ed6795ac04247f62d39eb30af6f3,2026-03-18 14:38:55.486118
8686,18089,28,154c4ee8854da9792a52c3a8553d08e7e6e451bfc4b069361ee4f022a8a14c1acb8d1c80f467d58d556e73513794f9e261b7304b386112f7d001bc92890360cc,2026-03-18 14:41:50.567249
8687,22169,28,a58e8efa0115fb331b571e8d545e0200d8b2ce05f65ce753823609d532fe16c938be5d43f804f261c77f139b7d02b471090a1b38f869fc388af8e0f443eb1b6f,2026-03-18 14:46:25.961233
8688,25725,28,fa8376795ff93f1b73ef8c6683ad276bab782b9709a937fd1d350433995518e5889875e778ddf9ef552302b6bc1080145392b7a632f03fc832be129d0e1478c5,2026-03-18 14:46:29.09953
8689,26022,28,80615e2be02b5f520b19e1e0125a3e6660933e3e54405e24ccd2cf4134fdacb8281a25a089e9cf9875e90c8b26f341688be581837ce510831d7be48766a1caf2,2026-03-18 14:46:29.539452
8690,28246,28,91b10d20041d887a30157674e70b6cb24a6acc863d65c4d60b04192e7a2bc040066bf0f69bb5584f7c198f8ec631d2ae9d27679521a887ab9d1570abe53a63cf,2026-03-18 14:46:31.77605
8691,27428,28,a6db213638d4d4cbde4dd28128dac6578bd3b7e024b6db9e41bcdf7265ba04bd8681a9d2940492c02d880572c3c4bb6c1018dab758f76cfe676b4487c09179c8,2026-03-18 14:46:56.572419
8692,27269,28,07739cee8ec545f34a70b57cb601611723476c4d848927490a3516f9b073dcc660dd24f893b81ab83952ed3ea5278b9d95332d95960b8132a659ca0325ce84e9,2026-03-18 14:46:59.67839
8693,13458,28,454c148a6e2c83f199832b1af4209b359439408ef2aa46c3b0f6b5682586c7c68948fd50f08ac99eeeb8684e790929a60f5eed4607f4cecd6005711010b9ae1d,2026-03-18 14:51:50.185837
8694,16202,28,9014b6109ec6a30cf0aa4da41876291e0b7b61e54e6e741d587ec5b40edd0580399590251f96a3b1adc873394279a45048a7958d7887e87ca68774c602cb7968,2026-03-18 14:52:38.497636
8695,28458,28,d57c29dc47b149a4374b4b363871464d91fdeced7066583c8ef936ddad6d2253112ec97c858a4d17ba4b969fc65fb196d623df07e29a11cea11920ad69e401e8,2026-03-18 15:28:44.314127
8696,28350,28,5862d7be6ef768b08576be99aff80898f303eb9fde05e1efd63849b2f39616d41159b1b7fddf4e0d8ce15f37be6c6921cff6618e0d9ce00e44a04feca547c8ba,2026-03-18 15:28:55.682687
8697,14409,28,3d86786c787c50e688ab0b5dcc9be240b0d26a28f660fb18885e07cdf3548b5579dc1793c95acc68e19161324479be2561ffb3752e66218d355ba831444e34db,2026-03-18 15:29:14.685264
8698,22887,28,8500ecebb6ddaeee4f9ccba327df31f7e206afe3fd4070dc45d806e9b5e040220212115ce1b6aca43ae42cc187a5e07b690f5652c86a1a00d3968f1bb077e33b,2026-03-18 16:38:10.028712
8699,22886,28,01c0c8733124cd29e1a5a3a23f698f3b3e6ec0f1bde491800704a56c9a93be64291457b1aaffae4eaebc98858b2ac036ae05fad5a576ebc3cc5fe24951ac4f8d,2026-03-18 16:38:10.730571
8700,23725,28,2e1ec393a911dde79e5913fa993e1a9f04bcd4f3d7fa24692abf7be1f0cb5685c1125b9c378fc93e195da7c353a80ae3398434f9e49e557a1091090a9f13018f,2026-03-18 16:38:16.390187
8701,29992,28,d8ac9eedc56f5a977b8d79c222fb35623f74f2b77b92a956164202482513dc30640b9d80c442dc0eb8abd1b4224ab8589f91ddd8ab5b14b2d4e6db708b01091c,2026-03-18 16:38:23.066161
8702,18557,28,b167120b9f5ad17674c363a04fea9b691e318c144b812629c034d70748463fac66c8faa7c351ecf7ac18d8b9338891cbc7ed93cae12862e2ceb6776c6fa10c04,2026-03-18 16:39:12.508833
8703,10245,28,2b1ab3f13adaa0ae966ec9173cef352c7a5b7a8bd2bc6fa41e69ed25033939562d2bb2d6e1127659b03a2a74f0ea9f1496e77a0efb0623da983955060506bc09,2026-03-18 16:40:15.835846
8704,9164,28,9cade960618ceb94ec00e2aecdbe3bdc1a7f67a01584010e3e2c9fe0d4723f0f37fbb39ea4d9dbee936b103a684fd323f934fc26d895261909e848602314eb33,2026-03-18 16:40:16.257948
8705,18756,28,4e68bca963eea53f2ac38220087028d73d8d99a8f092afca1d8e020db1cbe25dcf7487964d1183a39895c7c2bbf5c27f78a483e6dc531fe46f3735e3f7de4521,2026-03-18 16:40:23.97186
8706,20599,28,8f31b5abd7b8e71c8319e2878e67314d71e880c13e0af72496d51cadeb952a271061fd687ddb7f2c56dce2fd820f709c382a3e351a9c04ce0ace6d9d99320b52,2026-03-18 16:40:28.966342
8707,18583,28,4482443e3466929cff1fb39e5a67ef60eddc74e0498055f48ee1bf5ee5bd2c9a158d10e8b0e4ec0f973a78bc7631bec9c106ad0b00feeed6420c526797617f63,2026-03-18 16:41:22.214006
8708,9809,28,b1682fbd392e28ff2d76d2aa93c4b41e4ba9681943faf8e182678ea11aa3ad678580a7b0c80fd5fd980f590cf4986de799731729ec85211a47575d31cd8a56f2,2026-03-18 16:42:36.890174
8709,7734,28,a1477a99547bc31734d0cec80d81bc0943c5c0ee84f00fdc124e427e53e24dbb218a73f2ba5731501ccf9e7d56f80d9d163d15ae9ae6d24edff2864ee370e064,2026-03-18 16:42:37.032593
8710,19465,28,c29bcb177ff8a0f23beff172edd503150586432a150fa65cced7bda7ce6352287dade3c9929e0c78040725d74a1511d98a6b3370696dfe3d8f8048946fead4f1,2026-03-18 16:42:46.31445
8711,20223,28,28983591b7192a233cec35b1f2fed3911e25fe3d0fe3490e9fae4055a3c1f8b832677e556aa4542fe1bb2226ca8545f5f180a97c7f7f758563f5740969efd0b2,2026-03-18 16:42:51.481236
8712,18509,28,d254578274b848a348ec4fee27b21ec2c707072b81fc08f0e39c1ac272e400866c8fb2d6101e1ac3b41120fe586bf091d407761e41c4750e2636af2f3740113c,2026-03-18 16:43:40.740492
8713,9814,28,b35c8ff27276e02e94678ed070b29d987e4f3333003da133b1831a07f5df646f79e0a092c62262c91fae6f5a3e35cf13ade91d6dafd9fec33be79bddaee8e44d,2026-03-18 16:44:48.797696
8714,8265,28,381d9b213e6c557f52765adc34c9be70bffcb9e34e19350685407ae558468c829daaf9d729b9f36f7701e33cf0ac4e794e84dd070fc8efdf1b9438126cd2749a,2026-03-18 16:44:48.852338
8715,18752,28,1546e46b46703bea38403b70cc21ef9a7914aa8281593ab1ca12ce2bc83053c4723cfde124f057d39f0398069a0b3059d5007e3eb795e3a89fb62bfa20ffcbca,2026-03-18 16:44:58.333132
8716,20313,28,a87fbd2b622b6f294588a0cb58b398448be28752eee6ff0c363fe2a86ded289d4f30e03173bcd142d15e7e78f350f1a685fca894a189c530432924d591bddadc,2026-03-18 16:45:02.48365
8717,18184,28,ea07bf38ab0ec70d4bae4b3798a7ffba21b5152e916aa56066d2c50ba2e763eeeb8f3affd347067e5611b01e5ed5e136b1260d714d4fdeff5d28d0f5da6ba0c9,2026-03-18 16:46:02.073489
8719,7537,28,8fdb960c388b417d86699bcecd25d065372c1c71c8f689e64ec4e7725ac4c9c973034bd5b38d0114b24ac9de5c99d9e55a0b00764f94c52eb3f259af24125086,2026-03-18 16:47:27.30038
8724,10921,28,f463f8df1da72a2bfc5738b7d58deb01ba48b96ecb1ffc6a384ed4fd2a9043ad855d873d015538e2d2590c13ff90ca365a4369eca239d618c58c6d40908047cd,2026-03-18 16:49:38.829345
9124,44932,28,780f9d1fd7143897f9a7e2285fadcd3c15ca6f64c2156580338b318792c9a3890edac8e8acf06d2cd01c70fa7687226b6367df4efd89e21da990a67961de380a,2026-03-21 16:17:30.427421
9158,20314,28,7100059e8ec64f28238fbc0b5f5976c8d9371b9b5352191de1cecd6935100195899b190218303ef5d0c433d724c8e6d852d1853c6fbc0cd7a7ac4e2cfede4bb1,2026-03-22 10:40:53.183497
9217,11661,28,5a25ead27d292c0e06bf357a01caf4ee8084194b1b598f71310bc1150340f4af41a94fb0f30f79091218970911076c146340bea5ed27db50c303e398be1d79d3,2026-03-22 14:45:50.114797
9218,9789,28,a1311131e17ed23004ba9771c76bb8cedd2c312bab018b378500b3f2b9226755c49f93563b1dc15d25477b4ba28066ca9b6e52268096b145fdd8b52780225216,2026-03-22 14:45:55.203442
9263,27006,28,5e100fa1b30a8fea5b0c599f49e1a8b239cbb72137485db6d4fa735f2d555ff76f2f231fa3e428e2d78e89a0869db649853c604554ee297c023ef80ceb027e5a,2026-03-22 20:47:13.351108
9266,21759,28,ebd41bb05410dcb52cbac4907eefdefe2cf8a8edb5f080a8003e339a4e928536c99299b0a420dacf5194c8315a490316b66bc40cd93af9c23cecc4c83f6e67f7,2026-03-22 20:47:34.320434
9269,29810,28,978b2ad83e4ab80be839bb3c967377094d5fdb9eeddc8f30c111f118173b35c978a49452a62a60b53cd05747318816483b7e451112de330696ab0fa2ddbf4c10,2026-03-22 20:47:58.179979
9339,24211,28,0b7f60ef33cbd19ec1d76374182aa9200cf41b002616317cdb907ec71d90f254bd91e6afa8e1dd41b66f616fa8082cc2e3aa0467743d560d34edf558496a8d12,2026-03-22 21:14:23.353318
9383,20922,28,b8722c972bee8d40734ab9ab6c1979f1bf0042b8c3cfdf04132bbb0b070c9f7b8fc3eb1d6c791e65de133a84f48b55ded2f2a68326182732a01f8ba962029a78,2026-03-23 02:16:36.168517
9422,59949,28,b314be07f3969987062d904cb9c1315bef132fde7f25fc3ea61380c8d0f6dedcfb7bbc3e6be8e8a032786b0a02a256697b97e689b840e35a13e980cb6b1c44f3,2026-03-24 01:51:54.039705
9423,25877,28,415627afd0ea8b8b500c423952438029d688c7b2c7db10085f383a20cf604ff74a061786597b6d2e48dabfec81778178deee74c4e52fb0eddbfc7642a1a998b2,2026-03-24 01:54:35.844663
9457,25102,28,6ffbcd1dee3c6ac56623d8bbf7a67ba8c22012bee53ade74445f92c04cedf7c290db9fbad366ff8fc5f65b2f763e35844b4a38e16a6c3c2837550bf6a1654fa9,2026-03-24 14:06:49.383095
9459,25288,28,2a72a6f9bb215207aa429d7700df9a1515b567113fa43df6fdb778ede201a6c552e135e1858ab8e2f6e690a2cbf51374366c737adf03e33e44b6e58ac4edb1ff,2026-03-24 14:07:01.769763
9467,29814,28,58474537159beae280cccdb7b69216dc22e02286ed10a8b824cee9521c1ac002bd5f87bc0b03dd2fb3c15d98daf78b6c080d558b68ec499f83af602aa813627a,2026-03-24 14:07:46.207762
9519,11223,28,f9df4727c9f20c0c586c7ed808e6daa060fbb53109e56ed2052eba3472fb9121afca5e6570ecc50cbaaa0314b8dedd92880ee6575dde69dbae6a6e71fa308383,2026-03-24 14:54:42.372932
9521,8580,28,32d36e74d6418ff921148c583b8e00f211a5882ae496f774f284a6bc004126735e136b7f5786ed501cafc86e6ae6356a39b5f7b7c3d1ca6285bf7668503b535f,2026-03-24 14:58:12.32023
9635,59891,28,3c9fcd2be1d2b6bf635b8612cbf2bdfeb18ae8a40d307584c1766b67598400a0db47f66ce49bf239b54c607465f1eb2dbb61c7800c154368590adfe622bf203e,2026-03-24 22:35:52.894176
9644,27960,28,8491a4d3ba03fa434b0e56b403d739f9a9d2cc5d2e67e18b82a88b989741f7ca4f342561a39e7e2fc59d165bbcd2b1a7f36e97a5ea0d74f499a75af32fc8519d,2026-03-24 22:36:14.424865
9648,22490,28,cb8d70d4bc73ef56f9aee0d2f5331f59c6d664a97735d646679edafd09476fce5259e33c190a2ef97ff272b58fc3bfee15a96a4110564bd2d7fef2180cd0de28,2026-03-24 22:36:18.220217
9663,33029,28,4a5836f6b2b18865bb00956d41b9d2c09a42deb425a18fbc5308a6499ba8187371098237a661788036cd9d734895703a72e23a7cbee791560b3ca7b548a672c6,2026-03-24 22:36:42.35924
9670,31354,28,08876ebf32717dd8db434c1b70c84dd1bf5248eb64a51dc26b49fe19711ad1ed2c31c613df4c3a841d0b72e1fe6f3fbf2e2bb5757b35cbad871143fce73caa23,2026-03-24 22:36:51.709285
9671,30461,28,8218d54fb15c43760dd932927670fe9a72d94ac1d940ff8fae21b6222c1ab36e39b27049d9117f8bd8cca67068a6a2b049d037e1eb38de13b985a91bd0eb9e07,2026-03-24 22:36:51.828885
9694,22959,28,a3ff0b51dfc8992a465285aa623005091daabd6d3fec7096c93f471d2587c5b7940a372b16a284b8f2a1bb9fbdec0e6438a2d1e60aea4ed8cbef1fb7f1f018ae,2026-03-24 22:37:15.474492
9704,59987,28,d27da79e20c724d0a97ca3faf37eacb1999bd0400aa2495c429da950157ecb4175fc09c89a5580ebadcaccdcd0a2ab2fbf0d2cfbd40aea2ee282a10cc80d2369,2026-03-24 22:37:45.529888
9732,6146,28,743f6a6c7871455b645f62bd5fd9143bd2322b31e60996a02b6bd654137342db8f0839b1be3a475d4a0289ae7a8c4f95feca70d94f12201d56a8c8d31152106f,2026-03-24 22:38:18.194396
9775,11579,28,943feaa1b8fd9ed5a2c51ded413dc93ce7233ca0099a02ef55dfc7895749ddc8b13eb13af02bea16bd97d70590c6969889e40e8349001811a2676cb72b355bfd,2026-03-25 07:30:25.415434
9813,27502,28,9bd32b71419118f68dda75e2d0bd0b81ea4c5a5065629df8124fac3c436acaf3eac8d00afca750d66dbfa5b6d550610bc2994de7e5d8d3e83fc788361d5d01ed,2026-03-25 14:34:57.407012
9814,28084,28,6bc501fb10b40d4b9b93d35c8368c9ffe7131512398c910a9a7c184bd254660dd63ca92bbc70a53163c228336250f80b87c8ee07396aaac251dcea924b452c74,2026-03-25 14:35:00.213338
9868,59727,28,818ba71c1b9d93b61a43b027b0c622bc3b342a4d1a05ed0936dbd56de727408ab1b4377d695f5a63b9b257827595b8237f53162abe6de92c9c98c5ca77f57177,2026-03-25 19:07:59.060857
9947,2521,28,26ab605f577bed25d81e0b5d528c6b672fc6909042cc958232f403b5147eb79b15ce7f4820e00503991f04bb3c2d712fed80dad48b6e8a1874c258ac38e4aab3,2026-03-26 14:29:21.851598
9952,16538,28,8a5bc041695ebaad2e4a70c2d9322646566b7d43fb3478e8d3e3add1f4cba756d1ddb9d50a2bdb48b41f0fa4509faee221fbbb806efe81c03911a40eacd18fbf,2026-03-26 14:30:35.586057
10011,13804,28,f5cdf402b128ab6f1a2d0fde86abd3e593cb2f49d69e784935d9b92c7a6943b67cedd96608ab025d0f21f91ef4b89a3405dae34512b232aa0262207d7e79585b,2026-03-27 14:26:42.714687
10015,7919,28,62da72c14d354a7e168a8619019f6e302968daca86ffd6afe1fb575529199496c0832a2536fa40ab122001774b6f7de01773a12984da523a7ff10fe7787ad007,2026-03-27 14:27:34.979332
10064,57872,28,87c9cefe6426a28bfd4d3ca00850a22ab801de6250277c3407270cc862a929016f2215947ba3c956a3fe09383d536503ce48245f8d784a99597a1cf1804af9c4,2026-03-28 03:41:58.87405
10069,57873,28,d3b277e19e70c348c1f288f6b39b2b02bd2cb444043f7bbf2a0fe596b1ed06ee9bf5fb8e94ae75fd141c752c7d3d6d4fb3df8f0f4776631299804c11b585ed6c,2026-03-28 03:44:18.906184
10101,16404,28,b89b88cd78499d07d9933e98775f59f2fafd5190df3e04b11be7c2d8d2c70bba50b43f3e3e8451f9f448e7d6ce766caac1330b353d95e041e21ad3df210eb8ad,2026-03-28 14:15:31.639367
10152,17993,28,66fc8ad3a6d22fa2576e7798a540d2bacbce44b7f882296a938db5178798d8847faee3ec9ea2ba16b822cd4c9bdf5a344c79e6a831558b3445caf5a191e11734,2026-03-28 14:50:34.638541
10180,12962,28,4471b1cf5586eb1e41035413b36480bbd5f0b03e4b34e417486bf9fce2a499e00e89a24ad75c0a18e943ca5954bb60e5159be36f968b8644b6f7dc10ef0db869,2026-03-29 14:33:12.465626
10189,14548,28,183e5ca5ee7781e5c7d5662b7f68cfabed1c98796c7a0464f84214f9dec8c0e01b241ca93b2624e38c96c2bb55f50a02eb738ec071a56317c2ab15f2182c61cb,2026-03-29 14:34:03.661082
10223,14397,28,97eb783571e768521ebca4b98798fb1e8095443d626ddd25ee92f269ee44354b5a55cdd93225d23d67edaa65443c35a1161bc46c8c3a0a453121fb9c324c22df,2026-03-29 14:54:03.103915
8718,10124,28,cec4ad2cc481d0f46d5e42ff08b6b1bb72b59aaa4b853355134de98902ce45157d7adb67243abc2b8fdbc25898901287a9644e1c4541abd926e4f667a509c14b,2026-03-18 16:47:27.067733
8720,19003,28,7ecaf96c43dd7f8527edee7c7f884ec180a311b97c1951365a3542e111c08e65ea22d22a0c31a8241e1d7a1769032c3932ece7aa0273211eb424893d62049cd6,2026-03-18 16:47:35.111373
8721,20443,28,b6986e855ac86221af00f9a37b44ad7f1090dceb82011736bafc0d57b8d312738f91e4a318d9fdf3f6b97272164bc97ba2db204167be2bbfb122ca0d02315d0c,2026-03-18 16:47:46.147268
8722,19310,28,00d2d2f60c064787e0e49edc38cef8864e62dc0f2d9effb95f3377446db8ea1ebacea48035689afd032bc70d1582ee14dc60ce1ec04d54b403f39d20d078535e,2026-03-18 16:48:34.390876
8723,8865,28,2f2d3d8e59c9311c4789498e6474bc90346846e785782f795d05444eb4097fac1808512026287c39f47120c306f99fa56c3648c833edc19b31307191fb246a4b,2026-03-18 16:49:38.694456
8725,18349,28,1b280900eaa1e939d600fb8150b050f90c5c7bb71699972c1ed01e4c8f461d9010335885cbac0f8b848d33d0fd24b3fce52ea81b94bf683094a45463079722b8,2026-03-18 16:49:46.131322
8726,19901,28,4cda6a6cb22b7ede557cd22bf7a5dddb814bc813f480b67b37f6039ed6053a78c40da32ad654ec2a2f48bfd0d191c03d4411e674213813b0ee78d6477bc19612,2026-03-18 16:49:50.662485
8727,18763,28,d0bf9cb0207ae6d5f839209958d861083408f1bef56924882ba05b80e44abaa871f757a387e2357104f989474db82c9f1c677e2eba55b562ccb3f2c868c1d6fb,2026-03-18 16:50:41.67846
8729,8132,28,b96a663df59696e9057c092cee51967fdcf6829ede17dce9fdf651d9e9a0fe997dfdbcfe68e44bc9775bba67b567d2018047f07091b0a35f2347614170d351ef,2026-03-18 16:51:46.477747
8728,9690,28,2601debfaec5e23faa21873674ba9d5648eaaee67e3d9f85cd51f88953298383be80ac9672975e096518f81974ac7e2a0c0323a37b9247b0ac5b7fcbefe3e18d,2026-03-18 16:51:46.8856
8730,18881,28,7ed40ac9fcaf91231eaf06c11a35babd439bc4b53839cf3199219de7698cc68534e54e09c6eecab135769669ce73debcbc9f369922991a1a572c843c3182a837,2026-03-18 16:51:55.095407
8731,20052,28,78ce48d3b3509d75fa4aa3e29b285311c28797b440a5b78076597232c9eb87446e6334f815b6b73013a1fc267e8712fcd5502b0ce0e2d766adc477b5bde6ce4b,2026-03-18 16:51:58.422001
8732,19287,28,02a88e70a9ed6c2d62033768f0254def61047c83cbfe58dc95f0b9db5d85bf5375cc7dd7874adcfdf6f59672273871d6227775bf111d31f750c4451982312dd7,2026-03-18 16:52:47.259421
8733,10111,28,f3732b1dc1b630e343e31a6010f60def1e6b3a5d0c1bc99129aae4f5c72556b040215f75a98539397ae1430e88f26bb6f176b8982448bdb667a7bd73301c0596,2026-03-18 16:54:44.807407
8734,7876,28,d822d4de06b919878e7f18bfb33d121e444a222e4631724a6e4aac2a32088cd5e6dcf6d0fdf197094b434b04fef0f0ad9dff928f703e5b10b53e3cfc48d6517f,2026-03-18 16:54:44.846812
8735,18733,28,406963608b48fe833e4899b03c02952df341ab146861938ab13f6409ee57b1323c633a9740b03e261ef2ff0eea3a33af7979123f8a050a3c4c005d0f01fafcbe,2026-03-18 16:54:53.116228
8736,20550,28,f22eec15cbe6104db8ae5d5c71198126ed5a0cb79b78a7e8419e27bd1c54c3627049dc67dfcf05dda2356ac6e59aaf354a8508372428cdc669a5535567a55879,2026-03-18 16:54:57.475751
8737,18147,28,486a96b284670399dbf174d4959faa48adc0842bcfc97aa465724c21a83b2214241cdd105668b92df69caf9454828f4173c9169af7e5b86402e7ccbb48581e29,2026-03-18 16:55:44.4657
8738,8869,28,fbc0597f9486438724933dc2e2abf9abeaaee89cb19201d1fd64506cac4bd9293dea674cc8fb07ea4d2b00940971b3704ae172c7b177f79a9609d67321b8b572,2026-03-18 16:56:28.874605
8739,12784,28,70e45910f66a6738cd1942cb8430333d44be9b4637a6dcda99ce7c12c028dff4940f83aa8ccda3e3e2ed7a0c8e92fe6a2378cc457a72cf331fc24249ac42c5d5,2026-03-18 16:56:30.833455
8740,19192,28,da3d06da1775588f2f5cee9195927fe78f639609db87934cfecdffa8a53a6bad1adba8c286c9c45c68b15cae222997379671b1ad33bd04a38f62330f93bb8e95,2026-03-18 16:56:37.020328
8741,20757,28,e892f61765b1305135e44a7570692b7da5b56e2ff6beebd89c40f481571800ca6437f97485fc4cf7d5b28f320b89026fccff0d75d28f2035972599307cc4730d,2026-03-18 16:56:41.12823
8742,18924,28,305be57469ebb6ad24627edca6fd591b25b50b262cf733e9c237b0bb4fdaf8ab0315325ed378e705aa404c1b9350ed90375e2a10d9d569a06ef1460ab979cdef,2026-03-18 16:57:52.948826
8743,21885,28,b60bb81a1251e732616ce37e01f6a1235e96cf20282ccb8ad27afec603779c9b98ac07bafba0f6da6564aa8889692c2c019c9f270e1e710b1d6eef7ea285f1e2,2026-03-18 16:58:21.270151
8744,35904,28,812d36d8651867c2b468112ae031dbec8ad386abc001e8b69d21e986f7538d70c73e2c9729d84da48c50ce3d855216a793afef371942b6ae0925d5bda12981b5,2026-03-18 16:58:40.340216
8745,10033,28,29b7b8addb378253e72baec97ad396cf3e7dbf73e320aa622210b5a9c008c8152fdd347d33b3c477d65fc0061ee78604a424aeb644fc72914de052cad3dd7490,2026-03-18 16:59:19.255096
8746,8715,28,0a2f22584dbf950c3243fff9abd1c059e92829a6cca8340912369961f1b63efeb508a00de0a429c92912ae048ec9e55f314cf854aad51679aac1c288b3661729,2026-03-18 16:59:19.704783
8747,18873,28,0be5cd938f1a9e2c72e6423374f8b6556b84facfdfe6e41fb13536dc6f25bfb0537a90a5a509085ca7e0074c674b5f7d954400e7eae0a20b84fa8f35f302d3d5,2026-03-18 16:59:28.062938
8748,20160,28,543201b3d4681ef73ab6a071b65bd520126e1b12502189962d2a07cfed1bc329c2fc1248399f1329fecbcab3e490cd8896d587e6f3cc9853cdfc8fe812f19b1a,2026-03-18 16:59:31.528034
8749,20886,28,874f606a531d104e72130a8f6f386bcd071183c80a20c37884da821b5410585df02efbbf18d7b26fdfcc4b9b859ce7106f5cd9636aba736abe91dbc2701e61c5,2026-03-18 17:00:46.09281
8750,7799,28,cbd2ffa54b36b71899a93f9fba6ec6453b099ee4adc9fd7c4632bee9118dcb7f502ad6684c894dec5ed5f8e664342cf349cd55028f3bbd175d6906a98b3c484b,2026-03-18 17:03:10.971775
8751,9906,28,775b7980e41c7d90727ece44f05a80f6f071a8a2ff39c3a332ac3920367b2488f20941c6fcdf5fb9753e15bfc3ddd1ae5da3061c0e59866504cb56738ed4c157,2026-03-18 17:03:11.913208
8752,18560,28,36750227938dde674e93102efee14c3ccbf6663683d9626b4e1a6cf9ed66c9bb4ace6aa1a66b1ac70f3afccf0dea51f55d6e796150a43c06242b1b1d08008c84,2026-03-18 17:03:20.233604
8753,20405,28,04bdf3f02a2fc57be0e42eb74858694cfe4e318128ffbbcc06c2a5fb70508f11ab91e25543f9ea2d591bf5c7a2262ae0d2d3990a26b70814737d0770ed8546a7,2026-03-18 17:03:24.199571
8754,20902,28,9bc8914cbdc61a787eee6465a5bbcf413709c3905e8c26cc2843ada771d61b9569a700a6e7e8034887df78e957f98d52915831fa857aa48a2da241556bbf8276,2026-03-18 17:03:35.720068
8755,18788,28,aa29afac9e5516f8df76b6226b044113f69f6f13056e5c1426fa46f8ecd47c600c3c165b48002ad2b26015c5e123aa4335f2a379eedb0cd32945716db5cd77cf,2026-03-18 17:04:16.532109
8756,3070,28,2ca7a4786d5ddd38b303ae558ed28304494bfc952673c31dab5505389e16d733ac58d5c640e24944b2461c724dc427ce30977b52a1ccb30fce0001c1ba9b1d42,2026-03-18 17:04:55.345655
8757,5244,28,a227f765d2d1a75636ac754c2b8caeaa7c50167e1a6fa8c31abd826817984bc04110c412753324624908e9fbc0d59210eb5f22c1ac577ba9fd736d93d0b19034,2026-03-18 17:05:25.088533
8758,7848,28,1117014707204d89e2ce4ad169c8c8968a220a2fdd8348f5eed9be3303ad1dac02fbf7d2ff63a4dc519965b4320f4bc777f149ad800426e01d0300e2a181d893,2026-03-18 17:06:03.287285
8759,10678,28,09660b55706f9bd91065bae5b158ae82502b26bee5a427e0b5975061296dbe77002c4d1cdb9858d31dd363b12405999b8977fa7a36006e697ce6522d40bc101c,2026-03-18 17:06:04.423126
8760,18146,28,f76881e5471ed7aac7f75ccfe5fa454cfde46140417ba401c2e3f65fb0c0797616ed057cc853ccc2496185f9f79f66412740e3df4c27401a787b3345748a9f3f,2026-03-18 17:06:11.521759
8761,19863,28,05b6efdc585cdf7ffd4a15996d59971ebc429067395284546c8af2959aa2058afa80b005520310874448017e60fdac727c29bf150be8e9bef869e7c2d2f1b121,2026-03-18 17:06:15.277242
8762,18519,28,4cf6d160f961915d3e5480c940513bf3358a2a59fcea84714aa80f6ff3e04311967e0a65810c65eab679a16d723ae52018a3f339df5853e6208fb9e44b136af2,2026-03-18 17:07:32.936601
8763,7614,28,dfc1a65670960cbd269af49484e38a2b3d707c108306cc6bdf54aeb370f1a68b7776c9bfeed0c5cbad0e4652c202fd7623e6aabc4aa665f0e95c037dcf6ab775,2026-03-18 17:08:44.135256
8764,9826,28,be064add55920fc3fc6af00a3f485b48526d01b911b1b311359897863750f6c37ff48f6e7435fcfd66e58292ae93446cf06b38bb14fd18ca177d886ade9f9c31,2026-03-18 17:08:44.531092
8765,18466,28,8af90636256643e0a062b77847408bf351280a6e133cf36e382d57d0d163cf1ee7afee541dae24be2c6c0c8b0999acb531a1010cd73934c4fab8e16cdb28b31a,2026-03-18 17:08:52.399076
9125,8487,28,cbf2b1956d297a90fb9b18a0bfe867fc7aba5c45eb723a43fc0a5c6ca70ccd9ed1e36fab98ca47786b18cfb916d6b8ed55eb618123b415f522cb4b325e3a1e25,2026-03-21 17:06:29.660841
9159,2587,28,7f9ab776a9791bed25e452cbb695c8be8c82b564f7851e7e1cb109995e2b97d315b5ac1776b3184a634dfd4e48260c31c70628f1932cbc0669cc764e47d9ab6e,2026-03-22 13:47:40.824649
9219,9116,28,6ff787ea56175af5e42102caf31cbdd0c0e7d0d9f5cc23b3d368533a3a06c494187f7df86c9e215a000750cef5844431f3330078f1eadabb16a58191db6d02ea,2026-03-22 14:45:55.721328
9222,17572,28,ffaa7151649cdab64b1e430ce251ce0a015bd7e39d0fd56df03c2125b3069f7fb952ddbcf7f2bf93ec72b895702b8e59956ee67b939f12808cfe3ebe19a2eca5,2026-03-22 14:47:02.489015
9264,15299,28,1b6b9f3f10fe92d3f0b3e79a57872669eb2ef51fc2fadac64881acf6c733579e1ae66bbdb5afedcd68cbad2d330581d2c2eca6525d24be43575027f1bffd50d3,2026-03-22 20:47:32.00703
9277,1724,28,322cc8560ea5f6110723f44a49fd9c4bc0f08e075b210732c098132dbe4bbc8987af5ee5e0cca8dc6d0b4cba5f2fea770145baedd067ef3f0949f52f9a4d40fc,2026-03-22 20:48:27.477759
9278,2653,28,c5f94f53cd433a5f4dedcbf645e350f9e9c08f36e2e16f8898d4b77aabb1ab4b60fe0c1c5b7574114f8d2ba9cdf491030f6592605561323d0af0dcc1b65a7414,2026-03-22 20:48:44.81602
9284,14106,28,d38fb1d615ca24147f88b97d89398254b5cca9bdac7ed0215f00c60866dcd32efc2f4d4f0649ba5a8eb10991a7fcf7b03cade709665957dc91156645bb4a2a00,2026-03-22 20:49:22.318207
9285,19671,28,b96de2a66a8d83293ac15cee8abe0298ad74e3c1aa78084397871ddb3be023923b7916b323a5d968469d44b23d5af2e3daa44d4c7be9750dfca0bd46a3f0c1a3,2026-03-22 20:49:24.111887
9288,16874,28,6ea276c85d6f2be9060d4a1deb463d594a2ed8813c0652dcfe260d0750e69a1ddbb6e94464bed35d6c33165eadb8abf298f3360669265226af87d02539bb2360,2026-03-22 20:52:12.214089
9340,23865,28,2eea4560b10a4e224b73111d2f4b405189bf5c9b6ae40d27a441ac4491e0fba247754a689958b52d5d5a3ef25b3b5ffaebf0d5cba9f61b12ea800f706f686562,2026-03-22 21:14:23.664267
9385,33980,28,2f346f0345b2796370ee5e57ce8c12c08821f099eade160e77fe686936cea2909e0aedb3620f2b2b020c3647ec1018ead476b4332af8893c1ea824f50416a15e,2026-03-23 02:18:01.796196
9424,59978,28,69f6527b4dfdfb07dbbc97f9462fcd1eea78a57ff4219f9f1c31b938ca8d173ca9be7224419db68c13d1e2d9cd3ec242e2f3d95588f13ffc66a5da4b893b0668,2026-03-24 01:55:13.908121
9458,26490,28,be676b54f22c50bb7c22b04826375d37f8b01b3cc52f7b0ebc38208b67cff9ae39a52b58214e85c33aff073d347f25f868a47e30c7e6958f794b9c81e500cb31,2026-03-24 14:06:54.677029
9520,11759,28,838207e20e42a91c74788cafa815231c24f1990599b15553d61dc48374e9cbcb0e9679baf30af059f3b3ffaab64f38807695fcd37c4f7b32e7825302c5cf0acc,2026-03-24 14:58:05.887854
9636,18383,28,4486aa13af524930639ebb28ee3388844e825e2f3e192e25f1face98f5ba14a94a35e7c68bc0edc7790695cefc71bb9c2f4c55d2e11e3243c4a0ef02dc01f6d4,2026-03-24 22:35:54.771554
9645,18290,28,d18c39b4cdc1ad9ca1ff12706997e0c9306e09dbdac47e5ea986f5a9afeef1b8bcd706d585b9fe467893546178b68f728db8978525fcc19c9b889c34f715d527,2026-03-24 22:36:15.52008
9651,18509,28,bd3f14b2d75c5b1e8f695dd4d6d20a4fb1a9e7a8e340dd28f75a7b0202393780856a668267d0e7fa867a9537c3477eec17202918bdd97aea7450563881ea81ed,2026-03-24 22:36:22.755915
9660,25476,28,4d3e1d82b32712382f11cd2082d9e999157456bec3d5ab50dcb1d5a768af2ff870575570f90de73fee79ac67da5878db64369308560c629ff5ac3e15dd211c33,2026-03-24 22:36:38.900333
9662,59999,28,79955a17482138d9e89a68b92e0aca9b9d04abaeee3bf452bfcde26f9bcb8cab7c1f4eda4b365dd0ca40c08b0ef3ceb20ad11c8d01cf7f17e7b88159ea6f4a4a,2026-03-24 22:36:41.710897
9706,52343,28,ddd2296d5b46b7aa93523640e539cd34c53f9be89ea57ad12b06364735f5426addfca597b76c2b67998912dd620e54df2691c51488753fa2a407237b1a1bdc85,2026-03-24 22:37:56.732362
9721,10105,28,973b048aa7b5e44d28277fc371ac453b46060860ea1a464dd1f0d86388c79b0a16b4447dce55d02092604fdda4c1eecf9c3d2307a171c1270ff78012e8f42db5,2026-03-24 22:38:13.425331
9735,20027,28,caf7dccba0708cc0a96ab6f3f52d42099c0114bc30e6d8344cb7e89c67ec2bd3122c940a71bd15e6346c77fbe13ba20067d9bb7fd59a5b4239dd50deff2e3fa2,2026-03-24 22:38:27.775284
9736,18110,28,7aaa4d6b694fc467971bb1ee2e32e698d8cbd356eeaeadc8e21fc66e959d54e07eed56e4604d24256059dfb1e85b336195d817ec4f7f4faf34ef76f7eec71024,2026-03-24 22:38:28.382369
9756,59999,28,df70e37108089d9b77dac6fe55d35bc4d1f95fb0333836969a2176a467b2242183718da52e01cd93610d7b289c0ead059932131b1475be141e79b5bcb52f7911,2026-03-24 22:38:42.430993
9776,7987,28,51cb75de15c72a9665c386817dd4ca46ffb20a1730832ecb957d1467141271208627e923628b22844f1591e76760ecdabc8ebd260d3ab8cd592741d789d5c981,2026-03-25 08:22:07.279695
9815,27271,28,87ea9ee764cc681d9c097ee11f30c2a8877eda0b8c8536f505ac1d9e0be8b35dacab8929d748cd732bf9e6c3bd012d88f97d46375ce7304e47288e71dde69230,2026-03-25 14:35:27.245503
9869,59862,28,e5dc70f2acf286ffb02b440080cd32e5916fe233328c309b942ab9a20691df202112ce83b00e9e4165dbf16bcb6b8640600d8a04adff7b66d8bd3a58d3b6ad37,2026-03-25 19:08:49.709116
9948,18501,28,b475ea25898dcd1a0178002004e4cea94496ef3c66153731c8aed9412b9182818c846ac10affa13921c2d5d7b40a1a36fa9484467e4e7e1fa7ca0b7109756a11,2026-03-26 14:29:51.366143
9950,9517,28,0af65b8f72e1d3690e0a35c539284cdaf3f142bf9782b27a42035efdaf887f0898e92c20f9504c730afaab71047c1a3ac95b69b2f8bbc3bc203938172796a4a8,2026-03-26 14:30:17.380132
9951,14757,28,4629bb8501b6633f35faa070938a69b0d4d437515f1a223b372c4abb7b06b9c2ce96c92376714389a225803b5500816d3b90288dad153e6f65083da95eb5a440,2026-03-26 14:30:19.673941
10017,10296,28,ec3971a499df47d7054ebdf13e531cc00e413d95746dec5b49a7d978d0337917353c1f34579d35326a5e3a311f90d9ef8cf5c7cf8356071c9e0b994ad9c5155b,2026-03-27 14:41:16.75085
10018,18311,28,1ebd4fec7689e62804e74c8a56752a02a9569b05c8fbce8532f615339022e86a78a9cb81853202b39aa6f2aa6078a82105ecc37fb385f34dff8ced0b5026508e,2026-03-27 14:41:19.013103
10070,14095,28,9d027164f5f9d4aefd56264e99af94861b70794fc3be32140d30f048e69a3984f7632c6fbaa55fbfa4704d2b75960ff4bf2f5784552de92a79ec8fc59e04839b,2026-03-28 04:00:32.890521
10105,10460,28,f9222ce8f45b0052d8bd4e33600bdfdac2ca9d0a3e1eaaf3b3ccbb8ed26de6d2275096daa803cc3ec332214ddc98503a048bb98240765c43d5bfb311d909e14d,2026-03-28 14:19:48.360211
10107,20356,28,220ab59b3f44954f1604f268a6868418ed7d3d4dbc7b2dde2a2e93e52ab02fe4b006b19896e1e61fd60f793c40cc29d92e597dfe1b747cca2b2418474ce547f7,2026-03-28 14:22:08.240381
10153,21939,28,b9f83860c1b1c4f95be9d72a3e9ce506a6e2a64e47e003fff506c0f0b4073533a6b35fa6b7bb2e757f9f702dc456ce498353f87a854ebe7747daea855fe351cf,2026-03-28 15:11:50.27652
10181,13356,28,afdc0d5e1d8399b5afca3cdb5daba154590efd9b209e4267e251e11e92b4d8d2a0f93a56bf85793d846483ee29ad55d5d349ccded32405a54555ef5bd97b8a0b,2026-03-29 14:33:23.695663
10186,14907,28,b3a1bfb8a394a72c30c1097cfc4c1932124730d432df446256d6887a8b3e88042265af65cd486e3a16e908c2504253ee34b6295783b4f97514c1792bb3b8d05b,2026-03-29 14:33:49.472204
10191,19995,28,d481722fa73fd9b9c8ddb4e801ef25f01cd1fd50ca96cfcf7c805d89f51a6fd7939d2ccc472b1e51af6cf598811d3e722aaeafc2f281e91460da670263c69e76,2026-03-29 14:35:17.433105
10225,29479,28,30957feb26d0aed1457ec2a64d060bc821a8f83a7f7fadbd5ff3eb4e9d949fb8ab4dc3524e3d24e732dccfd8051aa447eb531b311fe088f6beca244d33841bd2,2026-03-29 14:54:14.760292
10247,60021,28,35b23589661e29ae8167335d7d9e089700fbc63d6ecd12addc5c32b3ebf4c84c950561df732744d160c23e5b77273bfd2bc6f71e3b1207cb711a09f8ded0dce8,2026-03-29 15:44:15.930341
10263,59987,28,68d21092d8aa07248bf7d7f46d742055013e82eae6562c042c8b424510592f6e7e9a261d0e1ec75ba4844b1d196fc6d33d1b83bf469339e17a7ab41d44884d32,2026-03-30 00:55:34.662525
10264,20307,28,743ec0e4220f092abdd59d67b4d178a6e5e9c00f5a5b4393ecf25f45916aaafa3b51a7fe3d35d5fb0452cfb8ba224a8af41e2437172571406b99b0d8fdb663ca,2026-03-30 00:56:12.06217
8766,20333,28,9d242cf844e21b5954a0ca72f77466ab66e9a4ab90a655d977780f8defc8bb53fe09109e00e8dd5a46a9605fbe8e2d62490b8efc7a6f0d0180da2c7d526c4765,2026-03-18 17:08:57.009324
8767,18622,28,8004a45d76b880f6bdf0ce14f3cf10f6fd01aa6e73f8a34fce91cfa3273aa595542456b892681029193281a9e6685328cb379b044adb01e5923bedddc1298776,2026-03-18 17:10:18.368216
8768,22323,28,d20a3d120e833d9dbe6190225d94796b9397089bf3429c5736d3dd4656abb5abc861a003f3ad184f3ac660b323d4b9e83536580057ea6e655778fd23499ba6dc,2026-03-18 17:11:46.638884
8769,24566,28,bc6d0df690f505a00648158d703b3fdc00752a8420abde2ee51d85110c6a3d789675f47d8ff5b1073697599e9488787146a46659b97db4b4622516b6caf60140,2026-03-18 17:11:47.190773
8770,25735,28,13c69ebbf94d9b1a4e7ef9f02141cccd7fb2f406028ffdcba3e3bac3ba11803eb77e4d13b262054545445bebce2c41d7ab0b07f48aeb9d359f8fbae2ff3cc713,2026-03-18 17:11:48.412956
8771,27559,28,c6cefbfa2914ec3dbc3691558b1a9b2a5726b62e1e0c119a852ae0e6140278e72a92df8f54b64c569b8183e6d9ae1841a3a8924e69e504386addc99d9f8165f1,2026-03-18 17:11:52.596168
8772,18282,28,6465e8ac2bfa9034fd336ebf32fa6099e3c11df4c4a926bc70a58d985322bab200219c0c760f84a5874e814327bfe3defeb8ab1114a15b9303463ab4034aeb1a,2026-03-18 17:13:21.938571
8773,20914,28,35c97a2a4137766cc9aefd9cf7c7a3582b9f298c0af603d02c6cda895e93d759097378227da55beb57837498a9a0d206f17b1041b7cf6840ed94f62765e4f15e,2026-03-18 17:17:16.18782
8774,18566,28,ad2df261bc7ba65d8b95efdd13bb4faccf7585caefbd0233a68f07472c750a6357ea424457051cf414e86c82af7fbee830cfe4c4eab0917f9260894d72990c9c,2026-03-18 17:17:37.781879
8775,12955,28,8580ea6ab68fcdfc26c3b4b2fe9bd6179402edcd07db7b27c0f4dd0eb4dae33173008e2107e9f06ebbe322a5c00b2077147045ce55537756c192e3528d2c5247,2026-03-18 17:17:58.474548
8776,14426,28,92aa5f5198be27abed96bd50eca340b8de91a5e1ad1c4e94d32a2ef078147b460e68cfa2f1aec2e95f3353e4bc5af4cd573f4e146c642a4474ddad4c9aa7fbf1,2026-03-18 17:18:16.739482
8777,8469,28,957f891444a93b41f118724e058b83c3847027763e31fc0c4014b17f5e9a2855aaca91ca1f89a9cef5de6cab87a93199fe3872e4d4a7de112a17aabaa6c1a91c,2026-03-18 17:18:40.295242
8778,9324,28,61e3ba0d8fa879d8bed5d55acfbcf34069588ad43cd15ca5440a82aad26035416df11a3b721768f7f518f901ef02800e1086b91243526cc95582a0a8e2757dcd,2026-03-18 17:18:54.510695
8779,20446,28,a7336824144dbb9e7bcf32305b4ee8cd4f2473a69b8f1a777ce335368489940b3454941a997a38dad215b5ffb0f27f44ff5619f21b191d94ea9a5452bb999e0e,2026-03-18 17:19:18.783726
8780,20031,28,46eccdb1c86d177be2e77189aa4c50bd7cb0c10b1afced25a34f421c14a1c4803626d22945b252beab22f6a7c79ebb31531ef1477ff451f464adb4f3707cfc8d,2026-03-18 17:19:42.87191
8781,24993,28,5a4c9fbf19c1c9ee258469a5ef31f8ae0e650db9daaf0013212166d096c73cffd8588419ae9e65b25e783573e3c1519cf87f98148283eb1a25450471ddb8d665,2026-03-18 17:20:08.102067
8782,25044,28,94bad844504bc8ddb2b37ac338557cb563bdda1e0fed9d9590805ed2f5fd6f1173d4bdfca072fc96a073312d8b23919016ebad83d6ed3323afebe4c38b66f101,2026-03-18 17:22:23.64949
8783,26636,28,eaf18dc4eaf332aa92dee9c107ddef948ef4ed84df7fbd2fbf539ec5856372f32c03ace31815d34e053cd5fd6d231a12d4045d1e9b6b09c55dc5767ca1956566,2026-03-18 17:49:56.862984
8784,9359,28,997058c142a214e6a4be916c53cb1a1b9d0d6dd7e04f9ceba2d38f9bbfdf92e3dcad87c1b8fb642026c089eef28d146e78e57b3033f808202a4339e902f58487,2026-03-18 17:50:10.244905
8785,18494,28,4ad87fc12052233fa33c2abb4f4f0b6997ab69e76ff2c92289ec812800646e18b310fd07915867df7b25c8312f409cf5c668fdd968c3c23ce5dbe8c9742d8b1a,2026-03-18 17:51:03.595481
8786,21102,28,4c797afd3fd3f80c6b60ae85096b7b00b91dfd0529cd391fd5ce50b038139abac5833584f3ef5ade147170c0f081a8018fe9215ebef9f950500e72fa8b350132,2026-03-18 17:51:06.377556
8787,12194,28,bbbd1d7ddb061ef19e68ef7c3addd9c98f79f6220f174155c0a0454cb7222963133b26ffc6a4a8f7761eea9fca302f6c8608f20134b783820d677111c4735627,2026-03-18 17:51:22.784879
8788,33615,28,c79fa9af484866fc98732291a8722b4fd82a38f86866557cfa941fe2319523176aec1173ddc038519c36bfa43d7ba2721b2eaebc101eb104c3aacf6befb6bbc6,2026-03-18 17:51:42.019267
8789,8525,28,9322a59617e18330aa999d4db84297341f0f381f1585091fadf0483b80eeea927967368b7a3a5312a1f1c35676d466659111a2bc2a57ad4abbf15cb4021309b7,2026-03-18 17:52:24.080951
8790,19457,28,8ce7d96220d65a52b01cf9d5a7ff773729c3475a60b3613fb61f2fbe55d2cef3052e62655285d16b2c8a7ab214df016cab77d2ac73e6b7e2d0bc5d7ffa0062da,2026-03-18 17:52:47.112526
8791,20688,28,85f1fe4372cdec693b74c9aa37549c68d0999365de4c9a58fe0091fca0a7fee4aed968334d8d5b5eab70479062131a9f31f3bdb42e70f7159aa30b7e9428f6b4,2026-03-18 17:52:48.493141
8792,13402,28,9155c0615bab4472ec85192b05ae7d110232f52f6b8583dcd431924e53ee944841af094c828fd393242f3c1ffe83eb85c578b3b16dce0936f715a12aa4ee91dc,2026-03-18 17:53:04.42539
8793,6979,28,6e070b0129914d49ed5bb044b6c754c30d039e9e0c9fa1a9a71b8ac6f93a938094f738403879036528eaa2010a43e3f8db970ab7083a10a33a5e10b3677b6ce2,2026-03-18 17:53:14.892137
8794,4764,28,b1ce199359058148d3732c3e062dd4bb3bbed4813830d260fd7e4cceafb20a7177510413e0dfb9f79c716a67d3d93ae7187a53405d59d8b9bf1efd853dac2e2a,2026-03-18 17:53:25.893379
8795,32544,28,d230de82564d77bd89b3616823337c7d5e4db57ec5336a3222dba5f6e8485b6d551366a66e83c1b05fa5d6dfc6fc88aa8f3a605245d59304e94818470d227281,2026-03-18 19:51:03.709488
8796,24883,28,b279fb71ec1394fc8e80017ce8ae0a2b873845047e05ae4fc41f05a8b027c8362d00ed04d881ea51bb222b2ec980bdd950f32c03c6d07bb15e1696391bd277e4,2026-03-18 20:16:20.308649
8797,36531,28,bcb452683b776b606e3cf772241160b9bbe319ad397ac80aa41221d8e78fdc1c7aedbb0ba1dc7c548758e79c88c50c87ce727118214965602be55e37f4247b75,2026-03-18 22:07:25.606164
8798,21253,28,47e51ce39f915a9c2d9bae975d7e7da98551882914e4de3353577fdf24faa64b412fd191e7af91656ae3899a8e13fbaa13f373b45ff1b2e16a919d05cd61f942,2026-03-18 22:32:34.09749
8799,23028,28,3533d306d2572b00a60a0a9937a09df6e132e8dc9ed2475eb32b098c6813dc35e9d07ecc72a3cabed98280d53b54b1346cd19f439c7bcb854a229cb49f09775b,2026-03-18 22:55:46.612878
8800,27295,28,033755a7c68afc5dd344e8fc7ed6755a4a4bf39cd71499fdcb4fbd09d98e8003e59a8cb4cff69e57f0db5cf443d9021d987301ae3a38fcfe8fd6bac792e94b3b,2026-03-18 23:34:24.487161
8801,8356,28,977670361fb1b9056b53b6f77d7ae8b6abd32e85ccafec26699f45847530afa0fb10f5669a79bc1b26850611a132703870d6b32fb35fb1648da0e1d0bc4d56f6,2026-03-18 23:34:36.688013
8802,20532,28,e44b64b91e4bf23d4cd28a03537aa34babf11ed7bf24b892a318c781f07bf8588aad66fb9493545137209f5c9ceebb46d9feba8f90b873eb9c412dafc93d9f97,2026-03-18 23:34:48.52949
8803,24362,28,d25b98757da8c16a4f88021ffd72ba1de15288f08a0abbce2bfa123962fbbdc330b05d7140a8b6621272bf54b3d1a131311ca67cd87af7ba61a967e59d07df91,2026-03-18 23:35:35.632695
8804,14211,28,29ed767efc8d89a31fecae018f5d604c98e96064103619927b7694fdc1e1ab4231d9739409dc10aaef2b61210c92eddea985bebd865092a22464799934271419,2026-03-18 23:35:37.53157
8805,7372,28,ab74f1f46243c560c8b185f9336c07c2ddf4ffedb8de109f15717240f98057be835a1b7879d2b15fd51a78b93e9c3ffadd48974462e343f58c159df178f55772,2026-03-18 23:35:49.291043
8806,20984,28,85af24c2610510ff4d09dc8ec6e63f62405393465d27d3eafbc84288ad086b27ef9d81aed6689b34a602556fb43618140e551c8292a94d42892beec1b9091e7f,2026-03-18 23:36:04.185517
8807,21405,28,f53b3422f7aa897e061698f23c67c6c47f36ea2261c18c1df755cc505a56aa68a470488b5f4c64ad29045bf7ff1a355ecfde52c36c10c4f90e5e76b5fd2fd31d,2026-03-19 00:05:29.701847
8808,24646,28,8196b13579ef7ee5a27084ce4255a0fce792a7ac1d9085db1f54b961f84e4cc378b5ec20d906d62d6c4416fe6b9f37115d51786bba42eb4ecb99e878bd856e67,2026-03-19 00:06:49.003562
8809,9281,28,fde22a16a688052734584ba980138df72a28e23a86d72622605e30e11215bd05df5060598d5de697156b80b5d4a122e9c39a11e6246343cbfc16519e8e945402,2026-03-19 00:08:28.560166
8810,9083,28,3bcaaca62286a3ff8a5bf9ce7f6cbaa2182990c0bae970c624f040a3fcf04f96afd60748ba1f82ecd265151de73cc973ac4b446e22db7103a2868bf222a76271,2026-03-19 00:08:29.16948
8811,36566,28,cb05a068b3c2a44bb332c7ef193df84805b31d1a560a7e17dcfccf7846b7d8bad6574a94cdaaaafa621842e28db7addc3155c46db5860f0dc2fb9ed27058ed6b,2026-03-19 01:33:24.71884
8812,21023,28,583f424c18f5395c976e6f9e0b93205532f606be35c08b07b9d9ff9b5cbf99864dec235b8e5939a838e5569bb994f8c39100086c61be89ca22dfeaa3a1d81c02,2026-03-19 01:57:28.951443
8813,28369,28,7608d8911adf752430200617f913c538f79c6a3cae938f1a242ad955cd91ea93ad984db5713fd0a2c58eec8556c0854084b5b4e93c01c5b5fb7ead9939984f67,2026-03-19 06:45:59.56771
8814,5490,28,8bc396727b08d87e563d8102e557261559cfc732968672b03d3a0ac236098e4bb0390f9694fffdca6367c0dc965ad2ff806df0206a93a715bfb06eac3437bfb3,2026-03-19 06:47:33.299711
8815,6680,28,2191921226cd460eca3250f65214f3993621580c87284dc6b78065c5e83226a0e55b8cde7b140c33fbb2d83990f1cd5f1251e1fbef65e57775af2e316fe76af2,2026-03-19 06:47:35.466239
8816,27624,28,0146893753860eefa98e1a77fdcd27b7e1681700f24bedcf4b744ab2c1aa2a0b2e329699b8837f539fa317d87e74adbaeba59ba047e7a3baf68c9c3e819521cf,2026-03-19 08:21:30.176749
8817,9563,28,091f540fa86aeb073cf381a278b6e920eac692f622347d9b0bfffb4520f80476c5e9e10496b7f33ac59008bb50dd798ba2af3c9a872e7f8022bd409241883848,2026-03-19 08:23:02.839437
8818,9068,28,f8bb8d723bd49b13a768fad81423ae5219a98bc361bce356c34de5297b20dba4001201fbd367fc46f06de338997cb2364c4a3138ad0eabbfd9845e91aa78ecf8,2026-03-19 08:23:03.388941
8819,19058,28,06ec844949dcf9df49b315bb5a9978eef0537cb7a1a57a9d413c06885b7dea658721d182195a636246fa9ade6d4744aa0fbc9bab9ccf689f0f27f914a0c2e91a,2026-03-19 08:27:09.514399
8820,38307,28,ed155f399c606ae35a0d346eead5068026b0480424986fc551cef9c0b347faa0348195b7f7e34e9468544b2094fb25102b0f4b40bab796757e97edf3a9715c84,2026-03-19 09:40:34.470041
8821,16797,28,9166918b9e7781137b0d1c6a695fbb0fc5428b361225dea156f5828a669ad887ec39f08ae845f9c97e19d09b3d69cea1ac2d61fda24fea24468ea4db218873fa,2026-03-19 09:41:08.019034
8822,20804,28,91f6ff7baa396f12ed258a614a21a131663d898b8223e0ccacec70d3384727f68e55109902c13cebe6bb41a3c80662bb9bf09ec74bdb1e4ad9957f5e28740c2f,2026-03-19 09:41:14.124722
8823,27544,28,a0259e9b1a139c296b848a6e2615a30df551f0f1c9d6e038e9bae099902bdc672941755c18c8683bb4b8ccedd1e4dc8e90fd1b7510e114e1a6346654cf47c699,2026-03-19 14:36:11.104239
8824,18864,28,24a8d0900433a4ce6ae5778f66f499135d0263684297e6f4d5da86f73502fa8b5ed6088db1b4a78c1c3e82e9a73ae64620a6e6d2d347f55b6b24e668243ce470,2026-03-19 14:36:24.75229
8825,11660,28,cdcabd00a0e007d429ee6d17e1bead2b41fd445e3ece13b20847d73d83f240d7cf2455df3d88d5078156916ab749d41ff20cceea45e73c80c09fe79de5436b9b,2026-03-19 14:36:25.748102
8826,7162,28,039071aae2c26ed19bfb074491f9ddf6e3ccedad094eab6b9f0417547f1fa56de90cd226d3283ec997b40af2d69110dfdb5dccd71e1160389e65d10203b2bb20,2026-03-19 14:36:26.973896
8827,17323,28,607d1b9bc28282f06f0106a9bf34cb41319ef553dc649b986c3d6a0c5d6ca277d0d3b7e1f69be3a0241759054c6b7430aa57c98efb91728dc6e9c91078f2e9e1,2026-03-19 14:36:29.373956
8828,20524,28,413b046da4f2b9324aaf43803e28979de7c47b3e37d7f898fccd0f1d3b1663a208fc95a51822940fcc289704484a2ccbf094401125eb763df19617bb1a4e8b06,2026-03-19 14:36:30.283491
8829,7237,28,9b5559803a8d13fb0b876638606f7fe0460a0e75bc2f7b78ba698a5dda9d42d8e6c3ce4c8a2293f53e4a41def799bada5a995cc0ae243b4f45f0fcf3876489e7,2026-03-19 14:36:31.582182
8830,20956,28,f5f971b9125c6c79b08948f68a0839c7d6c400fdfdaed8be5995f83065fd7a88bca8b2e71a733a8104eaf8cc56b30435ea78b842eaaa74a44981865dbc3ad560,2026-03-19 14:36:34.577186
8831,13963,28,528dd378d8b2ab074d7f655a4f4870d973b654609977dde7b198855eaa41ada541c287b579914c328fe8f6d0cc6b2486856385df3df4e342e3ed5e7631bdfc40,2026-03-19 14:36:54.214647
8832,27854,28,d6e1a4ada485bb19dce917dc896bee61e9f9588a547130d22f4af9ab8c901547cf22f4319b14574c07d3fbbacd51aa04842f8951ddaac66f594147d1c31f308a,2026-03-19 14:37:12.283884
8833,18300,28,847029a05f4b6ef9f9146a3daf41adca862b8c370eac8d28dbfc3e85ddb30757ae2f45b72cf300f3de5e21659bd23c2dd2e1a827230ab794c921fc312e6c9a57,2026-03-19 14:37:18.489956
8834,10157,28,2849e0faa3ac40c7f4e7890451974257febd35786e5d6f590c538930b04bf3f0a71e4081ac754eef78c5625aa98f50ca01167c252a9c86007539917f62c92c38,2026-03-19 14:37:24.781849
8835,25019,28,b2ca1cfe270328cd1433b03a20f94371a0101559f07ae90c7534d3e1378a4c407cdd20efc273966b3afbbece0cec39a99a428571405c0a106efccfe344680b4c,2026-03-19 14:37:28.82753
8836,12017,28,90edc3740999b222c4015f9633143c394120b046a779852a3c47927c8fa81d1b057c2c727b9cee1269e8a4a519fe121b5e9169f84c2437546490fc69cf50d28d,2026-03-19 14:38:14.874379
8837,28505,28,51ad30de8c0cf669a115a591c0542ea3e7ffb7764f5cb7a55ec4d3e007df44750034f31644181dd631c4198c2d835a81c52b13a6bf1903f2949d44bed2265cb1,2026-03-19 14:39:53.312357
8838,29072,28,c464e71ef54b542dad4b1d5012c12deb80a6db549322429ecb732d7613d27d4383ab240a0bb2642474155fc73933294b8f450f754a9dc766b0dce82cf4d95630,2026-03-19 14:40:08.193139
8839,20325,28,a0e2611346cdd7005d63b350239b6237c616e32795522b28c2d0d7bd8e0321e3d5990289d4bb9479d0b369fb2df8e96d3bc2d31e5fdd6df655f19e3518d6ce7b,2026-03-19 14:40:15.256589
8840,18796,28,34a31a19e2ec9af92f63aa974e96a9f9a12a5f7a96ab7709d7eb8409d9e3d80017e4d8b9f55dc9c8418e8ae1f6db25c93ac07bc12ba585265c808ef4ec1849a4,2026-03-19 14:40:28.263636
8841,18980,28,26e98d71b9e4b0e126028e9d3660606ec01a4fe685077f9fc4397d1a367e81932eacd291619432b1cb3bb00db9e5b97ec79fab9590a48886e6ad6ebaeaca0b7c,2026-03-19 14:40:35.025476
8842,14156,28,bde7d507a0046f88fb91769733b188316677a0df643fc8519e7c2462e1ae4637d0e8ac29a53a9b03063fd5a8bc4055f59dc5101deac03ab774ed7e61018fac69,2026-03-19 14:40:50.716947
8844,22899,28,f944b6d92b8abb38f92ace2006ead408565f37a40627ce68d6066cc84f8efa7e45bae4a2c0d1e27947bfc2429d7c40687f13f63c8ae5de74928c16eae21b9935,2026-03-19 14:40:51.091767
8843,14092,28,63ebbb0236ea1d083eeaa4b27c9a475e5be2478fb44a29e474734898c899d53cc3e6b72460d4ed3ef8feb4136a70fd6c8649ea2bc090930430547ac22287c0d0,2026-03-19 14:40:51.129786
8845,26396,28,204dc397af151130e490d314144ffc69d3fb2dc1ade63ed0d4c7a29f9d682e21170be60adba8b3b96dbb02a063253587d5b31e636ee35bdab428bebdf3cf801f,2026-03-19 14:41:46.883821
8846,7624,28,8467765cfd165b179b7f0334cd4b1a7804bc750de05e82a520253faac02dd779388221852d81a7280b612c2f21e5f2c1eaa0574dc591f11bf452ebd8b2d35d57,2026-03-19 14:41:57.779523
8847,21326,28,87e51af6b66913cdd137b3037e30e661fcb5885d1e6cc350df2d0905491c9d564842f1a8092327ca23099b6a6657a0f01b71a878e1ddc3df5efa615c3406204b,2026-03-19 14:45:09.988239
8848,8700,28,3ba2c853281c0ad2514b8e5f8f8ac556410173434efbd8668378ed87d655ad38c1cd791d4343e87a986b59277f20d72b592bce85804d82c78c976842eb020ac2,2026-03-19 14:45:17.931372
8849,18809,28,ccbd886fbed3d78e0ed172db28daf032815e5e75fab9fc9930675c762b79e8271200041c3920a2c11bc9a6effc9f27b23a0744e552d7c11f55998e977b2d63a0,2026-03-19 14:45:46.344086
8850,17774,28,b8c3adec38b51e9cb397a059ab4a625501d70434c4428fb98ec61bf72833d2753f3b8b37bd42650e9ec0bea047653902e512d1ca90adfd00b553fcef62d961b2,2026-03-19 14:45:49.588815
8851,17910,28,816312772b74f8422f15896fd39f038a4e3c44d039079b360d0b7c94f1cfdc80b8c3080d73ad9a8f50346b9ec614f21e2f923d4babff8f9d2d6faf6df88e2991,2026-03-19 14:45:52.853934
8852,19448,28,8e718459ee669fbb8330fd1afee2934eb4d556f18833b38049022688323f769da39307321b98054805104562caf19d83dfcba0ca05b86eab7551679e725c8ee0,2026-03-19 14:46:05.08084
8853,17513,28,7aef5dbcebd80b88162eecb9f0c968ded2fa67a1aaa198d23389f017878162bf0b6d969008d4d3ef38940af6e3c991cf31fe5eeda78d0c0693aaa2d0e3d7f7ca,2026-03-19 14:46:09.237908
8854,2410,28,6d7b47c9252078a7ed88ad444bd7b5c0cdbf30333e7a4e45104baadedd55006f00cf66bf2389bfccc098f6d186425b18b3111bcab63834cd3120516625091f84,2026-03-19 14:53:58.56842
8855,12070,28,8ee118a4c73382be48ef7983bd19f9305ad26cdb9f5730bb2114e33cf695e9c01907b95a97e77b2af4a2263682fdd8b478f39592c8889ac029d45e92c161daba,2026-03-19 14:54:32.37642
8856,16848,28,46471aff41dfdfe3a32b0e8ce6900bd30abf816272bf9530d90633e987da69ef51651ce46a197ffdc613c987736e05b6f39ba0fcbeb1dfdc1ee6b7bd339c67ce,2026-03-19 14:54:37.560891
8857,9265,28,2737eb5db0fc6b824eff9e7270ecf09a9aef02c1aeccc06092244a3af59571f1295e6fae6324b6f9abae268caabd5cc634b829276567fbc9a9f48dc9a357cd1c,2026-03-19 14:54:49.131038
8858,9723,28,18c189254251d329bf09fd0f14a4dd3f702351738ae20b00a5406581b80d98e76a496ba8e03ad79568ed92763f5743be47062101214b5ebb9f709e6ba5efa514,2026-03-19 14:55:05.735933
8859,9767,28,286058eff2a2b6bb2f0b0bca24ed66ca8bf37ac377d9551c653c231a5c608da2818298498326c557c09e9cd08a0868432816079df0ec6f2206108c0199ee1eed,2026-03-19 14:55:34.79815
8860,19379,28,adbb5c56353d30adf091e6feb2800492ebc697af9e5691cfcd535534ee9bab203030ab99728a6220802e76047ddba1f3370468277dcdbf6c14f64dee7d5e883c,2026-03-19 14:55:55.411625
8861,23078,28,58cbff9353948b6b691490e83b06f1e6453deb82e85ed4b79fc663bf2c0457301395c74d0454e7eb31d81bd3a33a547e4663e1ad54007e0d6bcba5eda031ead4,2026-03-19 15:10:23.999598
8862,28677,28,e21a4a824221cd728354355fbf229a8b0f453504e1d5c4148348e5433a308ff05dd759434fa9ad6f42129e727d8c4fb88c4d3456eff84b5b8569e156805301f1,2026-03-19 15:11:21.014193
8863,27831,28,ebb99de7bdbdafc9f1096bf6f6c549e75d30d969cf7b7cd725aa8fa58025e727a3438e9de8ed1d48a4afdb28913f474d1da054f89a674a95dfc89d8b5e63f802,2026-03-19 15:11:50.464951
8864,13921,28,591e51ee536c8e4e275daf03dcbf8e17b3800387998cf91affd9d1883ce8c787ecda8d705b591177f8ca154ce6dd9ec219b33663aa934d577ec8514cb0c4da24,2026-03-19 15:28:42.447304
8865,18491,28,a987fc3ac3e278ebae6bf2923eafde963fa705955ae40c51ce2e606fc8605104f87e782b51711182a9a13ed4e0f8d06065d8b9e7edc171a0507e976ff889f42a,2026-03-19 15:28:54.897025
8866,18265,28,66d191b2ecb7895bfa48ad9479dd750d7a24c9ac970de608b584f0172c33a4519289fb655e5e2f1de4ab49231a65405b9ea92459ff5704b26a48a35237cbb34b,2026-03-19 15:29:18.932856
8867,16180,28,5c9899c93ab4ee190a73eb7248aa1c77fa8409922f4ece23dcb6f440776b13227d91141606246ae4cee65aaf93d7c05444a6c835f4a8650ac2ac93aaa9a5e259,2026-03-19 15:29:59.355591
8868,18231,28,6d294ba405b68e6b3e41b3d71b8b03fb8142764cb344369287d75ca698d99ba5ea434e36dc3254ee9793ee39d242db55357b46b9dc7d561d9facde1c378fac47,2026-03-19 15:30:00.134979
8869,18038,28,5a89f266cd4d4f49ebe92f2ce68cc376ca62bdc9d596262c07022f0aff197e1d1214b3722be371a8db4399439d6b523b4a014632aa0b076e59337841c77e447c,2026-03-19 15:30:00.547808
8870,16157,28,95a6db69132b37bf55a9d6f85683ea8e753770a5e1fdb1d551c6813a6e95aa76fa78f1c2f1131b19d2f1690b9eff002cf6e0e3a01769f4e96361bd0fc78b1a5d,2026-03-19 15:30:54.665023
8871,16089,28,9d139babb1cdea464de6aaac871c21497e7324578f6968d0846e473f46813adb6bc746efcd6720e538ca3fdbcba2051fe5f61f4c059c38fbb9d3432aa0e9880b,2026-03-19 15:31:46.757626
8872,16115,28,91b1184fc972093ba4d7c8c1a4c0dff8e0f6371c94188081840894cf31b072043ca8ff99d46341bc98dff5175405cf65e83e24c715331dd814d2e5afa9fa82ac,2026-03-19 15:31:48.547463
8873,38570,28,5e8e153458b4736c2b19815d6816c7ac71954daa714258bb5df728d51471af04a1d64a831bd3049628a1082a7205772b82c085f0a441930ca3965ccbf1bd3c07,2026-03-19 17:29:22.392884
8874,21268,28,a9542e7db0beb2af1ee4b57ca8dd850fc19e4b720d4dab2f39bb5152328a87c8dcc8b2e773b5652e947ecb4b747d40212054a0ae82fe5d1b4764a50bd9d6c185,2026-03-19 17:33:06.435403
8875,2274,17,78f27d2d234b78c8711dff12c22df65fc792c1678baebbf65d79e1d163139fbccee6a267d9e7a5043407290f43adc21ca8bad1ee1fbac2a3c25f89fe3db91ece,2026-03-19 18:24:03.661045
8876,31617,28,3a79de045471e1275e19cc4e7df7fce686dd2f4ceebb69891795cd38dfb711a7e660e9ab0cf756a1c3d891c2eebe6da7d4666a02602db654ed602b7c00c9eab6,2026-03-19 18:29:47.091791
8877,21291,28,8295f06188333f54cf0005396b39064829329e1371b9b603d7915bad47fc0fbd80610203113c6db5d6225008c9bb7a4f83f073ef14763c02d27f2ec23a50f1e7,2026-03-19 18:33:37.50041
8878,22270,28,c210ae8b0ef1a3d2e3ffceeeaa6139049baf137b5b3b814caddd6f1819d90f275c7a6ff4c8adf1accd2dc93d9f8b456c6f422b1fa8aff51ecbb58467422c5800,2026-03-19 19:22:01.348422
8879,29604,28,8c3b72c48a3bf1aed12b81118732d9235fcc2d5b936d63fabcd262796c72b0f7ea705191829dd2eb1e1013fb6c0774d9bbeae5e8063f30deafde77c61dcb9b45,2026-03-19 19:27:48.595311
8880,25355,28,9eeec522342d96c57aa9d83ca92dae2a54c35cbd3a2d35f2d78b489e6ca72f766cc9ad10542fd27ca2e85b8d48b843fb939494a470b2bccb0cc6ed4dd4be9dce,2026-03-19 20:26:08.886351
8881,13748,28,eee75f6917bffaeeb3a80803cf6904366e77fa4e5584cde058ee5ad79bf0e2d7612e7ce871d636e4064919a04f3e204c43475c859ac3fa1cfdfa7a66c2ec86ac,2026-03-19 21:43:10.01929
8882,33421,28,08d7abdf10f64a0c21ba136f08a7a02fb00377673664f3e6b01b8d6638402e44decdac783444a4b2584b6a903de4c9a344812ae957cd46b8b1b8b667425f4bd6,2026-03-19 21:59:35.789363
8883,27968,28,ada5068b48c86968c29c16177410c81411dc544691b23511e20d90f4e2db721d1a45fe1390596c72d9adf8a2c0de4cc91b60e711592b418de71c0439080946a5,2026-03-19 22:02:10.622865
8884,2683,17,ef6f342d2a247586e418063ee56ebc6b08e685dd5d21c95841a4ccaa82a13b76be9d6928ccedfbe7d52625029b667164449aae02c5aea98e075c2d53f89c8d09,2026-03-19 22:09:35.451732
8885,1329,17,ca3b91d79094b0b0c744d62e4864d9e4fce5ad92cbe3f3a39f8bef2deedc4fa6469a7389b44ba3a4a1e56aadce4de4627a29f0eeebe80c82e032acd9bb9d07d0,2026-03-19 22:09:42.6232
8886,43181,28,e1a65453ca4fc53ec54c6e9c58564ce9377fc967801fb9e25062ab47e4ee7175cf80d5324b8eb20664993a1c228742a52f18e82c6782901dd9c8b33e8e1a9db8,2026-03-19 22:42:06.91544
8887,47518,28,e615f074396e9df6ea0b8f0a29b15c409f63a2ca9622db8f4b11bfd159a43113c3f6e5c2c840a6f0c36293884ddd71d59fad80ed20c456303348f286339c726b,2026-03-19 23:35:48.65288
8888,39110,28,f48a5c4a3b846ead3abedfc855e652904e26e218c450e5e04544a566cbb0b35f710d6a332a178f3a596a2a51a3c8396bee3671dbaf0f1f002bfde12035eda105,2026-03-19 23:37:56.498227
8889,43275,28,e0780454196c7fb83e06fc6f6afb9518b3a14dbbecd14bd7ad16ea11279598ce980b187edd950df19f01e2d775025e60367a794da7381d67a1f6a48b41dfa3d4,2026-03-19 23:37:57.552826
8890,60024,28,24ad00893a944e93f8b13ac042bc623c40c7cbd61b0f1c425665d4bce503fa460b792af5e1f61a9ee43df710cb9683018bf4e619f8b8ada9912bdc837d336eb5,2026-03-19 23:38:22.721202
8891,59991,28,2958d24b548fe92a35d1d7435bfd7485abda429514d3b54d8e4e434f23a0cb298b4521bc719028dce9f36787a15a6703ec83610bd3afae233cce5e0ced030a0d,2026-03-19 23:39:41.007523
8892,60002,28,e0fd0cc14b548b964a62f156b3fecb31d455d0248dca88fc6caaf2dbbcd2632df0d60689d762344e3fed586f019bfca22dea3f069b9677a9c497c53b38f607f3,2026-03-19 23:39:42.46495
8893,59984,28,93c134fddda8be8142ecc54ca756f859cdc577cfc34a215b1ee34a89c8dc248c0bf7009a413ba254378fa23dbadec213ab5e0fdd0b70829c99c848a256a8f5d7,2026-03-19 23:40:40.058231
8894,59988,28,c9f3dfa2a12cfb16ccf1885c9aea10ef08239f06419e968a8db4a0a798232525a489548098b943f58e57df6f4d3855ace8e5e80159512ce7bce95213fa6cf509,2026-03-19 23:40:41.511585
8895,60003,28,db94a2d15f11f6e919103a6794831ec762ceef6ca44532b1fbe7f1ae7dfa6b878f383fffeb7f0edc535c9e5bbec86c9c577ee931b32495e3de0d8c0bb6c628bf,2026-03-19 23:41:42.530122
8896,60001,28,9f20bae79e6f9d22b42fd79ded566413b4f4b90fc639472eb807cd0d812415a8da48e4dfec5356cdef290e2b89d4995fd90b4ad062236ede8570ea72b54bdefe,2026-03-19 23:41:43.964446
8897,7732,28,a3a589629f9d51e0df6b83c9073b3feb9e483e9f5c72f68595ed0e114f0b79f56b301fc9a7b2c3b27b3879fb4749f701b92c4f083e80b2e2c5a36dd0bbca1c96,2026-03-19 23:44:28.554575
8898,22850,28,c367575ab9744a448fd9a1c88778af24055428918f4b25fa1bf2583784c0b570265c411b4ca88c99afb0e787feaa25cc1b20f5114d3ceb43b1b501d4bed596ea,2026-03-19 23:48:16.845677
8899,31843,28,43b88b4bf15843e14d1e9eae5fe78590d9aa191abf2206f106cb9f38c4ff60f790076f084782e6043ff23054d9477ef134101293c292ef8d919868f935cad666,2026-03-20 00:02:46.749565
8900,40173,28,9f3fb804dc056eda41ecd000713ced0faa1341ca37a2a8d83be9a73ef67cb10f213f8568fd8332a88e2ce685d1155d301cff1e8e2ddb6ecf67ed1df93d0e7fbc,2026-03-20 00:42:05.308594
8901,35788,28,3f852a1ef2c4c92bfc7030d1936c4b313b12ed5e68e003c9b2b9c280ca0c0c3f8f1bfb9303554e19cf1b38040fc8126d02e10ecf49cf7d766a5241130c8589d6,2026-03-20 00:42:29.955886
8902,27315,28,1ecb65927b1c970b5fe3f1ccdeb50e8213fb0247fef6d1429c9bee910e63afc742d77731862115ed876cfbdfa530a8ac8a98393e5631ed02ed6ec38a13fff5df,2026-03-20 00:44:07.861659
8903,28303,28,c64c357171c42976a8dbebf34373fb3dda105a45f887528830a5bf6330ddcd88547d4228b7632ea5a60034c849beb953949378fadd4d7a9e0c902833ffc104e8,2026-03-20 00:44:08.457742
8904,40126,28,a74ba6ad276b2078aac83e11f18b88603064060262d0d638435bfe6cb0e5d7f6c6c51330bfc8e2dafbd0431257aa5d5c23aa51f1203a78b3991fcdf36baa312d,2026-03-20 01:06:35.206462
8905,22920,28,8a56958a4af655119155e07804d19a80a594a236ed3246beb43e69bd5efad7e3fad4d5bcbab1583d4fca631f06f5e3cd02b4bf1b3b30f944c334536769934c44,2026-03-20 01:07:22.215286
8906,19816,28,e7b1f13eea2f04471f14172cb467f341799d7bce6073f497067e0bb7e8049b836e1aac4dc17cde86dd1269f29d729a4a3d723b3a7d95608dab74aad359118395,2026-03-20 01:08:04.967616
8907,21473,28,239cb3159a488ec1c83560f2014778d4cb8f3b7cb0aa3d99064fba90e6e301ec6471a4bb4b7a6f5f66b282b0348397777ad21da6e82c5e36c6a718e4c8112337,2026-03-20 01:08:05.470479
8908,39021,28,3a50018557850004c0b4602d2d19f7bd48fa1b2db89f41f97594f83558716c464060b9f22044ddec6d74a4c89672c5af8ea7de5b076ab624f943302e910150f4,2026-03-20 02:08:19.860703
8909,1749,17,c9f6e9b8c25ccb2ea35eab33c750d9295cd7b92e1a407fcda8aaf9497186e8e08c172cb296db2b8acf579e00b57099973d1cdbf4f49681d9b302a12f56d7d784,2026-03-20 02:21:35.670531
8910,28226,28,d2ba29b6d0cc5084b374714c09f0aa9982ffae7b13cd0241b90d00563289ac0ebbbf98e082ccaf47858c72b36155fa5011428456c0f79fdff4d77b75a77dfb30,2026-03-20 02:21:53.547685
8911,38336,28,fbdf481ceca5a0f070e94e10dc9969edb9c0c66d13f6bf8e6e27c2e563c750766149c58c8eda9d21c83057e99560c523d35bb200b656799f4ccc0e1e59412f8b,2026-03-20 02:30:41.153352
8912,36864,28,f8ff1f6412b9152ea2eeb26e27b6a3369749008d25d0d39e99e0414c3f015a1d8ef7db642c6c9d19d1e930b360d539d245c3d5a6e5bdfcb70d3ae32da5dc7dc7,2026-03-20 02:45:17.053023
8913,4471,28,308a979515e8898b916bb9f051691f3fb9104664b62eb568b3d0db0b0ef27addbd16688158a6fb91937304b572650a02982d61fcc49c1879aa31f891421103ef,2026-03-20 03:04:22.459673
8914,28420,28,d96fa8b17e1e0d38a4b45bc3fd20ef1e7b1a5ef73219593ccff1329790355749f0716434793219be2d5ddb479fc9a57819e845f35f49257b7eb8b3e75521f087,2026-03-20 03:19:58.20363
8915,45356,28,1a897b7cc1fd1a290b92b902886606f95d20902e821e179f7284a25b3ffec50bc338ee7186a173dc757fcb9b3ecba1dfe8ee32ab9ce4ffe224a5f3b1f0ad3178,2026-03-20 03:20:10.904155
8916,28339,28,efecb09c00e16a51631635aac53a59118021ecf38016f79c50cf80cf107f3eb8dfc58f12061b02827e077fb5b4c72cb5e399ee2d62b50d93f7a47b5126ef041a,2026-03-20 05:00:39.294696
8917,48602,28,2088a071e8836ef6ccf7cda7204f182a075a580bed3fdab89909a163c286b0c7e490225ba9db879044d36891a4e5ff2cff13e8f27c2436d53e31e857be51b192,2026-03-20 08:19:18.589851
8918,26774,28,b3ad02716867b3b2773a7fb122bbe8acd05e90958d451b32312e94a7df7747134484c2a5787bce2f1cab9635d64262166e1a3ee8ad86b58cc9aec90e1a18144c,2026-03-20 08:29:53.499517
8919,7260,28,dd1733546e9d0a269042b9791aee47db48be4196abb241b5d138d89e6d758e918032e54ea2f014045e74f46d01a731d5531769e3593263d8dc39a8cf85c4a1f4,2026-03-20 08:30:05.341879
8920,20882,28,4f1a03eb256a8c717d7c8b11c811583ba4da8f99f91ce39c3f352c6a5d6353fbaba8ca367d5c1e492e8c049174b8afc5a2f6ef59a97c5ae984a1f106b8223dc7,2026-03-20 08:30:19.127344
8921,12853,28,a1bdb119d8b2e903c5b6bd35123f94d2ffc3c3c19ddc71097281da507417d6d8593c204b97f21a0b2003e07a1e2813d56d40012fc255e582a973d397ac8221ef,2026-03-20 08:31:07.800618
8922,20576,28,89b7b9389637da282259e53ed0e1a22a912d53f84ec22dbd182c2106bc5cdc5ee1964fb78d051e7308db1844aebd4577d2c25aeb9e2f3c9456eec5aee636f649,2026-03-20 08:31:15.836288
8923,43708,28,7aeb74a036c96dfb0ebae7678427ecd5ae10ae82e6f81502e7406312d83a841945393bbdb771c2ced1a461f9e8ec600b6b32ad511c0eb48c66cb04f11dd757ec,2026-03-20 08:31:56.004224
8924,8837,28,5ab915281fd465188f03a051cd787c6e43fad6bec128df9c136f1f1f3131b4679685954b23e76eba1439e8c40a85cbf050192060bd9cbfd770b6b07c052e798b,2026-03-20 08:32:27.394787
8925,18337,28,05c387cfc549f377f128b60bbd9e8cb753af0a1f9a34b91049aefb96db9dc23253bc86fba5830cfb968463a807e4fc3a0376e055054bfa3e32b9fdd2d78bfe53,2026-03-20 08:32:38.552914
8926,11311,28,53f0e77828f401149726ccc974b2fdd647bef246a3ffee0bf3a0dd2a92bc930091dff12c791e3220b0b55c2aaf308480f31633474464867c3643678b15353e63,2026-03-20 08:32:53.418999
8927,25654,28,63ee3a3a25976ba1c6b06526e0479070b7d31b7d6bff857e6b0b0ce2cd5fc3355e7fe0335b47a52d9101c26d95ae89fd8ed4673f9c67c2bbf9de9e86016bba06,2026-03-20 08:33:07.305135
8928,42946,28,131f2f76a18ff415d3d4af48313f42e7793e65b646d15fa49ebb3abb1a9085f5c9ccd8ab8f55a0b95f98fc29e41e59582f8d3fd2b3b193d693f0ecb6e9b7c81b,2026-03-20 08:34:43.782261
8929,45476,28,66a2c15ac6d3e8f236484072b33fe25a3110f0924869a51ab9cc5a5eaa487ea6a7c2aa301a26d216bbd37180f4d5d8d18f0fa4155e45e5e846a66c595114b827,2026-03-20 09:24:43.841337
8930,48591,28,7c26ed0fef908f8d7842f9fa34d62a74cea471c3bf5fe25867af5235d18684fbe5e2588eb4ca9ded784be5f111e33d2ad0f21841df73ec7c5e8d7fd6d2944ceb,2026-03-20 09:24:44.768291
8931,37416,28,41e4ff71a7891a9ea73db1783b2fd630f0d577aeaadacb0438102a1d6e4019c37e6d187c38470e9c46ea13215f25e97259408063bf1ca860ae1fcb4eec9944fa,2026-03-20 09:51:26.101643
8932,17242,28,e5e015a310d52dc20ae26551aaee9bb5c38fd8516efb1b220306ce1b2575189bb57b6dd96b597cafb3b83fba0c4de60fc10a8e3488eeaed44219bc29525505bd,2026-03-20 09:51:58.936416
8933,17308,28,fd4607d1f0e5ad993138a0104c4ffd457059dd526de758d337a3f506ed63a6ffcd7e2bab423743998371e5626d9b892441324622f526cf579de40de2e2f24e6c,2026-03-20 09:52:05.698833
8934,40471,28,61b0b07e933251aaf664e0e5cb3ca56ea69beb8c484daf5dffbf5b5ca51b2d0900a8b3fa24359de9aff07356026ff31681577c548415e188fd575c0be979a0da,2026-03-20 11:08:18.747577
8935,31917,28,e1d9080517a226121ebcd24df53d6df6a7353b1c23e43b9831f1bbd2cb8ee2b2fca30c2bb95329781700b500706d12826895dcf1eeffc9b7707c203d9d137587,2026-03-20 12:02:51.504537
8936,22965,28,572dae0244a51008ab53edb678035746d3715e6b65e9f298a8435b135c8ad5f2f06f378c070887e69102659fecd6ae5c858fe82278f0225b07fff2da5b043763,2026-03-20 14:13:18.131202
8937,23416,28,c4ab881fce343414671834584c4b4dcd7ca34747f92d2a69179c8b12f72221a6ac6f3b0c7fe7661d4e9d49ec26f658780a9c2104e5bea4521853251e564de0db,2026-03-20 14:13:23.014659
8938,29021,28,8b15a069d5ca94cd7efcc54a30d48f51d49b1783a47ce73f4180ca8ecb9d697b1a14a7a21e2dd84576eee806e6edff24cfb17bd898542853189971d90558bff0,2026-03-20 14:13:25.996223
8939,6090,28,29fb54b4a4356f46b23a353942adcb03e7ee0033bbeafcd117f51dafe9f16f85c87e2582276f98700157e665abff577c144f823babda0045c3d3202c9221d12c,2026-03-20 14:13:27.456996
8940,11332,28,f30ce1fb99a311c568a4b8927915220b28d180c008288eda3ed4c263c1d69390797a9323ac417bc6870bad484031b9c6e736e55ab94546568be78a4586118244,2026-03-20 14:13:41.352484
8941,18374,28,1dd7922bc4ffd31cf88fbfa81998f840f4129623a47a54a49c59c0576fa385c80aa0427826182406a6f4f5a7a2bef523bb9ca5469719e4113be851152bb9a6d1,2026-03-20 14:14:38.735762
8942,17698,28,34bfe7de20b9e6c45448163026e2fb350a8715e19561266b2c1badf6e274c127a09c5faef887a1cddfc7a7e75e0b5640af33c01cf76b16670a62ed9a98b915ac,2026-03-20 14:15:07.931262
8943,16449,28,6e5adcbea1eeeb9e82fee1248532d5dee1c282ae1f1b2bacffab04eb9166ebb22eaa08fddb4c4481ced330799caf42685d9e301d4091eda75c21c43a3ee85bd8,2026-03-20 14:15:25.087673
8944,16181,28,aea2b3125a73d59e58527a10156aa17834db3deb1c7b2aa15d41ee85f90ac5fcff98ce9be6cadb1a8ed5ff677a8620b5fe7a88b432a9085c224128bca1e6a1d8,2026-03-20 14:15:42.790116
8945,25905,28,340530cd73ff95c366ba8f24f9738d13107b2143fcb82735abdafcf123cc03999790a64e03b67c7e581b4701f13d6fc6cf4d0418e0f62a87998e33f306d42f06,2026-03-20 14:15:48.646522
8946,28678,28,7b88001aef787513bab99b3ec9c1468cbfd012537863501f5247c437647986630fae03ac079cde6febc95f04247e80f1c6050e9733cc75958465c8c5e17879d1,2026-03-20 14:17:18.889471
8948,23367,28,3a4ac86d5b26215bb28f605a12e9c83cd3043246cd0065a93ee44dfd6300db5f41e94c477864d467d174f2fcaa848fdfc8043469fad44d80fff3403a37fbfcad,2026-03-20 14:17:45.61957
8950,15225,28,efde999484e033ef0f44b51fefeeb2d68bf89dbf010f7c959bd258adc8232d02a1fd2d99edd6d323879b2b2af962e5abd96ca3e71633e52caae52ec2648e04b0,2026-03-20 14:18:07.726684
8951,28084,28,d3473af440560c066824679b81747625c7c92b311b9bf4ab79be8b7a626ba0d3a27c6b2539c3e786ac78f15632780e63f50c330c02ee7fc8c3c85fce076abb7b,2026-03-20 14:18:14.945337
8952,20365,28,43b64f994034c3ebb54ca4838c037fa1cf1d3d146411281f26f2067311a03868fd9270819f6c8067afe8f884976b106ca020a6eae38801e85f6515e02b1cb35f,2026-03-20 14:18:26.980205
8953,27481,28,dc14718bd02820ce93791bd20ef58b89f2a12f5952b9a5a5cf6a32c4c3c3f4b6ae8ef82102d57ccfdb3a2688736ee6c99e0142e81466d1b14cdf43579348b1cd,2026-03-20 14:18:29.673094
9126,35749,28,1bbf35c95c48ab3c9f3edf69ff020d271e5560cd487c9c7354af61f988ca65a98e545422c2f3579980b4c826b2b6ab3986bd51ff8e8f20e548b7b579b9bbd46c,2026-03-21 17:09:13.857079
9160,29444,28,f9e7351e769be0616d44ac4296906c848cfcacef3d9e92bf1b5c12a8d65254af7315ada1e73d5d8094a818bbe96621ab66ef78647517d8699c7274f0988d4b71,2026-03-22 14:06:25.508085
9224,16251,28,918ef776215d2da620aaa5a09e8640c597222cf458228660063b843d227efcfaeb2d7acded8f6600ed344a55cc4eb61ea6c6708aa3991e6c54503a7a0b35aaee,2026-03-22 14:51:51.019317
9227,23990,28,d607a52f60c5a906ed7357faa9b845e77fb832d24e382c7cc43b86917548da34765f517f022a2690e5c5cdb2d366c65e95b82c3ceb6a576db2a1a712a6d74b1f,2026-03-22 14:52:34.465878
9231,20207,28,3e34872b64239419f288ed956e89dda09c603c6e8b54b83e1dda6a8600b97ad92006432066b48918c3b14f5aa7dff3f38b0b08bb7acf640f9e86df5852515dba,2026-03-22 14:53:08.451206
9235,14476,28,1e551be072b72d8d2efd80d93f8aeaa46132362acef52704ba56ce67ee1b9e5609b4bb4eda35218c2ede2aadfba4adaf7d51f8fcf438154d8d1f0f696badae2c,2026-03-22 14:53:37.202512
9265,23882,28,4cff576317729c0d6b05d3ab26dfb5dd99c7ab20b95d0bc44d18be97d0b8a12a023b4915b7d366527e2263d4d97255156af38d92c99c8537e360515f072de83f,2026-03-22 20:47:32.658245
9268,28768,28,62d9bf3093384439d2e8cd0cae2a442c3a77a65b5d85239df0af1995509429e569ecc2d4461e0214862961c6226077ce22158cb44829411d9744559259ffc520,2026-03-22 20:47:50.780694
9271,22198,28,2b2cd0d1c0314653ff8c663a26dbb0bf182dbd8d3dbceaa5e65b92f1a9b03de642535203b8532daf41eb382d5bcc6d66f18b63b225b7d94fd98fff71a175e0ff,2026-03-22 20:48:04.501981
9273,22215,28,db86729bf24f377db7f48bdbe42e7db8bc26a0746754ab8964bac8b1011ee38e579989886f1452a517da7100246db4a5daa26cc920d3d8bbd4aec9c75d5d4d5c,2026-03-22 20:48:14.366697
9350,25028,28,d9a843e18a22dc12bd561cecc0cf1ba3429e71ed6e9a0622e48dcd28a2c542b31dd849bcb1b52715f08dda8b17716729002051ae1a923cc435894bc77e65c3f1,2026-03-22 21:24:57.565711
9352,20106,28,08fab3906d8fdf9dc14c362b9deb208a258c19f1e4a0776efb1249918a047affddcd10288b36d07a9ba08949f8f72a907985accc009acc968517cc156b789842,2026-03-22 21:25:08.350037
9387,21063,28,4444feef5b790ce3556ee78ca7bfc512d5cf44421fa87a04a5bef02c126bc38f0abd3c4fa0e8a427921ced6fbb0d365ba28f9580fe480616359bedfca5f86192,2026-03-23 02:18:28.74013
9388,36258,28,6537acbd5adb9371c809f78d5fd2246fe905475adc933a6d528239cd73bfbf17cecacfc94ebebae223033b34c205c3c6193ed28c414635e720e3a0b68b391ebb,2026-03-23 02:19:12.123071
9425,59782,28,cbb338d683a0e7ad25fd7a51757e41020af7bb1e0d7650c2d69eecddf127a79be7145555b07c320d095454de5dcffa8a73ba2c698cdb2188a8451881abb4be82,2026-03-24 02:37:55.072349
9461,27015,28,b0808fb230fb621e0b3971fcd70c7345df41a51856c60bc5b7da8042e832ce7ede197334791f314c001c59267f2e13e4ea1c22ed7b5d105bbcdecf4b4db2f53e,2026-03-24 14:07:13.113741
9466,23719,28,be64e6762bbc028c4ebc1c9be7d1eafb2b2e706e11ab7302ac7a7af22f815549f0669cf3fdf090ab4d8a4ba0fb76e4acb587d7cccfa52774e2447571ed0ac18e,2026-03-24 14:07:41.509123
9522,11251,28,ccce789207772a98ff1f08f0e477fda61bbb29a709e8ce34c78acf54ad55da3f07c1694c88c4059fa44847b2e356e65617e89013206575a2cf627a9c159ef1ea,2026-03-24 14:58:16.999391
9637,19422,28,87fd32232d262152449ceef850d97ce79140e69db5ebf43c4ed30667d2a75982c21995f4ae8bb4b3e07b8d144102264eae5c78fa56e1b9a3511dced51af2921b,2026-03-24 22:35:56.406706
9640,23812,28,9996a1f57eb6b74914525f3813d3625ae18ce835aa9cb9095ed37baa865272f9389c3edc847bf1c53b136bcf5e9ff28f59fc0b0a6df484064c4e7240e3c65205,2026-03-24 22:36:04.688071
9652,61221,28,d2ea3583c5c43740f8866830b5e7fb71dbc362338839283719a0f628292b96a8ea5f33b3fc639369a257d723c5d608ae662f8f0547e0ca94b8222415cbc238ce,2026-03-24 22:36:25.117306
9666,14259,28,065a7e3c1bae93caebd5d139030a102b170f9cbd13ec878101be2b954e26f77835271ca50807aeeaf7d4a673be991e993e2696e0c8224e6713fecc82738a3f5d,2026-03-24 22:36:50.323481
9680,21076,28,7ac6b0c8a2085e502cb88f1bc45ae1596ec91334879cab333a3d2e6bec42d236b81f903583c6fcde52c4195e7b73a5543dd10aebedbe93c26e760e0ef11f7b9c,2026-03-24 22:37:00.853482
9681,23552,28,7e6ea94c4de34f7317ffabf9692eb19a1ce8779acd0d82bc0a67cde01d05f6181e5dd54872b0f857ae790ab75de58e70687382a5942051c25861ca158d3daeed,2026-03-24 22:37:01.714952
9682,17690,28,edd111e9cbdde94f0c092d591b92617bf2081bfddfdf249883a9497f99e9c82006a2387e1d12576779a8ef1291766c59bf474b8167af71a2efe80065f4137c49,2026-03-24 22:37:02.510357
9688,22954,28,c76089e30b6a28eaba603251d26e4a03b59d484cef1dcaec39d1b1620372600e3f2ed1eb3a89ab21b27561583810b0d8aa7670f897c070e2d9b809a5e92f8c31,2026-03-24 22:37:09.775845
9699,25202,28,15cfbbfc634968449f6e4f22b03bd824360bba3dca2e54d76c1e87f48b8619de08a6ceb7841dc6a02f7f93d3d1d03271e13b2fc891664a0a364ed850ed9e86e1,2026-03-24 22:37:28.722749
9702,25641,28,1da00341b942a687446d9c028ee1ad6d051787a73be975afaece876c690e15f600ff19d3e99b149c7647a2658d04e4f048bbe701c87a811fb7c8b069af1803d3,2026-03-24 22:37:37.532017
9705,60000,28,ddb909d2b145d417b3189a6afbd32259a3c9c2d16773710bd9298ac9626ebbe03c7465461c605fde42382d4c7ee00f555300e4071d5e13f2534c9933d60ec4d3,2026-03-24 22:37:53.330334
9712,25316,28,809f50b2a8eb8fc8e6f47788a0651dd8a6b3f65bba61034fea920eea4a74585da13cc9ed327a8bbbb414603d59ccafd7e604ea1f4f8056686da125649ce7a56e,2026-03-24 22:38:04.733862
9777,59367,28,e645527d2f3bf3790c0277dd1ac1c261c36eb9d0afab1c4d1d964567384274e376aec35fda100dc2c74f4c18731d5ba7389868a6a3f919f7ccdc7fbe48d9d2ec,2026-03-25 08:59:34.86779
9819,24115,28,45c49d2ca3051e6a9abaaeb240f89406e482b9928d93503d5543b86668b93ba2eebaf0ee91fb84965a24a509e995657331485e01fabe2a5569966e0bc66f0040,2026-03-25 14:35:46.997767
9821,27279,28,be8edff3fced04248fe6ab2691ad849aa6953bbda8a316a5932302aa30a92facbf60fd5dd78f33a9395b461de1cc7819d03d9381dff63ba54278a82fc0482bb4,2026-03-25 14:35:57.324925
9870,59941,28,1981636706f5d6df1a4385513bdd55667bda8827cf73e5dba5bb724857014e9f9d6bfe54b89f951bc8ef9a6aac172e328edb6dc89a3f5aee2cfbf4f3c8cbb5c0,2026-03-25 19:37:20.485617
9953,16847,28,b9ec6b54b22fb600eea2dd64bedbba93d05efb31994e35181c65feb75a248691ddfe95e6a1dd98363e4a487f8d5235e7f2732518dc585fb29c845ca89a6fbc3d,2026-03-26 14:30:48.015369
9958,9370,28,e9330ae603af26e1d13dd3287e91227ad1ebf7e14c516a11ad3ecf3d9bc7c80567e12853000251c67960c1997f7f693814d67a738edfbbeb5d4c3af38751ad78,2026-03-26 14:33:23.310429
9959,10806,28,21e934c18041ee12d00829e80a197cfd67e57071425424ee61f996e5a6ff71f131c70e22ac0b84e3a09cfa88e97769b30df6a21135808564f0b58c7ab3ae6010,2026-03-26 14:33:44.951752
9960,9343,28,b537120a70d74efe9db7986e1ff2742b32b63db4af6c3048db71ba42f0348a5e80cd289813c39f4aebf83f7c5e9203874c3536660942eaaedf72a0d6dbdb15fa,2026-03-26 14:33:47.882621
9961,16725,28,1c4fa245aabd1548772f32d8b48f89677f7e547f2829afadf62e2cda267851b008f582826b321fc2132dd356575310321d468ba25d8c63ec940a254ea8a5bfad,2026-03-26 14:34:09.937782
8947,14687,28,bf0c8acc835513ead098eab60d9bb6d159fcc0482f236cd3ddf958a0368aea83cda7453255926087d13e9295ac42fca22d490493c4bc02eb1fca08b35107d99d,2026-03-20 14:17:35.212469
8949,13214,17,93ecb41dede07f1f7406af1ff24d5a0c47a787ee2bda8357288f7fc750b6c9cdd3c593143ef828e0a0b3c4ce13e35c2837dabce3d2776c6d5781273e4bf92474,2026-03-20 14:17:59.439347
8954,26796,28,2e7c2385fdf33e8deb83076309b2984f6ed0e8ba878c1e100514c8843dc10e43b270987f2fb67fbe4d93ed222129587e95f6d2ba0f37fcc053e2b21a3fecf6bd,2026-03-20 14:18:41.470736
8955,27851,28,4dfa366226a6a19d6da3d857276c114cb7c15f8bd53ac86b80b0d0becbade5fac9c0b354e4654f49449f768372dd7ea116e52c02e2a22c3645570cf5edef7a24,2026-03-20 14:18:44.936918
8956,19770,28,511d78f2a56b5763a016340d952e8aab5d7ddbf78ea4a5829d25003dd2c921bdc9785ffcbe59448ad47179b43c1d19d359b93e1c38bb51a1fb698845134ea497,2026-03-20 14:18:48.778891
8957,5448,28,0600bc8c070854039e38d1d3365dbefaedc4e1527926a8b3f2e0ac93b926672b6c065dcee9a5c3a576a20e3a521c3c4229e7ba03b0e1b195dab58d9dafce3460,2026-03-20 14:18:50.289045
8958,22179,28,5a347d0e157d8e3c2bca9e96ec971ea19142a42536d1936dc7677e95a2784484a6569b43840f2431f3cc04af4bae7198941064adb0890406f5910c6a8661edce,2026-03-20 14:18:54.801024
8959,21341,28,600a763ca00f24651db6ea55655d4629d40c0db219df6790bbb1ba06a7747b0be5e770090ef22b2e111400d3e7b08d1348e3a4ec0a89fb4697e123ae9dececc9,2026-03-20 14:19:26.908311
8960,15702,28,a58d6eef56428ff4c7592a2ed91fb83f7910fa0e1a5ac99d35a42424afffffeedd7765edcd01e0204b138b40d35b8e17801d76663fc58d90ca85dce8cf5842f9,2026-03-20 14:19:46.159578
8961,19551,28,d4b0bef75a8a8b18960013700df220d1dbe275713a964daf660960fe55e4ac599a4da384e497add09390ee195a564e3d5e83aa47745950d0183433693dc557d0,2026-03-20 14:22:37.515111
8962,27678,28,30a6cc1f8935209f145593bed5973ecbdbea4c9df9adde9e967625b8e2aa8daa1444d36991a80f824572afeea3afb327a36e6ec598cdfbae5dee16f2aa532df6,2026-03-20 14:27:28.422332
8963,24568,28,29ed135ce4cd5f9be9f931b748e8159c2fe3b7bd4ac252d5c73d07c9127257288e3b10d4f72dd59c506543eba050d4a4ce63ebb2be4bbb97f0940d121a433d85,2026-03-20 14:27:36.311443
8964,11238,28,8262dc65e3f656943b0c6f7cab335ed52b63b641e0bf1cbf25e4a5f746566279586b9ca78b06d1ef6606661a8f3eb50e50c8b5ee0876dc654721cf64a4946614,2026-03-20 14:27:48.705399
8965,12069,28,a7c75267000f02f1316a65efdf1ba732538bb786fbd2fb9e1fda67dd8ac330efe880b88730ddcff4cde3e07d353745bacf411af629490e1b4c68c490e34f7684,2026-03-20 14:27:53.640223
8966,7528,28,59d8d0b7e3f8d99030acf9d728e57fa32f5bc685e2e733de6223a50c9c491aec78e5f5ae1375b2e93385b0f89fd8856c14b91ac7e6a512ae1ad8e97e1a7de8aa,2026-03-20 14:27:55.831951
8967,21124,28,356ae692a36da62d14e79ad1120ed09dc3efb8b3ed1b3c5b6708dec790b6b5ca82f6696e976d7ce3a3b51ecc58032822f5be4637103c0344e50f3f1a1334d0ed,2026-03-20 14:27:56.525368
8968,6054,28,2f2fad120da37845396fac6f18d195b534f85fbf8433638ff1423c355d3ea222ef1549dad69f9d45dfcebc347eec83ed54153dbdd2b573700de033bb236101db,2026-03-20 14:27:58.543039
8969,5307,28,12a43e7d7b7b4b306bb3359223d3cc02cfacd4957f28e6bbec8bc61a70662d61d94edf573a6a54b4c02967262551031f430c48b11cc49f60af8852be66505584,2026-03-20 14:27:59.065637
8970,18670,28,ca603de6ff435fdc7aae0ba4b09244106f59a0d74b017b065f7cffd321e8574fc261bdc2c60e86eccaf2a5b330dd4efb6eab33d77b3778ae8e4c6a6dd6c5271f,2026-03-20 14:28:01.17982
8971,16652,28,dc46228332954a1b88b167f5d1ec63bfb478f78f7790b0c4f236b209a55b9f5e98b705b08554b4c7ca487250c7b19d5aca477325170690770a3de6a9bf4b006a,2026-03-20 14:28:25.95604
8972,25078,28,853fc652e2374118c868d807ee1af1104cb2a1e107a2ecfa40a06c63d4dbaba761a96f9b8080f9d89d2f6e28488bdfcf5f2698f812dc2fdc1982588f2ae32e49,2026-03-20 14:28:41.489247
8973,25655,28,7fd776ba4a2119bdc4edf7e8868933d9b77020514ac84b90190006cac3160efefdd95094886c65de461947739590dd94791145d20edec8b98062447c12460bdf,2026-03-20 14:28:43.730053
8974,21074,28,90b091edbf55ab8cc7628eb8b1fff2b8d14693160cf54f2542dc46a30a278f25eaacabcd90207ee29380baad12524e11332f9999e60b0390c179b13ad46cee19,2026-03-20 14:28:56.182753
8975,15381,28,eb6c58f18426f3ed2ea8225af34e4fcce6a148e44afe0609d946f8f330861fca670d324690cf076f8a81159135d47c155834f9fc401b0094a654963181f6a058,2026-03-20 14:29:06.063747
8976,20931,28,e787b37624f7c615967d97a67159961fb098ad6a875baaf5525cfa869f0d0f9310eec4aa1052b40e37966a5b9b8887626f3ee5704b822b201a47eb4609b488bb,2026-03-20 14:29:43.361515
8977,22680,28,efc7679dadfef64e4edc874350b513763a0ae6ae06a7ae80ce730ebe8c3eec616c7518da5ec40a10087fdc80c742b11eb4883c46f262a899faed0e7b24aca4b8,2026-03-20 14:29:47.588326
8978,21343,28,c96ff83192d046aabe7abae773654d3d2c7a3beb22e9833187335831b116a7b648fee7e2e2266e0c32dd38d7fea18bedabc31c61c3cf823185bc5ff5f9acad97,2026-03-20 14:29:59.690941
8979,13426,28,7e18f856c7980de74a93c6123837f4dc6c28d58ef3bd03fddacc610065b91feaddfb8a5787493ff51e04ef3c979f34eb95134428b80101fe8e5b0ed43ffb746d,2026-03-20 14:30:00.04396
8980,24072,28,1c85ab74be7628029abb48aaa916ed55116be894ad6beff31f4c5279d5c9ca3d130cfd70ac444d35fc1e0839a503ff88eb287353c9454dbed8ff0a4ae4c3cc65,2026-03-20 14:30:23.001227
8981,18745,28,5b4a4c998abf87ab419589ccc7d98107f6e8b6bed48e8b548e296a33b29f14badf512c503d3ff6e9470d69ded2d80d805ee97f914939a306027ff79118f85fc5,2026-03-20 14:30:29.931194
8982,17819,28,c9b9290f0542f071323c509bf37aa231f25f035b4ac3ddcacd30b8136f07196a1e47ec0ef8a867b33737485a83397cf08994836786488d0975a1552486d9ddf5,2026-03-20 14:30:30.051397
8983,34612,28,97424fd1222989c5de63e86d8e6cbed30cbb3d8e04befff2efdd6845decd52f9cf1538e27108dca9fadbdd826f3f241343390a0b0457e8fb0e907501c71bb53c,2026-03-20 14:30:31.26146
8984,25339,28,cc518daa5456b48dc1261e6d9a4801232be79921304a7221cc5b07adac0e5182a6f9a019e10b1c5b35dd395d586fe5a2b04689fa15177f103ec3e674ebe33ee0,2026-03-20 14:30:37.423673
8985,23145,28,15316984464162f57503ad0cdc0f6b7a79665346fae8081175afd3792e0b641c9ec1de2588b34117d3bf820232121049dd34e213dd822c1bc64555717ae329a5,2026-03-20 14:30:55.672242
8986,25329,28,3bb1489b0ecad43dd25c75af286441818b11ff008dbc02c1eecd7a47e2b34eb46bb4fff959f64462f539699e88987743ba087f989c6503e937d6e3aa01a5efc6,2026-03-20 14:31:06.616722
8987,24832,28,7e1bd8110209f5fcf15664cafe991624c5446ea112e5ee4c6abae6af41f85b2edd73c98f428c2fd1a76f96af142adcc01aa63fc26b9ee0844d27cf9b2b23ae8d,2026-03-20 14:31:12.365382
8988,22916,28,2fca475dd7e44a5b5e34b935bcca91b981ae6067d28a17f7df1ed49b5ccd0b3b5f0f0ebafdf36df3d496aad444bc2d799a81a9d0bce11ecc16696dcfa2265469,2026-03-20 14:31:19.981771
8989,10335,28,9769376d92393df6cb86298fdcbe3cf0b764d26c3dc1ca66243a4e1a65e86681dd3d9defcaeb1dcc384992ff61370a3047559928774b8432802cda02900f104f,2026-03-20 14:32:17.124373
8990,19473,28,26d044d10bdc712bee10fc8ad5b12201f8aa17288e11f7f0e26931a55c3d214e3c94a9106a32129a2e4d9f6f3342c1010018a5c4d3f31b10097a70dff480bb11,2026-03-20 14:33:43.073702
8991,19743,28,90d857d66bb421ef31ad2ae7a45c8fc38fcd340e7fbcb5cfdf47eb89ea35e1487dda8bdcd0e67559ef0d0172fe87bbd58ce3583662d4c6116844459a9a29e596,2026-03-20 14:33:47.69928
8992,23391,28,6decd4cfe146a87086b0e6394dffe060c10d71426a92024b47081ccea2a4b70180234aedd0150add94c53b81b5db9369cd33b839dcbcb40ea792f677b4d4a38e,2026-03-20 14:33:48.212743
8993,19606,28,49d5d75ff2fc60aa20d198bd1a5103f6f5e5bf96dd60c36cb7ead1060c57ce4da62a05500a608620fc44d73f954f9b6910ab74faabe1473ef43f637a5850bda0,2026-03-20 14:33:55.070181
8994,21493,28,0eabab36610bef58bd1326d19932d3a63f1f17960891f059382af73a0b85695fc25bd10f425ec3fb9d87146d604deab0cb6e73e49a1d3d720033bd527161c1c8,2026-03-20 14:33:58.191905
8995,27957,28,9ed69233a7e1ab75cfc87ce08ce95241ec6ab33e6f601c8ba512b6ae469216d403246d43c18eeb5e3f93d78fd4c158fab7962d5d7d3803b26c70d2d53894263b,2026-03-20 14:34:17.541707
8996,27248,28,03c68ad4e96f2168f879bbd0aa612f02403b3f49758b5993b260a405794cb7b2f5a48867433295b16d2a6d700710434a2750cffd31e4e8548c0e5d1df5bca421,2026-03-20 14:34:29.180782
8997,26144,28,2510246a100cb5e482b8cd2319865ba32b7fdc419c64b7f418193fc25898ec08db06edba8a5b25249a3332bab443f1203d5e5b2b31430f358243af28d30f530c,2026-03-20 14:34:35.258621
9127,26281,28,94a6d7150b7370f33871ba7f54cc26a59d49c3b3982661c0714362e786830eeee95e998b45cb6d38d1f9513e884deccc023f3926e9fd07de8ede42f1d135de55,2026-03-21 17:57:53.995267
9161,24408,28,dd95de37fabafc5ae96abe6d228c4a72749b53aaaf34d1498107e6a11e094feb15e0c439454bb4699fdfb91f742bef50816403eac3031c3062873d349d72acd8,2026-03-22 14:06:25.566523
9225,8293,28,4df1a7a3c66209a7aec371fafcb88430734f1d54765231bd4fede3f8755a0ca2c541b50ae51a66fe513600d7768f5bbd9f212ed44fddb0966ac82f514b36e10c,2026-03-22 14:52:14.965993
9267,25833,28,9efe45ba33de34af0b8f43cce844d6d923a55c07acd905398c7add187953f9c8ce7564068319745b385ab29cbc242af1c9d2890e46f66fb01c09a9d81ed64d47,2026-03-22 20:47:43.073953
9279,3789,28,8fc11422ce71a54e561ff9977e92918afdfd66ae058ebfddb83144fe9ab7e0b10da4ac22e8d20bcc3e42cabe0e51f70d66c1343d66f7d23ed84c3692255a1c5d,2026-03-22 20:48:54.147731
9281,14617,28,6f8ea7fe611738dbb40a66a0b7a93b2d8c5fb624a7e5e4ab89cb134c025bc02b0eaaf804d7d3b78c1672c7078834f772a68f960e938dc439c2596f8e9cb8388f,2026-03-22 20:49:06.823892
9286,13768,28,6ebe3372117e46572cfff0e03713973943083abd815cd3d52c6d764b241e1d293c573a30e34157017563899b127ae0c9815f459be69a37042d2080237bf05c0f,2026-03-22 20:49:26.103413
9289,13863,28,7106418b400b76a9c0470f43640355a97b2e240b68a0a93f309c0e3fc11c6e6bca179e8a99d965629c5bd9963a5b9ee9bf71d753ca801a212c9519cece31779f,2026-03-22 20:52:19.282278
9351,20243,28,28d831ec7f81448165eaf837ca1614619ed2a484a6ba8c9a762f986cd8419075066fb31c95852227902c9fd3fc9eea0330abd0790be6e94f21d0cb1db6ca4d9d,2026-03-22 21:25:06.591913
9353,23930,28,f5dbbc0c4d19a79ca1ba250f4cb1b569671ead65e9963e3723e332153f5e68c93fa53b48a6ffc45c2d64e683266b22b5b17a804da4433a2c27d6598d8caef0d7,2026-03-22 21:25:14.384693
9354,27287,28,205ac5b2a022ad7168b91764ac1bea007a35837a9d8332f19e2d20d6df9760632daf272a97193f32577311e035ba38e04acedb00763c593ae94aeb8fa143370f,2026-03-22 21:25:29.633074
9389,38753,28,8fbd726a95d9ac7ac38eb3adb081a54e4aad62977d69c70a76fdaa2925db381450542b27a66cbfba5091570299d051e0ce2a4a3e4593c6ce6c61bed7c6c0a083,2026-03-23 02:59:06.391101
9426,59847,28,9e586ba0dc1711f0d694c0e45a08f6d3aa29d0d08ea445ee021bba99707af61a80ad3c36f36ca96c9e829495aba6cc36af00ea3d256343a38ba7b488da0e6630,2026-03-24 02:44:45.61897
9465,24422,28,6894fdab4caf84e3724c96b26f464e8bfd4eb5813953c28ad6be3e71c78a491e4276cdacb3d2ffa1afaf0419966de61d6bd80adf03ac5f3a36c3cf51918a1a5d,2026-03-24 14:07:41.076984
9468,14425,28,a042b2cbac8b6366a9466aefc0693ab5de32ed98b724bd73441e1e88a39d18c892ffd32bd1dfd1c7abfa70fbd6ecb18ca1005e96e652038356958c690ccae156,2026-03-24 14:08:10.211298
9469,21312,28,bc5744b3fd234e5f9e90a59ebf959feb26d89046a9bb13b8ea9bf6461586e1d59591a44283222087dde03f2adda063afe24630d9a22d04a8d235b0e936aeecb4,2026-03-24 14:08:23.050402
9470,15967,28,321cab58a5e04506910b789145078a8794e9b222df6bda4aafb1d25ee67690d756f405d80cdc5a29ed96572c2253826372c26d4f8b700261cde99829f517cf7e,2026-03-24 14:08:25.836162
9474,12412,28,2a3b3d3d11481880aa05c01a6296b59fa89e59a79cc43106b042b6e0361276e83dfc9cfebd17d93cbd316ddcde00e01added02af64474ccdea791e2ff3fad6a9,2026-03-24 14:11:18.239405
9476,19509,28,edc06d6cee64889f723cc6f14dae8a8339703d148262e66dfeaac07e39829aaeaf7b80207da5785ee73ea5833ae7c99bc6152df76ea4dfb892b7e0a700008acc,2026-03-24 14:11:53.677084
9523,59966,28,7e5d2353ac48ebae40061955151245dd07de4dcab5c7b86652948468d77ee48438ae9a1d2f2fd6a67c78e02c6f3ee255f787de6675612deda5e1d882e48cf59d,2026-03-24 16:12:31.617118
9524,59953,28,35553256863d1dd90f1650a5a44ad049c119a4c9734d3d52210ee90ab886764880b18b3862f8626d404a9e1007a9d39c30471c5559857fada2d7d4dd96d3d21e,2026-03-24 16:14:38.050301
9641,62003,28,2ea1cf164e5ba70eea321cc381fa82c1fdba5326dfc80328677e6682249055ddcbe814ce628138444f25a042ec1cec95c2caf7b43490089853aac26395d980a9,2026-03-24 22:36:08.85414
9643,22334,28,6389ac93ebedb16502f712c08260771a5804871603b84a85e2ff06d40cb4c3e5eeb7d4869094a97ab1e5d20d346ef522a98667195e18a1fbf945c70dc0120599,2026-03-24 22:36:12.933949
9661,23213,28,8c0fa965a31fe91653fdc305d13bdf69492911ae0237b63bde9eba49672a8e277bf36e8a1d1c2f3cb9a04ad2f370a838c0acc1c97de739cba35def153dcac31a,2026-03-24 22:36:40.787941
9664,27952,28,ae2df4bd0985ae59c9f197ce7dd6485fdfe19968e0ca2bb1327c7758299d874e0872119c2ea165091ac9715938e5f0886d38daf0c105542faa1bf530d5139958,2026-03-24 22:36:44.089059
9665,31245,28,e69a5469ab67fec4d892380b799f1ea14e84c185b76f9b31ffecb966290d325aabfa5ce24c966edf4833352a5bdb4b637cfb7890426391e6a20d9bfb0600acd4,2026-03-24 22:36:44.512189
9677,17132,28,639313a6b060216da0bf8dc6efaf4bff64f040990f3673b545f2b2ca407f0c06644600f4810df497d8c2c886e1b3cb11a421850c6d05afcfd2dc8d5bd4994b58,2026-03-24 22:36:57.07679
9697,22951,28,38a37eb5757d232059811d4da4800f076888d169490bc725abdc1bed465187771c165ebd2b49bdd405da133a43c973a37602c23c116d5d3d4a43b62bfa21d51d,2026-03-24 22:37:18.982244
9778,57978,28,9f5bd7d0d042ebbd8d0ee51747d6da30c00759677fe528912d93d54c7c8f01372cd667de53e437cc2581881b510f70fa023b5793d5fa721253efbbc8f0a9bdbd,2026-03-25 09:00:24.900829
9820,14503,28,8174b157d8963463fbc075c4b1dde55555690e2263cd06c06ed29b77741390011dc3152e9f6801161eaa0ed8b43ecee5d54f8e76cc169f33a0d2bbc528a74556,2026-03-25 14:35:49.762479
9871,59958,28,95f1cf84ae83fc96166540077cd1e715b9a63a16c38ab8764410fc6c0e6c6eb56358460b1319e7e90c6e120e25371afb0e2304408ed89fa7073dcb256cbb5558,2026-03-25 19:38:11.174575
9954,17196,28,a50b17eb037798b3e0feec24eab173b2e5e3a91ceb375acf2664bbac6d2aca835a6d306631a647f56cce336ca3ba3b00a928b3371ecc5bfc04c93e56a60a8242,2026-03-26 14:30:53.830724
9956,2642,28,906cd994af3a92023d84e19ea3fa30e8b02e46b9f4b9677536bd6dac12cd9e992476c61d14b6ccc64d0f023c52069ab59103db50ac8649d05a492276ed411811,2026-03-26 14:31:02.30884
9962,17541,28,34d2d783272fa1371d3c23047087cea55c372d6780a5f194cfac5cd26e1935ed1566d0a9ba255a7272d24e0ef032dd023737dd69b6037c991e38b9abac0073a4,2026-03-26 14:34:17.911913
10019,21909,28,ba714be1bcb2f118205d81d0915884907e231b45fea125b2dbada19b69a579d23fbff541934ac787d89aa59ad8ddc1aaaa00cf80945cfa7d8d97bc949b83f6d1,2026-03-27 14:41:33.760898
10020,13276,28,84574d98c288816ac27e424bd89174291d5354c9a236aa3c1926ec50a3a768a9498762f67eef5c2ee9220c003bc4e034c46d917b4001fa7eb6122fd811721e52,2026-03-27 14:41:48.153765
10071,10448,28,c04ab8041aed20047efaaa956f0b7d4dd20af7c18a622a90d55b59721b4192525713df90dcc721d7871f15ec7c652db7c95d256f392b54e1af8aff5cc837a02c,2026-03-28 04:30:16.63242
10106,23928,28,6e10e350bf9dfbca499d85726642e9f578d941f7724440b43f6b5e086aebf58f22873c934e56266602f8197585309809f6680201ec8af82413ae158377702515,2026-03-28 14:21:01.538521
10154,59941,28,bbafff42eeba4562e52f32fef90e7fcc58cbc7dfd2b7669ed3919c75d8772dce37b693697d617d6e5c2e6291de64aa4fd8a30b04ac7b984d0b0979f92c024c14,2026-03-28 15:18:02.163626
10182,16095,28,490f67818bcd47f0b65d0f8efbeb2f33af0165975bba962991c7d4f804f8b148c9bae89bce7952b4d28c3d2c0da664aa9e7bb8de9da560571691d6da9e6689e4,2026-03-29 14:33:28.596558
10226,23485,28,21122d890f7e77554d5bc6ec0362be3a9ac2891169f7df441793ffa2b3959d1fb3a6d1618ffe057c6a9c44fb699ebaf8217ee11665e27d5900063ba8a3eec73b,2026-03-29 14:59:10.847057
10248,59987,28,d130318cbb55ce5bb58545c7c68a209dab172256553fc2ec27a71a57a55f1fdcb1dc2a7124944f3331729fe6187ace0d1abe2e68a29887f4977eb546b8e22c80,2026-03-29 15:45:34.369572
10252,59987,28,f9607aeed21b45d0bf76c4e07da72c910b5993e3803939379380da67d43dfa9eff71e3e40fd405169e394dbbc7ec624f39cff74ed34ef026183b65bd1c7521eb,2026-03-29 15:47:36.424107
10265,20236,28,93203c310b52c6fb95fa64df62d016a67481575b7b6e69fecf9c71224b8730d407833c4922d84ed27b6e0f4a502f5d9b789abbb763ba605854050d704b227509,2026-03-30 00:56:47.368451
8998,27929,28,6f58cb4e353bccbb561dede5b903c46039a2164d6768456a4f8547026a8e7bdf42ee2fe38ec58e1db078c063480739fe306fbf79edb964a6a3b7ef37fccb3b27,2026-03-20 14:34:48.037841
8999,10640,28,2032d90ba6291363e967b9d7548bdea03736b7940b68d83f7a545cb112ed358d029aa0ea13d588b391eb751647c902076dcb4a3aa44d2fecdb2b8282477f95ab,2026-03-20 14:40:24.218127
9000,8956,17,c6434923f75163a7e771ee5633143290385a30d1810847458b1224bd56c8bdcd06be261bfe4a18f27989f975da1f8f13b7806d119f9780d84357a1441565fe74,2026-03-20 14:40:36.88253
9001,18938,28,672d8958063cca1b28a33f6088280ddda39176935daf78cf015f8f78f8fdc5b154b50be19c9a8b08167a533717e32ba0c543dde1471464486914f37638183945,2026-03-20 14:40:47.10782
9002,11173,28,900f43215649d289907c9a0a865757179e3e38ce50faef24f4ef163e8dc1982a068481c17ad1b80b9b3bc34b2a45bdae4f3a79db9c6c51f6110091555a34f524,2026-03-20 14:41:15.476862
9003,21251,28,8fc733d7f0a520c7f4dfb1c5d5c8cfbc94ec1e1a3a240ddd4b49bd374885a0220c14274fc6cc61dae7e27ef9d48e38c7940659ec4873764c97140fef689878ab,2026-03-20 14:41:47.467846
9004,15496,28,ec5c064c60904f2b6416cb3da0159dd5cd45db5ff93a9aeabcc217827f4841016defcaa7ab6fa8bc2e80a628f55114cf7e937d0891aed73d8e5c40c75c2d55ed,2026-03-20 14:42:06.180102
9005,25578,28,f21c761fa0188f4a6563ad8e8b7b78fb8347b05c9b8f5e1aa17a6eee921c833002cf2126be0f36b9ba2879daa4a5bb9187b83700a5f2c1f8dc859ba96e053222,2026-03-20 14:42:15.466436
9006,2431,28,838c96f431ff29c1f2f68880b95852a735604a00cc8d39c141a133da4f38cbe6b3bc2d44a8ba4b59717db92f8e339e10faf3f08256e6e2d6c423b3b2fd3c1ddd,2026-03-20 14:42:16.315252
9007,19616,28,dc32b6bc832719d1397a58b0c3f91a74917afac940d40544df214580cf4ce7087c27b02c6a0e7049e290068c351ecda864a9375a765c0596c4c98da4a3677ea4,2026-03-20 14:42:21.230404
9008,17005,28,fbd425ce4b772b88e71fb7f714f1e4b1c0bdf34fe3dad213d596bbe41fa2c5883f8cd541e061436022e47ffcc1ab5aca88bde73029ed29cbe69b117625756520,2026-03-20 14:49:59.082411
9009,26701,28,31931db90c3a76f95464af17304a1b083a90b4eaa18b36975d76e8be0db7d8a7c6ae50a0fe3bfe1b4b0b22783dae1da5abc1c59c603d58528f01ba15dfaf63fb,2026-03-20 15:26:21.862152
9010,10422,28,e5fbdb26f831b5e3a5a99a4be50bf51de8c8ab893f04aaf8f1e7a3fcd2d7715211cd9594f7a03263b38666659c32d761314c95944f4bd67c722785f0a7c4d196,2026-03-20 15:26:35.498254
9011,8050,28,852f0fb494307787824a3f9f8c9f086175455a0c18e80d0d88a5ed1adc1b09ff06992d1de37b83d7e43f28535a7e5f67c1430b815651c6a4dd1e96465c7b76f1,2026-03-20 15:26:47.928846
9012,7890,28,9129317900d9cdc5c5b55685a9b5813e335365897600a20d9058578103d0f95b5e78f23dc6d6da6c0022e7c71533af23ea2e8d8e1bf084a4e7d5b9a052cea261,2026-03-20 15:26:49.840746
9013,36187,28,0ab2714e1545a441dcf7cdfc12b5df50ffd0e6a4a32096b349888b319452d1e5f4a760f4bbf259446c6f1151713ead96cf11ba5b64ca0f0d7330a1693a321d68,2026-03-20 16:02:25.10487
9014,35620,28,bf1c48fe01bf7c28776915eec0c97f90155551a507802df946806ffc9ed763d5db12941d20c40137a6ffddd1aff737542d570e186b1e663d5b011500cb7092d2,2026-03-20 16:02:28.684025
9015,8157,28,4bae19a4ca88e380e07ab9b987be9438ad591fbe1ff0dc9402716836b9c05db178b42b143fd3b0c092cfc93b7cd52c1b4a07162c8cf628c62ea918a78a935e0a,2026-03-20 17:50:45.977217
9016,38032,28,cc1d39f119e4085917c8ed92a7a33e5a7a462ef92e0209a125b880e9aad87d41cc693bb6bb033e25167bafb0b7cff393c6b9bd4f551f7ede5b5a4b91e6e49618,2026-03-20 18:01:35.847054
9017,59942,28,ce43f03368027de0f4ea93a592983991a6fff9e1e6e18ae4dfd7adb5e352a3182fc96769ec0a6b0a856bfae7bf54f9cefca67b58bcf6e0a45dd0e5b354ae0e61,2026-03-20 18:57:54.955752
9018,28397,28,a34a7a6dbdfed712f7b0b346434809c8cabfe478c7894cfcc309ea740fc47659db6558a2b8866a9081242f8aea999f74e5237382af0f6d8350ac83e4b7fa3035,2026-03-20 19:17:10.017492
9019,20170,28,418dfd3a09072223018c2187c5e789feb70142e27ae93e482135ddd3858d1f076cdfacf0f562157d43c5ebe239acaaa63259edbe55280878978f8d4f4494c67c,2026-03-20 19:17:45.810322
9020,22971,28,97e217d17d96e6843c1c76515b7062f8f7c7ce069cbbba60d2d9e45258d3ee7a729986459e4d9fd0283f1fdfd3e43712c5adf7794e56d793f6e343836baabd07,2026-03-20 19:17:49.307295
9021,35607,28,a67e56c28f69458e6067068cc8fcf1fa9eadfd0d895d28b183f22ad5d0f8b335fbce9fdbe82564ec069c58f4251a67dba9011b56519d4c5e5d05ee84e241caf9,2026-03-20 20:51:33.274319
9022,29609,28,cdc14c40c1c2952bc357af557763f3e1ff133bfd599ef2b0646aed2511c9f07fb1215a531d620a7afbc1c2880b1090a36b75414e670ebb2aca34bff30fc05545,2026-03-20 21:13:54.878317
9023,31288,28,2d1472afe1293ad15be5a072b071b106aa23255e98c42fd3e215d564f5a9448cbae50a225fd99a1b619c725062b441423fe73aefc581d76c27369893b18fad5e,2026-03-20 21:35:56.97181
9024,25475,28,bdcd2009958cb60d0e2957e8a4deee00e2c93de7f03db34519f57f0212b4a6894c0dd834154bae4ba12bb3951b108bbc20e7f05d930ac625ac67d26605003171,2026-03-20 21:44:23.21382
9025,19941,28,0cab70d62a38079e93c2295863965f1707b5fe31720caaba034b990958b05f8ed2454f17417c840d7c1099cbcffd2ca18e8c9c60a9843519e1703e5adb38305c,2026-03-20 21:45:01.872046
9026,21484,28,e5d73a2d005bc5d03665290f8e051f9d8b3b17042424ade7664e71eeeae53be4c9cdd86fa7550a85c50055f24a44b9b37a0b28ed5e4affebf99334cf7e638532,2026-03-20 21:45:03.593181
9027,8786,28,2e0c065a5c276d0bd62824e7538bdc081ca8eb4beceb5f222ae16f1f60eda7f49971cd3d17b87d968682b3b15e508c5bfbe425c13ae828d43d0848e518280b3d,2026-03-20 22:11:38.051796
9028,24885,28,61cf870f0f67351c230cbaf0bd60a2f2f2a8b43c1f9260ac78d452a8949a4918685717c327bd05c021db408eb67a77428f0ce0058ef977cfe86db99a1c397fa9,2026-03-20 23:00:02.094061
9029,30755,28,901a9905b40860358cdc65d60098b3812d0b48d71c42b0d1fb8d3fc4781bee168bb8adf3be6d455765d1038910adc26b4efd11d466230af6d5b4e43c0aad0435,2026-03-20 23:00:54.545614
9030,39624,28,b5155cc6d932fdba7ef4d7d881204364b425d46c7e83d9a82d88cd78f4d9d6fcb633795009b0b857caa6ef57a2b0a8cf38db439f632d53252a33d53b0c2ccac3,2026-03-20 23:34:48.582594
9031,21183,28,4d339250d07c8ae32ab27b40a20b3581f4ddec0bf355eaf46aad2441e17d72947df69904c59bae1bb3c2a2981d4cab0713e9252ab403f29f964d93d51dd1be39,2026-03-21 00:37:41.409086
9032,36002,28,2f0c439de76acd718fbcec18b806bdb3385c2db63cf8ccd034370509b0ddab107feef4b79897719f9b5ca38a29e9d9695cde89f4e6c109430e188cebed110d8c,2026-03-21 00:37:52.604641
9033,35516,28,1eed5ab3f5cb4c711d4b4bc340bb3aa220d570e2cc71ff559858cc761d2a5bff096fb5c85cd14d5fadfabe81079081fe2c0af34b4c3ce92088244a234dbe3480,2026-03-21 03:11:04.522406
9034,31386,28,8a75dd49e6836f04a9835ba043d414b2a4371765fee13d52321aadd58c4d0e4cb000e751784ceac3ce3338a700376a588d3c4453f8247a3ed32ad6f5687bee4f,2026-03-21 04:01:51.960263
9035,13830,28,575934f6d7e0742f56081d71942cdc58b48d68ab196d0b5b41800ff2bd1bbe50a629ce41676ff6add56a15c02ae7204204112d92fd510bc95b4b8e43fb0d94f4,2026-03-21 04:02:35.835766
9036,13937,28,f4e269f2d097652d1098860d8c80aa8e7f408b60e6fad8e5aaa27f7116e6e99130496536a557391586e2babecb79075085f53a25fb69b6e3c5066e7985c11ac2,2026-03-21 04:02:37.564529
9038,43206,28,5b123358398bb2e0191b375e36431e710a114ffe67df753c60144e4b85cc70ef3dc488fc38a75d1ed49805369282c8c5bacb81e949b2f76c87a360c0a3868400,2026-03-21 07:53:42.790169
9037,47292,28,d252b6039c04c40964e218294135b73f3693e7b058e0658f786e19c24d33413d353301f5bfee2a824d4defa72eaf730df1037877e291a1c2473f6932d181b71d,2026-03-21 07:53:42.797208
9039,40437,28,f71b2851a0cb14edfd22bac4ae05d0cc10b9fa198e0c921ea63521553dc022b2d583ed611fab164745556526150d49a9ac13a2f1fc8e5a3e7e7c583a818db16d,2026-03-21 07:53:43.451216
9040,25579,28,0c740c8207d5b1991918f8fedad669ee6f3f548e56bdb61521c17e700f5ce4c5d0f3fdd2db27a0388ad1501b46e1ae88306140a970338e343b06b2842078e251,2026-03-21 08:32:39.152911
9041,28218,28,c88e12e5d1618a8ec47d6fe943fe95c23442ca2e5c326f0aede4385b3918d36aebca8bd2e9ba91fc26002cdaf931297ac45836052406bd6b0973165ca8d9908d,2026-03-21 10:24:59.606587
9042,27328,28,858458c4e3bc1a1826ebd324b7451c66abdca0f750214324586988350224271dee80c87164e1ce2881815815de6e2fff5407a9aae58e643026f6580c9f23537f,2026-03-21 14:20:15.251044
9043,27641,28,02281ab15a5d0ef64f007acb6761217991d1852ceaee71e1b400bdd6884a2736c3305643cf506c3fe74337956185271154e3c6a8fbd829517488dc493d67250d,2026-03-21 14:20:20.669866
9044,22757,28,18dfb47507be2e65645639b6b980f26ea7ddea1b951fef7ab3dbfef646e7aa938e78beaf9b912acd4fb699d705612f7b21af4e53497c1d0e90f71082d2874018,2026-03-21 14:20:22.779689
9045,10134,28,3e09b13350b361deb4633490c0227893cd7a72a86d562637dd82fb6d7bbdf731c7033411790873cf22d9a9c28f6f353cad53b5ab3e8b6254ccc1373558445ac9,2026-03-21 14:20:39.264266
9046,18316,28,7bd71cebd307fa28774f090bb4bf0acef866aa57885ea6d809a13c2125502e7e948ce1b741296c8b2c2a9ac7826118637e03a4abe5f6bcc1f439818edb97bb59,2026-03-21 14:20:41.798527
9047,27203,28,031b53e5b381f14402c93e22a394bac4ad1a19c68ccc2a08f6815e34e5bb86a359b0724e4324d9e66f15c6cc27a2916bc5df6bd9bebecf88a48170e223d3f566,2026-03-21 14:20:45.341167
9048,19955,28,8a36cb38e471761d7564962d48565dd23b63f8a3371f3cc3c22670956a3822867e4e557a84827977f15f8c2afeab1a7c010b1fcc51b88d96a28709834648df88,2026-03-21 14:20:46.919241
9049,25801,28,cd1576c48135e410cb0e580a159ca7b459ab27321b4c7f90b2b36d189c061c0cafe918005a75d73b21f62fe206fdd78f63bd782b47fc791f9e4c4bd51476c14a,2026-03-21 14:20:47.430322
9050,24209,28,e8b637a85916da4b9c34e2d85f99020f3550552807fc9a664007b8289b692ed29cd583dade4b6a03316ad21c01ad5ba1fd5bb5f71590e4394f52a450eac9dcce,2026-03-21 14:20:56.966395
9051,22964,28,041f76896a38f3b25b500a7ab8ea69653a0f5c0e2cc872686357a3cf4f7eeb829f5b07dd48f27140ffb940cab9b645a86e422d668f0bcf90d378365f0df72db6,2026-03-21 14:20:59.523459
9052,24095,28,40f4a0f804d9e00347af70c0529fb50a5848192ce2b5f1f34cb830d02288b4012d116a6be379f565f12d66446c47b8b652065427ccb9a66cd91a1065f51da384,2026-03-21 14:21:11.635164
9053,23527,28,89f95f0caaaf5cbeb3f16a990a7c18780adc8b9d104063fe3e856e91e4e0a315fd0884d40f058d18aead0e421f71332c4306ac06e933aa31ada0cef9f39840d6,2026-03-21 14:21:14.17799
9054,28299,28,9fceda221e1bd794125714b23bf75ae3602a229905a7c565280ace6e3bfbe5c2bedcd1d029eb5a9608ee9c66b2298f52dfddb84df07baaf064196f8a9fc6ac18,2026-03-21 14:21:16.921582
9055,25313,28,6f62b0205c97a70de56694b8468c4aa6d1d48c128f0e0daf4ffc1521d633d57092fcc8b70da806423289b79533e3e5f0a160f560c0a139bea241451cad26fcd8,2026-03-21 14:21:34.46277
9056,1678,28,556a20c4bac3fcf044518c3dda99591338c87d66e1b02e06eb814bdcd3a35218ff08d4cca3430f9189d044fb354f5bd071ae3ab47f4a6f2efea6cf395e1dba26,2026-03-21 14:21:34.746768
9057,17536,28,9180f0c50428d06e5b9012f00966b18f4b0297bd929d586b1719cdcb741ab8ad2470ede3f3f435d6faca3542b025c7efa18dd2fe786470384407363d8fec3335,2026-03-21 14:21:38.03708
9058,20954,28,cd330193950d43b7f28dce233a674530ebdab1af046d3091cf17d72c6e828ab9de8518ebaa9d262a36aa7176fce6d63c54f62c2bd7d19d09644aa8c46ade9ae1,2026-03-21 14:21:41.884585
9059,27230,28,baeb7931c57f39a890ccf5c7f70296dfef8a76bb2d4b968b41933d2fb655d3b3192ea8b255bb2115e49abab1491397f7ffed22cf300ac7d19f79c32fbd3c008e,2026-03-21 14:22:09.558734
9060,22513,28,befce66530d390ccfea1f3f8d8d6cd4abd6031855cd914a853477b062f358d5cbb7984c3eea2dd8eebb747f8c87d74ebf34247d664d63cc1c301754cce5df551,2026-03-21 14:22:20.916916
9061,21829,28,eaa95bf1f8f1ccc57551cf9a3b9f864cdce81ada6b3c334e11e63ef555f321d16c2c7025857ae27a3f30201e7407224703992b744ff08602569902875dcc7e16,2026-03-21 14:22:37.669563
9062,27226,28,67187df21b229a7339853a3bea16454a4ca5737f972829dcefd25c3eca8b7c40d6fb46e50901a3edee5396abca54215540d9c117fbb85d81a5c2b51d670329af,2026-03-21 14:22:40.986241
9063,25454,28,5d468cf6ef20060f42537569617e90cf48d84070549d7003c4ea0d15649a09e1c781ec1f754a84756ed46d496f4455f668fb392398f07c3fb5127c09dbf5b3dc,2026-03-21 14:22:42.78298
9128,24212,28,ba8e5177b9843e773899e0d3c0a353c2cb9576f2f2b845557b537b754ddb7c134db95f1685c8e42fa86ffeabc7669931feb05b4c091aa1d6c93a4dae437c34d7,2026-03-21 18:59:04.250739
9162,22961,28,3b085c2358bb2e34304770d1e0ddcffd3f777d9ee2fb4d1c53274532338a4d772e90c64f5249a3fff1fa513f9029d8accf77a0ee8f1069708717bc87cd6365f6,2026-03-22 14:21:24.274606
9226,27618,28,eff8d767b3646118d2fbe7861772ff2a4bf8d2bc4ac02ff60e30113dd0f3c2564d4255d44546e81cd789278e6ae5868ac32521b12ec4f2d4aa40497961195a08,2026-03-22 14:52:34.179969
9229,24461,28,935b44dc4b8198b37ea8776370d2c073f6ec6379d3c30150a9be40700008cac32b37c948b6d803c1f624f94b61672904a87d37d09158c8859b7884741596b259,2026-03-22 14:52:47.184185
9270,10877,28,2877a2c563a2f566d617b429b16b9e04cb979933cb59e5d711894c6c37e87a7747102801ae4710ed2bcebbcfafcc0a1b5ffcbc673147b5f9c717506ffff99fe7,2026-03-22 20:48:03.285551
9272,10879,28,7e758bcff190020ba543b19d3d511ecaed524e6245511d1564f4762550b1c59765e0468933a9faa51e6e3174829fb6d33dae5ee65d4146be25e7ac6f3251947f,2026-03-22 20:48:05.083411
9355,28036,28,7bbecbcafa96ab098f63add023be8f2977bf76649c64abc2cea79ee0fe6f1c82b7b484aa6c079ca09d3a647f4759b4793b42ab80d0f32c6b5851ef2a131d97dd,2026-03-22 21:25:40.948279
9390,44139,28,ac97de67b673b295931475acbdeba5f66504f1cdefc57678a18c13249f74e3bf969726dab5b37cc6c68da1cccf64030e38069d71adb2e81e60a70e8e704d81b2,2026-03-23 02:59:17.796618
9427,59992,28,d10f4bc259b0e8cadf5498c49f4ba5ee246e8720151d75075f29efca3583dd5fd6d5441b3e55b755f816d24b92758ff33cd86d0596b61b094b9c7fc58546394b,2026-03-24 02:50:52.897949
9471,59822,28,48d4d5b672d392e6cdf7f7075f9943bbe08267e701ea7e0e996c8b991461b04810f043f072699c9948ccd1788f2617db8375d5591449249fe86a37f23fb1c0fc,2026-03-24 14:11:05.404321
9477,26098,28,3d78c0ce3f4b6d9b3333b2cd959120bdba3b5e64062b781b0b74b3394c5cc5ce49192c13f3fdb6651d9a865b622ece4054e5f21f8ae7db77539488af8c85120d,2026-03-24 14:12:14.078364
9525,14919,28,ed9c9881845b797cb010aad31a6255feda29af0c379a8aaa2d6f16d64e989b5738128be9f02eaf6a515f59cd821c651833f521bccd56b529f8b6689e5cea27d8,2026-03-24 18:09:46.83401
9642,18698,28,5d63c1ff6ad20034a9d2b2c312a89c8816eb53c98c187c5168e0c2330b8c221905d0d96bbfe99f2dbd50ae192c82e355e9c251e7783e023d45c4cc588204c494,2026-03-24 22:36:11.874432
9653,18863,28,2b4d489c19b05e1f3877eb6466cab1706caf514ee856851de8e5dda9bbe4b36689159cfb5544d6bd7361931684c8c9c5ecae508bc1a8826943c0ab23af498893,2026-03-24 22:36:26.64351
9672,23948,28,3fe9a34030d4009e443307ae994524005947da9e1a28add3c8a3c43ebd635b975a0a679e65bec83f3eed65cca234d546d137f12cbb6285cca912b2d40902a34a,2026-03-24 22:36:53.207683
9674,14190,28,66c148f4a5c71a496a066390ae50cbddd0de02e593b906951d0f41bafa3d37436525e598f0390611d7a1069aa1272707657d8f20b46090644ca618215a7c0352,2026-03-24 22:36:54.090639
9675,20920,28,eb5d99eb7bdabc028a94030436b3c886c4382e32aeccf45dbbb9eae920030cc7cb89e65118c036903c06afe0d0a9329fca13e31e849834985c72b36f18873b1a,2026-03-24 22:36:56.648969
9676,18014,28,0023e3e52458f194bcb35a6f5893a7f5de90b99bf385502ecb17795257ea2db0ca228f86a8fa7abc17613af097349d32530b3f270b6265ba0e4e73b757828318,2026-03-24 22:36:56.766532
9692,27702,28,3283afc21f88f7c13155cf4198a8ccbfdb9a649af25bd94616460032d14da2f30cdef1219c86f45b6f3867433eeaa876fe5804275f4b3a20ed7274c52114cf66,2026-03-24 22:37:14.81374
9722,15021,28,d04de983556a35a3732e259f6a16d6c8d7fecd8b08c1a4622b6dc11e5e1a2dccb6b2c8a4c0497c216f12eadcba726a438e1e00c8ab54d45bd44928be1b729bc6,2026-03-24 22:38:14.084669
9723,7460,28,773635bed8432d40944d0a7c2aadb555b7b23b58cbfffac6c944d924cfff0bb559ee1c3aa46af6af7556350bcafc1ff44decd6345fc9db13057d66ecf8187721,2026-03-24 22:38:14.259872
9726,10844,28,1a1f14a056aaf12c4614d177aa7b5990aad4fb4f77ecc4f3b4372705274b8dd6116569be97b952215ad84a1698fbfc73e6ea2034bafd37f161599fd3906aef50,2026-03-24 22:38:14.731428
9729,12165,28,a72b813862e7cb2bd82f64d04402a5fde3769716b798a6e38a7c00489b7afacf402b06ed2e819e0c029b704a47467d23d5e7eaa536dd7eb882bf47a4f7f7e808,2026-03-24 22:38:16.76694
9779,59964,28,12a078982ac6ac6d3f624a868ecf12eec1428a671fbc6dfaabbbeb6a8d3435fb8fc81ac8714fd5f6ed51e5c8c62d936ca9aba9024b735c99154a38aa83a48ce5,2026-03-25 09:29:00.474441
10324,18130,28,4e894bf0e03d62c5b127ef5a5be37436db77d82fa87b86b4df80146065a79609e48e58b8c5dcf1c2d5364c3bdeba7012613e32092cd94dbb4e1d205c02d4be95,2026-03-30 14:31:24.282941
10329,15508,28,fd2b11d9a3c63312020aecf33a841de183daab94c0c0edb90ab0511c7049ba7a337b680b57c7947069ddd90ebda1fb90bc3ee4f743bffea3fc184d46b8dc8dd2,2026-03-30 14:32:22.377668
10585,11691,28,097acce3b707fbcab35dcf4b4b136f4234bc16a0fca7e5d20810f82d145a21c2a9cb8b73283b0ac3af2828a761882ef85c4e6e7e1e0ef09c31a91439e77ffbcf,2026-04-02 14:09:51.817948
10591,14963,28,06c221886be4e391f000e3bb54c9bee8f82d0bddf2f33d6ec9798a668b76adefb7c8cc2e09f9c9e884854554091b659c89351ba37f31f3b19f3d56dd1efb6225,2026-04-02 14:11:05.370492
10611,21295,17,9ff46996d34f6208866c3e32c0cabd6b3e68d237f6fca93c8dee5f0ded1e8660dd7ee09d3414a24ede32be88d4da4475a4923e3cd2c47bcdf6c9adebd6800cd5,2026-04-02 14:36:52.719731
10638,16430,28,b01919296007aefffc59975fdecf4b64bbff6dd59471891c3cea916eafefb1114ad8800ab0df72b131d61fca509d98a0e8b95c0219f55dabc8c830cf45caabac,2026-04-03 07:29:46.66969
10641,27445,28,31eab66279febb2fdf44a55d9ed8504cf6943d8327b8e0c42b08607ada77f17fe81b9032371eff3e08cab4b8905fa9b971f04740323b62b0fac56d181aae314e,2026-04-03 07:29:50.519527
10645,20452,28,9b215f45317a4c4b6a4f17c6bb1846d8df62f544e3612858ec607b62098114082a3d4aa32ba3c34ba90d123b8881a17550fc26f01a171e87b0410b3fc49cc35b,2026-04-03 07:30:14.902993
10665,24266,28,9938578f3e5f36c506f424c6ac3ca94974d73fc42db3e46fd33f721beac293b40d8f5070fe386ae4d92f6bbfde899fc080dbe92815e661fdae6374d6b0ea11f1,2026-04-03 07:35:56.504868
10704,14397,28,a061cbbb6e5cc4b5bad03902e8069bb98930642add6aa0fbc6735d0c8dd28f5887c1dbbbb6e6fee4dabfb393de8cc49b053cd554a799c7f45454732eeb986f0f,2026-04-03 14:23:36.821956
10726,18370,28,4436b65aee4bd8248761cb4894bfb7d1945a18204fb4d3a06738165ef8e38591b8a2c7efb917a94eded28de93483bbdb094286eb38f4fd06a66a368fd0614c9c,2026-04-03 14:43:46.442112
10734,18237,28,440a386c971f0db66f23c4d2422e8130233d189a19ff6deda75c52c1ae4c09028f5b5af529afebed7e8de17ea23c1df1a6ee4e526145312133d4d2ef5dd1573e,2026-04-03 14:45:58.199459
10735,13602,28,6ca16564399f3da02b9683fc1134f201e2fb23ab0927ada63b54d597f544843d638499e5fc17f44e0c802ce184eed131d2eeffa4760bab0036a0be58c005b43f,2026-04-03 14:46:18.38882
10749,59960,28,037f6fa5d2d9ebd4cc12be37e4903c40836c81aef3063ce7fcd61114e2988d3e647442983daf39633ae6452984edd7f4991b05268275c95ceca294eb03bd6e76,2026-04-04 11:27:25.916984
10766,20434,28,956c298499a75233d6e9bea8816a582193b389fb088add847cd4b9430c473c906abaedc75a5dd58d1e61d82d767dca038fab0ff0ca00e711c66281d1d42ada8f,2026-04-04 14:30:08.377689
10772,23713,28,3f54e30c28ab17cda6008731f3b3ca2d4af580184db240a94df17967759094533b7c21b419eff6f20215dd049528a2a2b9742e681cfbdab2b35f21771e43b099,2026-04-04 14:31:09.701152
10796,25696,28,f2986574a486e2bb87ca47e8e2de097ae14fca08265f5b633d79e5d38f1bf43c8dee4c7a8d875cfc48bdedbbefca03b791848932bf979650368f83f037721aa4,2026-04-04 14:50:25.379887
10804,25226,28,c620336fcf8b39da19928682dd2fefd019f23b887a6e4a847c5ebc4833fe382f237fb97fd7f596dc9b6720b1a9273a7a0210739323d18a22cad3a557fc56f308,2026-04-04 14:51:54.385538
10805,27127,28,61ce79433ab59aec831499cbf459429f783368a80fbcda44875e941adc71a9f1337d43aa0be138d1fb248ff1473f58ac06a54e6a0b7175d3af57d8578d2a1116,2026-04-04 14:52:09.982387
10808,27911,28,265202d9a4e7217b3b3cc2d1f5278d409e0b77b45d74878b34a4238b9f4631b7bc2e2cfa4acabe3285ae4a7f56751d0adc8ba29fc282dd045ef917642141bef0,2026-04-04 14:53:12.71496
10812,21827,28,5bdd4a88a69632c2d2e876bceb95260b538b2516f2a2f8e8f621916b46a96268e06868343189782986351bf0412ed7d056d3f6f350731bc7153f365a8048aa2f,2026-04-04 14:53:44.656663
10845,11782,28,97535d06b844fe9d34cb6457e5e980415021c5662aa159bb6b01508b1a42a8a56b35c563df98541ffb12fdcdb7726299ae3cbf9c518c47b40d1ba9f02fabaf93,2026-04-05 14:14:01.243985
10871,18469,28,3a59d7b2fae1c161bf4b2b4d2c2f641712ab54bd92d20ef14ac7c42e6a4a00bbbdf37396753b16990648d5d1406bac4cd761763b75d972da57eee24e8a3a0472,2026-04-05 14:21:01.009737
10905,22515,28,77c15f8feceda98f7de87b831fc8687df9ac5e9c9cf0bdbdf587edaa68de54632042a6c17dc9d954ea784857997ae141395f68528b32e903039fc667e8cb8c61,2026-04-05 14:37:51.964209
10918,24149,28,4ee6e6632305d3a7d7a8e347b61c7b047bd669d132f522f1b924140b9f8ab1c7b6c17567dd176b8fb17a3ad128ba69dd38e77ef9773fc1630830391e921b2fa9,2026-04-05 14:58:58.892408
10934,10364,28,c56aafebe2da8f9281115052776c7f3f8ae2c09c75a69a1fb14b771f3ca5c048fe4bee37c57db503bdbfa0e6dda6ec409ee06305dfcc13af0d393825d24fef39,2026-04-06 03:29:44.835854
10949,16216,28,50d50e74410c4a117e045d6c3dd2ea59aecf7280870617a619518eb8d174543604839178f155c11b8df0bf210caa271a81650a5fa9f6073aa881da3bb63bf52c,2026-04-06 04:23:27.927492
10960,59963,28,54150fa7e21d6847bd6bb7b6fc35f5f12ca620bb67b4263c653ed698bc87265b45626c146f5bd26926808295a105ec1e2045e336aff4417a94a2c8b966a2facd,2026-04-06 11:41:50.860968
10962,59974,28,6e86f082d78c53ae00805aa888c17f1dc58de407c5342c2677c4b4b76fc7d82db45fbaedd6088179e9ff5d9778fdf65da121e2dc8a25815370cc9e35a3cfb662,2026-04-06 11:43:16.416975
10975,59983,28,0be72dffd4e0197fdba51150a672c6a1fe6b6c8b4df3007aecdf700129f754462a0d6942ecf65df972564d8496aed4b9a1862e461d38a8cb8b92bd76894fdb6d,2026-04-06 11:53:01.829393
10979,59737,28,5ed93080090948cf72cd6b94dea77f0c8eef1da458f27c97c3378251414e42cfc8e44b599d0a0a88a8b45931f4fed3615424c01a949a5924e0cd8e8752f94ecb,2026-04-06 11:55:53.6094
10993,19026,28,1384898a890656034613529f0e2bda01c6de941a52dc3ebc5eb0c49b8635ddceb9db350bdb30e9cc2498ef749e3fd9143813b555bef4015a4657808924fa6ffe,2026-04-06 14:21:00.958235
11005,60042,28,daa8aa1e4d07265b561a81cb0aef6c22f1f3aa4782f0ccc31d20cd24fdb800f59c188198c2c4ad1892fd4a1d037fd6cf5165c0853130e040ee249760ca4c743d,2026-04-07 01:05:39.50062
11014,19876,28,82f04717fe8bde7a62dd46373cfc8045f4bcf2177c1a02d0a69ac25bab4845229bdffc8c5473dc08c81484db6427f7ab61ddc692e3fe7f6b15c1ed1804d1709f,2026-04-07 02:57:07.942915
11022,19197,28,af71fbd7e089b030f90ae1bdd2ce38f716f183a0f3ee191d75ad932b390c4d9ed133a08ee4d2d50d2bacc54d94dc8c1c8476a66865a95a173d38a4ea9544d736,2026-04-07 04:34:08.027215
11031,16765,28,a2607a1307e7669fbb791aeb90b706b8e40974c4301f0bbc929e2c75242482f08a0f0a42a285dceaedb4e59d1b9a1a099c758e0b410b5e9cec10c747f493d73e,2026-04-07 04:45:18.378889
11039,22014,28,087badc468c2b2b248e4b916acdc3a78c8b3183136850365af3abd5be4e3330f899f585e27698e0236b69644e73056dbb80a8eedbf6e0447fc7939142ecc6959,2026-04-07 05:17:18.843507
11051,11007,28,95c8441d5d1880bebe71ff7483b0618dbfe20853571d5cbc3bba8bc83781c4362538cbf9889cc0f5e4672c1b92673817fdabb9b3c4ca4d57f05d136bf5b7067a,2026-04-07 05:52:58.249882
11060,9526,28,9d096c29b5282940db1c58b793259eaf66e870507f0f300d5cd69cbb2db3e9522baa4d6db35b6b3371f0ebb221dbe58f80e6cb2e9ef8f22f5e2a943d4b749202,2026-04-07 07:10:03.654638
11072,59791,28,ae7a13e97d757325233fae76358889705b1255e39f198d1b45bba8af6d5f113560b3ab7e7d6fad018a041965b9e16b6753cc11753e4a75a4d7175d95066f7d09,2026-04-07 10:03:55.665968
10325,9600,28,1d86d9a168aed6e174a18b4027d39d6e41aac8fd85b83745986c1c558e31d39c539fdcc9a3226b38a8347802f739112b8f236aced6ded4b918dca9e39c7b64c9,2026-03-30 14:31:38.950605
10331,25032,28,da313b2ade0b507717bda3b0886f216965da93c00202d8f552b35bbf0f7126fc905a5c83b66b5f5fc0062c8f768407c891032d6a2e9a0dd1fc62dafc6d637179,2026-03-30 14:32:40.460019
10586,18204,28,1bda318f6ef4ce6ad810eb41544dc844d317fad3a53a640fc720eca7c2cdfc26aea25eb461f900ad56f217b1ad52a28127b69609421b6d63a1a147ee1677bf0b,2026-04-02 14:10:12.673127
10588,2745,28,5df3d216de30a6b358731145bf17f9ad578fab07bbfb4d15289a8bd445fa08a84876cc06726ad5d2a090a18876b3b952f860f602c0a736d9c46df99b9324d57d,2026-04-02 14:10:27.082735
10614,18660,28,33819c4e6c445858fb4e85b8fde236742c174e14fcbdd194366f4f1245c598749525481d9d9ca7f9612edaee6a8338aa577fc664cd2a26cd510286fe6dd51803,2026-04-02 14:37:28.33666
10615,1626,28,b72d1f2f8d18e9b2f2c6982df0f91a524bb6d3c1487275d174b025f406a8f9a6b3888db4857a87b53fb8576c7a73ddbc2f2af357d6a6a2b2f5b8e44d52de9abc,2026-04-02 14:40:30.82795
10639,27359,28,28918da1a2e4da2fdcadc16df9998cef91b79ddf37c79418411a478dd36436b831d6b274d8c562d71d4a6c9d2ee751d455ffaeac02820406802b4a0e1895de23,2026-04-03 07:29:48.151574
10667,10115,28,5ba92437e3915737a99ae6c57e9727763ef9688e61719fcada6a9ab7a56095255465825ea3a279f6904546affe7dcb6be10365b164433578909c7dc3234a78c4,2026-04-03 07:36:16.498696
10670,23076,28,5b6642dc6f62c870256f142250da4a7ea9800f93e594e66100e34699a9451bfdc9998386a1e91df7e60cc3eabe331156214a27b755ff6e34bc387715fe6268f1,2026-04-03 07:36:33.430951
10708,23498,28,24d19a4634f296091f10b5516c78c21cc714080dbcb56d50cc6c8656d95d1709bb6e98ba1f0898fa65146c3afc016fd855ee1ad5f66e44bea92566d27e146315,2026-04-03 14:30:02.562904
10730,19961,28,c8122960afe8c7dc2345c552077ef9f9caea5b7d963a56cffa4e63afb8008be7ba4df2e876f7bfed3378b3abef7dbf1339d06d2c49692d962ded0c861f1ef792,2026-04-03 14:44:12.120938
10750,59983,28,98dc0b9d87bd6dd6065ff3599257c98042125b95fcda7f4cb5c0471d09d6bc02da199a58886717b0d5572b143eb7906298edf19153d81e9e2bc27e52ad3ea33e,2026-04-04 11:30:05.851908
10768,24843,28,45c88f471e5743925e6d07c4e0c2af367a17baca0b838f510e21fcc46dbfc5d92dfbb3c2ad6a75c390b7ae15a346509a0235456e42b543ddba8c3f616c7f2366,2026-04-04 14:30:24.480291
10776,16655,28,3dfa5d36b901169407e1f898ee2fb3d646829ef77e17c597b719fe64fa96ede0b319ca3a0d72a6c64d48efb3af80e63cd84bc292f7f95ebd1504108ef6f4a89a,2026-04-04 14:32:14.872794
10777,24183,28,f6648d9564f530cd0dfa84eca143f4485f4a129463e9ec4360819ee3e3dfefe325b2ca7e23f47fe5d12f68a4d2ca7c4ba2b86ed7014f9670cf494b05e916d77c,2026-04-04 14:32:38.629648
10797,24685,28,8cafa7d773cc7ebcba01d07848fafce8b33370e791df7fc47ca7209e4405c49e050c49f8b0f59a2c17cfe6a46a12bd5c414ec05357b1622c7e6789df60412fc0,2026-04-04 14:50:39.820685
10846,9555,28,cc712c8821f6193eca6f4ffd4eea01f810ed10a22a7fe40c1982dca1bb52a21c828adf20e4bb8185d80c6d703bb0d8d05e081ac028efa12859ba064a2d61ad96,2026-04-05 14:14:03.572268
10850,10289,28,c836cb75bd440e4c10a37a8047cb9b2e01cf81533e7b00e52eda7cddc5d75cfdbe1830850706d8f3ae66ca245e9c0044d474fe105c4343cd758d5db0042464a5,2026-04-05 14:15:13.626474
10852,27519,28,ed71219117350619595f99c8024aa68d53ad389e0186d88d18da75366e6b9935e07d40a33c2b5dcf53fb5b3cc93000a957fe2620b6fda098e6de3451cc831654,2026-04-05 14:15:18.479493
10854,24670,28,14b70744657531a211f244b1542ec5987847db42c733c636ab4d05865a72166a7c883f5af2d8e72d93777251470a3efc1863abf6325d2155486808444e71addd,2026-04-05 14:15:25.776112
10861,27011,28,351308c725479068d11a54782bb6575d038c9b46a3138c04ea2471a34047e6a91363e8ce4248303417e1c8dfcfa1da2c0454c0f2fa6168d887f3a82ab1cd7953,2026-04-05 14:16:11.037668
10863,23568,28,e092dea14a71870b828e7d0e409760fea639ff28ebb7dea4834e8885ce97f3bf8c2884432b65f6c511b55fb827a087e3a6a95aaaa259498bed9be837a3159545,2026-04-05 14:16:15.447473
10874,10310,28,a1c93a88a3203ab63dd357daac429e952850c29a1276aae8737f42f682844614820ddb1d3e9fef16f10cc7e12ac4ca893855e812fc8e19204381d9583bc01b86,2026-04-05 14:22:50.544192
10906,6843,17,d80922e3ee4a316d01bd7cce919833217c95a982748aeafb9f7dc531d4cab98b72b9592b90cf4fea9672e14cd57efd61271515778669845c58a752cbb6c189df,2026-04-05 14:37:55.815412
10936,12682,28,4127ce7fc58a182a841f27eccb1459785447c6b53c97552152511ea8b578ddae3615e2ca165ed0b02fe63c5048a6a839a4c22082ca284c66e74a9089d6203e47,2026-04-06 03:31:55.826886
10951,60005,28,8a8002ad095a83dd046c7c4f5664988bb6bd4c9011e1c33c143c8eddcd1cd051526fb9b1dd3a12440415b7778df8889331060cb6e8d3135fd065ff2d06aa2371,2026-04-06 04:42:34.812597
10961,59964,28,90effdb1397400fa3161ec1b198fecf374be034d51b8a82e074c3e0aeb537cd5e8026010e3c8dfd7b7614714be6603e0995a752ddc2fd79129424dceb749b0ba,2026-04-06 11:42:33.423529
10966,2764,28,940a4aa98690fd93de727bf0b56bfc9243aa20df28d772d6370cea65064c20bc39f3b99e8eb8483b84b51f309964ce410e590f6479f90e0d0d563409027017b3,2026-04-06 11:45:54.412614
10976,59982,28,8b19c28b8ac49f434f0755a760b022b9040dfe1ec3eeadcc2f8b6c25ef26ebdb3e23a2b2c37f5b69605e6c69b460d488a83f79d36bb89fc311f58733539ac95e,2026-04-06 11:53:44.721963
10994,59965,28,d148fda5df8b08642f4f28d2000c73ad65131b96d9e685435cacdde2dc031bcb7cdeee72acc0121e0deab39ebf33af3462e62dc5c6fd4cdadc569ba6736eaa21,2026-04-06 17:10:37.648269
11006,59956,28,f4705d3e3a67312caa271698d2788d8e9f7ca8f68d4fc910891297886e6e4dba5cc68f8027d6b7b5c449c8ab53a56a88c0601f3cd3c84f836ec9607f6dc14c63,2026-04-07 01:06:14.070603
11015,18641,28,e599f128818797417453c443e793ec9b23187ab5239b24de253946a89c03bf7090bb4d4be8752969dc618a74a0e198e245211792b8c92062f06c8af25ad66f08,2026-04-07 02:59:13.764591
11023,18836,28,0d0f398dd890cae6583953ef58c4a4ec0485607e0258a775466cc2fb37ce3412329fea00f5e7b367439fbb9527f4a01bd2cbd7f015790edf5b1be954e184c6ff,2026-04-07 04:37:54.303886
11024,59977,28,90d2f813233b93d7cb02b8da17d97876a51b1af8b550c708059a7c1e334fa6fc8762ac79518d8a9b8a6eec221d52bfe2347b04c4b83bde9da67ef02399adcaa6,2026-04-07 04:37:58.940333
11030,25674,28,066afecba1f6211fb2daee17a7485088c6b2c912c3ed328799ce3d4bc6d934f8bd62966b620806d188c791ed32dc2b863d69d433fdf1a0a4f62503973846cc80,2026-04-07 04:40:16.53515
11032,19376,28,25e6e2344548254f27575d8ade354573aa2393049ad69cf45dd81a19aa30e0d1cbbb772849cbb5bf2d1b082768d7fd57c48b64ab1bd2acc77c65ac64dde2ea6f,2026-04-07 04:48:25.997375
11040,22212,28,bcd96c4681a5f6875dddfbd45836ba637e4cff7ee0a57729a148f89c7294e0e8e213de3518a59f7b89316ab681bf67e3a3edd0cec8f2c2977d65d37296e4bd8e,2026-04-07 05:17:47.391489
11052,59985,28,99dd1fd4a5bb9b4eb0abe48ed42cecca295ca02aa02ec783053be066658ec0372a3b4baf18694e35dd33e319bd0e6977a2eb730c4018c4b3bdc466928b9c227a,2026-04-07 06:47:20.711156
11064,9236,28,bcfc0982c194811e23dba313f6c2b529be6f1e4662880709b43d6c0e29f22606ed3979b9a777e13c782e8afd44234d23f616e1d9cae78e60ca48b33ef19e4f59,2026-04-07 07:41:54.11515
11073,59997,28,ca2c5582b9bd66828281a1ebcfa48a767fcea92324ab245dc407fb0812b10c6e51706d12eb4f217db34f6c3976f9565f543880dfcfe83f6b9e16f4a83ac0bf31,2026-04-07 17:14:03.755353
11074,59756,28,8925783ebecfa56c06de1a0ad1443ab8e3415cdff6de6143ddf886a0ca67dedef2d92c72a8d7ee7bce47906d0956136974f0bd24f1880046a90f985de944ebc6,2026-04-07 17:15:50.535667
10326,10000,28,10c3093df3672bf3dc49c0ef1dbeb61e5321f7ffdf7f129a8ba1f7045603faaf9bfb021f99231c6097dfb38200adff058912a9629a3cedf0d040287bd80b6f80,2026-03-30 14:31:54.946494
10327,6478,28,684fa4bf260f2a11459b6b2b4a6a130f6fed02c685447e4b6bfdd71fddbfc4c9e550ed57ba6db4a33397c89c23f99c06cad14b7b2b19b26c4b66aad3ecb7be65,2026-03-30 14:32:11.85163
10328,21520,28,35bcc72bab858f543633bf6a54c4ab53ae12f0f04611bb220d41d48f31768a464e255ba1561a8eb132ed866eb940de992511a9db5b6ec00b6f5745bb82599962,2026-03-30 14:32:13.387617
10587,21043,28,a5d0eb7a5bdacfbbb1d1c6318a6b0b2275face8a09ab5552709e160279bf4e6adffa06326b52163a6d059f6e97e0db73bc2101a66dcd57b2faa60f429a97f14a,2026-04-02 14:10:18.768898
10616,10713,28,b6b9994bcdea34792a0cf86d9a207151b55cf28b4006c87460c56359c855a3978b2bf93319527a2ac3cc675220a23b1b686fa0791bd1ffc442f78e65a99ab6b8,2026-04-02 14:40:35.957209
10640,22329,28,73360baae805a89dc7bb3a51f22235f311f3bf20b696a3daaf1172ed03d221a0e7cbba648b799ab40b448c9ddde4fdd2e5e51ba19f38ae23ff1a3d811e5bc1d1,2026-04-03 07:29:49.414573
10642,17654,28,8ed329f32b4c484f13a051cb590e40cb6efd755985f7ade833d7cad055cba812a43131c737d1b926a323d909de18857202b5fefa3da22241f679648505192f9d,2026-04-03 07:30:11.089763
10668,27241,28,2f4089a4e89cef268c241329fe9fe7b16af78c63451b6d868cc71b62e3f812346a5049a7691cf9e2206d1cc4726a67099ec0bfdebb49588af95593937789bf8c,2026-04-03 07:36:19.536737
10709,6710,17,407c13b73f071a0a7218957ae34a8b0d00d07b5ec747317666ef8d38a55b4b42458e886e5678f8625ac8720443c6e0048f8a8885eebf0f147bdb82f3bdfc240d,2026-04-03 14:30:08.158783
10710,28047,28,0783c91fce98f26cf04de04b512488780e7d192b0bfee1138c179db64b8110a6e20c1210e303f5721b672289585da1ff690903e43c4d3114160a72a2843d11c5,2026-04-03 14:30:13.968139
10732,18348,28,281a8f5a5285ab5fdabae49919863196663c2958f23062d49d9e1dad2658b810100e8e7699c1ed2408535176f07fca430974cfcf4114f707a180fc83dc545c22,2026-04-03 14:44:58.683707
10733,14793,28,e449dd9fa7234bea101537877cefeadf1e46fcd27f16f779dcc161c617c9529e34b2746b66cd1bb82a5343453ff664ecc19dd96bf3969cd4df2807d14890e581,2026-04-03 14:45:35.971347
10751,59940,28,205f6a4679caf1f25ca511804d8ed8b37b1e02eae72cd60081560dfaaca841b8994cd617e747ab9fe6d5922842d1ef2bd936f432c2a3b2385bee19a6d5573bd2,2026-04-04 11:35:10.074053
10770,13807,28,1ee4951f114170fd947b8c5dee0c9ec15e21ceb9600293fd0fe6ca1541efcf6be9b63dd75be17aef9f42c60738a1b6233f764159edc98fdf06b7bd71cc5ac8f2,2026-04-04 14:30:38.306207
10799,20051,28,a094451db64c07fef5bd5f54f6606e7f2a35a990accba6d5543b8a84c4e34aa10f24d4457858fa05bbfc469e8e409c24b7210d9d01d164225c57391b626d06e7,2026-04-04 14:51:07.82286
10802,29221,28,81b6b8459b6853fdbd247a25d5274d0e06d2578d756acb9954d99ff1ba7cdce8b0bf2697535bccc1abb545568a501f9ab90b486724ca6c26be015d63139f0d5f,2026-04-04 14:51:41.518944
10847,18881,28,13e14f8284232ae8fb40c8fad37d7e57322ebf76297cba26934c010acc3f5b0245b9c954f479d16ea3c30dd9e2b00a06d390ccbe921acc2f0d2d0ee2798e5dc4,2026-04-05 14:14:06.122328
10860,20931,28,41c5e800e3a69c1171014a16358a5e486258da115baa78a4c345dabd654e4f820b39f18924f20272b23e8b441de13e0307e003ec467058510116bbc89289a8a9,2026-04-05 14:16:10.399455
10876,25357,28,c1460304b9d66e50c24c117c3e454b2bde75eb21ec89a93c9b3691c83369699b6065d6747676a86ee59cdd5276ca39ca19aa38bbf47fa1f2421e8972c961999d,2026-04-05 14:22:58.509081
10907,10314,28,0a08f54a3830bb75c482d6a35feff16eed33e22d318e60cd6c29331757f86999e905586884f0a5810ef56971f8ae025860db3b39421c90a95cee888afa2ca7b1,2026-04-05 14:38:06.302796
10937,59948,28,dd7375976793153b9b0bd2ca3d8aebed0c07395114a1eba7c1761aae3aee6757a2d491f82a0704d456156ada65219dd858d3cc62a87e1ee2bea11da6732a2011,2026-04-06 03:54:57.950017
10952,22823,28,af83d21968e58b9f4e2833aace7b484bbf089547ccd998b4e54d0473bd029771068bba3d1449207ebecb211bba61cd42ea42be103dc76fa5f655cea1291b012f,2026-04-06 04:42:57.648958
10963,59934,28,8a223b59193380c0e50889e59ea9b6ebde00b146b98e12903ddd09627975209c9448bb70de72cfb8b0ee57e8d82e97a9e0028bcf88f0e3e859dd2d14f63d3dde,2026-04-06 11:43:59.513389
10977,59970,28,8526e24e61302e83d4ccccc0d4f8acf10b5ea7c41152024d633130863514851083f181f2d16fc5f0ef3dbe6d2e26073e3925c24322d33fbb25cf60eb0d36ad02,2026-04-06 11:54:27.634512
10995,11145,28,1887860711ea29b6a056a92c95645aca2e66d5f4d6bef53597959ba708119124e1c2023d4f89b4a207c42546285b76045625eb65fa4b72135e42449776c3a50d,2026-04-06 17:38:17.675427
11007,18735,28,01eab243f588164fed33e8733da6a7be62852dfc94b5034de800a93daa03df39142e88a4dcb98de39f3e208e07c5ef7538780cfb485cac05973adadf8a4c8633,2026-04-07 01:25:06.971148
11016,26124,28,203ae46b28a19c86deff206170322d223777b14cfb382f564d81caf93cd9b8d68666e73b947cf7c70b3b92f1e5fb75b1fefd4aa1552bc0e7fdb5709fa6a99213,2026-04-07 02:59:55.838784
11025,18545,28,20cfe70b38a51a85bcfd5ce66801d44fae43df78f96dd112a678b558a868fd4b197eb4f36db34d2f758e8d7645ccc9459fead613bfda7afec00d844afe264923,2026-04-07 04:38:26.417337
11034,31152,28,c26a2433c8685098165ba3b14f0991ca4f665bff557643c82c0af17e53242abd3861259cd3967226386dd48059a2bad13506066a3b2234ffed8cdb30ab85be6c,2026-04-07 05:00:14.480108
11042,31155,28,c8d534ef3eb60781e56ddf1643599954c79f37433be41cf6676e87e2869b1edb9c9fe2c94172c31f4410930b1566f4bc257da6defd1e25b12448ad040a14740b,2026-04-07 05:33:46.367339
11053,5612,28,134db4cb1991b0d43f27bccadccf86c78c7ff50d4ef1457ea5e1132e7ee3cf5593563a59d603bac2cf6c53205bab232c26d619e82104bf0dbbd7ebcc4e9364f5,2026-04-07 06:47:26.311794
11055,14371,28,fc8ba9f26cc1977b4662d7fad33003e30bcf32d644dccfc5c241d802ef36c05ad4ea46433b477cf39e17ff763df396eea8abefd60a3b9b38ebabf201d9bd952c,2026-04-07 06:47:56.235921
11066,9057,28,41958b47d718be93bd8c3342fd24224f4edf9729bf6499bed8710220510b3850a958291b10ab21f2754fc5aace39f37be29584df37d309020dfd04d2350995b2,2026-04-07 07:46:42.331309
11075,21403,17,c9ccea0f8ea6e0f251c3c6ad7e26a6899a01044c77cbc778e74b4be23d868d340f6d419ed7b4b4458c7c595082ccc2b3e8e6f83ad0e7a71293393e4ef198b9cd,2026-04-07 17:31:20.738411
11079,59947,28,6913386a6d3902340d49a7fa5d39a88be33fc98cb5a9ee0aa9812e1f59de53304553d901cb1f35677769eec89dce25b7a78a6db8c248a0e4337318d30cac2abb,2026-04-07 23:13:06.792784
11084,2330,28,5ab9bf83e65b87768a5de5249118a49731d63268cb3b398d8c34e544a60b08b301692707c192487a370238e842113abf60317b9bdd1fd24e90309769a8d1d26b,2026-04-08 04:57:26.48491
10330,22664,28,fd13b40a84111ac2b37c66597f74a90e06e647ce60390bf66d574b43fce5570369eb1994b6154ebea054a09a118229ae81744a24e4652f04439bab7c23c0449b,2026-03-30 14:32:25.472162
10332,11585,28,be45294362c8ef2379078847d8d2cdc259e84c78bc5679de7882ea9ced1c5383dbde8fd7b70af05b1aa98d3a2dda3562816a6cc61f2ae9d9e1f8da896174aeb8,2026-03-30 14:36:52.467159
10333,11295,28,343026d96881073594b8f36f2e10b3940cf5b2236a96537950200f1ca028041cb5be0d4c876793cf2e555fe9c8696a476f37f5bcc441968636428d16a15233db,2026-03-30 14:37:11.243478
10334,16333,28,69fc6963193d8953ce8c6cc934426c5fc11d8872ff60eced08e27591167715a0f4c4dc326fac349a74acae155c8b6a52b190bee1b4a4d2c62441922388af2013,2026-03-30 14:37:39.8163
10335,12979,28,3ff4242f86bd56ef0f616f41876236938fdf18d5094a4cfca0e0237bb0b19009ad45d1aee64517d573209349a245ab8c0b4fb2155350f301b87941f99820f02f,2026-03-30 14:38:01.629585
10336,23747,28,8bdda80d22723f190273de24415c317c2a1050507eec59a9a53bb4f59a958d4e046fd877506ad000e810b4a43b315c20e90aead61080e0af6e97e97c6d50896c,2026-03-30 14:38:13.863507
10337,14946,28,9387935b5595ab129bc8733b51dc481a44c2b664e69d915b089f7e6340f5197de854e95f6f9f0581447c0263bc8b5079a9108482b9dfa1ea7be6c76226372985,2026-03-30 14:38:31.813361
10338,13435,28,0e36b7ac0f8b58101e3b265c18b88418c667fe139df8ead19c9c35d5b7643141f1a5462831d64502692dd20e3d3a4ae3c149e3a6a74dbe6ac00e359f5f9d4898,2026-03-30 14:38:41.662158
10339,9841,28,b802ed84aba0917f7e4889dbfd2d5468ded309d647f487187f2580d8f93d97f2099f3752ac631e08f3de70af0d9d962f848b1fdf993600939ff27b534e20ccce,2026-03-30 14:38:42.351631
10340,1437,28,7eca3bf1d138c39aa06ced2dd4cf24e3754418762c7dd18e2d6f9d3e67b6df77484bfa568488a329d807a5e6d21e96ace06bf07aee4c572f8dfa0e626058ca81,2026-03-30 14:39:50.799202
10341,18502,28,fd2139c46cbf788b7d50c60302904a1b0d65a7bb7a2e963b28cbf2bdd9700035855d4ba79224c71b3fe97e3e5d48ed8e4d426a5102a62b284b0e1226b3ad028d,2026-03-30 14:40:24.568018
10342,18177,28,f6c1926adbca3054f9cddc1dfc93ea924442c1c2e0d5ab9f0a3bce6e371d8a95eacbca890daf0b0e57a08faeef313f28210b90fef09c1aed26b35c7c3a04bf99,2026-03-30 14:40:32.488926
10343,19229,28,48c6a34d4202ce4852231144fc1b7914ea9cd10b546998aaf483f2278dbdafcab6dc0f3dc3228ed9fb16afffaca5a66243107a7aef1e8120c364d28df6e1ccd8,2026-03-30 14:41:09.577389
10344,19720,28,0de930b565d6ec3ab5d44b0aed640d4a72523802d5febacbcdd728d481df478516d98a7c011ce44809e2347a3c0dd5c33352d12c1c89890f5f769c22e669fb61,2026-03-30 14:41:26.154017
10345,14156,28,51d9a62d7d9602256eae7494f10d89fc981b4c9317cea31b255bdd62f2ff9eed3e4f14b93ed287f865041982dbeceee4c2c4fc114e93bc0df2943c0a8419335f,2026-03-30 14:41:36.573808
10346,11953,28,8e32fb3a2b7b3e0bfdefd6dc9f34df699425797ac9ec3bcc69605766a10df34153d44892f3dfce672f8249229c0b317d1a6542f85b014d35ba46bcf9a5ed1cba,2026-03-30 14:41:44.474306
10347,17308,28,251e10efafdb0b9a7ee37cbe5f9a51d6f49afebfdfc3099a885c52c4aa593d278a4f70ce026e4015904739098f34a5100629aca588687d44ddc72da46ab82578,2026-03-30 14:41:54.408382
10348,26807,28,8acebb8d35672ad2df1fed98aa44d34f0d7f2ef367451743662e8a81168183684cb45da0a5abfba13fa1ae2e43ad023c165944e27ccc95151e22afbc16e3eef2,2026-03-30 14:49:08.105809
10349,27367,28,2cf30dc78a6f2972cd08b8649b5eefc9590275a7017cf0a2bf88b980c2330854a8d675488200fb704131334ad57d604dda442d52e2662d0a4bc7f1d7341c1d42,2026-03-30 14:49:37.858875
10350,24345,28,3414e6c02592df60cd86d8ad93cb8a6ed70436950da66fd2a4e98e35e2d7785b760cbbf4364f576ed03bf1ca77047ea52c1e312600f6041407aa0d289f09cbef,2026-03-30 14:49:41.581417
10351,31517,28,1e92ae702da00e3cc601c269dc105aa3fbee5e463b183645a904cf80d7093aced33655270cdb6d866721411ea24eeb9683a8415f8ab953104c313a4a3b4fa967,2026-03-30 14:49:52.861315
10352,20720,28,2dd5254eaf0986a4108ff0ea97b9828eea7643111d95b8d87380eb282c11beec76271aa59fad07e0ea06c53e39ed99c23ba980e26fda4b2224002d70c672dde6,2026-03-30 14:50:00.764824
10353,18207,28,6e67c8da6dc4c2db1992915c002c19ddb4d61108ea55e7fdb0b3b01df901145704d332f8f9f47005ddcffcf8b4525a9d83c7ca3b596fe3147b34ddf574e0472a,2026-03-30 14:50:16.929064
10354,17948,28,37a0a2e78ca5197850f26af5cb5ada1345f5f6284cebcbd1fcfa072211c5590d8e5d54e3238c0f1d4797d245ed18fa15ed5c65a3bc3c2acf5fe32584c3a4ee44,2026-03-30 14:51:04.658046
10355,22022,28,025ca17f88c85f13ec8784e931733f5940f5f6e46b7a0e1eff273684112a5f0de761b5af693007375da67c0051c73b5ccd65908a1b42487cfb822372032a8890,2026-03-30 14:51:32.681884
10357,16421,28,8d03a304c8ade64a04f264b3e50c5dc1687d170c90ad35ef541cc920de4b45a9b0c0ad9ef6caa4f1abb1ae118fe06a00ceaf7603d9d9bdf35685dd0a298a94f1,2026-03-30 14:51:43.938644
10356,12857,28,4648660cc347b6903f01afc26e24385b54d6f0bd2e58f520ca0d6f3df6d7b66651286dff100a7a3ea574391744c6dfd0c285dbcb8674ac8b0ce8508ca4365cf1,2026-03-30 14:51:44.035069
10358,15093,28,4d8bf39586bcbed94b60f730b391162fcf7f19ec9486a2272b346c6302219e92198104a11c0a283015bbcee491f566e9f3d9dedd349c18bc691029361cfc4eda,2026-03-30 14:52:10.187985
10359,14090,28,472025946fc209f90080516b49c1eb31fe901f48446ea07e2ddebdb5c8b2e08522e9f5ad70463efd53a878fb0061e53f6a927955690da9269f3ce9bc744b97e2,2026-03-30 14:53:21.36549
10360,8073,28,3f7ecdec8c93df38f3ab3f37bd001ca0973563c49a34d5c772cf037980805dd99434c522bd28e3aa8115b4ae470a832dfe286d2e5b1bfd9a219c1d2de2c7f438,2026-03-30 14:53:30.907401
10361,18966,28,4731a6f0fc7c7982b25960a66cf765f739136e2a58f7eac0fa3a6f033350a990d9eafd17ea267726b77c9423b4f2b79ef512372fbef16c612a0614340933aeb4,2026-03-30 14:53:34.224606
10362,12571,28,746e8ae3482404a2c96db5c21a8c7b5b2b0f725f26a7596a9bd253c4689f3b77a25edc2b3d7cc4864c96cb3cc482be7bd88b07a184623a2c6ee2368c09f48fca,2026-03-30 14:53:56.134125
10363,26099,28,6273b609827bcdd6d2be0a8ae3849a07d8a35fc10a7a0ef004997f0b778145cb9c8b7a33c3204bb7ece9922e4f5c54f28c19870b1248b873e943a16985aaabf2,2026-03-30 14:59:52.540693
10364,20392,28,86a6646c777f5bc1e5be2931ee4e0fca06df783cd84fd317c4c47f5b6472584abd1cee23843ebe98df0c6be21b11600482c53dea69554e8581c2171474428ea3,2026-03-30 14:59:53.176678
10365,29382,28,208ba99ce2f4698e46b1c8f57f8f214bc196e65fd471ff6e666f0d82bf1c15b306bd76e2cbcfca30583bdb14fea98dcc29cd578eecc7f23c73cb3bf213507e0b,2026-03-30 15:00:05.176618
10366,26034,28,8593a8fd135b3a76af3e2869f1d5cd88699e010f0cdfcb7ebcc449ee8b628721340c0699ba91872783378a5346f59c6924491bc00ceb14cf999c366fb32941c1,2026-03-30 15:00:06.553084
10367,19711,28,d4d95b0a8b377056a947a87927dfaf9ce6c221cf2676f7e4391666f2bb681263d740611589fdcb0698a7c5520c4a589c81e48571d890171321e9bbe43a85111c,2026-03-30 15:00:07.751064
10368,18789,28,42efd9934f7ec266be7183251e3a430c16a6a10a087f4d695ac2e2a43b7a62a1e6c5fd844d9e9476fe520db1a7408107a4d6654682713dd713e72f46fde42e99,2026-03-30 15:00:15.716599
10369,14430,28,a1b2958835d607580ae2d5e5b0ac7d96c5e30191d627cef442cb345528f3578e4137b24985ad868c56444704a0fc2a1f1ef6c04a98d07272e45ef894e2a43ea7,2026-03-30 15:00:35.813516
10370,27010,28,641981c89ebbfa8618db4644f32d97b2ba2aa2c59c24d1bb96d39eac86aac0309cfb1a3f1541c1cf2938caae864f8f7515b2edd0e9b0ca400d9f5285cae63b93,2026-03-30 15:00:37.119538
10371,25851,28,8c96e4a2dd44b8b3d7a9842ec646644d9aa3cd1946fffbf0b48eabb77a715235141568ce9619a196b35074cda16728fcb6a231efbd049bd2d52299c3ff919236,2026-03-30 15:00:42.4197
10372,25845,28,48cdf36b90bab25b0eba8879d7ed7499d8ca7a6174994b98f60f8bbfde2fdbd67b2febe0bb89b64bb7e5096b2b66bd35ae96754754ea8ac68425af1a1d4cd92c,2026-03-30 15:00:52.014292
10373,25324,28,76d314cfdf45efd3f0c313cb87852b8b43228d4c2e068ec20a62fe4ab41f9b76909c8f5de272f7c3bbd9b17cf1d4056c550f59f02f810d4b27f1166c217362be,2026-03-30 15:01:04.819152
10374,25759,28,58d91808490f2876f7ea4fa37ace47c325a55ca0465e84fe0f5ec9258b2bc34c8d2bb88b065640f7ee70e7a8de98bc33d3c8bb4a505021806c80e98dc4d5d349,2026-03-30 15:01:14.361116
10375,22466,28,c1b73cc54c7228ddeb608b181ed8526a5ca6408ac95960e11a960546964a1e841a409056f853c8dab3cb630d546c853840545711b4dd1a16f7571c68c30e4787,2026-03-30 15:01:15.868836
10376,19041,28,9bfa2a4c9d82f6b2f1c43cba36fa27908cbef0914e6e838237b9cf99f41da2d48e331a723a86316236bcf1ebff233b4b4ccc2d43ce7acb071d8fef4ef91bde15,2026-03-30 15:01:21.948793
10379,17050,28,8ec2f5c1b14adc0c6ec38e36543325edc983e660f9efcb6267a9edac8df7e32836370ee08a885d1e0fd78638168356a5b3565f65aa790908e3bbb892367ab30a,2026-03-30 15:01:27.315883
10589,8666,28,30182a4ae4a463b43ffdb8bbd681d7b1ada7610e072477669c6c2b9c87c2c6c497d97e93c5401430c17d42665781872fac15dfbc308d218722edc953bf02a020,2026-04-02 14:10:49.388965
10590,18917,28,22d3a51eb83ddb055bb85e6a711574308de2a34c505282dfc011c147de81f574c0528760784ab638b5238fa26bc7a4f3d88561a8b90da1aa5178f21a9451ce06,2026-04-02 14:10:51.529822
10592,18033,28,8af5fa8fd22b0bfd4c6623e7d966e736ee43a5ffb114f2e0bab481f2574eed31b16e272ef722282f2d3eac0ef51ba9b5477c748585cbcf11eaa96fc110bf0b41,2026-04-02 14:11:10.726508
10617,16320,28,3bdbd219991be1a125a0337d0f229e86499913589152606edf851975b485aeb93b98e006bf7dc7d9fc0c00ec2078993f415df5431460363605a7e9565d62fdfc,2026-04-02 14:43:54.246576
10618,22977,28,4a20db001c0d70833a4bd98ea2561b51a3c95ed595410fb1b867bcf4cbac717cbc1d7cde2397044e60f9f1b6e07123675137a0b70fb373239223c97a032d8d17,2026-04-02 14:45:49.750623
10643,21266,28,bc45cf6d53fd0c66f727f5f23680b0d1dfcb0fc1aa66bb354f9f6dee3eb3d409872e78197da1b88ed496750ba40233ee2529bb80c59245a3d21394002343c136,2026-04-03 07:30:12.491679
10646,1696,28,e8ef2ff850d6fa8729e3048d445dcddea0ca9ab44606f05c24cfded56de75893393d329342c2afe24cae88fc039f8ca7f647aaef4ed8eb4eb3eaaf99a2067d5c,2026-04-03 07:30:16.005227
10669,25333,28,3a7421bbe0e4d443bbfafae00ff00890a58de43c44ba466d86a46a2ab42608316778768b7751a1789718e508028fbde8c5a2295a63d757eade9316cf6b2d0684,2026-04-03 07:36:33.422967
10671,12139,28,75ef0a3b9cce3cb55aebc2b10056698aec53a3f59ccd228554e147d06d9f851fd655429c954581cd28ed7a01275ac11852b9e43503c7a3560196840b3f7e39b7,2026-04-03 07:36:44.472683
10711,12274,28,46b1882b80b05c9bbdf43c43c3d236d2f76a3124db452c46f56a907be9342469004be3302acb139ef26c7dbb274c407e52539b358af2b35505b19f561b44790d,2026-04-03 14:30:24.695405
10712,20483,28,f70d04a3d00b85414e8ddd0e83b46ae43bdaab4b4b0b72c157be439b2f6c7ac123ff4f4fb3c5789e893c608e0b23082696bda8ec3fadb2794fe58fbf1d153a53,2026-04-03 14:30:28.826909
10713,25122,28,142bc066a4838d654218823babf4bb4c63c91e1f54e21ef527cff02bd91cc1553d4e21d7ed93fc0aef8e55eebc0bdaa34f5768d67f707816409be61280c53294,2026-04-03 14:30:35.36932
10736,18166,28,30c9fa606af0d64ed4fd5dbabee2eef7bc43cdf7fad90be31a5d8e4e922f53df2fb9d09bbd5a73462279ccf526d4615e18442b3aafc2215c110d54d37ddee95a,2026-04-03 14:56:48.884515
10752,59992,28,4d1a4ca9a216c7ab8297789c33327a527e837ba56ca0ad8e444134a3006e7371114d5166a8a31ac963305f5a54fe8d5ef4bdce756f39353ecb902e0f2ee0d9f3,2026-04-04 11:35:21.840218
10773,2083,28,755772026f60c608f0a6c32576b83a27f26a3e7764d10a8916d5ea600a1030189d3d0756b8d325563821f4cb519b824e87cc71de6f7e95b64c3baa3e7b30a330,2026-04-04 14:31:10.213818
10801,10403,28,99e8c39ddf3498925dc0a12254179652e32e652a2cc82329d8873afb425f9cd8acc21990a262f933fba5479a571e4370ad1c15d7aa5d04832b55ed6781ac9a5a,2026-04-04 14:51:30.616266
10806,6865,17,717f95e62829cd06222e7a7d1dd9bacea0763dcdb400d9396f5d1e99edf3241f55ce8488157ab9a9d2ae443526917f3f39c1886911160e60a8f5e508aa6360db,2026-04-04 14:52:32.394365
10848,20868,28,73224ddecdd62a0fcc2f05b768275226b401ac67350f7edd907762158d582811714131e89670c2dc1da6fe231704335dae57eb5e1205767f509dca68ceefcdc4,2026-04-05 14:14:12.242163
10878,25957,28,87cf78345b1f4dd3426c74065462d3b2f6401fbd24463b9eb67b4e0a66342e371598b444b4ff6cc94b39a4ae406acf0dfa8760c8011eb8145c551842c2d7055b,2026-04-05 14:23:21.622854
10908,4931,28,9cee728a9228539b96505e02cb33b83dcd7abe8ba102bb6c4e9069dc9214eff184fe2f3c77eb172c71d7f30412257047dc77cc28499e355a45db2cc5365199c8,2026-04-05 14:38:12.871323
10938,60009,28,cd94f51dccb2c95590e15c17c2f6fd1f8ace1c5c257f0287c9108637755c986cca246648a33ecc81e1e419ca98c180c3db4e8fe8c1932686225ac093c1c56282,2026-04-06 03:55:58.02631
10953,22685,28,f349b096afd122c34fcbd96f596ec08bdefdf831d6aa4325332ea1b4c36093d553802e9f852521a0e1f74e99a659d73ab24372d42e059d7d6346a7603f7ecbb1,2026-04-06 04:49:55.900489
10964,59972,28,1333a4c17b39139a52f82d8b863dc43695ce00a309d6f85f6e996331fa60128b1679a7ee0c5049600e7e6ee00d7fc1727c2a2ff1f356e2f61eb0e7e4f8408cd2,2026-04-06 11:44:42.672359
10980,59736,28,c07ddc15d5899ff2658f4a4415cffa0aa4de2b88ae36854ca539c9d4b776c71d5f77c656b0d74ed51e696790144cc8a42726a4ff3fdfaa3ed68d3d7af1d8a6b0,2026-04-06 12:08:02.918874
10982,59764,28,fb4d7db7419c849aac2d6e824135a6425ea0c4f47bdd85500d039b813a031891287abebc3cbef9aa8bc3c12e248f50cc078619c5c7a2235a95ab849d06289590,2026-04-06 12:09:28.608169
10996,59793,28,1c7f1e6ea54e0c7cf477771d26037978bb880ede64655fcb04e6b3863469b4547f1262939dfc4a00b9a88ea4f0f8520502e6f3762bf0a4a25e196965c23e706f,2026-04-06 18:21:00.290652
11008,28381,28,8fe492d0bc0a5fb622488cb9fde8c3beaea34c2c3d1939cc69bc88f4160c640333774507f1d48e20c4eea9ca7e7dede9222e1ba794aa3f653c1aab47cf467b61,2026-04-07 01:26:59.651572
11017,25294,28,4bd61ba4a15a8f83fc1eacdfbee496232b489bf7b9c3ed5866a70b3e416709ac85701b65292f02850c892f9b894917c4aad3c0acafa02c6056315995d9b5c0bb,2026-04-07 02:59:55.918739
11026,20571,28,8c4d0f466db97532be885f11ed82c3e8e857d1a749d9de0f781a8aa40e73810b53255997e2726d4c11fa695f88a1f4326e059f8d0559b234d358c56249b28fe6,2026-04-07 04:38:47.725054
11035,29325,28,8c8542edd95f8cb8bf967d71b4e5d9afe528cd7b8a59537460fed933fe8d93f91fa5abd26e8899b0db5f292c57983fcc14a4458f9b93bb8dce456586bbe47963,2026-04-07 05:00:48.169683
11044,31196,28,3544bc098bd0ccc8330e9e43ab511c0e06d918a39cfc18941d12f2738548618e097a5f519c15cfe750cc85fa8ffa1a565babf91e8c32f1795eed11bb98713d41,2026-04-07 05:36:50.533665
11054,14319,28,9d419ff1f8fe90c55407971b4d35b43adbacd16ecae1e21fedef1b88dce6c30fbddecd12ad729f318823472394ed5ad3427c4ff16f795fb32c553dcc91229486,2026-04-07 06:47:55.278124
11068,25260,28,3df729f3ae16963107ea6011490922ae30d7e8e4843a3e2200bb7c9051f2badf060cb17728353a118468d3c9e1595fca492ea0549fa09d0dd5a66cb445ea0aba,2026-04-07 07:51:37.482146
11076,1884,17,bfc2df3d487da2aa2bb92ebdce37f2cbf1b987505dd8dcdf04f2bd331cffaa336446d2c3c43a56824a00c1754faa6e01da8773d39ee9260a9054ffb76b557e22,2026-04-07 17:31:38.625116
11080,16969,28,9132b2d3c6c573a3d65d0fb19a84b3002b73c8df6b11a2efcae14fce1047be192ffee399958a3dd17dbc9af3591727271a42e65e9731bccc8932c5ea11831d16,2026-04-08 00:34:31.150804
11085,15588,28,6a2a6f5a76a43e1d6eca11dc096b2baf4d6378c2f68dbc461726197487a3771bc737af836b2e41a252027da8739633cdac7e99cd8edf89ab19f353553d917b15,2026-04-08 05:02:30.137563
10377,22448,28,601e7c640be834f75b91c34c0b126cdb76af87eab2127617fb24c5fbc592463805935ab69e03e79dd3694f9f1853d1da019574d8f52565c6b38f31bf47962068,2026-03-30 15:01:23.084337
10378,18216,28,da212aea59b94e35a84840b0a777979ff5980717896383d14c8402c6bffc2670fc30a9289867244981925110fa4488b5c4cb9c8b97248962f9ec2a3550586066,2026-03-30 15:01:24.973762
10593,1105,28,814e3f84e32f6102fbb0f3bc3e6891ba5142a5902f4f039b7a218568e67438e8bdde4b33a6aa37dcc6489c194a4dbe2dcc380acd91dae39eac301a1a0489dd11,2026-04-02 14:11:13.171958
10619,7069,28,3b1c9bbafe738ad2da79660134743fbf508a08561816df1c5552cc4e91dc66278767a1eea4723a8a9149541d19591a40a02e193ece727d9f43cf014d7a3bd174,2026-04-02 15:09:00.218971
10644,20441,28,281ef7aac3af335d17d84a0e0e0671b7af65dcc817fc5f2e8491c342f23457e860bf136f8b5de26a1bcb8901606e62c16f4285247e06a827d45eb72ef07d85c5,2026-04-03 07:30:13.328431
10649,16556,28,7ce24eacdf33c2cf7dbb24bc649eb3b45481e840a8d670de638db53a0ef0376cf92578f5cfabf9c95db26f9b7a4d4ce526ffe1bfd362e9a629fe448b3f0efa98,2026-04-03 07:31:07.458311
10654,14244,28,59893b2dce8183362c43dee028b8baf98b2f5f26e4b79a088a3288ddc6699721c8e0c83645b4adffd2022fefc40a95002dfe82e7e628b32de43c4ca208600ec0,2026-04-03 07:33:59.711355
10655,17630,28,abcef1e1a0f607d403ebe834dea07f797eb032d0ab5685cd0eeedbc856b7ea506ab4e777d66b6de6e44f6de0cd5c55458ac7f30434dd61bef9670cdbc3b68ea1,2026-04-03 07:34:12.907528
10676,25635,28,cb55838924bc7640bba27dbffec346771fee229212cab6634b6b67b5d66ec3e3a9774bc9fd4b0d9c9e08d53a1ee5fffdab618224bc59b79c0d674a0f99143024,2026-04-03 07:41:02.638052
10682,25979,28,5d2436020d9e59e77206ea3ec7e49e8b1212605207a1ba08ccad4ff44d5eee0f8a77d5152a8c7428ce69b9ba2b1f2f93e8651a1cdaf2c455816d380ee7fb9bb6,2026-04-03 07:42:33.205518
10714,28026,28,320e9dc41c8d4a2f05a340b69b3cf375a72598cab8a92fef34d2e0f5efab09b7f2552d84bb8c141ba905ee04066dbe2b9b3be0dbe51205274d762ffd6119f7fe,2026-04-03 14:30:44.668411
10717,13805,28,8a2cff2e83662668e4f89e8b4699124de90db22da6d2ce5d6826ba06ec56d6b8820b78770d233dff7612411e864940862556a7dd4fa62a36c38b9d51b6124aed,2026-04-03 14:30:55.979194
10737,18984,28,5c8c9de636e2755b141a01ceec41a6fb1bc879dd72b6716e34b9fef2dc733943d859df129d43bd87fc70c027d38f9c43df4f1765bdb9c95e49cbe6132ddbaeb2,2026-04-03 14:57:21.576573
10753,59964,28,586edaaf5512eea09085fc5a940505d6386cfe4774d513cf06242db44dabbb5c20fc15c2eb3a4cbf5f685e7c83b5c4208f25dbc6f73626b689386cc9fd64ba58,2026-04-04 12:01:49.666697
10778,12193,28,df92f309f87eb8c9c67837b4e73ad2333615d3b010feb5c7464a9a4ca679804704fbbc5ba72b8951f118456647a905986a93f202556d43b6aeca9e81c4d4ef65,2026-04-04 14:36:17.783644
10810,14404,28,f508647f908749eb9dfae33965eb713c856554c1ad437394bd85b4ab851e19ca617c3c5ee4951988884370cf32b8779ecac291cb9eaf6423d3d22697850f1148,2026-04-04 14:53:25.421965
10813,12170,28,8c7735612869346284f8033451100c05f9a28f4a2e67517aea22e728094e675d3dcf2738bcaa844a87f18c4702862832548f396b80c7b087f02688576d2b1a44,2026-04-04 14:53:48.502051
10849,23480,28,f68edf40103eacf561fb0ebd1440646683c758a2f9edcd661c13de55ba259ac10f92358e0a1986589e2a7cb79065e04773f6a2490223e151f4c880b04b5d6855,2026-04-05 14:15:12.796105
10853,12152,28,5ebe21fc8f502f7645feef30433f2263f4b8b2b82a1ad14bf90bdbefc66288cff0ca6ef648fa818a19883eb30eab4f388360c2716823caa7dbfe6c07f53ad9fb,2026-04-05 14:15:23.680951
10858,21068,28,3a9068a1bf05c55a00aca989e882c570a8177a779735a9329aa8716baa52e5d2e62b594477d0fe0208e570c5b0d1897c9acfdadae7d61bee7614866727ccf531,2026-04-05 14:15:50.427896
10859,18278,28,9091d8498dfab01e2fe36218ec0d1c8cbab4ba4fe45668d3795d19bc5985e6efe8e76a42ec653f0826ba889dbc4c30330a5fc1c401b46b921894d8a1d6a0d0fa,2026-04-05 14:15:53.518406
10879,26648,28,bb604c1b32b0bfd8120b6fe460874240193065bc30c45d5d0d43d9cdc6373017212c7533468b9257b2df104b5cebe506994261859a1c43a20799bde39ff145d9,2026-04-05 14:23:36.438487
10909,20147,28,534cf2a9221d67b6a737852365705cc300c5e521b264ba1cdf5ee31d31b9442aebe3529ffa456d18442268f57dd1c42bd65d8ecd655fd20ee15ed4e1817f5035,2026-04-05 14:38:26.04388
10939,59984,28,913be9b4e5ce58132efc077f76d8e82726989547aa6e1531306e6f6b013ed45d7c58c46661345967edd65a4db53fde97cf0112a96c60ff79f97a6c2b27dc54e1,2026-04-06 03:57:00.064376
10941,59983,28,d34399164d2dac6804d113481aae104bd796c1549edc98dd016bc9f613eff42f7cf05ed066b7124647fb5ce09569774f5d45165009aa9ed2de2d35e513457427,2026-04-06 03:58:38.949444
10942,60000,28,a7615f72236d9c142fb34ffb3c31e46e2f5504dd668109cf3fc3dd61946eee05a970002490711650027349b5b159eefeff29dadc9010233b613521d88b4596b3,2026-04-06 03:58:58.160775
10945,59983,28,5056b018c1d535ceb50c96aa9ed98ef2af5b7f44177c1811cd0ccd2e05a0b5d747492feb2c7d14dde3799e23c5a69e5dac1c045becec1945b8b97417b044b146,2026-04-06 04:00:40.874441
10954,21388,28,24765980f32fbb03778156f6e8e81deb952d0155128234d6b613fdca58bcf306ca1d238e0d674003b3017d212f735d508346bbba1c8b15a50472f14b0a320fd4,2026-04-06 04:49:56.207688
10967,59926,28,85fdf1138ecab74b73988a7c1fa6b0d556234d1713b85b3d1c258a956da1fc725ec80ecf7f7d0c619e64e403e982b297b8a3998e14c377d9949c6fd05c44dd1a,2026-04-06 11:46:09.069896
10970,60005,28,a57e1abd35f18b5d5c7389be302a613a9a294376c517aa1ca2f8e1b9296717567a199dc316d202e6db9eed62bc9685d9840f6a6ecf4a8174f1c852789efb53ea,2026-04-06 11:49:02.641995
10972,59985,28,84290399dc5499b65da0614854b52561bcfe8bce92045cf2d88661262573959783e6409665d1dc2c286c1d1006c6b11e9ceddc18e37106902cb1b183f8bc54f4,2026-04-06 11:50:28.57293
10981,48829,28,396b8f2420134dd89995b391fb667f1a2c645c3dfc44f43f97299cd3289704273753d6a82725a791b335d422b5a0a6dc2824c1934e528a60f6010c890db69f39,2026-04-06 12:08:34.637764
10986,60843,28,86164d645853d6324789c37e96a053a0602befd10624c0e55df2a3fb15cc6800e7a7842cc62831252f699e1978816926bfee8d366a1e561fab567ac2b63a5527,2026-04-06 12:12:21.86451
10997,5442,28,2629fba413190e357bb39f04b4d29767ae8c2261c7cde50a5b3f9346d79781d61aa5a7885575fe5e35c814ceca1dbb12fcfe687577da5ce489ccb417e059a6b7,2026-04-06 18:21:23.135503
10998,6587,28,589382cebd32f93ba6c6eb932efd5ae52f376077d1f512bf0ef325960da1ce569918a8c1df52ffe48f2cd1fd095fe0292a07fb1c5d9edab4687ee04f1eb2ea92,2026-04-06 18:21:24.951163
11009,27591,28,0c10993213a3f8eb12f6af15582d69fb2f5be9cda31b8b30ca5931ee164febade13a43f112c4bcc06ac5a695ec79a07b7a8e9879867db79d63ad30d0bde78f42,2026-04-07 02:10:48.215868
11018,18995,28,ca0b4081eb96326f893535f387b971b8aca769f875f433027d3c1aed8cf34fea8fb156793767b8c5fa15029bf4a26c49cb63c6dc9c778aefe48d2a97f6e0d4ff,2026-04-07 03:05:13.942776
11027,59990,28,55df0ce332dac211b8b86f22d6c3cfc0ba9abd5b614f9cdd89760cf716a6c207b9fd1a13c7c635ecfa858308a41056a1264b1dde35b7f30dfb2cf87dffd4757a,2026-04-07 04:38:53.462103
11036,31177,28,c629ff1941f36b1eeba48467da9d56dec4d24e9655ec44426137a0b48496947bab77dd97a092fdad21a5f449c9d89765055ac63e14de198fd4264f629929a981,2026-04-07 05:01:02.474563
11046,31211,28,57d2294f5468b643531af1608e91f0da4e294d83fec12fb80dd9eed5144084aabded3056b2383ba8c96e7fb2b2b3adfbbc238991b192885d8061feadf8d596d0,2026-04-07 05:38:48.568294
11056,17221,28,36028732cfcf408a1f4c63226ef87807a29ef6cd974f28b048fcb79fe7e7b0da3912f972d52335aac871533adf4fab669d01ff264427ffab09c17221f1ab112c,2026-04-07 07:05:28.55542
11070,10276,28,27911d5ad38b441b9a2e6a32afb213b40d6c1915f71dc4a5f18806a12b2bbd7e5d0a121c38cbb56cbf9ee7be369b8dc541fce666d405d78f6a5d1b24861e02af,2026-04-07 08:09:22.509481
11077,1324,17,7b694271591a27fbb3a413706220c34a2992fa24d81a6ef844433721a52ff6a12ed63dc3e4e35a55b97a107753e84f5618c8ba26b6a03a296a74e6a585699e31,2026-04-07 17:31:39.301176
11081,834,28,6c9a4b40e0f0ca44788018685503e68f49a8c1d96f904fb423c94086f53a67537a4a04ab69b0890afca342e529e9d973b222b59a701ed7c438d13ab285dfed30,2026-04-08 00:36:06.120689
11082,1752,28,39a4d5688819c930ce05a64d13d59ae30750d30f102a3495974a04a85c8b934f9448966fb82d07f368fa8c92d2cfafa5cf8a7afd845b2672c7c25c44a1c8cd1a,2026-04-08 00:36:48.207683
10380,17939,28,23a872c76aa9481893db0be0f29cb2425258a62e3301612678632089a3c3969bb5ebb7c78c3726e4ec69e086271fb974998e08cdfabc915598783c967fc2b32f,2026-03-30 15:01:34.210209
10381,17557,28,fd6f16a3af59e71feeda0612cee28c93fd4790f5e7357e415d43bf3de8ce673ff762767ee7087c8bcb4eeeae284c8b9f13ba8a1228be69c74d4d615218a5026d,2026-03-30 15:22:05.495086
10382,22368,28,7f669254ac4b91aff3ee4c6d42f3edc4489d88729649b4a10dcd940bdf5ee9d7d6526f98e86d6c8d822a4be8e5d6d541d4417e472551e9fe9becb719fc5a10f5,2026-03-30 15:22:16.250876
10383,61912,28,6537a05f53e3768f5b516c1c83844b4b8e7353bfd5f60e238bc1896f2ee05a1059917f9b083c41cb3a3d5bdae791c2a906f38e5c069ab1c4ef481ae8d46657a5,2026-03-30 17:21:29.560209
10384,13303,28,7870ae9cbc07127cd5ea866909b1f853ceefd62b0393fea67e387a61709d5190e3dc3db56a0c9d6c92319759f4599ead66ed9739a8d21a547086fb670b0bae19,2026-03-30 18:40:48.943842
10385,59961,28,ac46263008810ce614406a36085bce4e6475f8a4de2d7e6769db25ce2c9b2b37890bcdd99f4e21b266cc3ae03c6b5ae9d4bd53ea2c5f509c823f192e4021a93c,2026-03-30 18:41:04.661412
10386,59996,28,eb1ff494173c30e08cdafecf11cc2a6afb7d98cf8bd6932acc64ad36ebe8435075016bacc4e7aa8050b93ace2108e011cba6e34d1b4cf7551e34aaf84f8bd469,2026-03-30 20:43:59.326182
10387,50780,28,ac62a2abba800ac22c75135447e5d90065bc26efb1a1bf951d7a46e05664f1e99af6cfa57a7f75a29dd08e4b03186d7c7373111070077616668292cc11d8c2b6,2026-03-30 21:18:33.046223
10388,59953,28,24691ea29639e9d7bcb1d41b12fd67c3c74d48846aa2796be89bc7a63790d89804b80609847f15388b68e223a153922c4dd1274e578af403eca4e26a8bb0fef8,2026-03-30 23:11:23.33361
10389,59989,28,195e1e8520cecd9bc2b6e717f2a7bbf65b414377891be5b973b6bfbacbaeaa0e95641568a7c89187eeaa4ec7036480d7099ca5efcc75cdf31ac73576b880dcfa,2026-03-30 23:12:13.149739
10390,59733,28,5b2b10294d387103d7bacbf57646ca46071d889cfcc086083edadcd2c39ad6b693dc770b2bbdff87ba7e08f2923c9de73ad6a2887d909ddb342902f4d6a638f6,2026-03-31 01:15:06.044815
10391,61988,28,7266b1d880080c69c714288ac355b3abd9526de895c290668d05dce63c4a016e0bfa5115ad135d7648124dce7ef71cb87d9f1e8b8ca88be07a24889299ad1f00,2026-03-31 02:05:04.986065
10392,61993,28,517dade96ae024ec9e71dadbd67d6c2724e9131fcee44870b1f0999eadbf4db1b5a1b36b108aa22341f2fcd76a52692501219d1ca6bda803f0198c8f2dfd7aab,2026-03-31 02:05:55.429656
10393,59950,28,b34ba7afb581ce8bee605c9e34b234cd948396c21fdf3f529f70af63cd74353ca8b78c45ae5e4f10b35c3d9c9396fbb25bb0b979ab57d369c735587c70a5d780,2026-03-31 02:25:33.972191
10394,59937,28,4e1a299fc6fca3b9e9a351a6d1d71acfa22f48e8525a8b51b136863eb09d69f50d2ddda16ec245c66d5127158ad71532604d9eb4a228b93117f8bdb734d93fe0,2026-03-31 02:26:24.627292
10395,60004,28,91214f97ceef469c82307b7cb187ff7f95383705b23c0bb7a3cdfcbca86ed82b6e1af4d692e262c079b9ab5869796fb93edbde0fbc413be960a38eb0c27c147a,2026-03-31 03:53:03.31594
10396,59985,28,25c2b7cf0fe8738324abe948a4767305fc0e1e2791572b587f6308f697b360b764da565050441fbafead40d82ad5d3328c80f8122257adc6308770270bfa4676,2026-03-31 05:39:47.763464
10397,60014,28,d429c47c4d3cfe2bdc6c2c362cb6267b6f4d4f19321ba740feeecbf30d093a5df09e731ba8ae27dc3495d44517e6e0876ea4f303c30c684a273d4e9b40437fbc,2026-03-31 05:40:37.112882
10398,60038,28,01a389d5f992c4c93b18d3e974bd637c62e9401a79cf266e9bcc688563ee2d50cfb07fe2e3afab6fa30848187e933f82d0ae19662f989f7edc1154d2376fb4bf,2026-03-31 08:48:37.030576
10399,60060,28,3df36a68a4badefd5acf94f82de3e5bacc484109382174782923283a8718e8a894ea7e04275a113343eb3b950fce667e7b2fbd45f2da47b203306469e7affdc3,2026-03-31 08:49:26.959738
10400,59973,28,098991d8b4c22347f0f0865d2566f1c8ac37600876f981fa1e9499c8ba63588f04dd3ec2b94e26d5b982b88a037e20563722bde22f817d156d9481788c8e6e1b,2026-03-31 10:24:25.082748
10401,10455,28,42e6e65416dbe9c3106754acf6e1d37a8d093633e2d8f1fa0f9fdff41f07185affca82c41cf3114be683f6f20cb0ce3920902b9b0d927587f10b5486c746210f,2026-03-31 10:24:54.547532
10402,10533,28,d4ff359fb82c8b61789b6f135377ea3a91877adee43d387d0ddeb08b245f1b7836001851c2a90fd85cc2bc416da0fd3eaa53eab3f83ec1e1bb4ecbd64871b69a,2026-03-31 10:25:19.914005
10403,10157,28,f9ff8e0e0e82e37f81f2b4cb29b5928d5fa77eda4803a4beb6ac1f51715431f79e90561c84d9b013de3b9d23447eda7035bd60c14ac127d79ce7eee2cd98a2fb,2026-03-31 10:25:20.459888
10404,59988,28,afb14f50e4c5f57b28f4fa116d833cc42300c10ae7a4de0c1d390d1abdcf4658031cb704bfac38467e02030df9068b373b7a1ea0b1af19c6e605fa9ba962c8ca,2026-03-31 10:25:42.68071
10405,23291,28,21abf4be7cf5f1684b8f148a823d47032dae57559f607742d926f646a8f8028ce2c6a87c76e2034244e98142d6d96e2e0da3482858f65b2c39c8a7e520d3b4af,2026-03-31 10:26:07.166305
10406,23568,28,c6a2390850c654f2b9a058e6232d1ed4bd11fea116b4e038d6070aa02d69f94a9244953889c1cbb31af6e14ac1037adfe66f362b25452bdd3238318c39ef67d2,2026-03-31 10:26:22.241375
10407,59935,28,7d3cddcc23adecc8cd49695f16c5d1ad9a34f98d02802f0b9d425d74e2d9a86d05ea042c552eaf7f757ab56c2792e4bc24f2c063b30e7ebcc73b0f42a84616e8,2026-03-31 12:55:23.374742
10408,2667,17,9a760ab56504f9ee39f8314ea10f665d73be6f602adc31e4ac6e47a7e925df6a6945a20a1014596a0bdd2a66853956ab99f51480f9518a21dad3de2987362fa6,2026-03-31 13:01:13.628456
10409,3777,28,bbbc33545446e929aed4dc76621946b33a1fdf9e74e74044742fd19d838b5f765c728a89b2581457dc0bf3bb5d4ec720c5c3788528da0c86b1433b21ad61d88d,2026-03-31 14:08:44.259405
10410,18531,28,4f772f2a34e327e8f3b2e458301b0093e7b381a165eb072369900fae412948285ae7a8f4f245163348cee5a78649750a2cd5820befc0f5cc445f76a4dffb3698,2026-03-31 14:08:55.088995
10411,11861,28,1e1c3681ec75c91dc30406c458735cfc14a7fe5fa28c7ef028dfe599e886bd8b8459c1cac73eede80cbf1af74b7c0c61693ad879e80fbe87a7bc8907ff0035d3,2026-03-31 14:08:55.770826
10412,17532,28,5e10253427cb20f58beef724625a1ab8084420dd496cdbfbb888d8a1b354f673ffbb3d1a16fd05b1162c3bae3fa83c318ac675aba7cfd2c398bd8daa673eb822,2026-03-31 14:08:57.110084
10413,14915,28,c93e8ae4fd37168109ab50fe7a1828a340d20ef9a820de5af8c4cb26ab4e6338bdb453079e1e85f46a54a4d3e4fe675b9f8b335139aa288e6a65cf1978385f66,2026-03-31 14:08:57.561856
10414,25762,28,4f55d1f0120641089261d9b7cc92a1dabc1300af0f88bc784dff2787b9836e7ee3c37d931474a34eb9fd52f9cb3b4cdda269a43855c9f01809e1bc2a5f21996a,2026-03-31 14:09:00.56785
10415,20496,28,99608b96eae7a7792f0cac70d9ea0982fd488d4e9dd33c6d69e1b47120089bf6061dfbc86aed958a442cf8ecdf41bc6f5435b6940cc8902652f6054880d589cc,2026-03-31 14:09:02.17106
10416,23497,28,e677d3d02276cac3c79fbec64a2f778288476ada82421ec782e035808988e151046efc113eeec69ccee358bdcfd40943921e8c350cf9aebc1ed167d612c20819,2026-03-31 14:09:15.000396
10417,28217,28,cad09ff52b20cf41f5dba7f0db0db207c25e9666d22ec31954bcb9308a6900273ae04043ab222d09c3b8b916d04e5acdb7f7a39b8b3e8bdcde2ce730cfbeecfc,2026-03-31 14:10:10.832519
10418,1806,17,d80c9395f1e3b1d4950e56c5b8644a8e69557b80ddf3fb437267a286bc6e2dd338791816fbda9b1725c72f463e29adc28e999485edb4c8ccae76af20544c6351,2026-03-31 14:10:17.99447
10419,9822,28,88ad2621726f1ae9f6c52d4f8505f52e03910e3b595447c1a084f5dae9e7eae4a2872dc225284ab71cd1aeebd52edfc5a4f42f4c413db94edf36d0c46e6d74c5,2026-03-31 14:10:20.834
10420,18212,28,160a2965db7abfba1106b64312217fd95fb72130ee80f3ebfa78ad2f89c2dc7b2b5b4639569bb7da1695990d6241b6be8523ee0fee74a15c13b7b325ab9c0472,2026-03-31 14:11:05.214123
10421,10044,28,42ff8cd563764a0e2439e6810457aec958a4411a39678130a5bec333b3e9da19eda3f08003f809cb45fd7f003513035e7e04f5a31891edf0075028a9e982c66c,2026-03-31 14:11:45.144101
10422,1504,28,3faa0ffc9734b0e48bb894ebe1e6c4875d7544b75c37da97aab1714cdbbd2539e25c822769c68d0a6026d45f6e6062cb6b56644176f90b0858ed74ea786cb213,2026-03-31 14:15:00.179845
10423,23262,28,49cf2043e02284f1660b6f61c3aa44eac541845548465aafbcb71066cf7039ccf882d4b6c8a6d1d921bfec4b78493cfd65553440cf45ca279c12f3bc01c37460,2026-03-31 14:15:54.203742
10424,23982,28,688ea517609ea1f1687fa2e00b94b557a6b3d4c4784467a1998c41f0ea87e7aef56d1cbb7e3d8ae472f28909021c38016e16d33369445b8474c9ca2a3fb658b1,2026-03-31 14:16:13.513491
10425,3553,28,87c388e3e8b2ebf5c088c052a44d8ab30f90e044b53228d0dd7cd9b702fbd12e0665b60d2910260f6d6eceefd2de851b3522e655509dd22d22625afc59e43044,2026-03-31 14:16:16.199361
10426,17716,28,8fb1b299ce0be7547810237ec886365995aca6bdbebacebaa19b2939e4d927811a896bab089dab1dd625ed57c3ab74e0e894c1d2ad2738dbe81654534e4a983e,2026-03-31 14:16:21.362161
10427,20955,28,f760e358093d91d0c7779123c2135db404d62521c09c7be31da5766329a63ed2f38de0d7ad00bf4baa256ee027b477afb83ef884bf94f5ac8e09379736dbbe2a,2026-03-31 14:17:39.723803
10428,9729,28,e44e52877046ccaf43534c48cd6a21810c5bca816161f22c10165abfaecb7c20b491830cfe433d30afb0bfa778111d6e2ffabcb0cecac679fbf658133b152242,2026-03-31 14:27:35.404864
10429,10629,28,247a20c61f8e0f1b695022aa266cddb8f630440e15e50f076ad2625e241b14294d2af4124ab4d6d176ac9dac415f794859b25f153a8c6c5f688c3569d486fbb2,2026-03-31 14:27:46.502308
10430,15107,28,aafe7c105fa455e8c9fed7001496f2262fb7cf0dc889d81f855f35786aca4b976e59422392cdc3985c794e0ad43ae1864903977e0db4fc592a0850acd8ce29f4,2026-03-31 14:28:03.709486
10431,11757,28,2247449255f4f83a593d20e24a6daf722568c86106eab99ee748c41e4e42ffb1fae3f3bf249433a85702eda56383785d3952e9bf24d78ac01400ee8f1ee0a609,2026-03-31 14:28:05.655102
10432,11082,28,3160c5e3a24bb9c9a4f63c9f6d5a544189e333b9772231719a6312fce69979c47824f9582f940137e6a59477684e43dec47bd81892e71c3ae6aa872cde06eb24,2026-03-31 14:28:14.902871
10433,14423,28,dd2692c162809ce2cb02e9a926d235a18fde04df90aac5b314bf7409f27df7e731ebe02472c3ef1ab972d1688f49e096f8fd2f8400e30f1832957d325d9c9371,2026-03-31 14:29:10.145447
10434,15847,28,91f1768e25c46ef726fd0d21c72fad000bb41d060bb58b256ee0789867ac245c61c8ac5c1e607f4c8c2df388c5203abe95e7f6a2083f884352421e259ed1fb7d,2026-03-31 14:29:18.317751
10435,23771,28,fba9874710e827abde6f5254326a8ba7349cbe70adb0e12f3d6a0cce63569ecdc022c1ac58fcb005eaf51d7f392b564a1d6af693a6f126edb487a91d12c81fe4,2026-03-31 14:30:29.025902
10436,28056,28,744ffd60b48e27dbbcebd544dddd711d6e71520af54dd76b0528476be66333e1c8c1bd4681d7848c36421194f0b57890ee236bb23bb4c33457b69bd4f899b8cf,2026-03-31 14:31:40.665868
10437,26320,28,947edf7dbfd06ddd2b8c4512261bec3731be497c7d6be4d3a1cf8a42b92355890a512304c0ab772d6c5a3dd55ae1522206689423ed266d2c03747ec679e00e8d,2026-03-31 14:32:09.690825
10438,26251,28,6333529d89d6378169e470a35ab6780cb46adbbb40f5078ec020cc7cef518d8d12c21848d75359506514acc3ed73ac88c026ba42667034af5924013dbbe2544a,2026-03-31 14:32:39.763199
10439,15978,28,cd50332b52145bf455ce383278f0d1c712e19986c6f200a016574718d0427c934fad1122885efa3ba0168074e17e94e20a77fe7ca0324b2890cf76b135bb4e72,2026-03-31 14:39:17.33104
10440,11651,28,a17a7968a610c1281ecd2cf737068263e3a742d5a98298928925cd4fe6eb0eb82226a66ee596d94f158ad5d3a81a0cfcf08532b535d974b64e910e93998eec24,2026-03-31 14:52:06.14293
10441,2856,28,eb20cd7f17661a14c49cff37464e7c18187a84f2fd711d431dd8155099903f20a4df05529db01c7c54a05703fdbdefcc6197e0f16726059b0a8e792ff6be9fb3,2026-03-31 15:26:05.315442
10442,6246,28,83483746421f6cb6e02b73b4b97579ec54f3fbe0b29db71d0b426750b8603f04bc3965743d0b263141960ff17e54b5c99cbdb49e05010f860cc6120edf3f7b9b,2026-03-31 16:31:31.3409
10443,56666,28,21ae505b86a91742b9f0c9d1ef5c6c3c37d1531a148c66c31d65e4e1c35bad0b4e9e864039f9b46c9cce3da18bef164384983658688480ba82f9d18964e294e8,2026-03-31 16:40:57.911186
10444,2059,17,507ac2630b6b0be58b8ed5798b81313b71ce285b8fb270370e0197974b98d98b97c660859aca0778191ea675c802d80f3e7e709cfbc27fe3085377c3686f3e38,2026-03-31 19:50:12.24079
10445,48724,28,5a7bec076ccb06cf59b2b01ed8d3ca228062f2134bb05c2ce87952d1b13c6fd1b968df3f534479159bce4b333ae4763d0b63c4639a10bb4dcd0a4e68404e4bbf,2026-03-31 20:12:49.67064
10446,5405,28,56b68a19860d1ba502ce3ec9beffe8a8fd360fac318242e6c599573de7ad14cd30703f43780e75d917bbbcb9d9483759ce62d15507623de820b103568a9d01c8,2026-03-31 20:13:11.313511
10447,3233,28,655c5498ddc9bc3ba7cb74f6c1ae5693756d8d9b94b45bb8105d19e57db0b5805400ddb0bd7bf5de67e49b6317f95daad88aaa80ad51cb9955511bda6776e323,2026-03-31 20:13:14.344259
10448,60051,28,194bdafd0577feb3bd2e96780e9e98351adb410f1c1858e8b0a1469fe09c730d22a0fbd9baaf380fb32eb3c23eb64dabbcf512124bdabbb34fac47185d45d259,2026-04-01 01:56:02.619492
10449,59975,28,6521e86e23bdf5bfc1a9d5368ad111aa069fd653914d6b16a562b1247a06623b8b66fa3fb5d9dc335e2069625a30dce58c5a2e03a55d82d690de0b8726efe442,2026-04-01 02:06:37.767727
10451,60442,28,9e5b7d5090f596cdb7441aa497209ad73899574a622374cfba6d92101d2117eb21a458ab0f16e628f9c35cdc5e5fcad241d28c67f4201426da19350779e9d513,2026-04-01 03:45:38.180466
10452,59971,28,1567a27c7e471bd45276c6c9a25b2ccccbe1b23a6d8d918adce2d0a5a2e4c6c7216c923ab37bbd13a39c451c9063eb80d901a3de3cdee156ba9c5717eb1849a2,2026-04-01 04:48:34.621869
10453,60045,28,0ba8078b7d6725d815abfa6a33de918ebe3c140c97ce688f2ecf1af354182d99a94dbd40fc6e7d660b6d973c0ceab744c5f8b259f8fff3ef0d47cf31de30ab1d,2026-04-01 05:17:41.6263
10454,59999,28,20011936a3fcc6979cf24a2d140cd3d964eab102db745436f0349855639e770bf77f2202597c15df69cf2e557fa00538fb7a01845db83ec45501ed5e86814939,2026-04-01 05:51:40.536766
10455,9153,28,72c8d4fb56b92f8e1c7b8543542df2e73487ed66fd4a2c02cc4affbd8b879ed50a6449e61acabea3d1b1baea6e368bd92ec82630c8211a4fb940056d42e52c7d,2026-04-01 10:34:45.255231
10456,59952,28,07537ce67eec0d06da063e0f94c3e77932532e5634830ec5b9467c9faff741170e4161088defa2d7fad709869c2e9733d3dfb228233bbbd37049c8e61d8542d1,2026-04-01 10:36:04.366464
10457,59985,28,e29a33410b826e8af2ea61b04c271678eae037c7989afc3087428b79c4e8752c171d8691645cab88960365dd14fc9185bf783738533d1825c1dc540a38abf76c,2026-04-01 10:36:47.116941
10458,59990,28,b607f5769abdc50484489dfccecab99dbf1cdf75d43cb2ce89896bd5f4cebc843029d0f1e58b869f3eba333428d0b84e9a1860a83051fefd3d2b92c37e408d16,2026-04-01 11:23:53.535533
10459,12204,28,3d61748bd06f703ea2ea3d102d17ca2ba01beb8343ccf4cfe14620d9d8313a8ef9038a698e226a2c6b362c598e7c5bed5f97d497e822782cbcba841a5721fab9,2026-04-01 11:37:09.77961
10460,59981,28,4f42333be2c164df2ff354474f92b6849ad7c35df935e8f7ffa3380fe389f1c6a32bf42063363cc0efa83e5270e09fc357c91652fec013a5916a55d969e17388,2026-04-01 13:20:58.368039
10461,27591,28,f6fa7ad2436c4747cb5c99473d6eddb6edbce02be81e2fea4de3993e922c86f96984f5215e47c176b459b541ef695747f79f4c9e52134f79c60d25c82b9082ad,2026-04-01 14:10:24.790149
10462,16458,28,2b88c3360dadaa77f8a90fbea5df90f7f859dbe6567ffc6c33bbde369dd5b77f5ce1831110e1789d2db7e74d0c0a6da854cc4adf5aed50bd2d8a1a57d314e814,2026-04-01 14:10:25.003076
10463,22402,28,a74880d12eb9efb4efba28679e4ad9347f7892563e4d038636bac5d3cb35db5535f33f6f9fd8ab53fb4431b6b29228df5d23da15240c40e1d2e4c4212e3fc23a,2026-04-01 14:10:26.054381
10464,27892,28,df1770ccd0171891c892dfa65d7ecd2146740348a3b8a1b2bee360ac603afc4d02711cad1c1c163334c7a7f4cd70f8f500a7f6b673a0d49f4045dc7b7db02abe,2026-04-01 14:10:28.968324
10465,27692,28,95a6581e27fd21b7af5a93c27c7ae219081d64a8292f21613706083bba9aa9df29b8c620458795d7a0c85618de1430f237eb3c1f7b25d5332db35ffbd596cd0a,2026-04-01 14:10:55.363128
10466,26096,28,7996f8073df467b297eddc7387c81033fdb2d81157e35f1bc52f60d19e9daf15b384262af6f8a790519f9a8e4adcf20c37d89ba42475a63c92f6710c1c6583a6,2026-04-01 14:10:55.974538
10467,10349,28,d06c920411cc21a2314bc3eafefbf1f6344c61bb9d0fcea7522a9c0e97078a5a4a291e31398174bbe1e07048acd35b3976bccdc0c4b582dab3a0aaf2e5925234,2026-04-01 14:10:57.33598
10468,27959,28,c6acaf827059cf87b6306415de762c7c37768d853946b54ac860615a14d799ac7a87343a40a37ed2ae9652cf77b200604503ee229cc26af9f711e70082827881,2026-04-01 14:11:00.005979
10469,28380,28,0b5521e17600f41596e02b6f2e897ca6571d5f87570602758b6d6c483558383faec021c31d13f6902e93062859f3de8b1b4b026c479eb363979b07360d8af328,2026-04-01 14:11:03.863701
10470,12233,28,c70d24d6e7608cdc3e29f468a39e1d11097bcbd87967806722cfb296ebb339f56f4da53ba3a9d2d4692e9526fdaabd0a9489092e402cd6485d153774aa6f68ee,2026-04-01 14:11:07.336954
10471,24748,28,e10eef71f9bea7d8fb9699a08d65ef99b5807dea56196695f8252b587ee5bb9e3b3477de07b4599f06813df2f443bcedb4ed8fa32b37e85297e43baaa0964361,2026-04-01 14:11:09.338794
10472,25468,28,45fd419bf5a516a03472cdcc35e901aff5cd3ba6500531e5071247117751b37037648e08989d313fef58312e7fbfa68f4ae7ce6882c69f6ad2050fc2ba912637,2026-04-01 14:11:14.079025
10474,25033,28,da9e83b5424d8019fa3e7f680c73617ca6c17573e09c52963c49ffa701dcc24bf61a422de8928f1be743f2460fb687686e9774c823350732b99cd03ebc54bbbf,2026-04-01 14:11:37.438776
10594,15411,28,09d36649c8e9710d92355d831f32b75c9c0004abea2b4cb5b29f7584a29e3918c9256158e0bcc446348657965e48db0ce8e673aa0f2d16088937dd1c5f4b8ce1,2026-04-02 14:11:42.001459
10595,18412,28,e9ce5b43abaf58f2f08d4e89619fb28d1cce270b1d4e91dc229207ed6194ed708d31f8e7f776899671bf1b43c5d2ad647c6db69d7cb2361173a814817464059d,2026-04-02 14:11:50.992286
10620,20834,28,ec5dc58ef931a5c8a97cd71d3a5ae81eb7c49f2fe63dba05a8657183ef71753c7e097165e317bfea35f05e26ca47a2ba942ab062d43df8b907bac5016b077cd0,2026-04-02 15:09:30.040738
10629,59908,28,6a8896522508810649627f7e19777a345793471fff9e1c22f7f36afa492c41ec0a2870133492806d0ce35fe2442d6349abc711d19ca6f0d26d7df912e4595fba,2026-04-03 05:58:43.383188
10632,59941,28,1914b1ea9d2ee1f64a42d2f02cc644e4c9da4af264adb238a26d5ac29cdcd0e05426ab4f69237511afc55e7d1941a6100b2aa4a5303610bd77f2b8cbdab99d5f,2026-04-03 06:00:58.211662
10647,22633,28,f332f2047b9a4818354ef7226855f88f0a563a0ab7e437a0930b3d1456a955dacbce1881b07a77e0829ca8cdeb15b2c4d652ceba0e4dae697360fb6e8344d3c7,2026-04-03 07:30:17.736176
10648,12547,28,26921bbe63a1e6873506b137bcfaca218e52417c35aadf1048d48ca8b2ece896725a067115cf7ad6a66f735b966f5510ab59b20def1316e47ec06052c2ae96b0,2026-04-03 07:30:39.043486
10650,17535,28,ffe29f514de93b256d94430781ed8d6f0de848378a33282798a4eb07fca17c85f81a371eee2a6ec80d24f1cc321dfd4756d8973285e8a5fe15e434f1de5de3d0,2026-04-03 07:31:26.24108
10652,18336,28,de4964312d58d278bc013981b487e2c1e42c1cb93952f9830f595acf180b5ac74cd38ad5a071606d29f8eb69ecdb565e0fa78c6411e6965b552cec11ed52ad1c,2026-04-03 07:31:37.762151
10677,22801,28,66bc661baa79ba468e09a3eaa3d493ff89fcc41668385d28c13659d61ae1ba538e5a27749739620991f733733c4ce441fe43e142a56c50c8d8105d5bd89aaafb,2026-04-03 07:41:04.138358
10678,9690,28,85dea321edccfef715d95dd09b262071e9f93ab4863c4cc28248d238ca9e637331a2d886d37132591c0dd748154205fc5a9396ad01f55a969ee45dd017d152ef,2026-04-03 07:41:21.964169
10687,17252,28,d00685e8cbbade2163510786ed5c8c8dadd3a85bc5284b80de4058ad4b27e0eecbc92f818ce78153e9bf9f335f6bd7e16674e1b99eb8c23bea132b4f699f88d3,2026-04-03 14:21:20.634832
10690,19192,28,a5acc318eb21b53424aca52c521c2816d6210adf0d7416872b2062132922d1a081162c20c79fa2aafef43f22a36cc13831f0480a87257d6b9b30cea454f7d34c,2026-04-03 14:21:26.270063
10695,19815,28,3a4dd748bef4fd9e17a6db68b223640b08a28088f1edc6f6aa5f72787cf4efbd4cb9abea2e07c84d1567f0a29975a0dcceb9bc94dd8bf18cc2aac3dfba6cf21f,2026-04-03 14:22:23.715564
10715,20579,28,03fc76c57d235a69a72f119f93bbd83092f1d6938b681971607325b78355e84374c8767111ee896712f016dee991557a5692f38dfd6a388328d88968f751c493,2026-04-03 14:30:47.829984
10738,20364,28,db8e34477de8b99fb4dc0f7c020ea802bceefa4cf513f876f351c8339d0d78040033a816ebc848a8cfc298177f438e9d1e334571063c4b7140d5b8feb3b9815a,2026-04-03 15:03:43.398807
10740,9900,28,af0a3ed178ac46a055a61ada281cf45fc03bb43c3a78909d2402a6330f1ee5475859b8c00f6d5a9e9d2c3e911724bb1d12f142fd930f9eb11b84138143237a8c,2026-04-04 04:04:08.143581
10742,59992,28,5c75201169b74c18f70ac3b8fb8fb9d04dfc799686150e23541c8ac55a1027674f777af19b1f8d3d5d0d16f654bffe289731633ae1fcc5ab474a20a4b504b897,2026-04-04 08:39:37.907297
10754,59765,28,6ad2fa8702bef3a85571ad4cfc4d7e6aeef1d414d461a1fe3f91f3faf20fb6189234dca65776e9ebc0cf60a610ebb4bfaf04fadb273b01964facf5530ef3ed05,2026-04-04 12:06:26.013661
10779,25055,28,bf77cad5c67845cc52faf035ebe29bb9679499322de5c33b711ba37f3fb1c8e88ceed196f1e1c0b615fb5d58d5dcd1c1c75a164bf672291cc80ebd9583ed7ca3,2026-04-04 14:36:34.377305
10780,20967,28,0bde20322572fa7e626d0c8bfc654bf4a50f0e24d333388dfce26bad089d38ce5563c513d0cc0f8e178fd01f55bd45ff6c0d6f9f86cbc4032865e56613b88876,2026-04-04 14:36:36.461511
10782,26283,28,307e4de07e0f0c28cc038199df9c1f916f05e9db93bfb92c032782483f684d454bed511d140003b21461429e8459425bc49249842be09357b2a7743dad54b281,2026-04-04 14:37:20.872357
10787,20258,28,655aaf31fe6f9febabfc302dbfca05ae0bc045a7fecd64dc55f212764475d4760410b94afdbd320e2a7ebfc7c117519e259882130c80bd4aa24676a05f9272f8,2026-04-04 14:37:56.488261
10811,28760,28,3e1f6ec98d4030a27aaf15d3171303d09858c7f7afc7e2c0f83d9b119a3204d6f501371567abfee7f5f76d1d225b37b948e1978671c838fc9f26a7db301786de,2026-04-04 14:53:38.078711
10820,59381,28,01c19490ee7d704c30edf47058e6159168d733b2b23189e0b870fd0d70172f4d0d0f66db5aae23f599c8bedc1f7028a9f67090818cbc3fcfdc4cad1b424c56a0,2026-04-04 19:03:08.906814
10822,60008,28,fe28e04a5bd0bc26bf6886b22c3e8c2db0a680ea4b3ed5a297a8936aa618c8718c1501ec7c1f92e728e518a52035172aefa343dc06875f61e225889c1f303cda,2026-04-04 20:25:06.580029
10826,59950,28,547a0b97ffa1d3cb44dd9d70892fae8963f83dc2e6d32e2e329d9ce0b51c7f6a20585fc941c7b184b39e9e7472a558839a52ce9589b86ce905904972fb2502d0,2026-04-05 06:32:40.055434
10829,10486,28,d0e5b302b961241f2572c25d01c8b1f52182381332b22d287ca24a000e41f5dddbbdf40a29d5b363f1f4ae3dd1c094231adef64df012329879eff5b738df27ff,2026-04-05 08:01:10.250494
10830,46870,28,85426eb9a4451e5fce88a8495c7f83bb33ab46fe45a2e0395893d68283210caa68f46354180ea0191cf9c213cb19bd7d9e1810b62e6bb530af90c1ba5e619cee,2026-04-05 08:55:32.030147
10831,1524,28,7b15345b304a91c03d0f1130a6580f7f0a1694918b69d12635779c933cafdc6f1cb51a8a41591f0c7918bd1dff03707932d99ce031840736ae3830f2b97be620,2026-04-05 08:55:36.241582
10836,9617,28,ddaab73edc2fe2de05b1fe5579c0cf476cb6ae324263292594a5316b782f0a7f105805005dc700e03274faf29dc0c351652882bed69f06f1551a94af1066ee61,2026-04-05 11:45:38.417827
10837,13835,28,86505c3bfbe3a57b5b80c438227436adbf1e7ff203a2d5327164041d6f408d46dcd9f89be976920e9ac1bd074ca191196ead24e740c0fbc0519e0df332172838,2026-04-05 12:34:31.006449
10838,17807,28,81860f6a8078b3bc76348498dc2fc36b0cd782165d9b9906bd7c708d014d70586377e7b27b3c7aec478b61099e5e332cb721e0eee86a7a754c8f85036f27183e,2026-04-05 12:37:15.826025
10851,23762,28,1f87024e3875568d9a0d63cac79feb0dd3a8847e976af70d76bbe825d836258b825d76e3c4323f7e1c044b26a36b7adb625ab986984b207cfdd2c2d42be0f7fa,2026-04-05 14:15:17.110062
10880,22933,28,cc8ef370aa8fac1e3a93b58244de59afa7f813821412d045d7f969e7327b5630df67d7621197dd301f175ccc56bca68c03e1ab09316f2d5371958cc3cf80ae31,2026-04-05 14:23:38.802866
10910,14085,28,26e75ce87e70bf968abc2d2f254151034611ae936baa8a5ec0903a8a7d9ddd5b3c75cd1cb33dc114ff1e5e57b86bad7dde80003657fae4bd6ad8f7f080e5efd5,2026-04-05 14:44:53.698187
10911,24898,28,a213df108319fd3a2e6d380c2fd7e9dcaa68f6a53fd787de9676c4fd4767d4e216d27749a590fd9f564b7a08554fa1d6060b0194becd15e6914756a7e59fef16,2026-04-05 14:44:57.94691
10919,59967,28,846e25cff7c7aa61fdbea6f191c50b5ef33a60e65f9f3405dcde80af9a11ea5afed736ec33623fefe9e5960a4f10ae02de5f9609734230406dee141e134bd7ba,2026-04-05 16:18:10.899835
10920,59973,28,4e58bd45c0392ee973925b3d4e39f46c2595409b030cb38fe8eee31286eb33335c7b32e257e43d6b42e53d47c9119588125f96959c3484140ed9d49d3a5166f5,2026-04-05 16:19:00.457417
10923,59922,28,126610fe0e92c49d99a287abdaf5d0e6ab81b37e68036ef1194511ffb72bb91316d5db32f04191aa498601a202c00e03edc59448ec7bc851240f84d2cf5c5c29,2026-04-05 18:06:48.847981
10925,17361,28,cbe76ee27b85d4fbfdc902a7201bfe3f920e8c46903bbf6babde411c05fde56f247f5b3389063bf27860aa4f6e48c8f1f2bb3ddde0b8198a27148dc084a458a8,2026-04-05 20:36:39.203029
10926,60005,28,b034f35a1394183fcae850a7fd611ee88dbfcbe4c5275264dad41d78a8307e8da956f3874ea1ef7cc317116f4557f0047d3f6a1c277d75b95c70baf29ab1d181,2026-04-06 02:13:37.050627
10473,28423,28,8aefb49e64d5e8bdec36e711351b79af174993efe2567e3c87caeac951f0cecb48d5bcf53b23221120da85ea4c45e765c849f952e27be7ff96e3f7de5d151bec,2026-04-01 14:11:34.338314
10478,8628,28,bc1c9f7c604ebbbb3e6355b38ed35f2eff210e95ca112a71bc0ef19e6b9feb479bf0580800e9bc9772f13e96ea6eaf527850f993cf52c085c058ed48dc5bcb70,2026-04-01 14:12:12.233055
10596,11321,28,e484343f47078d359ce70c4f25ef459776e856f199eaf7d8ca17210d32fb555a55841960c3b1a0c0f87d51afeef17eda113167821db9457469ff98aad4e47107,2026-04-02 14:16:29.323387
10604,14447,28,32688c4b40282b3523820e74fd52075d5b3610c56838e510e32c5db71e5d7f418c7fb235229aff92b0f7a88a90de6b4ceda005cf4dad86cfe75c80dc9775feb2,2026-04-02 14:18:05.079096
10606,22765,28,8094067ea1837c2eaa79baaa69d45a79e049a04c059281ce421201663b36286a7f4b16235839e10d8798279fc6ed3a1cbea5001e9ce7143583153154d262ab15,2026-04-02 14:18:15.87759
10621,59999,28,50c5de82b977b03725072cda597fe7b7479b5ef63180ef6faafc622d8d5499e2fe5a627483c997fe859d6fd38f738651aca7273ac0e7d64fc1fcc2b4dba1a992,2026-04-02 15:20:25.800553
10622,2710,28,0641a95a22036cf6cb5f362e0571d4054528b3af3c0dccca85903e180189f51e688f799714043171ec54fbbb907a94abcc6d66a59601006e66508beba3bec039,2026-04-02 15:20:29.189075
10630,16835,28,b096f530243c6de87d61f5b11a78d2ea3b71e368b30c8d9c50e7c6ec7992477714b8aa928c4cf4ad4a43132746d6ed05af16e2e443a4257a698d122e3ef636ed,2026-04-03 05:59:15.753798
10631,16446,28,bc83feec40342f3bb711f2d04c5e260c87b9bea5d455b1552036597a45d0d12b3cde35eb4701d4dc33a21692602b9b1b6c82cef1b0c2f9cd6752f5297834ca2f,2026-04-03 05:59:18.698026
10651,6785,28,30d5f376ed51186f64542852793a8582e744eb07b03e0ee885dcd062a832813c8ba4b4ae0172caf009dcf600d07a022697196c098cb4c4ab659719f4a8ceccd4,2026-04-03 07:31:32.585602
10653,1557,28,546337a3efa4048721dc83a0fea5064fce25d32810b78181ec02da4d3286f7340ca9568ecf759e58964995047e97fa973e14b50c6f85c619a22f11411cf28ec3,2026-04-03 07:33:58.998942
10657,23066,28,e005e327f19d8e788fe418db5564e537c9615592b59ac006d12f24da422efced85b8dee0d6c13ca2985a24e5de9f6c8449461d15fe358c2fd71d0d012c97ec01,2026-04-03 07:34:46.708326
10679,16641,28,c9b94845941334fca29639beefc04d2ab46fbaae8a7fe649ba17932170a5cfd1016124f4ae9279a51238671078baa72aa1549e8009d17621b0c363d09c8df387,2026-04-03 07:41:23.756746
10688,20951,28,206d6f1afbda8c70079182bfec1efe7bdf6a5d6b9dbc66c736a278349298cd9a530a63a4e2a8ce2e9614f06cd35aab56578cf22589911151d925d972faeb5a51,2026-04-03 14:21:23.254259
10716,13875,28,0327d38995218c0cd6e95aa0e06fc29ea796fed4fdeaa36ab0f2c30a2a3b22f8921489e80467f592f68aa35bf645b2a51f7d51f8325e5a1d6e4f9097193079be,2026-04-03 14:30:55.889241
10720,27382,28,248a275cd73f07029e467bef8b2aa2bad71ab8f0318f63090d31f82dd5653d743c4073970ed20e20c07a591d0f6c4cd9145914f7024540262aacb3bafbeb406d,2026-04-03 14:31:12.405379
10722,21897,28,ef3ecaf74098130b39ae579c00068e4ae43efb87141dd61f6bbe1fe5bf94215d15eb6f586bc5d09ca0c8b5c1325fc3cb6eba9cc239b2d6ff36cee921791be0a9,2026-04-03 14:31:21.589273
10739,2649,28,39632b5d21ad793e4af749a5460c946019a4a175c71f2f9fa2a4af5a2b65ed1c627b36aae882c03608e996f92375057775ab9f42fe6eb5f3155f6e80e4510064,2026-04-03 15:18:51.922035
10741,7038,28,bdc40c2d780ebb51bb6fffe538af40d08684fe3c6642f43aec8734dafe248b2c31d337345d6e95447dd75ec6c437740afdb4412cf71ede444952b9af207d0a35,2026-04-04 04:04:18.434907
10743,3616,28,5958497920529b52ca274eebd6cf723e49d1a723d33de47600906808cc725df303bf6ffc88a66818442d7308114195eedcf55f01d9dc76d737580467bfabc7f6,2026-04-04 08:48:41.496957
10755,59932,28,2018da4049740257cfb79b2ad9d8fb7bbb031a0745e00c528bcee87c4ab83e501833ac2766b5a4814179e078ade5dd848d92f3290a93263f7309763361ffda2d,2026-04-04 12:08:45.548949
10756,59993,28,a81328030c5129c475f5131a876237733f874a1ffc345da7ac807d2472c7b751148a906763e35de10809645a0f3113a97769f23828f2481660207817085f06f3,2026-04-04 12:10:05.604597
10781,27420,28,b5aeab4fe16d1f803066504d2dc5af2ef8f0f2583471cc390f6afa1c91fd204645cd96f53c52cb6b7e69d724264924c568aaa6d162f464795f57a8d3cf9a8a39,2026-04-04 14:36:51.41627
10783,16465,28,14fa292dfb60ef50f8c8525d65f6021b055723a5a907b38357c769ef8ea95016ea4948872509cf8cb8fbb2f24e3889cf835b2ae51e8a9ce4c300eacfbe737e41,2026-04-04 14:37:26.008985
10814,25314,28,764dc3a8ca70f1486dc77ddea1c992dd18defaf4b0fab4ded89952bfd64f2590054b34a9920c94f47c30276a3fd1fe61f6c2d1b6f9a25201e3ccd6923aee931e,2026-04-04 14:54:02.347938
10821,59799,28,e7e3a99c762f06116f60503a4c3d87a42635e42aeeb0915e03185bba35ff46dc9d1b2d0dfbc0c0c21ee7c86dd1be7d39afd409cb0be1726b64f0d089f7a78137,2026-04-04 19:46:39.127906
10823,48266,28,583da375d9f526c1731bb5e174837e5413a22e25acfa6e9ef1f2dd9b7fb00b2e02634c1dcc305ed43f77369770400c7b386b087fdea6e988da3a5a8d8c9eefd4,2026-04-04 20:37:26.186719
10827,59951,28,117a756deff6cfd15de71feca39f0082ac28a4ff87ecba661f0f642f2eda1a2709f4091c9b2f74ed2f4a83bbe38436401dcb62b2d9af7d8741a22480bb64d60f,2026-04-05 06:40:18.727572
10832,50141,28,7110e2e49a1012bd52860a0965f2188a3b59330de54d1aad17c591b11ed0e90c80c227b11d54aad5c1d409e584e7f5428b41afd0819aa1af8952f577470a257c,2026-04-05 09:30:24.783881
10839,59966,28,a24e173f036e3ee0625fd03896b62753fe16e052d5af8088b3a0acc95d10b1218e40aba742c4e88ad8fcd123c36445dcb6025631441653588de30e50a13ea559,2026-04-05 12:42:14.48099
10855,28895,28,71e44096c266b814f6e858e61b0b0818950c6cbc74a9e384c732f697415d5dcdd58f3f57c3ce1362b39b5e6e583865c0a2e8bce76a80104a045d96a5f47043d5,2026-04-05 14:15:42.588254
10857,26982,28,a226c9f6c1146b7c62b774f7308c11b5f1d741276e07e871d182584262c9c696359846daaba43fb2f72a822a9280867b2dd9c79b77fff0f19fb11ff6ef6c584b,2026-04-05 14:15:48.780721
10881,2362,28,2a591491e719e8e828d58dd9234f401339df8af8a19b3ac166ba51d93219d370277ab53a8bc223deb0ec0abc1c396bd7561f408e6815834a98d96032fd5d747d,2026-04-05 14:29:32.087964
10886,1439,28,f79236344907abc7d36ff0d1d28ac60c6fc234fb87706faae8c58509f17f1e6543e687c35edf771a6f488bede97178b57f3ab3e895aa38cdd0d5900d7d31eaad,2026-04-05 14:29:57.181675
10894,2076,28,2f89e9c8416410370ebfe7b0c0b7893fef16452d8298e4f6d2eb3629a5fe4f06af7e272fb11fdea791cb2d22b6c10ff63bd11b69a83e23dd4b7b09e0d051efa5,2026-04-05 14:31:39.086651
10912,12697,28,b531b7917b67cedce1538896b18be5403e27460d4b25b0489f42534239916c089d6c540976af604d19dbab3301a7c62010cba6cb55a6ca42445da4c49f834d7f,2026-04-05 14:45:14.104575
10921,59917,28,631d43461c2ed3129005436b05f06bde715db744cf2a609034edd7cd52ec6f596805a1c560cb76a5fe55e49f39ab0ed6430e3397c884d0b90bdd3451e295c741,2026-04-05 16:22:15.210895
10924,59992,28,44114d6f315117dd4cf699cb7eee2da938ac0c7ea789cc01664497d0713f60e48e64a9118db149f6ad3f11de8df021e7ac9ebf96d4686b2a4f777efdd452506a,2026-04-05 18:07:38.666786
10927,1870,28,8ed2a72fa3445199b4821d8b2e882d84c299de24ae09b310d76c69a63352425f3f2e35b155fcaa281a1ccd3dabdf021fbd0d0fbc451a41afc800ec12e345638c,2026-04-06 02:13:38.835584
10940,59991,28,e39b61e300e322370b9d3103deb909468f337ae23442778e845cc87a6a164360bdc8e789b0e8f64527e45491ba66064385cea6b4f07b20491bfe76c85c38e425,2026-04-06 03:57:58.375613
10955,59804,28,0c9c77d98b40d01e5663bc420ebeb51fe1798857287597c0665e3f3be708d5387505e7e27657abd5f2b9a979f275c066c94b9fdfdec10ba4bd06816534bdf16f,2026-04-06 07:57:18.245953
10968,60008,28,839c7ac9a3e77cadb6b252d29c16bfec9028a35001bdfa19518aa6e9ed1225752190e93bca0cea1e45c41d2ab466d70d706aeebb072d2fdcec5657e5133f273e,2026-04-06 11:47:19.266631
10983,60002,28,ee3ca4d54725998895a35fd2801d3665a7506739a906566517e8fd247364dac07ece01ee5bcff6073bcc2572e97a4fe2b005962dc49bc0380f26cb9f8460d6ff,2026-04-06 12:10:11.848208
10984,37485,28,3dd8dddfb73ce718618b2f5f494f86ca96259cadb444cb1f86feadd6268b70b1a523be4e6c8dabd4daca67ee59ce2abe3864797ee6d96bfbd2a5f8830cfc4b87,2026-04-06 12:10:32.064931
10999,9123,28,84e770dc625e0ad4eb22f4959234f04372c26dedfeb5002a17ab6564c49dc65847bf9d6a9f7d775b20f431c0817e6cfcb2cae99919af1d728cde104704658fce,2026-04-06 23:51:39.238172
10475,28680,28,7e438c2f22194ad9831304edad90021bf825e6e0f48f2e5529c810472a33d29a18b4ec525db9e75563e4dc35e1362f6359a5fd135718a6fb02a640d97f7e0f2e,2026-04-01 14:11:56.134617
10480,28391,28,8247c4d918e70a99361ef679c99e4bb1e5d3ddfb670beb6bb4d75f8c96b63b39441e038dfc71974be27766a34f9332d0a3858e55f5b1e8bfb40e1061efd018ce,2026-04-01 14:12:26.041205
10483,28039,28,dba644e1b3f732c92d14b68759316ffe7c360850734f500b59d1b89379ff861a8088f41981540fadac2fb9b6ce43c24e4cdbe50adc423dce7486720b4bc884dd,2026-04-01 14:12:56.22719
10597,960,28,b109840550844bc8c7165bed2bac233cdea3b19cf92c4143127b1fc5e62df537e7dc7e06c27a0eba2b486f048c83715a11cf7d25952cd2a6f302cd24e71f5bd5,2026-04-02 14:16:29.758426
10598,23338,28,985de917c1933056b7e2a2575605145c44ac1301b20176901ff3d576e8df28e4b1b2d389de15e73e60c2be366b2e7132f870fcbd7c0a902f77cf77a5e37089a7,2026-04-02 14:16:35.172711
10603,23299,28,2402102c1736cccda7ffb08f38b6d4ba1204a91f1f8f45b2c27b0b9f23ff2660922e706cbde58a808e9db49b916c55a2c9d44bdaf3c4b8078ed8f4b39533fc43,2026-04-02 14:17:33.489957
10623,62021,28,b5611aa1e0a6035fce810bc88b7dc745c55414abb29fd607c2f0c6600c6c5f331839dec9bebcb2d8831eda350eb018876b7c7328c5dc2e3060311fafe2405225,2026-04-02 15:21:40.86707
10624,60127,28,97b1199fffb52f54f2287ba090ae9bcc34a4483814c4e0dcb5c176bf34d5e4691c55d4c04ac135e87da0fef51df0b3c4b58cc91e3142de0d8c81d3cc43da4438,2026-04-02 15:21:53.132235
10633,14141,28,7161a68abfd8e8e57a791da1bd2b67ba0f85c445d9472b9a604fea37630c34c92f4ad14fcf202894143dc06a5d0f4ed9d446de3b110d85abb1932e21975bd237,2026-04-03 06:01:29.330173
10656,5405,17,8197b4837ad2c54ddcf5675fabc69ef96d63a78e1287e6ffbb1cb962036622a3b5431196e8a493f029e49c4531e739a9dd41443d4a05f02e8ac251e732af3953,2026-04-03 07:34:26.874084
10658,14434,28,ddc93658092f54277e5a5f8b0615525547f4819aee8a1c4544f8d08e9288683fa0cb578d4454d0f344c949b91ddb33086b327dbb02ed6a0bd8bdbd813b802002,2026-04-03 07:35:10.05287
10680,1397,28,f15153fce25460afb543e791a14738152cf6cc1a23f32dd5d76e4fad9250d95c7dc3c42d42f27e88edf15821a521b6e033b01e23efb2a41f2c0414cb92c11144,2026-04-03 07:41:31.719057
10689,21217,28,d24a7c941542cc354a83f75b04ad294f5fcbeb9a92b5c9211f3032e6f1774ce6e191a98751f0d074c27abecda006b2e2b4d7eb824ebbaaef0b050483474ce35a,2026-04-03 14:21:26.236157
10692,25796,28,c2b00c8aa91661dbb35e9d7777e8f5a132bf743ce8f55fd1e37622c4b5451091dbaab3efbe0a2cffd91b4994222334ab71964e859295f448e70fb40d41b013a0,2026-04-03 14:22:01.30554
10697,21732,28,920e8eeca90c45a9cd3ee1b7ac2742f2aa42b2ad86a9faf072ac9593b93f5aa76fd9058e8c542bb36ccbbfc00d0f556a855e21bab5d74f1b135e637e31fa861a,2026-04-03 14:22:54.572284
10699,24324,28,95ba4905a8365953b926aefa450612bfe2335d3dafe5bcfe36fdcf00eca197829e22671e9719652e18bd42841a39a505fff02a02880216f131346b3c238a3133,2026-04-03 14:23:01.278878
10701,25395,28,ac7503c925909111608544bcdface0181aea3677e3c3ab6ac0579fb71fbeb9251775c404d010935c0928ff40bf1a2098ba94fe7d3fd6ca2bf0411d09e7787232,2026-04-03 14:23:14.393586
10718,1711,28,b56c0973786d8b4d81372b2e7f0b6a513ebbaed5aa1f7663cd948c6f27ec5304cd8ccc325a0a62d1a33c0e0148f6f175560af37cf9a7fbd2787570ebe55e2d34,2026-04-03 14:30:56.46277
10744,13389,28,aff7fc6ad2c787f4fb42ba7fba80c010f9c0d55570a3e7fea40e18e7a2607ceb66c64d25f75ff7942d1ca6b5f663984464fb346b351c3d866c786a3f38b1d3b9,2026-04-04 08:59:17.156924
10757,36482,28,20d8a825f2449ff8959fc506303d0850d483c59e8720b1b817bf21885fa6926d7aaa302c3c1ba36a09f434bfc97b8e8194aca5aab60dcfff4f198be5f453e15a,2026-04-04 13:51:42.265173
10758,36447,28,af0f92f484449116405462e59a23825e2d9a1ed134836774d33fd081fda37e6f2dea00394d8f1df1a9568d859022e934bdfafe5358e8f6c8818b578844add7c2,2026-04-04 13:52:35.276937
10784,24447,28,d572098f9d8774e0384e0d8232e5fbb64e2f507a4130a78193ddb9fe7ba0d184e6d7ced87d27152d3b1d7a9397adb6f9cd3fb07874fb9a4409b0bc43ef2cc39c,2026-04-04 14:37:26.824246
10785,25425,28,fd55581cf6cc90c29122af19ccda7e4fea712ca8eaeb8614372aef12739509e42464620567828b48cfd14ace2e2559198f68bd646192cff58f603ed701f2b323,2026-04-04 14:37:43.361557
10786,23409,28,a34cc250b7cc769c0327d0fc194bb68a4b53a9d13bcf407ffda33cc38c1abf4c0a28c3a763a845df51e13e92994b10228b27f1fde5e051652cb296ef4d753a74,2026-04-04 14:37:49.597338
10790,18692,28,cc588cc2fdf6f02ee94b70efedcd1ecbb32021fea4ca4cbf0b47787594102f87fed200e5091c21ae72ff919c6d5b4490f8e0e84971b767cd541917b0f68337c8,2026-04-04 14:38:13.475774
10815,16546,28,2be368d1803e4b5a1c15c7be99e2b9ced02279075acbf7fa45ba26ec1c8f06c8f9b8a9802edd17f7d33128ca3d237fc9976e061f5eda955b54428fa8dabca99b,2026-04-04 14:59:43.977437
10824,59949,28,98259cd3ca42c84419c7e8d0e90f7b1d1eecb453c07738d00439bea3d4e17b5b9499f13746f12c97f97cb7d7d0fdec1d59e1673a59884604702999f5253a7f25,2026-04-04 21:14:28.435134
10828,59951,28,a6b2b2a264d7d7d27da6aadd80e2eb63f8b6257f616fe85c1e55b99a10f3a0bdee32da7acc80fce7da9d9873a98fb049eb7a68cd98432eff32ac3b22b1fdb876,2026-04-05 06:41:08.764116
10833,10287,28,04ceb9167b044ccfad0a94f36b7698531a8632bf04b7ccbcc02c1b8227ea07f2aada029a1fa514034e41753a440cc47aac840939457ea1f57fd2869e8303135b,2026-04-05 09:30:40.610718
10840,59986,28,2ba8989af6fbc458fa26c8ca56686e7957e99604c400c367cd4205135076ce9341edff643f08b8306ddb9d238fc642119f1f7ee4224f1f3fc89017493aa8babf,2026-04-05 12:43:04.571305
10856,25856,28,fc23c49a04daa1cbbf7a644dd56222f4e589a4a8dd276451c1c4dd8e4eae4ad9db4d8555a8a5c5457ec0353ef529b8c18c3c762dbcd09f8a669dab4107d99ff9,2026-04-05 14:15:42.933337
10882,16523,28,f3d71481cdb332877e4f9a6d85d88e7587af8bc6a239882315b5e0d9c7397eb58ec79983f99e31294294c7f6e92a66132f0ff9519ff6d9f12131a119d84ce3b8,2026-04-05 14:29:36.099897
10887,12596,28,b39f92d7656488bcd5e8bb763c7b50be143e56381e7c523b523fad5fab13efa99bf90df467763a82b25d57c397da636933b5e80c8f12be427ff2188fa9915e23,2026-04-05 14:30:52.27577
10892,965,28,49741a35bdf0dcd64b0c1f0fc39adbbc15b62b107e94dfe78a5b9409625974303ac9c2544aceb966c47f4271c52575baa449916d12e90d79c44c2b1c8cd1b00d,2026-04-05 14:31:25.504559
10893,2278,28,15b5a5305513c18881ae2fcbeebc63baff4b96c64ad7de48766c31e9b826647af067a1e0c9ef12acbd55c51348079a909b05f0dd06cebbbbaa1359e872cb4d5b,2026-04-05 14:31:28.907672
10913,59978,28,07b3335a9da51409da01c924dea315762075d66fd996f64f247e0310d6d4e6361d37840f3b69278c356a03c62755530f546477b0f89f9acfee698fc8d805fb5f,2026-04-05 14:46:53.034119
10922,60006,28,70e9a8a0756df1e0e61c5efbac9200d0d4d50e166987eb0440f7f67fde2c01ba342031d19ce1e8a471bfb43ff1353be1b5ff1f7c8103fd51037e0217329557b7,2026-04-05 16:23:05.078475
10928,1555,28,36fc494dbfab97f10c5236c419dbd56b5ca5906ea997eccad7015b4bf89b641d8a9aa7b4cfbfe8007d1a5b978a2a93d55b3b317a0011fc8c1fc40547ca499de1,2026-04-06 02:16:36.263443
10943,59992,28,f5eb30035ef44b69b7bc3ae0025db8047ec86da6637765faf530025e1f5b1eb34958319c7c7fd645b14dbbc84f1b9717b512f942bb9f1970b6527da117340cdd,2026-04-06 03:59:38.85239
10969,59936,28,369610a9231b65c8da609d6d77555d88d3a2e5c808fe38ef77c922e072d4d801cbac9d8f6b5250e49782e934597f00072461766f8f65cad5f5c05f2604895559,2026-04-06 11:48:19.710536
10985,59944,28,87c6ad343e941e0e8137129c8fe0455524892fb284f31d7cc63605337e0c96d068bf5bd6d7a5f6976d6b373542b8d5e93c42a3bc0d2b3586b44226733a38d794,2026-04-06 12:11:37.701827
10987,59673,28,3246f1e75b78f7e6c57b28479440af4af69d068cd4c542cd3e6b57a78e2f8ed5367250bc1e70f2e676431e1485c85fd8aeac71a0d172664f53dc47810c8cc644,2026-04-06 12:13:03.923914
11000,15166,28,0f7797c1855e531a004d5cb5cfbee222c9af5d3487bfe9297edb746b8fbdfc2c3f6dca4b0e456b7aa7dff58c8474349a5bd363ed180b435000c63e016648766e,2026-04-07 00:33:22.247041
11010,24845,28,c77914b2ded8f08eb5983370c95685659dfb730254b10e161f36b281da5d38291b739505dc76598bbcbca1316e5a60b6ddc36cc1b5e7acf1891fd3ce884c5477,2026-04-07 02:11:26.707814
11019,20978,28,79bdbca5155967777f1488de6dbb2cfddab06afc9e5ca98fa7299b2d2280e783bf5212d0b8e61d24b4f9fa98a89bd896676bff9f902d11611a77ed9327f62d60,2026-04-07 04:28:09.93274
10476,27965,28,f96ac8396fc40329f0aa67bfbc8f512bd229aa1293a19abad2e498c54006c2fa3891e30dbceb29f0cba9c999ecefc7f31af37212b760f82876fb336337f19ea4,2026-04-01 14:12:03.219217
10477,28325,28,0787d1461dcb36b9e027609a1864ce462257b8cd5f64b456611cc439cb47af3d20e54d6ec797630b79190ba5de4dfae50f45a2297ac7ac196f70134abaa1bee7,2026-04-01 14:12:04.211943
10479,7324,17,a1db7079ddfd283767c97e874bfc82aa04b74868c097554ec1c35ecd17c5c49eec02322c4453b1a348ddbdd9a49773d4d75a968e78d079783e5e322078932b91,2026-04-01 14:12:24.636029
10481,27913,28,e157ef92f74034e8e0b733f6bb7a7a49abe014c015812380ac2e2927af2600596620422d01ca5988b79ccdb03aee8653aafcf4e0703e57b8fb86ddf66d8e7bf7,2026-04-01 14:12:33.569106
10482,14488,28,92fcd61cec365ddccd4ba8193ec37a7d0a663d902aa7b36be255a5b5a62e7f4a1afb084e3950cc993dfe9a3cc93f0cc00c918c2ded1fdd15cd097cbe385d2dec,2026-04-01 14:12:50.725114
10484,27929,28,88cc31c06b55de35c90ff5624986c3a6ca6ce0f123909a97bd432e31c751f940a8e2146854f6fe7d4359cfc9cf6846afad51736ad24de94e0cdc19d073569306,2026-04-01 14:13:04.038789
10485,20331,28,598d65daedf662340877f7e10183fe98312c044e9352cc0fae1c22e988224a60a081a54f71c543f57d7b0392e0940bd025faa921c6a1a6c967a5a420d1238020,2026-04-01 14:13:18.652271
10486,28017,28,a54f9243dcb70b321faefbae775f969af4b495ace7203adcdb5f1d1d8c2a344f99dc5f63948fc3ad49a7cad68fee600a197c1c6d9950c59779fc4d21e6c87ec6,2026-04-01 14:13:24.678281
10487,9708,28,4043559f5e0d00c3df7b280eac68873e29149c36377e577c8509ccebbfe3e45863500fe4a3d52fa2439e92f350bdd3e02fa0feae837773ef2f1f90c882efa448,2026-04-01 14:18:05.7546
10488,1354,28,e3b01be283111e8d4f2563195f8bb953b0a8f814f0a9ceedcbd78f1c3b54ec3ebdf438d30aa03a994da7cd55471c1bb8cb259b5249e6599c5c7e91b0b4c8d7f0,2026-04-01 14:18:20.156203
10489,9008,28,72ccac9852eb0545e0ccc7fb50941915a93175bd0ca5c307f3ba0381d8c2f3667cf7ecd1c90110095e6d7755ff9d3c2a2b4e4335548a965e817ecad2cf8cfef5,2026-04-01 14:18:24.133074
10490,13227,28,4fcbfd89cf9ca87d70d0276442a58a7051548be94498b77ced36cd383510631418d6e2b4d97e7b2ebcb9dfc3d28097a097eb0387f02cacc058ce59355e420062,2026-04-01 14:18:31.851333
10491,10605,28,0ab7fcc729e67fa36e2d7837690076b963414b95e1311e4d0a72c99215fe63f3021191b0d9b592e6663a1d69bc13a8a98c7a440c9b6eea95992fbccacaa55cd1,2026-04-01 14:18:42.857073
10492,15922,28,ceb0da954ba50a2bdaa162d999c852195c081251cd656759e60c852385372fe82d9d7b2d287fa832df7a2ee742878db8b473e153085bea09f7abdc9a6519cf64,2026-04-01 14:18:44.002282
10493,9952,28,d4ee5d76d6f623de8226ef4f0d1f88e3126858da2f85a7ddd782c0681921ac16fffeb7ca15313c7eb6fb0eb487fcc3237fd57654df34736d4b7ed00bceaccf0f,2026-04-01 14:19:12.295311
10494,14546,28,4a5b18a68a0787bc7338f0fb15b6ac1e2d1324306caabc64eeff8925ae8ef64f072607f813b34f58720a8662d781cbff0a82c7009e83df178e94e8e7bf6cd64b,2026-04-01 14:19:28.459067
10495,11976,28,7c03f6aaefb1692a555b601c19a2702b0869b4935e818b1576771af8de89d6624d0f544045f7965221b9c3ceba176dfd50cf7487363742343ea493a4de162cfc,2026-04-01 14:19:40.294401
10496,14718,28,c30e43df08cf810b625999504cd874a50f47186c479ebe65d68abbbaabcba5610786253c69cdb2930fbd11c3831446d4d6bb80794e670b9a3ebcac493a7ed2be,2026-04-01 14:19:44.767803
10497,12082,28,8ff7693e2dfcc6301041e9381e37de9c2f63a0741ce5b070822c4a789897849f12c6efd7ee3c73cbb0305d9ca77bcd89f950ca76fe46bfada3a229d827500b11,2026-04-01 14:19:52.212452
10498,16059,28,e9a83ecfc42514e3fc6cb426513766d1fe84708c7d2f20a1f9d2fcd7a133ed0a34136b7ae94a8b698b89d677b46b6b1f885ce605998759a1a955cddf8a91383f,2026-04-01 14:20:07.086495
10499,16314,28,e78c2e34fc55cf85e98f2ca90924ea6b540da7d2c91bb95bc86a0ceef3113e5ce370087965d836cd7fc19c7b38249cb342c959432c588f6421fa8fe1def3a67a,2026-04-01 14:20:08.571816
10500,10200,28,29143a9bbd79a4f95303d74e78d2977d41df2db30a615961a0c98216938eef63320b9d86ae60decb2b0f8af76063da22d69bf179b70bbb3d08d98d06a6fcc15a,2026-04-01 14:20:11.463194
10501,17029,28,95d5c1e9a909e36f8c1e4f70f31a99b987f7a769a5c75dab177944de868ddb785e124223c68bc3e6ccab92c417e0f68522ad0f9c1404a9d3ea8034b536ac5c3c,2026-04-01 14:23:46.396148
10502,18230,28,978fa612e3d133f83fcdb27b9c1c16de748f5801e8587197385c90d0b91f374802b6a7e1fca99c0221bb4d76d3754ee16b35b9ae4a3e30390b1fee5390f4bbc9,2026-04-01 14:23:55.895485
10503,10203,28,7856b4e6c3d5797d8ff4b59669e77a0e62edf4994350aab2c8b25ff3532ab18d5a303999e8540d5ba5528c54cb283d3d91f889c327b81a3347998c10e652eff4,2026-04-01 14:24:26.093481
10504,1702,28,39c8f102d15bcc4521e98481b522d26c2a137ab118bb5b7ef499ac647fb440d759db8d27c4ff0ef2ccccfdd79efe111c443fdd440dbea4dff52565543f10a3ba,2026-04-01 14:25:13.751217
10505,17493,28,3d291b3f876afbaedf518379ef9eab5a80548149d7c3f5dea1cd65833af708e4819b8c89f3833bde4c8431cc22c68565ee9910dcac6d00608f2a24b9507e630a,2026-04-01 14:25:16.959128
10506,12284,28,6bb446abf237f415f01020ed96fd2ac2331160cbe2908e1d432860f45cb8774b8e658517e31b732ab36a5cdc008e6716ceda5b7308b4a34c385984733b1a8e50,2026-04-01 14:25:40.208517
10507,19710,28,88d7b665354749966ad3608ec65e8266d4f036e58dd3b62dc8a06a785ee1a7bb03c9025e44d5fc40fc2614da67dda4597b7c1d312847f96ba0b52481db205f80,2026-04-01 14:26:03.316742
10508,10007,28,044706242497f9cd3ba1ddab5150ad57ae7d62421377fc000d657d1b86d6f7d694ae1e53bb47b461942c3a213bd27f65dd73a3088c89c1a919e4a59cbba65c4d,2026-04-01 14:26:12.385358
10509,18892,28,090845b25223d66b1663c66cddccd46730d35f71c9af9e0ab312c6502ee5265a207b37aca2af1cdf759cca988406df0549d979ca33e5878e5f4dd1daa3321357,2026-04-01 14:26:32.402546
10510,18666,28,5a73bd25ada2592bab887968e36aa63a45ccba480da7718c3ed17df2d6710a8066dd57a64d803780796ba5daaf0b60167a64224542012d8fd43f9dde0a5c640f,2026-04-01 14:27:06.124373
10511,10338,28,32b54578eff9e3417814ebe40d95ce200197d40bf2a95d2ec2ad9f594a9c4bf200b27eefcc57b82027382d7f914873056832974f16c9c84f88f694d1a114a2a4,2026-04-01 14:29:18.01957
10512,11290,28,bedd2fdf4e9b4d4631ab9470d5c1ea3f65ea58edb2d15430e16107d9b0917c8d2e9a46bd83be9bb2d8cae915ef6731fbc89eb9904cd468661b2fd3fa5868fd81,2026-04-01 14:30:25.328063
10513,18119,28,38322c47c32ea9ef44b5448180cc70914f142776ba0883d4a9f0af4175da3876462c3649befeb77523804ec600c8194d3443af81e3265a68e1b13bbe941344ec,2026-04-01 14:30:37.383404
10514,15891,28,afec60ae9ebf9f13936c59ff9b4a31cc9f038c393ef1cdc293deebefb00e62cfb19dc989b29c5b2c5bd6fadc9e0cdd246cbdb86923e1616e71810609392e467d,2026-04-01 14:31:06.782655
10515,17922,28,04ed59cecac8836e9944a073eb038af88f4200107932bbad54b4eeb990689a2d214a18d9152d3683814cc8b64924ece2490bc0e3e9b5c48548e7c00e1945356e,2026-04-01 14:31:10.659061
10516,23814,28,0eb2fb165d86bdcd8094734039f61d5b643e77eb9827ded2f974719d5d769e217c9f102e9415e823c49e198a773451e2a491170ef85372b8fd278c979d994084,2026-04-01 14:31:10.855902
10517,13943,28,3b340e715b7737e5541ee22638c8104e1b98765113f62c1e0eb715744cd6cbac62b2db9b9a05bad78468a342bde0650cfd3d0c3099cfad0d009ed074b470f74b,2026-04-01 14:31:19.764034
10518,19174,28,b01ea6cd211b2f64dc26e5254c7353ad40c57e1f82ac67cc0f1f229a16aa16c443fd6fe9de094324ba2739b13bfdf70bcc359999f38090f921d2f5f8b882315c,2026-04-01 14:31:28.791144
10519,22105,28,04e967d20373bf018d4f0a234fd084e8e3736f6cde6d6787c56f42e7910bbcbf954bb82de1437e797752dd87755062e1fed660791478c364cfc754d068cde8d8,2026-04-01 14:31:43.86224
10520,20142,28,8312678cd09bc716bcf33b8ed6e69e455d95c88849e12886b0c052ebfb85832c663b1c3020ae90cf3f8e3318227e56f5324fe8bca7a233bb104f692b7a6ebc52,2026-04-01 14:31:45.719234
10521,18058,28,0077f4b2817a713079a4cc366cf0f6e8b97e27162d5482e2d3fca80273e45ae3d3c276c55e1d6ad4da4ac6a79a06a1ef128ef390be9c6386747cba25f175236a,2026-04-01 14:32:09.485885
10522,17073,28,23ab81f2d9ddda92725d0423b6944a37d95b4389ea530bd163f88d33a3946a54d5dee92f1cd4661e53a0efc8037cce76352df8381b93d811a08fe11b01956108,2026-04-01 14:32:16.350476
10523,20773,28,4001d96e3982c7d7db4276aeae5b7a8698ad0ddea7a45b233bc1d16c8ec1f728fb4d69c4089cbe580053456366d970cb5739e160ec8f7e13913af21a14607302,2026-04-01 14:32:28.288152
10524,14900,28,5750ace08837ad088bb7650581990def29ec1f89b3046870e52590f47fdf4f6b0219f65c1ed7bf0d50809cd87b70a743b007d5fed748ac1b682c7d3c0e332953,2026-04-01 14:32:33.03136
10599,1711,28,225072d69f5a3e7f379d95bb573b54d22c46d834da040d167c66be2dfd392e9a82cbfbfb5122ed4a30f2728901a77fdea3f8ee8f89e6730fe5452876098707fc,2026-04-02 14:16:43.510618
10602,10319,28,0c80a48d2e94409f0941ea1758a273d99209d9a68f45415fcb0e8c04ae66c9a64e35e8d7a0446c24c5984a8e494e23f265c3ab52de18be02b41fb74a647cc9e1,2026-04-02 14:17:30.519341
10625,20230,28,7476de41d95f56bdd353e2e3f5d5e36bb2dfc170f22e71d71bedf5fe6919123abb7243f5919550e15b2f20219213c9b8daa3920247bc55f3392784022ef0eeae,2026-04-02 15:24:21.242857
10634,16386,28,ce76a8994cc7da0349f58a043e2977d25ba3afba0f31b5b65e6fb0ae72810815fc4e445311ed4c6f5a935d3fbbe7d183377cb1c0e6976d3e8153246beceb7cfd,2026-04-03 06:01:30.503196
10659,12136,28,192274f6edc397261dacb90a93c8304cf373430b785fd332313ba058ac3f0547c5dbc87ef398438fe6de738705075896c3941a53a8e1b35c7c7851980babf3b7,2026-04-03 07:35:24.191785
10662,21950,28,0b10182cfa039d6bc478a508137899415cfcf29c4d8c560ce31dc29fd2674c77fe7f7f8c8f2dc9ec7df60dc55a3f115e15d1acac4c037138b29f880b83c9c470,2026-04-03 07:35:54.191338
10673,28290,28,f7699d8c34cce7ca9d26749849572169955c35006cd45109d0bdf21aac19ef2893d25b0ba364d86c0573b1c0b5622f779543d6af1b729ac01a1ea81857622b6b,2026-04-03 07:36:50.875709
10674,20160,28,64978f7038e89065823df95bbba00fda90127440a8dd6016aef13a3bad48de8e110db2919bc393fb38d12fbde6cd6f82d88b70c2d71336ba954d0ee095f69fea,2026-04-03 07:37:10.687478
10681,10194,28,eec6be9118dc10e783f086d647ed72962a44bb6f9cb40bb0207783e6f50d5b0c1bc7debc2686a1ff556bc35a8e0e434ac289790ce8fcab3800ab53cc8b529335,2026-04-03 07:41:53.081958
10691,4780,28,a5c5606b49cc48596bb3c33215f57f061d59fcefca14496ba9d70dff2855cc79ce6627eb7c67cc7b093da96cbb3b3510bd55d903bdb663611cdeff9ed319f851,2026-04-03 14:22:00.525017
10719,24864,28,35c9970c9e38cf27f7394b1170a5d9fb3102c1a7131884b94960c08ff513568d2137c10991a2e38368707adb69a4d19586ff7e9c47e9eafc53d4fa8e091af02f,2026-04-03 14:31:11.5907
10745,59929,28,efbf0c0fcff3970e8fe299178c7b9b809d1f18d6d349766ccc420427aad9c89696858942d0254aa5b0f95d7502e3a5fe108efb6adfa1d04d64a66f413f9e91d5,2026-04-04 10:31:01.742388
10759,36634,28,89550d323b5fc157ddd48bc15255ad6afebb5aacb8575dc56e34d08051a98797b08dbeab984edfebe3e5e069e706ebc8cc33171698ab1720d3bf5c66adab6e11,2026-04-04 13:52:36.659618
10788,20124,28,b5ab03cbd7a96eda64d54bf456c5293ee3d45593816a367e7aa1d6a186fea63c88d89b2b7e2352085cf4f23f6178e726c315eb515e43ce759906d46124b3618a,2026-04-04 14:38:04.379668
10789,4725,28,7939c3018e566fcc44bed6b32242c28145ff48e25aa8d54cb9eaef91196d0a6674871326bbe9054cbd90f6b731c92476725a3f707477e7b31738ba9819968390,2026-04-04 14:38:09.639922
10791,14881,28,ec447c5dc57a1c61e1cdf1e9a5aab819ef67444194c43fd24716cfef6a81176e70d9568ac308d47ff792406cc37ce848d95ff2bb7baec1d24909878aa71a5be1,2026-04-04 14:38:13.624272
10793,27905,28,137d3c2589d64fae7252d48c8a6ae79fe6d2813c302bcab7663b3339772c4f5b67d38687079a06c144a41270ffaa4dea513f80812d18ca794f378b6975e09c38,2026-04-04 14:38:15.41137
10816,3088,28,0dbf1acdbfb0b5c8d43598914fc1ecc2e03a4d804e5ea928c127fda93643fcc767b014614e046e85101e58aaf6da49f66f1fd27782e0a55b984be9f4c230ca0f,2026-04-04 15:04:05.234592
10825,59993,28,fa3fb36ef0fa30ec2e8f8222c307a91e413ec00243cc1e2470185847eab90589432db6cb3c1b3d1a7dbacb0fc56821bce904d0ecfcd04b2bbcdf43e435f0462f,2026-04-04 21:30:57.726052
10834,59935,28,edc903f4bc77556718e1284f30ed2e5d02c513bac1faf765d48c34cdcc70f0643f585e95b7c74927c5a312a0116567efc3d69c1c37429c23268182540db60ce3,2026-04-05 09:41:33.427715
10841,60001,28,3d8e2aa0b5fd2662edf4b917792463381b0ee443110b6ffa420ae945ad3663c33ee74a86e19e134aa5c44a2b2be773c00bd97015c3a13d070dc79959d9b8dd46,2026-04-05 13:04:32.450311
10862,21338,28,c1711ead2c5a1d596ea5bcf1581f890e851b68f87c68b55665e8cfaa8b3c053752af1fb7f545102ce4765844907fdfdec516af6c92613ce441df88b4ca18c483,2026-04-05 14:16:14.780178
10864,25721,28,79979d3e5c2cf40c2c4800d3ddb5340b126c070774057b7cacb1db1ee72bc76f28d8e4ab3d36be04c6e3d29b0485c38003bfab9271e28de49821de5c0e5969ab,2026-04-05 14:16:47.333249
10883,2456,28,525574c7bb6554513c2c27ef2db3548873d4998450f42a42d8f473ec2fd3b5c077d0830ab5f6079cda869500d8e02f516fa60a01de48849c5392696a5bae419c,2026-04-05 14:29:48.421651
10884,14469,28,50e8ea6727723cc95f4d0a08cb6fd9b6f8b8ce4376dd1811a35ad245d2d6e34c285f4ba80f9c8de3fb7e02528d88405793bfa198181ffc4ee2eb668240cb67a6,2026-04-05 14:29:54.388432
10885,19501,28,91831d28e80df36db2d504eec1519f2bb725fc82c3cea99ef2ea42f4c12549b6ebda5100c744e1a685667d9c3d5ed4b9c28ac2fa89626084c9efe0267708f9e6,2026-04-05 14:29:57.019067
10890,1766,28,1778e887f3560bfac9db3a46b05df904291e59afc6bb6fcee6173d3d6648e207847255412ca22735c8e0a869f42ad61da0ea0303434ddde82ce46b6a7315c25e,2026-04-05 14:31:12.215193
10899,18547,28,5c34d69e8fd6e92963b3da4148fb1c13c5e4f86e617813d13071662eacaf55d3c0378278bae0fccecf0d5c6e4958bd109c40b2716843bcffe98957ea492ffebd,2026-04-05 14:32:47.237253
10914,18965,28,bcda49c110b79c8f426e51af1ebb6bea4542fdcd0772f18e7d82e28f70675830203df9e11f5ed1758201c04cc29fed33f2c61e47e21ead75c96271e043204ecb,2026-04-05 14:47:11.915348
10929,1053,28,1b97a898db7c73f0a41fe4f7a5b1d5984cec5d30e8f9720f44408c90371888a281a2bf6199342a06693b0ebd15075a18403aa1ea4fe3b94ce928bbcf17c03d98,2026-04-06 02:16:36.822156
10944,59987,28,2c88f9ce54fdb8100e223536258aaa6989013249a7da158c6856b51738e28f3a73649911ef7c819f55aa21ff3a9794d9f81e3d0b06e3d4dc54d352a01385aac0,2026-04-06 04:00:00.367648
10971,59977,28,694b0417f6cc9b5c10b92fb6858abce3e330b10bfec129844fd68c8d8decb1864850f3dcb6538e318bb0e6843b69f556fd9ac237759f8e1a540ed670d6026513,2026-04-06 11:49:45.781141
10988,59777,28,2888f04a299223896b6349ac1a993d388d579754c55346fdf8ad530eaa3e9ed692f2d20ecc216feda4657cadd6506148b18a7907e117d2129ea0a034a3bb2811,2026-04-06 12:13:46.84892
11001,20915,28,b1500234e271ae693382080be883057bab08b6e3a3c8016ac4899e7faa99d00e6fe827b6ddfd857ac3fc1a6bcfd6ae6e5f1821840fc193e228e09880fe530631,2026-04-07 00:33:58.145205
11011,30842,28,da70d3843a01bb5af3c5fde3d95f822c1a0b804a800a250ab3bf4236bdd64609dbbfbf53a1a1fa91dd7858fb802885fbcdf55d76b7f916406020f4267dd100d6,2026-04-07 02:33:46.703823
11020,18533,28,05561f65472668a3c871ef4effe6553329a4e038a38751cb54e364502005cc8acdb71099b0e6f2aabd96b87afaccdb5d313c2d8fb9534123602ca992d085845e,2026-04-07 04:28:47.958335
11028,23813,28,6556f2a5f885671ec18f0768affe949854759f639af22baa3ed6fb3c139d8f850ff948492b6848fff13600dfdee68d98f553e47af997ee6808f0ace2312231f5,2026-04-07 04:40:16.173077
11038,18406,28,45e7dd15487f494ce5aee590f8bf2ace7942ed92e78c02f98f4654bd7b8a860e4cf145c06397d512ca1c9a8c5aaac0bee1520140de01a780e753d057bb6d89d1,2026-04-07 05:12:14.465922
11048,29783,28,5b08162e69e42f0ef05a2a729a39443e26d2ec282ea7179789f47aa8fdb5b8d1c64d95b4c72f972f1edfba152dcc1b0c7cc76ff876e9b9181006e6dc920b9633,2026-04-07 05:52:08.921386
11050,11257,28,9dc001d6e1852c12ae4f73f3703f4836d7654b9b9bfa1896009ebb38029fa5801199ea489c6f8c08b847b2dca3e0babd7ede5b564f8f69aadccef588433481fb,2026-04-07 05:52:39.07031
11057,22762,28,7ae37532b5f81ecef96f85749e316b21a939468d94f1cabc0e15f1d5be07bbe581ba2c2c49f356e3212d0dff8d151e0d96ec469d1be940dc23b7d0cd2071e09c,2026-04-07 07:06:26.027264
11071,60112,28,9654caa11182c7444cd9e550bd38400af68a513f7443d0575af7bb464cc29831953e6e1a12be347889c90af7e7e0a43835d2717f3287ba68237471d87e62ca07,2026-04-07 08:12:28.314147
11078,986,28,2ec73edadf2706a9cebfe0e1968a07a45917be2c36d17195454cfd1c4cd6b33b584801f0bd6d43d3b94eb7f71bb22cce16375f368e0626c844796d148e59d82e,2026-04-07 21:57:07.307862
11083,41556,28,1b0473dd9486794124cea284c09cec1bb0b6bda45c8b1ccd039836f6bf739454eb8e526e46fd80cd18a4bb9879d47500452612c37dad1c5dc195fcd1ec0adf8b,2026-04-08 00:54:40.067295
10525,11526,28,ad4bf7b213694326ea1b57724d4ff029a095aae8f4319f0c6033129bf89fa3f82ee0a0686ec3f614d39f121e7daa50fa1969ef85689c1e39e9e741f312d566ce,2026-04-01 14:32:35.201672
10526,5439,28,da6f5e608ff8ba564e46d20b3ebe547b7b4c78628b5450ca649377705cd5c23c840fdae3e6cb52cbd1655f5c3834af8bfba509d02df5a6fd2c8284137c90b75a,2026-04-01 14:33:03.759048
10527,11214,28,c564a11420e9008b081dae9cb841303cef2d72f8b0c39b735c2e149a77265542f42042343fa1ee178e203ed99772d00313604e8e4added89026e36f4aae40bbb,2026-04-01 14:33:38.885421
10528,20518,28,5dfdb811085155d69725d0e38127918c3e00682b3d873627c1aa59a53ecf98741b6165d2e083a0fab948984d269d84799ba44dd38eeba90450e469eef6fa6ddb,2026-04-01 14:34:18.982773
10600,998,28,cae57c7096b22d740c4196dad1f606e1e6877436375ac7523694955369c38be0641f7f664260e4b56c639ac519cd38680f536026c668d6937416dd2f82eca71f,2026-04-02 14:16:47.286041
10601,18658,28,42c16e584ca6207de48298a0bbabce785441c1790c15ddde93592e2837b6b8d32fe2aa2d92cbd4d78329ac2ac6cec7aa6fb36790882cd76e3ef30a71549605f2,2026-04-02 14:17:06.845667
10605,24934,28,9670883ba433cea09968b841d6ebc24ce6e8faa5ebf7975db62d578dd77e924892d2027548e5b2b56e1185335973f4d47f2f142efea044436d43f1132752c09d,2026-04-02 14:18:11.654959
10626,21128,28,18cf938cb94b69f6171d5bb54f3fde23b301efae90f747e3b6512aae5ad4de6e1ca567e4b019695ee75f8361d223cad2d15403b8e4912bfb312d05952507d408,2026-04-02 15:24:24.818328
10635,59966,28,74221a9b284e96b8f696934530f577b8c21042440b55ed2d707f8b91d3996656601cc8885a1c2f4cee0a5ec28f66ad0131ba557a1f63a6941af345632bdc15b5,2026-04-03 06:03:25.834675
10661,28007,28,0f16b3bc8a784e94342a4c6df6f6e3fcb2d9bf45a7e5da672261a6aacee7f8827b48013681b65760d42acabdd569e9e2f40311a6b1300f5f86414f263230242d,2026-04-03 07:35:30.006178
10683,7563,28,f79ffe7afa7ff930cee9473d5faa2c67333a80d7174f600993de21a69df57a8a26aecedf13663d75addba57f8be17702238deaf97520c13320aab7494014d4e7,2026-04-03 07:50:50.857569
10693,28997,28,fd870b97a0a9e3dc141e837371a1f0a66f361f94d3186aba1ab03f5f5092b487400f28d783596c451fb687a92bdc62903af73dd579a5271fe267a45cbcf0ef01,2026-04-03 14:22:12.70387
10694,15342,28,e407583319173ecd49f96a134571a9aaa02b042d6f8f366ed35fdc3a6c24b39c2ed7cafc4eeaf38f56fe938c2b3a4472f4d9b851ad90c9d96a98e7fd047408d6,2026-04-03 14:22:17.031852
10696,18218,28,aae76b9178982233f12ee73b9a838c0db0a6175194931ed6b58329b21ea8f2205feb15eb7857b017a2eae384062c6378a6e82b42847a76e84689b38195e74847,2026-04-03 14:22:33.339861
10703,12207,28,56fa2722973cf490bab0bd91dc4835cb134513ede528c028514a90738d53a7e4268bbec3eeb58eec0054f72130f7036a8157d0bed162833cef91d082a37b69fd,2026-04-03 14:23:27.305823
10721,20101,28,aa822e015d363abfef938da53c671f97c606abf0c62bd0e0202daad3c843cd7580a9ccbcf73b74522f45826bcd6bf67dbc07b4f928ddf0866ce301d7c8ca4637,2026-04-03 14:31:13.458575
10746,59913,28,7a6589e15be558ca32105f8e3d98036b8f8bb6922d00fd4442dfb66740163aafc26daf0014fa6d2c98678c9346d2a72d4ecaa6bf935f3c227d78c7d0409606e7,2026-04-04 10:34:17.561761
10760,59708,28,e2df2cd5df6c8c3ae9f0cf86f1489aa2fb7c066fcd215e485fe58cc7f93b981b5cb6588de83e332cf5b1d317b1f43762a873d1590b32a56f47aa21d8640cb9c7,2026-04-04 14:18:38.395536
10792,22228,28,44c25a486a264c206ebb87d89febb41fb546eaa94704ef49b2ef8d92e60585c72382cf199f96f367c83e8e3d46ff4617649acd67e9f30422e6cf1fc1e350ea50,2026-04-04 14:38:14.871081
10817,2888,28,0ca88e384a033b22f3280dcd45a80cc5a2082c40aa6c476e696ca38ad7f5df49c489edfca47928e3dacc9e02ba7fa18defc54598e8ce28079b9d718217cd9eba,2026-04-04 15:15:11.526997
10835,59989,28,fc8e0ee8a8e3d3793cef8eedc1e0d266b4c642751615810c3a4117c59c870caac4790a2f64e5de2ab29b6533b49cc4cab6e67f5d370c8405b56599fbef837952,2026-04-05 09:42:24.229398
10842,16691,28,3e9d014d478480661d2c812ed5cdb2ba1b82022ede1c8e4cba63707dacdb83109eb76899da72aea030eda54c4db0e779a4d2b33c2623a72624457993d7e7da19,2026-04-05 13:10:55.081368
10866,18721,28,b9117ef75089a33bf53b82280e46bfea4ddc1ae28552849aa0d6923b9fd08d63748a7976eb18bcbef7d9eba0223594fda8056ac27658899d48bccbc01fa4e723,2026-04-05 14:20:12.56299
10868,1218,28,5ae5160f52b537338f63505e4ae9a757c090ce2d81052f4de10b844e5d65e8b360d4b4209b931d655f877ef380c5807d469556357d7d0b6dc11723eb8ec04d71,2026-04-05 14:20:31.814564
10869,19644,28,56c60ba2bb1df083d7aef921eeefb4172a37f1c1abae4ade1817af9951baa1efc7b9786eec29037a42191bc5457381a565759ab108f02202ece9a3b98964a7ec,2026-04-05 14:20:38.035293
10888,9718,28,30745d03ca526070a7caf9db592eacc348af254dd73ec39d4e4e41ae3fa064221204cfd1116bfd70b881217ad24e85d306c90ee9d727e446b06b6fe18cdd6ce5,2026-04-05 14:30:52.533087
10889,7522,28,0e1c16ae5cda3c472f835c4de0b7024ea5aef80124d26cd5d746c17e556ee9b6507ac23a2286edcbce3864f2e8657f0457bb884d915f35a691954f786e3d110f,2026-04-05 14:30:56.089001
10891,13005,28,9382af2da227a25c10301063353243b7ed1728cb8bc8501f162dffd93ec27100f066cdeebad80b52810eff37dcf3bfb2a170b0ffef169c4677d9146af010e476,2026-04-05 14:31:13.008399
10895,14675,28,11e21d2647c439bef6b14453b1238e3956943496bc690f9eb760354091ec676f0d1c81e9fb084d32f130f67206e1c7829d2361effb5135312eee82b7ea455fb3,2026-04-05 14:31:44.720674
10902,10036,28,8ee31d5bc7486fdbf5dc8fdd34172ffe75e3dc838cc8c8a3f83a1905755810e6626f230f98456b0b999b024d94bf24d80c36e1174ecdfa2eac5c4684ca5d0c90,2026-04-05 14:33:20.922286
10915,22449,28,85525b8e1606a7b545a8599f8b96ebdb160fe3586a0ee8266bbeb65f6f621628dbeecf1406757e6085f8e991c6c9111dbfe29a2ac7837667d206591faf0b8a3e,2026-04-05 14:47:30.83389
10930,60051,28,a544bbe7e4d0dd0f4f6c4255485f7800c7c8bb36e82e5da5b2f60ee0c1a4df2a7b0b36bf8b9b8f96979a96eb11c28a1250717be88a9760d2ebd48e09f057d36d,2026-04-06 02:17:55.03283
10931,59973,28,b2c4c06a5eb7e583ad8f0b1ac7cf7876e5f56410416386f936fba2daa16d4263ea4494bdb337e11443888a746240f94394fc81772aac94e2eae2132410f4e94f,2026-04-06 02:18:37.906954
10946,18793,17,fff5ffd15ca0335d4871ab7dd7604c3c21cb57ebb379188fffdd0904a9bda0edabb063caa9c1bc8374a7b10b52f3018164240d7a23532c987999d3750b443de9,2026-04-06 04:04:56.514049
10956,59953,28,e300d10fbbacac314f493907f5ebca6ef2bc42c6e6d8eaff9dc779786742d024218640847c528eae60b59789fd64a0a9ee81318cdd4958e30d36dfb95945dad5,2026-04-06 09:01:42.562219
10957,59951,28,60d5501289d859437c2763dfcdbd85f96847dafbd5c117d014899262a4d9c8d6ea8543438d13505e628722364c3ac2ee1c812d461aa4096658d01ba7e9292d6b,2026-04-06 11:24:33.708867
10973,59947,28,424b0e8078bc435ded1a7279bd46f18396d7270f84c04d18c8d64808de414a7aa9f65b30261f52ffb420ff0502d21f17d9fa8b6a75621462a8e357685c2bbeef,2026-04-06 11:51:12.430238
10989,59988,28,c621c55ce77397a541d6d45a1fd2c24e24be3074c0823298fcc1558afc8627dbb47a98179b7cbb8f51a902c0ddebbe3ee0b3abd1efff62f8e55e16c2350993e6,2026-04-06 12:33:59.341863
10990,17727,28,d263e85608548c8deb7eec67555f35911aca9900712c653b90232b3cde1880d965996c6b5b40e8bab9f6bef6a3a8856d7fcfe8d676dabb7d41643b67a5ffd7d3,2026-04-06 12:34:19.653846
10992,28171,28,700f129b9222518b7974d2301830bbb36655b10723c5ed935e78d2b6d54741e833fd44a80b2abe3122f836e762a8fe3af6dce187325170735f3ba16b3e327aff,2026-04-06 12:35:08.230514
11002,59939,28,5a312fcd9fafeb9a6abf3462a510dbfbc93d6045ccef039ded288d0e86a3b3d8f1243285bf6f9319897599b74da25478ad9ba323ddee49586c6e86132ad70286,2026-04-07 00:55:57.491444
11003,60033,28,63ea1c0ff8672d9147506c8e84dec0f45ecd5971e5cc81caf3929abe4ae18fc3ae472ddcf19da67b287ea02581aec87256b8cc7a1a3ccf78b84fbf61e5bf3aff,2026-04-07 00:56:02.926374
11012,15811,28,bb4c9d759edfaba9f63ad570d6ed5b2e8f99831db76d8abb007a74ff613468ace6889af03e3ee6f44ceb0736d6401370fe661a1293ba9c0ba0d8cf667277c358,2026-04-07 02:34:13.124085
11021,19263,28,50cf06daea260a9cd9cd4317147b611cdf95a6dae7404d0318e790ddf5c5d3431b8c2c2926367a96e18224f07349100bb537f64dfde6b8e5022a7cfb98cf005c,2026-04-07 04:33:22.981479
11029,21795,28,0293d66b6d119fa4306cac732af859a5516c491ed99b8082048e8f500b647816ccd73375359a539365df05f9bea57954db8968a0228eb7a1933d796cd6a42d03,2026-04-07 04:40:16.582107
10529,25266,28,7e7ba2cc0bf39f4f9bb60383438878d92a26f36611f5210ceebf5b40eb7d476c4e0b7e5931637e369d039897ddc3187ce2c5f8e8d58a697568e5884f047e729e,2026-04-01 14:35:20.651661
10530,5772,28,2808b3c72742463a5745738e4c921106aafafca800f192bfa043abafb1ef4089edac35699e39f3204044153f32c92576dfaae06729753d513480204e383d3e10,2026-04-01 14:42:50.75754
10531,12974,28,5e02e30002210fade1919bb8c98032d25bdc10ae9cdbf4a34ea3d30daa6c994edd5fcf760713d34fb39778e2cfb05bce6c01deaada50e079392ab040bae15978,2026-04-01 14:43:40.386143
10532,14565,28,6a2e61daf26f924cb47b35ac0c3c8f5e1e571f464e15361c2d176b596f997e08e2fcf107af1ecd5e151bfd8b08ee9b06e0cc27c77fe0152d183743e63985db3d,2026-04-01 14:43:42.162546
10533,10744,28,b6f44c68dbf93473f98a041736a2c0054a0cde1dd372c336404ff47ab036fe3c47532ca21378ab7fa5866c5c094b376f1015ba8ee86537fc66b18c068191fa14,2026-04-01 15:15:27.982693
10534,1489,28,7c052dcf1235660eaf4c3954df941ecabfb284c77c0f85418fa4ff7e0fd58c34e21a87eb6826470f34e43c9ca3557cb834693c75b9ef34dad6bab804263dd49f,2026-04-01 15:31:43.231833
10535,3806,28,91d4b76b697108039f75c701b22d9a636ff2fae34406bbab57858e3e5af5a3bdd01eb6bbc6f93aa0d44e30a0a396dbd310c2be7e0b10a1caf3c3b5e847ea1782,2026-04-01 15:31:43.709809
10536,19769,28,3c196309f60e2e4f894ee3c77d24bb4710ad3e08d99d54bb8c6b0ef0b61387b31885a0a8c250bbf4282ed456031e75bf169cd2c5fabeea7a44c92e74fabb17b3,2026-04-01 15:31:57.068614
10537,24069,28,a2c64aae5e5d7e6729f0e033b8171f93410ec0cea10219d1da71b3eed50cf685f9d2a3720041054da374ee0e197f5a69dd46e2829ae01e4e1c83c0ddf8e46885,2026-04-01 15:32:57.462122
10538,20783,28,5aaea1ce43c74f7a8366ece92a0725ed72c66d74c90d6176033381bed4403c91ead99adeb90ce9265f2247bfb27f4f4e9de5e8762a2c78b2bd5d49da88571e86,2026-04-01 16:31:10.500948
10539,3598,28,5edca8bfad245f83e38899bd92ad759a2ec0364f882e1c497b37e33a58ab64a220a141b8ceeca4d864695c3fb7f30d9680772937a45b570b32f0fdef057ae011,2026-04-01 17:46:13.001436
10540,50063,28,388ee92a9c72fb64eaa6743b230c49445f92961794c370c6f80ed1f39a84e6a722bba66d891f9fdaaf505cff39cc5db5374434a047fa4b1894e7d87b60ca43fb,2026-04-01 20:39:07.948012
10541,59445,28,d1dd1d14bd688eafce724c9d849eaef9ac6c0ddb362aa0a9fae8c891b2e1b018f76839fa333f1cc0879f659704e6d66ef5de396a709d75cc39294c0b8f903778,2026-04-01 20:40:00.747505
10542,2776,28,dd3785ed1d35a37ab730583e1e2146249a937caefe6af105038fd523b3e782e55a0227a03c5b16aa7256c4738544290636ada0581084ae9856aaa11983d4a0fd,2026-04-01 20:40:20.433076
10543,2688,28,aff879bd21e5d8ea367a0cf81639d80c9e05b8a1f7852f523b0420024df6bedee2df51d28a000e62620a87b7bbe346b538d88b00253050369b7f1fe6ac43637f,2026-04-01 20:40:39.886526
10544,2692,28,5c16e4ba56c96838ebefd181dc536e744fd40be1e82f2b2ed89344fecac164f644a4850d9201020f5b135bfe5733450c34467a2249dd7b53dd625f8aa0036c41,2026-04-01 20:40:41.059096
10545,59990,28,6f8532b8574c69aca107c98dd15b055e505c1ee9483e21fb54ce774399315374485881aaebe1784418e9b26a91f4f0ae0e1e5298996c6f35c856963dc1019d26,2026-04-01 20:40:42.949585
10546,60096,28,37416f68882a890ec5bdf3d8b004cec28eba2e3f1fccb53b92e5ac7f5bc5da7a60f6b7df6beea96ab476cdb0e2cb238488a299a65130495ea69dcbde2a8f4a06,2026-04-01 20:41:26.691011
10547,60053,28,2b2bba77775f578bfd21fae6671c0159d14baa6ea0ea0348f6a93ca6ef183c7efbed0c93b8de2abcb1f3e0f9f9219fab747b551a1987679465e79e91619bfb2f,2026-04-01 20:42:09.435453
10548,13964,28,bdeaa5db4d3e8453fdb21628d72552f6a3718e8f4beb45d0b3637a1e5949e6c967dcec2b5834ca0b1f93ff8c0fea1b4eaa80bd120223783851a495e3fdd0919b,2026-04-01 20:42:49.504677
10549,59890,28,cc6f9ae6dab1819d58839cf3324f0c859aa83aa8b4f75547f3a339920594fea45c24baff736fd4d0bf8cc63e516fa9aa1c980b268be2efe8f352bfd6303c766d,2026-04-01 20:42:52.679433
10550,13436,28,c633a788f20e011298bd7b92922c9b34554137d380131fd66b7ca3a67eb365c0b5884354f48be0ce242dba7d98a7a624a4cdf837b3de26727e2f28d0804b966d,2026-04-01 20:44:04.902808
10551,59983,28,6a28e3aef548a35a96dbc8758688b751a960db1a656a0a5adb4487121c54f5375b51dea1d8d047d151cbdaeb460ebfbe6fc0e33443bf83e7a64ab529ab2ef007,2026-04-01 20:44:07.975775
10552,14893,28,498ef325593a80e29e90c1bc30d00f6d52bbcd5bc2c3c4bbd61e650e59e44402d2e936e80ad6255bab282f4689de2331a6b27fb7427793a627f72676459c6c4f,2026-04-01 20:44:38.402431
10553,12933,28,a36630b540c362eab758bccd3c95a5161a1d156d3c81945da32d8b4899c4c1175c0b224c1b09063e07e4e6c33ff8e6239d863d7aef8d2ae235eaab704c205533,2026-04-01 20:45:09.702069
10554,6632,28,6c873f84ad9deff9e64cdc621516547552461b1d142dacdfa4a2d5415b3ae21050471a8c03ed8e1ac600f3937c52179ecf3ce732ff2b02c4c4b07a2238728904,2026-04-01 20:46:17.971623
10555,59989,28,f68fa238826017f8a686be41d0d2bf1c3ad9ae32cfbee68e3774ef8962a409cdbc10672341dc3ea9eecd8793ebb9008de96352eb4e39a479c4bc585e8be19d4b,2026-04-01 20:46:28.140485
10556,60221,28,5a2262b5b0f9b241468ecf7c6b67acd6c4654858ebb2b5776c9e52535c581ad63098e17a4022a6a9499b9591311377d0b2c3dc1a38bfb3b6f757767ce9b03e59,2026-04-01 20:47:36.785756
10557,60010,28,d637629802cc751941aec979260703848d0470a5234956ee474d744a08019a788eaa10ed66a2ce546e7b0a1c75edb7181b09fc636c9362c7aed4fac1d0627ac9,2026-04-01 20:48:19.333269
10558,14493,28,bc1fcb78296a2e3308b998e7c56b8f7223f85eba5fcdf1facb5adb12802ece82f72a303e41ba976a235a9b77fce758799f5236e2c97823febca5b97e3d4cde9d,2026-04-01 20:49:00.064505
10559,59900,28,84d164ec8531e49e646bb47591afcdd98ac647ccefd939f62194e19496ed64ccd42b53a402579cbd812bbaf1c0d9e7ce046e284e44596b1c7f3e20c4714dd090,2026-04-01 20:49:02.804711
10560,60014,28,1844bf6288453c99b46e69dc7fa23960db13b085da5dddfe8e22ec1cbe31632a2e4d3bc1a57f5f3d67a7222cbfeb0ec5d3fd846514fa616394dc27b2809a2765,2026-04-01 20:50:19.261067
10561,59979,28,989c0423026f9e488b1aea98192e02b3ce1418ed598e07c504a169af27a559ecf98743babf49e564bdf148f65dc5caa4941e6e6f58e53e9cb68da46af22146a2,2026-04-01 20:51:02.047674
10562,60001,28,67f1e8d572c2f24acdaa06693f561dff054bb3a003c86b9d775ffa89363f51b41aa649255de30a483967c7169eb01ec101a5ef98fc3300f7706b53542b73cdad,2026-04-01 20:51:45.02698
10563,23375,28,dec9c0d6766ce76e6d539931118a2dfce3e50ef98a4868462aff4af43ed4e3bdcbf2c7df978ff8de2794fa9c071bbe83c35dd13cd8f46bae44a09974869d3474,2026-04-01 20:51:59.072087
10564,59765,28,f1db992b9eee4f70e4d75d937532087ead41aeb8c66433c8ab7b8c4b68eb4f25c4b251016962c77a574d9fecaaac5773d7217de2ea87ca4a1cd60fc9189fa481,2026-04-01 20:53:05.230332
10565,59769,28,4caa63e8de48b0145c020a78f982e617943587e1323fbf6e4807a73f90c08bff64d5901ad7ab0128dd78cf02409ef4bfd6bf7dbfaa3419a031dae5bd47a10411,2026-04-01 20:53:48.405947
10566,60111,28,dfc807cddb80ef5f5752fdcfcaaf4d2c6832888f467f525df01f64191caa9c760967d4b0afe23d3bf4dbb0fd57dd9f6f7e0f010015c7b340d87494cf819a939f,2026-04-01 20:54:31.717068
10567,60013,28,6d162b0fb2d8bda21b1bce586564734dd81501d5281efba4f52471383ba8134e99c3ff9f84f0b5e59af9349d0465bf3bd541b64fc2fbf0fa53266304a826952d,2026-04-01 20:55:14.560609
10568,60003,28,38f3fefcf0a5f3a132b58d1553a6d6d5ce7b853d82f37556d85e5829f88dc08c4a031c8cd870c9fa53597b1cdee7601d9acd58e52d3e64848f9af1a93da03801,2026-04-01 20:55:58.009695
10569,60245,28,58e95ed3e401a66e94edbc703a429c9fe55979efbb3c004af3edc1eabf805f3fa3667268f6936e19587dccc444765449eb9301802ac168cf45ade819b68a9865,2026-04-02 00:32:02.991784
10570,26184,28,d85c065742246ad2bc3337058d43c77272851c24569eff7dd805ab5c2f97cc433815219d1ce581669df57e1f58d0f0bfed57c75c2b0a838abb3efc41961a2f8d,2026-04-02 14:08:37.603969
10571,24613,28,80b78dc338fa4e55014a50f1edf1e9fc17110de3f4045608dd3406658d1025ebf42df36e0a589bfb83aaeb7a5875e5236e4a24256edf11d252cf474f086ca6e3,2026-04-02 14:08:38.813489
10572,22612,28,cce7eb0f329dfbad1643228d63508924218bd6372f4f1cd90a3cd14cec1e3356c4069c87c6eff99300edf166a2368b9a3a184db160277edb78706485b60724c2,2026-04-02 14:08:39.443996
10573,27841,28,e652f1b0b801a6af1a8f1768f8cc77d562c0e74b3fcfc8be6a7bd6e91afeb41a05074ae52aa37edc64f7acd1837e14022c3c56405ab8a56f4d87ef9d854d553c,2026-04-02 14:08:42.926131
10574,27531,28,c53ee0a6a6263878fa12640096179067a938b378ed4043e10b81fa010bfed2963cd045baac09b4286423bf4633de4efb36e5e11ca4e8625499a894500e61b4eb,2026-04-02 14:09:08.775942
10576,28350,28,2d01d0272b09a5e50800a0c0ea54b1274c69de3bd2d780a0c40605cd83f214e8905e6e8bca33b611147e8cecefaba3f23854f0674bb9c8540cc8220e8c51bb64,2026-04-02 14:09:18.483566
10607,17969,28,8b00ab0f077f007cb04b789cf197781b3fd5b837ce1247db33decd30894fb1dc3b2e0f5a4c4f73611f9f0cb0c61f090681f4573e64af412f2a80578e2e702dd0,2026-04-02 14:36:07.805441
10608,13539,28,c910f2921d05d235c7aa4a989ceb51baee7a7a40549678a52eb5fb3c417511ffaa58050e98482abb461c426493051a2e32aaa97dff65b58ff64096f7c9847dff,2026-04-02 14:36:28.160549
10609,850,28,11f8514608368f77374b74d3505fad44722e2045e7ffcc5cdecd655ed9fde1ddc45dbe09500bab9263a5370db2051c785a6752b747726c05da170049cec65190,2026-04-02 14:36:33.424204
10612,17005,28,f8e3c354e19cb58e04f10aaed41222782a18da61893c3153cfad7482ad812230c1e37d25fbbf6aba73e2ca9808af9712aa85bbd5aaa3fab2bd6b565cc40638f4,2026-04-02 14:36:54.019414
10627,18934,28,2c63c902efed44853a1416bf456a3a3fa63e8a533fc7981d2fb1a131e855492ba56ce7b63c116402b18aeb611a06387de3d6094658021741be7da4653bdc0f69,2026-04-02 15:27:12.928093
10636,13467,28,bfa10e0157cfa72d19ca2f27467ca0ff884cea539bf304595dedd0dcd37dd218bdc4b431941a2233a92dd10424e57b37d670ed0421078f7d6aed09caa94f905a,2026-04-03 06:03:54.631785
10663,14703,28,0e19e5e1cb9701cacf9c2727fd0512384b780d3f26591694c63048190b318d2b6e4cf80b77a0c86b93e7edff7a2df8710e01546787948eb7702c4b0bb0ca6d46,2026-04-03 07:35:55.266624
10684,19671,28,352ee66619f14bce30b09b6f65da03b4da7d169d7eb66a859376aa28600dd515848bba896547d4503cc9b5af192e97d1f1274d7d1f276a68df4890ffde7c8991,2026-04-03 08:05:55.900378
10698,24192,28,9230b171daa1ad83e64b02ee0b9d3dd801c87c508edc137ea30354d15372cca0084feaa3813bcbd763ca42622c2337c52040e5ddd1f5d3845f9ed9068128489e,2026-04-03 14:22:55.791454
10705,22073,28,bf7f6f7b84885edd3a202578a49b32c4e8f4d81b20935a4b0cc2c888bde6a99108dac2b12f103328b97cfba51b4060930009dc1c1168904bc2b9f874371c4087,2026-04-03 14:23:41.632619
10707,8026,28,656e87bd35d95591540a0f85847a24a75c84d3ca925abe620b8229bcd36145a0bfceba5b1eaa4a4c7d44a573e3e9a1d6779332439a9bcc81d519b304cecdf513,2026-04-03 14:23:56.169947
10723,12320,28,8640980334b07f86d3dee33e45948ec0b1464dd4d38c5d3b65fd49d49001181132c1c78c92fdd1fe34c7e0959ea49011a75d49c68a29b8cfeef75c030f40856a,2026-04-03 14:43:10.688792
10724,16761,28,6381c3e7f93f87390b6437327d26cffe459f2ffcf19aad5b63c2154dc10a65d3cb379629cd0d21a84ce34eba7b8e21bb584105685c4e127052fbc1f84994d13d,2026-04-03 14:43:24.474779
10729,6492,28,4228c7476fc0170df97e22308f660e46f92fc1718435c77e0561dc2d725ccf9e3f824c033ec37b6fa77b0ec5f7c2c5036c8d054386322af05c96764af3f5aa3f,2026-04-03 14:44:10.679841
10731,1752,28,812da2d4f9d6f86b139f852b4aa9b7b328145cd0f1768f2261e4dd39691fa8f6ce1d229e9adf912c68ec6a842865915008438531bf458d958c7b1541a23c4a35,2026-04-03 14:44:53.639893
10747,59936,28,474e2bd83a023130804dd966bcd5312a883de0d2818ed402793520c465f8db9c12152ceaccfd3374842c2f9e5e90b6a2e81320819b108d28492113e8bb50074b,2026-04-04 10:39:42.10195
10761,10505,28,c867a39afbbd109ca54c508e020a504d5ffa6bfcb660f85cdee313cfcdb31ac2e8e166159df6b0b37ae88b7c77a193a09a309ee0e45b3b209c3311e7cbe03c52,2026-04-04 14:29:56.673406
10763,2665,28,d15a73b7f89d6c380d5febaf5d0cc8ced9ea17fb4416e16116ca27b023ba92ccbc19965047e2d1218380db993015280487736e3001d11fd2412a846aa0e66aa4,2026-04-04 14:30:00.161205
10764,18284,28,2a78cf818c09907c6a23f67a539bc4f64b97e788a4464ee4ec23460b219ef06fc59e01a288eea31e9a50e244d97fb643c0f425f47741981bf8568f1574dc5e1e,2026-04-04 14:30:02.709149
10765,3798,28,1cb4ffcdabb5f2d2e0c82e7f59db233a2780125148be118e5321a33be428fa304c587597a30311e3e730b8036b12206c166cad3ed45032731b6894dfb7fd243f,2026-04-04 14:30:05.499567
10767,17152,28,062f8a7212c406ef012a7f46095be760a54774a4ca5579d8211f46cad8cbf78fe8e8a93292efe230819f313a532658293eb3bd526005207a059e4875c94380f9,2026-04-04 14:30:23.03876
10771,2422,28,34b82ea84a4ed593c3b38f7eb817d49a3113a7ecbf8f46a0efc0ca12d2a2abc54d36b0c91ba1b9f27aa168c524b9018cd266c3f39f88bb00c6a0785ffa72223a,2026-04-04 14:31:08.873534
10794,16833,28,44f84fcb2ea5c5e4669d1575a9bf8eab1e4b1268fe0cd7c1399bd1f169db81bd4cd3154a352378f06c13f52c6b2702c42f25a6dfeac155c60fbbe274d70b9db9,2026-04-04 14:44:48.25243
10818,20468,28,58848cf907d9916133fcf8727c73bf0719360b7803158303092a4ad3c56fb2de8b825f9bba8381af61aacd7e3182f8aa96a6a8dc45dd7d5029f856aca04c4508,2026-04-04 15:20:52.39671
10819,22075,28,37b4ce1f3dee3782bf12ea23729abd8fe6c476a788c284c6c67fcfcfa0acdf42782a706958ecac5a10db6197f02356930355e171f24121662f55ecafdd437a01,2026-04-04 15:21:07.604216
10843,17141,28,0eb1696bab723bc2f8c2de041e439a94582f27c73f30a68915d632854cb824a8c583cff2e7be4f617729026cfbc7c0f350671918670815131b30763455a7fa0e,2026-04-05 13:21:39.600788
10867,17775,28,596a14d1e2ad86f49abe9ab9e2800b2f6e0ecbee2808ab0766d31f298e090bd702807f56762fb5528a09651d8bc276c0e7c5fa41b018a7c30c458f7e45f6b85d,2026-04-05 14:20:16.033036
10873,14503,28,14d67f90240c9ded9d4c7732d75d3ed2be6108df41bb7d7e22ac201a9701e96e52ecdd53f1372ceb422f43f42c874382e34246f2cc21e1f732547dd6e20778f3,2026-04-05 14:22:27.566294
10877,26736,28,176d03041da1e7a0a63879e7c58fe4b2fc8faff7598189737ebe4312c268e39d3ee0c409f36559ff50ce6aacd939e478a85ccf60aad642c3e811c9d1ebdf04bf,2026-04-05 14:23:05.920284
10896,15708,28,7a43093617f6fb4b9e01b4e35fada23ac503ec1b20fa2535be17b94c831307e5b642a91570693dd8a905f96ab77f5201b2850f2a20dc446b52cdd605824038b1,2026-04-05 14:31:58.384748
10897,14188,28,2a2003ba5c74e446f677f29660d47ae181918e456d0acf4ed6b6b977694266a3913de46872f5dfc0ce250da08715ec5184e089542303f1801fe904943752c04e,2026-04-05 14:32:06.858062
10898,13422,28,59578110a7379cd1df7756976ad7980fcb52d1c973de4355a41c709fd8c528fff5f1a5321712bb5da2f1b711a6a7af4a9029e6283cb219ee2dac39644b9789a0,2026-04-05 14:32:18.116546
10900,15721,28,179167d55a4000dbd430fa6e20500d91781c0f6d5010211d39d3c813c304c0cb55f3cc3fa77c1434708239d7ba3286e159df05caf83d10dd6b59a0a5046dde94,2026-04-05 14:33:02.649124
10903,23544,28,ac0cf2de26605270952f1ef504275c0ef5a891e69a0170a93e1ea0e981fd74879a48a1c4f8091f1e4403c498882d2f8e12baebf6520c0706b7d4b6b9cf50c22b,2026-04-05 14:34:34.050071
10916,12838,28,4284be96f54924707afcb048bb7277417f1b12996f8583ac6b6a4e38e087de30bdc424f1fc4c52214f704f132564bf6c47fca1fa3e0a050acd172ac7d88696c3,2026-04-05 14:56:27.498243
10932,59989,28,71849da5d36df7609e89b3d1c8f9354a6d1ed87379072e5e2f3bd095e8b817ad70d5d21e1a5be59a946332905f2f6934277b8365648b2c733516763c665bb25a,2026-04-06 03:01:13.699745
10947,59936,28,ae2f83cf3d8648e0b9ba57dea12ceb8a69fff0df387927a3cb95d624f32fd18942f4d7bf5376b3b8c85b66289f18282addf2363b6c1a36c4fde0f96ef2771998,2026-04-06 04:19:05.651286
10958,59943,28,fef0aece1e2528c1db7d8682a7b8f17c19ef0417b682431413ff42ade3a6f708e4731660d25d26e4e07c7db05699f1bbc6dbe9a7f4e9b082dc50f43cd1a45014,2026-04-06 11:25:16.638421
10974,59738,28,979b0f52197011110c94b8957638c5ddf58f458c67514daeab188097f2257f1b419bd05587a20ae2930124649aab1606bb049ba5a90a0f9d40ee400f2cd7fc67,2026-04-06 11:52:18.613351
10978,59959,28,3ea4d2a00606437a9769ebfcfaa3059c4398d192dfc57479808ca967086dcf06ebf2701fff846360a6d2d50977ff62cb1218750b244513da36b4b9d2dcccf084,2026-04-06 11:55:10.474101
10991,28226,28,4c8955d0954f2ae9a64381f1922ba3621481ba728f20ce0dff196873806262d735a9f958ce17eeb4967a2161d7dad6adc29c8e33d47935a679935353cc7e7958,2026-04-06 12:35:07.091227
11004,54212,28,dc6f48eb661632249f0d5a60416c91cee25be9bfc4d3e706e3dcdc9f4d731aa0bc7b9c491da3098411048da891a2c992e217afada1be8c11b7d22becd5990b01,2026-04-07 01:05:05.558955
11013,32186,28,527ca876e48eb3dda0c17a31c1f34ea0d74c5285ec501f9c89287da48e86c440cdd7f7ac9fd1f21b796dd45b2c1dcd06d5ec5f610f53e316186d65bf2daa655d,2026-04-07 02:56:31.884433
10575,27983,28,590fb723f1a7358c9feb4fef73f9ca069fd92875c5174afd4cfc2710c2c43792bc6569c80cc87c38d3dec96cd448e9d81522264f84d0da9332a5002f098dc337,2026-04-02 14:09:14.972823
10577,21419,28,c5e6c6ac9e4a91d48e0ae025a89544a8c8991ce109f605d772b1994565bb39c41b9a071b76a227e39ba349a1bbff161e98988ec5204b13000feda729527057e4,2026-04-02 14:09:19.717892
10578,19648,28,4630fa2a97a5018ac09c5b4745ce3c6cb30070c2d357af459bb44b7c3e6d973855960c8744363d0542b248a23ef14f5d748b6094fd0758c9c6d6aefc1015f3ad,2026-04-02 14:09:30.070696
10579,19739,28,c6123477dde5030251423e4c19a90abe031c5416aaf85cb26cb37c44dc92d494a29ce82b99d74296dff58fe4934ab349ddd9da5755344164de10ff4cadd4d747,2026-04-02 14:09:31.538883
10580,14699,28,db6b3df5a6e38dc5305c8a8bb46dfc07a0a16f94b3729b6378715102fb2774e6c66d6759cfdb47a151b367829d7cfad1a2bc0ca865b66ed10350b29857403ae0,2026-04-02 14:09:35.137541
10581,14304,28,c94b4ed99e79b40094f21735c872865df9a8664ca004f0f502a249cffe17dceeb57fb630e242ed531d83aaadfbe7247d3869a0252d08218a082a2bf44171c71f,2026-04-02 14:09:37.251188
10582,22622,28,630c86ac8388765e3fb7021af6c1518c4691b1b9b58a131d03937a945e0b5469adb408494d3eba3128c519895c0ba946af80fbc2205d92ea6bd1e670fa235a35,2026-04-02 14:09:39.928021
10583,13887,28,b5bffccd92d1f65f2bef8300aaba5466e94a90324e4aa5368e45bff92cc2bcf8b2ea2afad37732f2b12fdc9a4759960ca2780db1522c1ee06e1d3a80a72d9f34,2026-04-02 14:09:49.268522
10584,17058,28,a00aef4d974c82f48fa1d3257a0fc8a607923a18b1b0f0ab246009c4639e374b241b156e75ee75a93107b827fbe8486f4959971160a567af9d5cff886ba87bc4,2026-04-02 14:09:49.725673
10610,12096,28,c5e1733ed4d1454e17b9f473c17de3c8203cacb0665111d02e3d0c0d00dd719c9f0e785ac468443e10a415e49ec541e695bef2f22d6dbe60b68e40e09c170a81,2026-04-02 14:36:39.146586
10613,17965,28,f280405df155f6cb7e9bac3b8260362c75c35cc33abd5daf83c4f991de9acf6a28a72be050dee92cbcfd0952df09d4af9c3dbd8ee19e1f52d3340b981af14db5,2026-04-02 14:37:13.442468
10628,10053,28,6cabd42eab7ad8622bdc15bfefedecc5a0939e9a873e7b57213c3de3bd5793ad6173a544f3e2ed1035bcca7e989e6033c965de74df9f72d5162787b1258bb3ce,2026-04-02 15:44:01.876762
10637,12796,28,f33b03fe0aacc2ada8adca4f23734a074e0a65e091cfe75b2f36d62e9d7fe6e6d023213b3a891468bf7588117741fe50b05a276e34eb5722545b7379d8599610,2026-04-03 06:03:54.990021
10664,25652,28,890d1ad84a82ca784c11fd89cc76a810c4406a8775e524919d5ce24dd7e6d5ebf89966e7c6b7863377034e1a27043ff80b06383765e8a7beaf4302460744b099,2026-04-03 07:35:56.410169
10666,22922,28,86ca954df102c3508f9d5908159bfae3121438cdd3620872e381e1057f780f8de258923c36469052f2f2e39f8119a38657fcc730991db916cf1873eda912ebdc,2026-04-03 07:36:13.450745
10672,24554,28,69a359dfcfe381a714a678f5bbbe353f074f5c41e165e3e641312172c8d109dd521a3369cab0e64e7b7cc7f4fb8a0636c0ddb77f0bc94ae50ffd3708968e20f3,2026-04-03 07:36:50.749348
10675,19833,28,4a0516e204777f60727d8ec78315da4253ae88a9e5e5211599c5f810a8c13737aae55bc275477b2014d800644cbbd4d5fd3ea0f631d2a004644b8bc7be5b5dbf,2026-04-03 07:37:13.68494
10685,24849,28,85b26afaddda17cda2dc8115c1c116fe83a7bd77ad6196af78f264d86608c33c7648f51266e478b2470086c0632869df3340e164c79c3ae8e8e48a13251e93f3,2026-04-03 08:06:01.294183
10686,23447,28,04ed7063516c5c0027840c35437644633e94166808243fab6e416dab9cfa0a2ac54e28fec5745f5a05c2013f68a840d45b6ddff2c6c10de54012f17a5d88debf,2026-04-03 08:06:06.310379
10700,24045,28,14f1fa78c00ee72e6eda83739ffa89392d6b944c7c05cb9c3c4af51f9be2ba8ff4b02545ec7bc4106763d5970c07fdedae88a5be44940cd5a2680a8487f603c8,2026-04-03 14:23:09.077797
10702,23452,28,936e69ce5d58f88bf1b9872f7c4c93662645aab751ed5e8e2b522d992ed567bc0fa2c36b1372709e5e6a5823c2ae66cbcabf94a946528009041890d2367e44bb,2026-04-03 14:23:15.123884
10706,18402,28,365322be225debfdee2abf8bd6d3ddf3f04babb90802267a0f850f52db64188db5a6b5c09d29c8f39218967e551f2183f30f8d7bf7e23e394f85a0e77aee79c4,2026-04-03 14:23:42.43498
10725,854,28,7cfa2b3966249a8968a6c3208aa41fc0eadd5f88f0229763ea93324fb2645d7217d660251d0a0f1de7f54b3d660c3a1c1a281e845451df016bd9a44006648785,2026-04-03 14:43:39.333844
10727,15841,28,45a480a6b83b941ee661a77a17e6c83e765a4b8ae06f09417a15d43664b88844656a7fd49073f5affcfc84588d3ef7a897f12bf2ef1062c173a9933bd9882225,2026-04-03 14:43:58.155589
10728,16915,28,ccbfd1df49d08c81643810cba8f00c35cac95b3c5cd78bc3bcc0ef86dbb218fa0a30e38575744b9c99a15314cf5ff96f4cfed971bc25325587d7671c0a1ae9e7,2026-04-03 14:44:02.265017
10748,16946,28,433c728c524024cd2520cc572369f71884cb7c345e18f5333ab4dcf1a58f33802f1f5e6647efd7830c8c2a400496722fdabf1597c5de46ba660eed8925ac128d,2026-04-04 11:07:14.926854
10762,9179,28,877ef7b0ac186e8300a9e8fc502132b544a95f1fb0ede083a2ff0b4ff472281154a8cdd28a0f681f5ef6519d6a28da7c6486e44d0dee95f5c51ea3147f7e3832,2026-04-04 14:29:59.316428
10769,14634,28,3e47990430aa68667f7fff5044da589efa06e81f2cc3306519ca1bf3608557b482c2ba045b90170e14a09b476a9f940a86d1ac1c771f0addb2069edeb372cb28,2026-04-04 14:30:36.733837
10774,25060,28,7656728cd5d38bfac4335519bda6f60776f0a9c05e5e98898ce11f5abb1b3931ca1882536bc30d3bd9e2140c7baf40ee90244490c160a30e98e146a2a18585ee,2026-04-04 14:31:41.376173
10775,20633,28,2508cc8ede79aa327bf5e8695a724e2cf5333c2e3d0bcac36d3f89997187083d967eed814710cc548ff210684e2f56dc5ed80d944bda15430d6253f6dd4a2a97,2026-04-04 14:31:48.757402
10795,2974,28,2fd330a4db6820cb60996763a8c0ec16c495d68a596faec6f4e60196d8b35f457b1aebe919592ff4cedb27bc013bd009307cd11d24ca6af7c376ad224e24279b,2026-04-04 14:49:37.841333
10798,12178,28,55f8075ca8f6f706fd2acef674003648768c4d62d768403a14d687d1dcdcdf368af799185ba4d0a1a96f454933b8933dcc3de2a2ee306e958a5ec01a5f0d9150,2026-04-04 14:51:05.325938
10800,10122,28,d646ed1524f8e1198c5405208a769675ca1adcb229bc9ec173004479a7a8a41bc71a229e40ff833183e4791ee46f2f5082ea87b0c396d23e4dbb05d053b9b681,2026-04-04 14:51:20.374951
10803,27588,28,e0b297129b93c77016db48c3eba6c690e64bc3265af7a59e3b45c504949b4f067b9150a013d09868775bd81866ff53108ecb36e91761e0955d2066fd4eee59fa,2026-04-04 14:51:45.5777
10844,30016,28,b9137cfb8ddb0c55794248b755e7f72e50ef937ab1bbad8263388b99999d11b0060217284998ae757ffbb1a9bad7f25efdc8583085471f7ad3a05c6c60e8c0c3,2026-04-05 13:31:56.620104
10870,12148,28,0234ba5010d13cc5843482e5462260914de9a7f0b11578162c6be221139ba8b0da10ff6854292ed60794d02b99d8adab0ce310fe8f401974f94a54b9b04e7bc8,2026-04-05 14:20:46.734786
10872,25709,28,7e9ba368762147a1b7813c87a37cac0d710c4ff2263503f1786ef73c9ff94caa34d77b04054c4778719ab39662fed40ff52bafff19fc0daee17fa34755942f5b,2026-04-05 14:22:20.921827
10901,14987,28,94f5f8de6d1237c50e86109d2375985cf2524a888dd296b4e2af759d26b8461c0e0366d5dfecbeb714d1bf3225a5e26f0402196ee259a5ccac779ad10f46d94f,2026-04-05 14:33:17.75829
10917,25946,28,b257cf7dda1e51a9facba3e8afe1755b79d07b00728b6ccb869611c99b727ed30b117121d2a26126d21a4dbf16ead6221537c71a9af04e725b107a997e3e5eca,2026-04-05 14:58:30.380046
10933,59974,28,169b8e39175981a943eaaac8b240272c5f721bd33b2616207b2734596da29a3a0526d5e86988a1270b91688a55cd60d82d5dbb93fcf65864ec216c582ebeb820,2026-04-06 03:29:34.200819
10935,12587,28,367c505a7fd73bca0cb37f30801c3dde1b27c840c616d450a34cdf13c6d75fb54d98177c2714ce4a7e8b90e9bfdde610f2af9340a5b46eae1ec65c257e9313fb,2026-04-06 03:31:54.607097
10948,23908,28,33c90f9ec1fe179656fa1d20b9415093d12067590030c847f72913b2efda1f5aa96bfafbde94a7c6222b87c7e91b88ad369ec52a3ff5574f345d22b53e31e13a,2026-04-06 04:19:29.276294
10950,15921,28,64e8e15beeb1bf6ba6ea982b49d55f8ae72026dc5e5d07b28e792b5908d6c2bb0786462fc0ed3955669c90ec705b57187fbfd4a765f02b570fba3eb7011f1638,2026-04-06 04:23:28.295024
10959,59980,28,fca69a4e5f6bee1dac42faab8dd5cc3ab4e6f344bc781da5f1670a98d5da5f076448943985ac4df762874febe4e216bf0930fd2d30f17eb0a3ef29fcd40b3f46,2026-04-06 11:41:07.948696
10965,59717,28,b90ab2b73f478dfa1839fc44f6e2f33f10348485ff309c84d47f58b42820071183d2a68a9b249b089beef6cfd9ce8c6b8433e6c0c414836cea96d3b138d45ec3,2026-04-06 11:45:25.385362
